,Name,Address,District,AdmArea,TypeObject,Latitude_WGS84,Longitude_WGS84,Xs,Ys,Distance
1,Родник,"город Москва, улица Талалихина, дом 2/1, корпус 1",Таганский район,Центральный административный округ,кафе,55.7382386551547,37.6733061300344,1909185.8498266886,6412407.187127015,3774.143089789296
2,"Пиццерия ""Академия""","город Москва, Абельмановская улица, дом 6",Таганский район,Центральный административный округ,кафе,55.7355114718314,37.6696475969381,1909064.8745609163,6412036.469171183,3730.6786867707833
5,Брусника,"город Москва, переулок Сивцев Вражек, дом 6/2",район Арбат,Центральный административный округ,кафе,55.747390490525994,37.59812754843999,1904274.9298323202,6411818.04786372,1656.0128599552897
9,Американская Лаборатория Десертов,"город Москва, Филипповский переулок, дом 15/5",район Арбат,Центральный административный округ,кафе,55.750590675832086,37.598353618148295,1904169.9820067908,6412167.734270207,1520.2460035204592
19,Месопотамия,"город Москва, улица Арбат, дом 4, строение 1",район Арбат,Центральный административный округ,ресторан,55.75201590992224,37.59845548770146,1904123.3126666576,6412323.494415012,1484.8162120078252
20,Му-Му,"город Москва, улица Арбат, дом 4, строение 1",район Арбат,Центральный административный округ,кафе,55.752164264713706,37.5990156320594,1904151.8623536895,6412351.203250471,1447.013776757681
21,Хлеб насущный,"город Москва, улица Арбат, дом 6/2",район Арбат,Центральный административный округ,кафе,55.75171555227067,37.597493060865006,1904075.9444302642,6412270.986284711,1550.7303085279773
22,TAJJ MAHAL,"город Москва, улица Арбат, дом 6/2",район Арбат,Центральный административный округ,ресторан,55.75202381407097,37.597569559758966,1904069.1618816492,6412305.814724918,1541.227490657799
23,Калифорния Дайнер,"город Москва, улица Арбат, дом 23, строение 1",район Арбат,Центральный административный округ,кафе,55.750427507670985,37.595333570049874,1903992.4292589333,6412086.974868105,1713.6957829833846
24,Балалаечная,"город Москва, улица Арбат, дом 23, строение 1",район Арбат,Центральный административный округ,кафе,55.750427507670985,37.595333570049874,1903992.4292589333,6412086.974868105,1713.6957829833846
25,Пиросмани,"город Москва, улица Арбат, дом 25/36",район Арбат,Центральный административный округ,кафе,55.7501448210987,37.5945242868478,1903953.7113222817,6412039.576514143,1771.550310271382
26,ДАНКИН ДОНАТС,"город Москва, улица Арбат, дом 25/36",район Арбат,Центральный административный округ,кафе,55.7501357637694,37.5945672021928,1903956.6562877768,6412039.497769893,1769.0965617953723
27,Вареничная №1,"город Москва, улица Арбат, дом 29",район Арбат,Центральный административный округ,кафе,55.7497161051646,37.5929471479459,1903873.7240292523,6411960.378476468,1881.5329087958278
28,Шоколадница,"город Москва, улица Арбат, дом 29",район Арбат,Центральный административный округ,кафе,55.74987471472409,37.593548890650894,1903904.4268109787,6411990.060543743,1839.665585424545
29,IL Pizzaiolo,"город Москва, улица Арбат, дом 31",район Арбат,Центральный административный округ,ресторан,55.74965384074991,37.59279877035469,1903867.011853659,6411950.5635915445,1892.497030791429
30,Теремок,"город Москва, улица Арбат, дом 32",район Арбат,Центральный административный округ,кафе,55.74914410606775,37.589553868570846,1903688.627520278,6411827.758807084,2108.989060016081
31,Хлеб насущный,"город Москва, улица Арбат, дом 32",район Арбат,Центральный административный округ,кафе,55.74911613754149,37.58962058400799,1903693.720661865,6411826.138984045,2105.611147405201
32,Мосбург,"город Москва, улица Арбат, дом 36/2, строение 1",район Арбат,Центральный административный округ,кафе,55.74886975534292,37.588485999999996,1903633.873098326,6411775.855551278,2183.244726624442
33,Эрик Рыжий,"город Москва, улица Арбат, дом 36/2, строение 1",район Арбат,Центральный административный округ,ресторан,55.7488371155641,37.5888682527611,1903658.3239319301,6411780.329981434,2160.400595126056
34,Домашняя снедь,"город Москва, улица Арбат, дом 36/2, строение 1",район Арбат,Центральный административный округ,кафе,55.7488371155641,37.5888682527611,1903658.3239319301,6411780.329981434,2160.400595126056
35,Хинкальная,"город Москва, улица Арбат, дом 36/2, строение 1",район Арбат,Центральный административный округ,кафе,55.748825231704124,37.58885493178318,1903657.9545945066,6411778.770404474,2161.573762029175
36,Му-Му,"город Москва, улица Арбат, дом 45/24",район Арбат,Центральный административный округ,кафе,55.74789967247048,37.58837239179454,1903662.9288019985,6411668.908603604,2220.4602584982445
37,ВОСТОЧНЫЙ КВАРТАЛ,"город Москва, улица Арбат, дом 45/24",район Арбат,Центральный административный округ,ресторан,55.7481098880933,37.5881406293922,1903641.0443345755,6411686.723013278,2227.778614204542
38,ПОЧТМЕЙСТЕР,"город Москва, улица Арбат, дом 47/23",район Арбат,Центральный административный округ,ресторан,55.74799700957472,37.587559259403605,1903609.8809626983,6411662.398993812,2267.274037451977
39,БОСФОР,"город Москва, улица Арбат, дом 47/23",район Арбат,Центральный административный округ,ресторан,55.74799700957472,37.587559259403605,1903609.8809626983,6411662.398993812,2267.274037451977
41,Шантимель,"город Москва, Астраханский переулок, дом 1/15",Мещанский район,Центральный административный округ,кафе,55.777448144095466,37.63991142119727,1905698.1344638707,6415932.460489759,2962.9199116095647
47,Кафе-бар Альбом,"город Москва, Новая Басманная улица, дом 12, строение 2",Басманный район,Центральный административный округ,кафе,55.7690579759236,37.6572128759437,1907061.1125188745,6415390.881920368,2897.1033407919736
48,Шоколадница,"город Москва, Бауманская улица, дом 33/2, строение 1",Басманный район,Центральный административный округ,кафе,55.7730289955539,37.6786812768991,1908217.4548057588,6416269.19299161,4295.493146307111
49,Му-Му,"город Москва, Бауманская улица, дом 35/1",Басманный район,Центральный административный округ,кафе,55.7715866811033,37.678960226637,1908288.1035514413,6416119.624696945,4229.046593047591
50,Кальянный клуб Дымок Уголек,"город Москва, Татарская улица, дом 14",район Замоскворечье,Центральный административный округ,кафе,55.7339144144126,37.637574004125156,1907173.8163318774,6411191.524626439,2479.916959523002
51,Dominos Pizza,"город Москва, Башиловская улица, дом 3, корпус 1",Савёловский район,Северный административный округ,кафе,55.79421079841326,37.576436242838476,1901220.9051207774,6416411.486927899,5450.601047138378
53,Хинкальный дом Колхида,"город Москва, Беговая улица, дом 7",район Беговой,Северный административный округ,кафе,55.778380999,37.55612,1900573.3580491843,6414281.010420198,5052.5033166622125
54,Глав Пирог,"город Москва, Беговая улица, дом 17, корпус 1",район Беговой,Северный административный округ,кафе,55.78177895431193,37.55985278607431,1900674.3014424364,6414725.207881932,5089.787040747778
55,Розмарин,"город Москва, Беговая улица, дом 28",район Беговой,Северный административный округ,ресторан,55.7814827124128,37.5606759676678,1900735.2804397913,6414710.454721663,5027.451790270548
58,КРУЖКА,"город Москва, Бережковская набережная, дом 8",район Дорогомилово,Западный административный округ,кафе,55.7394658905064,37.566273663254165,1902631.5785376877,6410297.856102169,3894.2182989793027
59,ПОСТ СКРИПТУМ,"город Москва, Бережковская набережная, дом 14",район Дорогомилово,Западный административный округ,кафе,55.7372379257767,37.5636106358217,1902552.1062243413,6410002.033923774,4158.625782554839
73,Хочу на дачу,"город Москва, 1-й Боткинский проезд, дом 2/6",район Беговой,Северный административный округ,кафе,55.7811413416017,37.5564313706355,1900490.0637668616,6414585.071279848,5218.423079237083
76,Виктория,"город Москва, 2-я Брестская улица, дом 24/15",Тверской район,Центральный административный округ,кафе,55.77234930488219,37.58862471654232,1902771.7588779621,6414309.69209105,2995.1753692888483
77,Вареничная №1,"город Москва, 2-я Брестская улица, дом 43",Пресненский район,Центральный административный округ,кафе,55.7745436700123,37.583870552642,1902401.5442919396,6414446.866022915,3388.051999480193
78,"Пиццерия ""Академия""","город Москва, Большая Бронная улица, дом 2/6",Пресненский район,Центральный административный округ,кафе,55.7600158552018,37.5974963407965,1903768.2827042602,6413165.756175933,1697.3198776065506
79,Чебуречная СССР,"город Москва, Большая Бронная улица, дом 27/4",Тверской район,Центральный административный округ,кафе,55.764134959774346,37.60256453956347,1903923.4954010854,6413715.758487814,1699.6049775412666
80,Местечко,"город Москва, Большая Бронная улица, дом 27/4",Тверской район,Центральный административный округ,ресторан,55.764134959774346,37.60256453956347,1903923.4954010854,6413715.758487814,1699.6049775412666
81,Пай поинт,"город Москва, Большая Бронная улица, дом 27/4",Тверской район,Центральный административный округ,кафе,55.764134959774346,37.60256453956347,1903923.4954010854,6413715.758487814,1699.6049775412666
82,"Кафе «Есть Хинкали, пить Вино»","город Москва, Малая Бронная улица, дом 4",Пресненский район,Центральный административный округ,кафе,55.7595804013478,37.59745155026576,1903781.7120967505,6413117.881646743,1679.3513562316227
83,Кафе «Лаффа Лаффа»,"город Москва, Малая Бронная улица, дом 4",Пресненский район,Центральный административный округ,кафе,55.7595804013478,37.59745155026576,1903781.7120967505,6413117.881646743,1679.3513562316227
84,Ресторан «Humans seafood bar»,"город Москва, Малая Бронная улица, дом 10, строение 1",Пресненский район,Центральный административный округ,ресторан,55.7607277189359,37.59666362271272,1903691.2676672193,6413225.0727007305,1781.0950814756047
85,Ресторан «Голос»,"город Москва, Малая Бронная улица, дом 10, строение 1",Пресненский район,Центральный административный округ,ресторан,55.760724678878695,37.596685787493406,1903692.7275495627,6413225.208556773,1779.6679043980957
86,Кафе «Эстетик»,"город Москва, Малая Бронная улица, дом 20, строение 1",Пресненский район,Центральный административный округ,кафе,55.762347516686994,37.59574137990511,1903575.1385323068,6413380.384614265,1922.4750278327085
87,Кафе «AVOCADO QUEEN»,"город Москва, Малая Бронная улица, дом 20, строение 1",Пресненский район,Центральный административный округ,кафе,55.762344808272395,37.59576979062151,1903576.9656511496,6413380.686802641,1920.7512061600974
88,Ресторан«Uilliams»,"город Москва, Малая Бронная улица, дом 20А",Пресненский район,Центральный административный округ,ресторан,55.7625332797137,37.5955274330201,1903555.2460590573,6413395.934019909,1945.204064257283
89,Ресторан «ДОННА КЛАРА»,"город Москва, Малая Бронная улица, дом 21/13, строение 1",Пресненский район,Центральный административный округ,ресторан,55.7626358967093,37.5948783384392,1903511.9915131829,6413393.421585689,1986.9524674334573
90,Grand Cru,"город Москва, Малая Бронная улица, дом 22, строение 1",Пресненский район,Центральный административный округ,кафе,55.762784999,37.595146,1903522.728564666,6413415.09055278,1981.1035631345972
91,Кафе «Ladure»,"город Москва, Малая Бронная улица, дом 27/14",Пресненский район,Центральный административный округ,кафе,55.76340164270341,37.59397881001305,1903428.9236662197,6413457.152103629,2081.9610831976192
96,Шоколадница,"город Москва, Бутырская улица, дом 7",Савёловский район,Северный административный округ,кафе,55.79436893666154,37.58387830286943,1901666.9504468127,6416583.96921659,5229.164351083924
97,Финист,"город Москва, Бутырская улица, дом 11",Савёловский район,Северный административный округ,кафе,55.7958115839881,37.5833655849056,1901582.3233909027,6416728.756304549,5390.47748440189
104,Даблби,"город Москва, Валовая улица, дом 2-4/44, строение 1",район Замоскворечье,Центральный административный округ,кафе,55.731222,37.635314,1907136.3865378983,6410853.952139055,2709.953169000604
105,Subway,"город Москва, Валовая улица, дом 6",район Замоскворечье,Центральный административный округ,кафе,55.73108025199366,37.63389514799414,1907055.3558175804,6410808.934414274,2696.550203820848
106,Якитория,"город Москва, Валовая улица, дом 8/18",район Замоскворечье,Центральный административный округ,кафе,55.730831022576844,37.63152782781391,1906920.628270632,6410732.455716261,2682.584422574237
107,кафе Баловень,"город Москва, Валовая улица, дом 11/19",район Замоскворечье,Центральный административный округ,кафе,55.73023644266186,37.63242856912604,1906997.4965126736,6410687.245861491,2762.726122883913
108,Советские времена,"город Москва, Варсонофьевский переулок, дом 6",Мещанский район,Центральный административный округ,кафе,55.7631967528984,37.6259467968593,1905379.2471185075,6414104.014647615,1127.0829602384329
113,Кофе «Кофе собой»,"город Москва, Васильевская улица, дом 2, корпус 1",Пресненский район,Центральный административный округ,кафе,55.76983755434797,37.58577270069653,1902691.5962300536,6413979.338078265,2939.050425546628
114,Кафе «КАЛИНКА-Д»,"город Москва, Васильевская улица, дом 4",Пресненский район,Центральный административный округ,кафе,55.7709711164292,37.5871493046793,1902733.214344011,6414130.298057133,2955.395668691079
115,ТАНУКИ,"город Москва, Велозаводская улица, дом 6",Даниловский район,Южный административный округ,ресторан,55.71228755802378,37.66494496568687,1909642.7173403068,6409434.764964806,5486.273673463059
116,Авлабар,"город Москва, Велозаводская улица, дом 6",Даниловский район,Южный административный округ,ресторан,55.71228755802378,37.66494496568687,1909642.7173403068,6409434.764964806,5486.273673463059
127,Угол,"город Москва, Верхняя улица, дом 3, корпус 2",район Беговой,Северный административный округ,кафе,55.7766235021973,37.5749800416635,1901784.3037218037,6414485.316449162,3967.8798985606254
137,ДУРДИНЪ,"город Москва, Волгоградский проспект, дом 4",Таганский район,Центральный административный округ,ресторан,55.7310654222888,37.6706346498552,1909290.3196070043,6411578.029423144,4083.0262074137117
138,Якитория,"город Москва, Волгоградский проспект, дом 15",Таганский район,Центральный административный округ,кафе,55.7294040645839,37.6770438528807,1909741.917290994,6411533.564157127,4523.867696769792
139,Кафе «Чебурекас»,"город Москва, Волгоградский проспект, дом 17, строение 1",Таганский район,Центральный административный округ,кафе,55.7293376078054,37.6799901948995,1909923.5742733513,6411588.2844754765,4679.796654054541
140,Кафе «Тануки»,"город Москва, Волгоградский проспект, дом 17",Таганский район,Центральный административный округ,ресторан,55.7285038812421,37.6793250070634,1909914.1524255176,6411484.461629713,4702.770208288738
144,IL PIZZAIOLO,"город Москва, улица Волхонка, дом 6",район Хамовники,Центральный административный округ,кафе,55.7485492763152,37.608625413487,1904870.1931452267,6412162.616326399,1004.8468902715497
145,Пельмени,"город Москва, улица Волхонка, дом 7/6",район Хамовники,Центральный административный округ,кафе,55.7473126410773,37.6082388620497,1904892.5787247485,6412021.2295442065,1111.3076131300177
146,Эко-Няма,"город Москва, Воронцовская улица, дом 13/14, строение 3",Таганский район,Центральный административный округ,кафе,55.7393318910867,37.6664718614642,1908729.6413063346,6412381.544133694,3328.441447282503
147,Кафе «Верона»,"город Москва, Воронцовская улица, дом 36, строение 1",Таганский район,Центральный административный округ,кафе,55.7343698036259,37.661599,1908617.92043963,6411744.497106984,3395.1549958908336
148,Французская пекарня,"город Москва, Воронцовская улица, дом 48",Таганский район,Центральный административный округ,кафе,55.73259210007719,37.66385159529566,1908821.0240375765,6411600.179338891,3637.3453019889716
149,Кафе «Subway»,"город Москва, Воронцовская улица, дом 48",Таганский район,Центральный административный округ,кафе,55.7328233638176,37.6639183984826,1908816.4845281688,6411626.505783791,3623.2322732015623
150,ООО «ТЕАТРО»,"город Москва, Воротниковский переулок, дом 11, строение 1",Тверской район,Центральный административный округ,кафе,55.7703887962695,37.601475375411,1903625.2813253894,6414367.0590601815,2296.621370952403
151,Ресторан «Балзи Росси»,"город Москва, Кудринская площадь, дом 1",Пресненский район,Центральный административный округ,кафе,55.7593381817137,37.5810151367724,1902791.6664328247,6412748.138300677,2673.715447653892
152,Кофе Хаус,"город Москва, Кудринская площадь, дом 1",Пресненский район,Центральный административный округ,кафе,55.7596478207301,37.5807967411105,1902766.9154854885,6412776.951970914,2696.0566851141784
153,Шоколадница,"город Москва, Кудринская площадь, дом 1",Пресненский район,Центральный административный округ,кафе,55.7595561882025,37.5810426354287,1902785.257801219,6412772.213239223,2678.129179127519
154,Кафе «Кондитерская Олега Ильина»,"город Москва, Кудринская площадь, дом 1",Пресненский район,Центральный административный округ,кафе,55.75914810521364,37.58082940186447,1902787.4217083503,6412723.76712266,2680.159847777954
156,СУЩЕВСКИЙ ДВОРИК,"город Москва, 2-й Вышеславцев переулок, дом 17",район Марьина Роща,Северо-Восточный административный округ,кафе,55.79040906869751,37.60662174463174,1903194.9293720121,6416632.534193898,4295.828453664414
158,Элит,"город Москва, улица Гастелло, дом 37",район Сокольники,Восточный административный округ,ресторан,55.7840558073774,37.6896997915322,1908475.90417112,6417688.697778836,5594.661439929264
159,Прайм стар,"город Москва, Большая Никитская улица, дом 24/1, строение 1",Пресненский район,Центральный административный округ,кафе,55.75730102173136,37.60142330208976,1904107.6720962077,6412955.264363887,1347.8985075627775
160,Шоколадница,"город Москва, Большая Никитская улица, дом 24/1, строение 1",Пресненский район,Центральный административный округ,кафе,55.7567742226206,37.6053925977776,1904368.4813923002,6412981.524110025,1086.8731149271625
161,Кафе «Лавка и кафе студии Лебедева»,"город Москва, Большая Никитская улица, дом 35",Пресненский район,Центральный административный округ,кафе,55.75722070894746,37.595079808184146,1903725.0723973576,6412813.92504534,1738.184716965077
162,КОТИКИЛЮДИ,"город Москва, улица Гиляровского, дом 17",Мещанский район,Центральный административный округ,кафе,55.776582833268186,37.630181524663485,1905139.2726826384,6415635.410371635,2674.6485014881932
163,Шантимель,"город Москва, улица Гиляровского, дом 60, строение 1",Мещанский район,Центральный административный округ,кафе,55.787471046869776,37.63303984171875,1904908.2886975377,6416868.720543005,3927.5034580589518
164,ХачапуриТверскя,"город Москва, Большой Гнездниковский переулок, дом 10",Тверской район,Центральный административный округ,кафе,55.7634073870805,37.605514157145,1904129.7429853838,6413699.040454441,1508.3015221990534
165,Get Lucky,"город Москва, Малый Гнездниковский переулок, дом 9, строение 7",Тверской район,Центральный административный округ,кафе,55.76295403573571,37.60673218161883,1904220.5872224963,6413675.658584094,1417.489564097125
166,Му-Му,"город Москва, Малый Гнездниковский переулок, дом 9, строение 7",Тверской район,Центральный административный округ,кафе,55.7628402244174,37.6066854221939,1904221.9689300018,6413662.41293706,1409.822619494915
167,Баба Марта,"город Москва, Гоголевский бульвар, дом 8",район Хамовники,Центральный административный округ,ресторан,55.7458181970029,37.6008328424515,1904497.73231927,6411705.163199025,1594.0456128290364
168,Хинкальная,"город Москва, Гоголевский бульвар, дом 23",район Арбат,Центральный административный округ,кафе,55.748058639825274,37.59924048574483,1904317.814578316,6411913.35230743,1559.0614113226845
169,Чемодан,"город Москва, Гоголевский бульвар, дом 25, строение 1",район Арбат,Центральный административный округ,кафе,55.748481539418975,37.59933389841159,1904307.8082742575,6411960.892030101,1534.4147473499913
170,Кулинарная лавка братьев Караваевых,"город Москва, Гоголевский бульвар, дом 33/1",район Арбат,Центральный административный округ,кафе,55.75078722934865,37.59958837883629,1904237.7581886367,6412214.751429107,1437.8396593569219
172,ГИН-НО-ТАКИ,"город Москва, Тверская улица, дом 6, строение 1",Тверской район,Центральный административный округ,кафе,55.7607711240584,37.610790147242,1904548.2153889616,6413525.28346605,1058.6657075333535
173,Хлеб и Вино,"город Москва, Тверская улица, дом 12, строение 2",Тверской район,Центральный административный округ,кафе,55.76383891347662,37.607569745014914,1904238.649536352,6413788.560351778,1461.1428477466063
174,Бирхаус,"город Москва, Тверская улица, дом 12, строение 7",Тверской район,Центральный административный округ,кафе,55.7642194841493,37.6085926679442,1904286.6889653555,6413850.983523311,1457.8241080490106
175,С утра,"город Москва, Тверская улица, дом 12, строение 8",Тверской район,Центральный административный округ,кафе,55.76407587211709,37.60913775124604,1904325.1432503497,6413846.9096541,1424.6984315628524
176,Вареничная № 1,"город Москва, Тверская улица, дом 14",Тверской район,Центральный административный округ,кафе,55.76427806355792,37.60708449661168,1904192.8641279556,6413825.741857692,1519.8669496137527
177,LUNCHROOM,"город Москва, Тверская улица, дом 15",Тверской район,Центральный административный округ,кафе,55.76230136309129,37.60792869285984,1904317.5224845302,6413630.344241562,1310.82047500112
178,Прайм стар,"город Москва, Тверская улица, дом 15",Тверской район,Центральный административный округ,кафе,55.76191599438558,37.60843704569781,1904362.7180284618,6413599.443698745,1256.2545391050153
179,Пицца Экспресс,"город Москва, Тверская улица, дом 17",Тверской район,Центральный административный округ,кафе,55.7633269839498,37.6068666140572,1904214.9172393482,6413718.669992898,1443.9688922627845
180,АРМЕНИЯ,"город Москва, Тверская улица, дом 17",Тверской район,Центральный административный округ,ресторан,55.764088622517,37.6053595370626,1904095.0681932212,6413769.233768178,1572.9102590501298
181,Шоколадница,"город Москва, Тверская улица, дом 17",Тверской район,Центральный административный округ,кафе,55.7635937230866,37.6065127752707,1904183.515708214,6413740.01770626,1481.8738430595292
182,Найт флайт,"город Москва, Тверская улица, дом 17",Тверской район,Центральный административный округ,ресторан,55.7634008091873,37.606779275281,1904206.869976521,6413724.800001269,1454.020255219908
183,Шоколадница,"город Москва, Тверская улица, дом 19",Тверской район,Центральный административный округ,кафе,55.7654553424664,37.6035701962036,1903935.618506506,6413879.115590221,1766.0386809688305
184,Прайм стар,"город Москва, Тверская улица, дом 19А",Тверской район,Центральный административный округ,кафе,55.76581113676809,37.60276822339601,1903873.6829474836,6413900.689777305,1830.3720986441353
185,Dry and wet Bar,"город Москва, Тверская улица, дом 27, строение 1",Тверской район,Центральный административный округ,ресторан,55.7680590620305,37.5982925580481,1903518.3162735899,6414049.378741366,2212.8582363927985
186,Шоколадница,"город Москва, Тверская улица, дом 27, строение 2",Тверской район,Центральный административный округ,кафе,55.7683568498703,37.5982437599817,1903504.3043334205,6414080.456205243,2240.242168408943
187,Николай,"город Москва, Тверская улица, дом 30/2, строение 1",Тверской район,Центральный административный округ,кафе,55.7692948649601,37.5974432630184,1903420.8670650732,6414164.823005208,2354.5938925526734
188,Время есть,"город Москва, Тверская улица, дом 30/2, строение 1",Тверской район,Центральный административный округ,кафе,55.76978620501814,37.597763791777304,1903422.116751199,6414224.486249645,2384.1201036347184
189,Кофе Таймс,"город Москва, 1-я Тверская-Ямская улица, дом 4",Тверской район,Центральный административный округ,кафе,55.7701423,37.594261,1903196.0713686636,6414189.626404179,2562.9568444238153
190,Якитория,"город Москва, 1-я Тверская-Ямская улица, дом 7",Тверской район,Центральный административный округ,ресторан,55.7719271096922,37.59225425563,1903007.944227272,6414340.054641647,2800.1617168985313
191,Чайхона №1,"город Москва, 1-я Тверская-Ямская улица, дом 7",Тверской район,Центральный административный округ,кафе,55.771494,37.592797,1903056.9841663884,6414304.716690946,2740.138623094445
192,Фудзи-Ко,"город Москва, 1-я Тверская-Ямская улица, дом 7",Тверской район,Центральный административный округ,кафе,55.771494,37.592797,1903056.9841663884,6414304.716690946,2740.138623094445
193,Прайм стар,"город Москва, 1-я Тверская-Ямская улица, дом 8",Тверской район,Центральный административный округ,кафе,55.771844,37.593533,1903088.7223135638,6414357.829971994,2738.744463872892
194,Тирольские пироги,"город Москва, 1-я Тверская-Ямская улица, дом 11",Тверской район,Центральный административный округ,кафе,55.772578,37.591027,1902909.2384232588,6414384.55804127,2908.0705124680253
195,Джаганнат,"город Москва, 1-я Тверская-Ямская улица, дом 13, строение 1",Тверской район,Центральный административный округ,кафе,55.773368,37.589743,1902801.9286149272,6414442.87179613,3030.1986718027797
196,АЛЁНКА,"город Москва, 1-я Тверская-Ямская улица, дом 12",Тверской район,Центральный административный округ,кафе,55.77244122515723,37.59258790093239,1903009.1489419811,6414402.445681435,2829.9602825717798
198,Шоколадница,"город Москва, улица Чаянова, дом 12",Тверской район,Центральный административный округ,кафе,55.7759239648047,37.5956299828426,1903064.792900417,6414841.442319942,3030.1138131635953
200,Ресторан «Молон лаве»,"город Москва, Большая Грузинская улица, дом 39",Пресненский район,Центральный административный округ,ресторан,55.77048060935689,37.58126202964123,1902393.6702745457,6413954.39187773,3213.145656045945
201,Ресторан «Сайгон»,"город Москва, Большая Грузинская улица, дом 39",Пресненский район,Центральный административный округ,ресторан,55.77048060935689,37.58126202964123,1902393.6702745457,6413954.39187773,3213.145656045945
202,Шоколадница,"город Москва, улица Грузинский Вал, дом 26, строение 1",Пресненский район,Центральный административный округ,кафе,55.7742406207054,37.5817528521388,1902284.1137049617,6414369.949206347,3462.6714957786203
203,Фаршбургер,"город Москва, улица Грузинский Вал, дом 26, строение 1",Пресненский район,Центральный административный округ,кафе,55.774352205114525,37.5813170270397,1902253.4977059485,6414372.870824674,3491.8971574616476
204,Burger King,"город Москва, улица Грузинский Вал, дом 28/45",Пресненский район,Центральный административный округ,ресторан,55.77489062688191,37.58290642421878,1902330.1046685749,6414464.118523848,3459.9501124049975
205,KFC,"город Москва, улица Грузинский Вал, дом 28/45",Пресненский район,Центральный административный округ,ресторан,55.7747005651971,37.5821968542171,1902294.0396351472,6414428.804841341,3477.696430598296
206,Кофе Хаус,"город Москва, Грузинский переулок, дом 4",Пресненский район,Центральный административный округ,кафе,55.7712366553245,37.5826045499871,1902447.2202318383,6414063.941494221,3197.6342765964673
207,Кафе «Чайхана Айва»,"город Москва, Грузинский переулок, дом 14",Пресненский район,Центральный административный округ,кафе,55.7735419397119,37.5801369176935,1902211.83139377,6414260.873382253,3487.4542611618112
209,Дефакто,"город Москва, улица Большая Лубянка, дом 26/17, строение 1",Красносельский район,Центральный административный округ,кафе,55.76559081553159,37.63134321343109,1905618.2308490532,6414475.061382862,1504.4005025791828
210,Волконский,"город Москва, улица Большая Якиманка, дом 19",район Якиманка,Центральный административный округ,кафе,55.7374267139558,37.6153395121486,1905691.208839733,6411104.273444306,1890.0048146106706
211,MosKalyan,"город Москва, улица Большая Якиманка, дом 32",район Якиманка,Центральный административный округ,кафе,55.73488524286168,37.612365297066944,1905604.6451746975,6410768.050541457,2216.4871187124945
212,Шоколадница,"город Москва, улица Большая Якиманка, дом 32",район Якиманка,Центральный административный округ,кафе,55.7353295653454,37.6127156425255,1905609.4644000374,6410823.280143551,2161.7243646923316
213,Панчо Вилья,"город Москва, улица Большая Якиманка, дом 52",район Якиманка,Центральный административный округ,ресторан,55.7318235820371,37.6116045938556,1905671.9875414541,6410422.100050827,2566.5631112563547
214,Харбин,"город Москва, улица Большая Якиманка, дом 54",район Якиманка,Центральный административный округ,ресторан,55.7314007059068,37.6115982953236,1905687.2956262184,6410376.385181159,2613.4317876042887
215,Хлеб насущный,"город Москва, улица Большая Якиманка, дом 56",район Якиманка,Центральный административный округ,кафе,55.73101276272377,37.611483680478315,1905694.7190219723,6410332.167862331,2658.135714190991
216,Шоколадница,"город Москва, улица Большая Якиманка, дом 58/2",район Якиманка,Центральный административный округ,кафе,55.7305821255219,37.61158913518,1905717.11240863,6410287.956202265,2704.2463494510394
217,Гино-но-таки,"город Москва, улица Большая Якиманка, дом 58/2",район Якиманка,Центральный административный округ,ресторан,55.7305096304908,37.6115294920032,1905716.1744872401,6410278.892921478,2713.1768888067595
222,Тратория Semplice,"город Москва, улица Коровий Вал, дом 7, строение 1",район Якиманка,Центральный административный округ,ресторан,55.7286970941403,37.615001920308,1905994.653932608,6410156.227838877,2874.32336299709
223,Dominos Pizza,"город Москва, улица Доватора, дом 11, корпус 1",район Хамовники,Центральный административный округ,кафе,55.72309916218387,37.56757558156944,1903316.8300308508,6408560.595377759,4909.178473717334
224,Кафе на Доватора,"город Москва, улица Доватора, дом 13",район Хамовники,Центральный административный округ,кафе,55.7228092962353,37.5668351192371,1903282.5073464408,6408513.870747107,4966.199548335642
225,БААН ТАЙ,"город Москва, Большая Дорогомиловская улица, дом 11",район Дорогомилово,Западный административный округ,ресторан,55.7459528064228,37.5535003174261,1901614.6057422757,6410730.432303907,4450.804493903477
228,Марани,"город Москва, 1-я Дубровская улица, дом 6",Южнопортовый район,Юго-Восточный административный округ,кафе,55.7267638707173,37.6694652067246,1909379.2347110256,6411089.88311941,4355.171416967131
229,Пицца Фабрика,"город Москва, 1-я Дубровская улица, дом 13",Южнопортовый район,Юго-Восточный административный округ,кафе,55.7236763695185,37.6730057226238,1909709.4553260247,6410831.472386663,4765.651060427328
234,САХЛИ,"город Москва, Большой Каретный переулок, дом 6",Тверской район,Центральный административный округ,ресторан,55.7704928990061,37.6163769978997,1904526.821743425,6414690.052735068,1946.3160606609376
235,Хижина,"город Москва, улица Жебрунова, дом 4",район Сокольники,Восточный административный округ,ресторан,55.7850301197718,37.6788100229332,1907778.3834768166,6417565.109948157,5140.452628171678
236,Булошная,"город Москва, Житная улица, дом 10",район Якиманка,Центральный административный округ,кафе,55.7303102684612,37.6186748968186,1906158.199276628,6410407.039801497,2666.7519615466167
240,Тратория,"город Москва, улица Жуковского, дом 5",Басманный район,Центральный административный округ,кафе,55.7638491712869,37.6453199611721,1906532.2236986742,6414580.201077654,1929.2179975950237
244,Ресторан «Эль Гаучо»,"город Москва, улица Зацепский Вал, дом 6/13, строение 1",район Замоскворечье,Центральный административный округ,ресторан,55.73284110839893,37.639450935441786,1907327.8405394738,6411115.186765167,2642.3266510953617
245,Блэк-кофе мини-кофейня,"город Москва, Зубовский бульвар, дом 16-20, строение 1",район Хамовники,Центральный административный округ,кафе,55.73856824452525,37.588565241968695,1904020.5762659798,6410667.035225008,2721.4142567247472
246,Распутин,"город Москва, Зубовский бульвар, дом 25",район Хамовники,Центральный административный округ,ресторан,55.7365100619053,37.5900254978862,1904185.6837391877,6410475.705839201,2807.3234353776165
254,Чито-Ра,"город Москва, улица Казакова, дом 10/2, строение 1",Басманный район,Центральный административный округ,кафе,55.7622012817049,37.6628455148762,1907658.4091483862,6414770.085264931,2838.950316053002
255,Кондитерская Волконский,"город Москва, улица Новый Арбат, дом 22",район Арбат,Центральный административный округ,кафе,55.753097175358405,37.588963931652316,1903506.2035178926,6412241.546088066,2084.169931407422
256,Кальянная №1,"город Москва, улица Новый Арбат, дом 22",район Арбат,Центральный административный округ,кафе,55.753097175358405,37.588963931652316,1903506.2035178926,6412241.546088066,2084.169931407422
257,Шоколадница,"город Москва, улица Новый Арбат, дом 22",район Арбат,Центральный административный округ,кафе,55.75297330684586,37.58887195610351,1903505.2044970114,6412226.2705859775,2090.5593705781052
258,Траттория Семпличе,"город Москва, Долгоруковская улица, дом 39/6",Тверской район,Центральный административный округ,кафе,55.778641394184206,37.60063233447952,1903267.8676110578,6415238.938491655,3144.858412687177
259,Кофе Бин,"город Москва, Долгоруковская улица, дом 39/6",Тверской район,Центральный административный округ,кафе,55.778641394184206,37.60063233447952,1903267.8676110578,6415238.938491655,3144.858412687177
260,Кафе «Суло»,"город Москва, улица Большие Каменщики, дом 21/8",Таганский район,Центральный административный округ,кафе,55.7356292610946,37.6577385889122,1908336.332239099,6411799.232699349,3113.3718231321086
262,Бар- буфет «Николай»,"город Москва, Старая Басманная улица, дом 5, строение 1",Басманный район,Центральный административный округ,кафе,55.7645010634248,37.65700902806,1907218.2267614012,6414895.516392591,2603.618303791235
263,Флорентини,"город Москва, Старая Басманная улица, дом 9, корпус 1",Басманный район,Центральный административный округ,кафе,55.7648270069061,37.6577761398384,1907252.7122352049,6414946.72982859,2664.672321314732
264,Кафе «Фрэндс Форевер»,"город Москва, Малая Никитская улица, дом 2/1, строение 1",Пресненский район,Центральный административный округ,кафе,55.75796425166534,37.59739041747911,1903837.9413942385,6412942.397168328,1617.8368369407488
265,Кафе «Брауни»,"город Москва, Малая Никитская улица, дом 2/1, строение 1",Пресненский район,Центральный административный округ,кафе,55.75796425166534,37.59739041747911,1903837.9413942385,6412942.397168328,1617.8368369407488
266,Кафе «Буба на Никитской»,"город Москва, Малая Никитская улица, дом 10",Пресненский район,Центральный административный округ,кафе,55.75824515295083,37.59486086879182,1903673.7713325832,6412919.77302097,1782.5823185999973
267,Кафе «Grape»,"город Москва, Малая Никитская улица, дом 16/5",Пресненский район,Центральный административный округ,ресторан,55.758987203276995,37.591193233235565,1903423.3271004728,6412923.067100936,2032.8091127741332
272,ШЕЙХ ПАЛАС,"город Москва, Киевская улица, дом 20",район Дорогомилово,Западный административный округ,ресторан,55.7387332915973,37.5464220496882,1901451.2730825774,6409804.332068893,5110.2221585973575
273,Lion's head Pub,"город Москва, Мясницкая улица, дом 15",Красносельский район,Центральный административный округ,ресторан,55.763054081254545,37.63439454648181,1905897.8931941392,6414265.576189112,1360.0821831120288
274,Погребок,"город Москва, Мясницкая улица, дом 22, строение 1",Басманный район,Центральный административный округ,кафе,55.7620712031242,37.634411073338235,1905935.417076408,6414159.990611078,1274.3666085768675
275,Две палочки,"город Москва, Мясницкая улица, дом 24/7, строение 1",Басманный район,Центральный административный округ,кафе,55.7627566222382,37.6351651178446,1905955.770803528,6414249.660096779,1365.17932168548
276,Без забот,"город Москва, Мясницкая улица, дом 24/7, строение 1",Басманный район,Центральный административный округ,кафе,55.7628411298873,37.6357122884835,1905985.8804746475,6414270.2314051725,1395.505910297864
277,Хлеб насущный,"город Москва, Мясницкая улица, дом 24/7, строение 1",Басманный район,Центральный административный округ,кафе,55.762444,37.635593,1905993.3882000167,6414224.930902704,1356.6761484473184
278,Джон Джоли,"город Москва, Мясницкая улица, дом 24/7, строение 2",Басманный район,Центральный административный округ,кафе,55.763287810131,37.6357230173196,1905969.9345965707,6414318.597845499,1434.561477962173
279,Шоколадница,"город Москва, Мясницкая улица, дом 24/7, строение 2",Басманный район,Центральный административный округ,кафе,55.7632395206206,37.6357981191705,1905976.2925843843,6414314.9667829145,1433.470958232629
280,Макдоналдс,"город Москва, Мясницкая улица, дом 30/1/2, строение 1",Басманный район,Центральный административный округ,кафе,55.7653642024568,37.6384052263334,1906055.755168662,6414598.578375513,1726.8134488787618
281,Теремок,"город Москва, Мясницкая улица, дом 30/1/2, строение 2",Басманный район,Центральный административный округ,кафе,55.765140721244364,37.638913398054676,1906094.9381142962,6414585.140149751,1728.3334994724491
282,LAMBIC Брассерия,"город Москва, Мясницкая улица, дом 40А",Басманный район,Центральный административный округ,кафе,55.766469723705626,37.64065501918893,1906151.3665018843,6414764.865582691,1916.2335191012737
283,"Shell, Yes","город Москва, Рождественский бульвар, дом 10/7, строение 1",Мещанский район,Центральный административный округ,кафе,55.7662250820115,37.62621137577873,1905282.8452129352,6414435.946685423,1466.6232597299286
284,Шоколадница,"город Москва, Кожевническая улица, дом 5",район Замоскворечье,Центральный административный округ,кафе,55.7302051024358,37.643988967011914,1907701.7857978293,6410926.219812066,3043.4254357738832
286,Бар«Brix Bar»,"город Москва, Малый Козихинский переулок, дом 10, строение 1",Пресненский район,Центральный административный округ,кафе,55.7643354615845,37.5961499931471,1903526.2377952083,6413603.210175702,2027.4351538884343
287,ЭЛЬ ГАУЧО,"город Москва, Большой Козловский переулок, дом 3/2",Басманный район,Центральный административный округ,ресторан,55.7677362246492,37.64675226079,1906474.7414877582,6415029.138178247,2289.1381476341962
288,Рюмочная Бухучет,"город Москва, Большая Сухаревская площадь, дом 16/18, строение 1",Красносельский район,Центральный административный округ,кафе,55.77153689105023,37.637353517067346,1905762.456407735,6415241.80260196,2283.047787343039
289,Мацони,"город Москва, Большая Сухаревская площадь, дом 16/18, строение 2",Красносельский район,Центральный административный округ,кафе,55.77153805179935,37.63815366012297,1905811.023048193,6415258.69028245,2306.7706989086537
290,Courvoisier,"город Москва, Малая Сухаревская площадь, дом 8",Мещанский район,Центральный административный округ,кафе,55.7727374623038,37.6299979067608,1905270.9841401752,6415217.12829191,2245.206832754369
291,Папа Вейдер,"город Москва, Большой Златоустинский переулок, дом 3/5, строение 1",Басманный район,Центральный административный округ,кафе,55.75914346221719,37.6330642727239,1905962.3480205121,6413816.230340016,978.3430434980893
292,СЕЙДЖИ,"город Москва, Комсомольский проспект, дом 5/2",район Хамовники,Центральный административный округ,ресторан,55.7319019692191,37.5931865591358,1904548.7862317404,6410045.080677578,3071.2706673871585
293,Восточка. Этническая кухня.,"город Москва, Комсомольский проспект, дом 5/2",район Хамовники,Центральный административный округ,кафе,55.73190692645758,37.593175516352694,1904547.9307383928,6410045.38404761,3071.2334699665616
294,Гриль Хаус Lamb Cook,"город Москва, Комсомольский проспект, дом 7, строение 1",район Хамовники,Центральный административный округ,ресторан,55.73098053811743,37.59218274421799,1904521.8863595882,6409924.7516224,3194.193487490692
295,Snooty Fox,"город Москва, Комсомольский проспект, дом 14/1, корпус 1",район Хамовники,Центральный административный округ,кафе,55.7310667008985,37.589157622208,1904334.675361563,6409870.760827173,3304.572942988473
296,Винный Базар Соседи,"город Москва, Комсомольский проспект, дом 14/1, корпус 2",район Хамовники,Центральный административный округ,кафе,55.73138171512058,37.58997046695508,1904372.4432944285,6409921.72153786,3243.8752880791703
297,Беби Джоли,"город Москва, Комсомольский проспект, дом 14/1, корпус 2",район Хамовники,Центральный административный округ,кафе,55.7313,37.58998,1904376.052266754,6409913.112037101,3250.792152059668
298,БАЛОВЕНЬ Т,"город Москва, Комсомольский проспект, дом 17",район Хамовники,Центральный административный округ,кафе,55.7295635619151,37.5873877683633,1904282.727620592,6409671.702991667,3509.50105398942
299,Ваби-Саби,"город Москва, Комсомольский проспект, дом 21/10",район Хамовники,Центральный административный округ,кафе,55.7280688858802,37.5845035539686,1904162.6628352152,6409450.252973691,3758.54499577924
300,Шоколадница,"город Москва, Комсомольский проспект, дом 21/10",район Хамовники,Центральный административный округ,кафе,55.7280978336679,37.5844792485468,1904160.1114388972,6409452.865330622,3756.970963417684
301,Кофемания,"город Москва, Комсомольский проспект, дом 21/10",район Хамовники,Центральный административный округ,кафе,55.72799580995632,37.58479966129676,1904183.3848680477,6409448.567703512,3753.0539418880194
302,БАВАРИУС,"город Москва, Комсомольский проспект, дом 21/10",район Хамовники,Центральный административный округ,ресторан,55.7283196129666,37.5845464693149,1904155.9820658972,6409478.179546122,3734.653606576482
303,Шоколадница,"город Москва, Комсомольский проспект, дом 29",район Хамовники,Центральный административный округ,кафе,55.725017,37.580095,1904007.5361805917,6409029.058754475,4207.3971733578
306,Простые Вещи,"город Москва, Конюшковская улица, дом 32",Пресненский район,Центральный административный округ,кафе,55.760078,37.57885,1902632.644750058,6412782.641421103,2829.564400064082
319,Ресторан «Цветение сакуры»,"город Москва, улица Красина, дом 7, строение 1",Пресненский район,Центральный административный округ,ресторан,55.7670240295847,37.5882801032626,1902948.278809088,6413728.472198235,2616.557345435513
320,Ресторан «CHINA CLUB»,"город Москва, улица Красина, дом 21",Пресненский район,Центральный административный округ,ресторан,55.7688105281819,37.5860270476894,1902745.128935268,6413873.94887762,2854.0048912457532
321,Кафе «Мишель»,"город Москва, улица Красная Пресня, дом 11",Пресненский район,Центральный административный округ,кафе,55.7612535252417,37.571983068949,1902171.7014650453,6412765.888585767,3290.5921299542374
322,Кафе «Пицца бар»,"город Москва, улица Красная Пресня, дом 29",Пресненский район,Центральный административный округ,кафе,55.762255596411954,37.564052929104854,1901652.5773804975,6412708.285711766,3812.4347887178074
323,Кафе «Brooklyn burgers»,"город Москва, улица Красная Пресня, дом 29",Пресненский район,Центральный административный округ,кафе,55.762255596411954,37.564052929104854,1901652.5773804975,6412708.285711766,3812.4347887178074
325,ТАЕЖНЫЙ,"город Москва, Красноказарменная улица, дом 16",район Лефортово,Юго-Восточный административный округ,ресторан,55.753187,37.710882,1910913.098832154,6414807.540881039,5755.754689371506
326,Бистро,"город Москва, Краснопрудная улица, дом 1",Красносельский район,Центральный административный округ,кафе,55.77692243529456,37.65912535654784,1906884.7277116317,6416278.508476767,3595.3501830915857
327,Шоколадница,"город Москва, Краснопрудная улица, дом 3-5, строение 1",Красносельский район,Центральный административный округ,кафе,55.77744183599996,37.660514191999994,1906949.7580967566,6416363.603796937,3699.37540584791
328,Восточная сказка,"город Москва, Краснопрудная улица, дом 7-9",Красносельский район,Центральный административный округ,кафе,55.77871409199997,37.66327643400002,1907070.1859785896,6416558.632574511,3926.556673799804
329,Старый Чинар,"город Москва, Краснопрудная улица, дом 22-24",Красносельский район,Центральный административный округ,кафе,55.778495426,37.66468650899998,1907163.9628079187,6416564.641038983,3971.467681224093
330,Штолле,"город Москва, Краснопрудная улица, дом 22-24",Красносельский район,Центральный административный округ,кафе,55.778715,37.665309,1907193.598040735,6416601.35860871,4017.378140175347
331,Шоколадница,"город Москва, Краснопрудная улица, дом 26",Красносельский район,Центральный административный округ,кафе,55.779775742000034,37.66742768199998,1907282.79442006,6416760.104398873,4199.104909837575
332,Страдивари,"город Москва, Верхняя Красносельская улица, дом 8, корпус 3",Красносельский район,Центральный административный округ,ресторан,55.78464600462243,37.660223204114196,1906664.0431086735,6417133.849409702,4326.605776638154
333,ШАФРАН,"город Москва, Малая Красносельская улица, дом 14",Красносельский район,Центральный административный округ,ресторан,55.78608229346605,37.65800440454674,1906475.8709281988,6417242.110197621,4383.066079741213
334,Ресторан «Персия»,"город Москва, Краснохолмская набережная, дом 1/15",Таганский район,Центральный административный округ,ресторан,55.736605638869285,37.64978889868978,1907816.6198200106,6411737.703660994,2667.8926320294267
340,Шоколадница,"город Москва, Гоголевский бульвар, дом 3",район Хамовники,Центральный административный округ,кафе,55.7449894430733,37.6005059064496,1904508.593793424,6411608.988978087,1665.7322774710515
341,Теремок,"город Москва, Гоголевский бульвар, дом 3",район Хамовники,Центральный административный округ,кафе,55.7450469999999,37.600467,1904504.09325287,6411614.379196014,1663.8691150870131
342,КУ КА Буфет домашней еды,"город Москва, улица Пречистенка, дом 31/16",район Хамовники,Центральный административный округ,кафе,55.74000790506867,37.59012960013117,1904062.344808272,6410854.944972746,2540.5161517230667
343,Кружка,"город Москва, 3-й Крутицкий переулок, дом 13",Южнопортовый район,Юго-Восточный административный округ,кафе,55.7307150327286,37.6635321603827,1908871.4150592585,6411391.173964317,3767.263618328322
344,Прованс,"город Москва, 1-й Обыденский переулок, дом 9/12",район Хамовники,Центральный административный округ,ресторан,55.74294957496504,37.60214993103485,1904684.2236418277,6411423.504408679,1736.5986829021504
347,КРИСТИАН,"город Москва, Кутузовский проспект, дом 2/1, корпус 1А",район Дорогомилово,Западный административный округ,ресторан,55.7504696207787,37.564301458857,1902104.1630584877,6411442.917399445,3686.6746889756923
348,КЛУБНЫЙ РЕСТОРАН,"город Москва, Кутузовский проспект, дом 2/1, корпус 1А",район Дорогомилово,Западный административный округ,ресторан,55.751572945951,37.56413357353136,1902053.097436891,6411558.353784247,3687.140985454604
349,PINOCCHIO,"город Москва, Кутузовский проспект, дом 4/2",район Дорогомилово,Западный административный округ,ресторан,55.7496059697563,37.5623375556983,1902016.7340590872,6411308.795672536,3823.0046244000923
350,"КАФЕ-БУТИК POSH UP, BABE","город Москва, Кутузовский проспект, дом 8",район Дорогомилово,Западный административный округ,кафе,55.74917832052972,37.560513694510064,1901921.6706797215,6411224.604260613,3945.4507481374044
351,Кофемания,"город Москва, Кутузовский проспект, дом 17",район Дорогомилово,Западный административный округ,кафе,55.7465883331539,37.556805328365,1901792.0607935593,6410867.950942525,4228.28143062191
352,ПИОН,"город Москва, Кутузовский проспект, дом 21",район Дорогомилово,Западный административный округ,кафе,55.745113454145,37.5500368479119,1901435.0476305007,6410567.640535473,4688.2766758611
353,Кофе Хаус,"город Москва, Кутузовский проспект, дом 30",район Дорогомилово,Западный административный округ,кафе,55.7409314616814,37.5360372088986,1900738.318393884,6409824.623562618,5674.828918179144
355,Темпл бар,"город Москва, Ладожская улица, дом 2/37",Басманный район,Центральный административный округ,ресторан,55.7711340609647,37.6795503116199,1908340.8010323304,6416083.236127781,4237.801897605231
356,КАРРИ,"город Москва, Лазаревский переулок, дом 4",район Марьина Роща,Северо-Восточный административный округ,ресторан,55.79083362650423,37.61301935155556,1903567.657245963,6416812.105223542,4272.2623003217295
357,ФорТутти,"город Москва, Ленинградский проспект, дом 2",район Беговой,Северный административный округ,кафе,55.77867411625446,37.58272103600321,1902178.577838199,6414868.071293127,3782.0548705624146
358,Папа Джонс,"город Москва, Ленинградский проспект, дом 10",район Беговой,Северный административный округ,кафе,55.7794686916984,37.5803365977942,1902004.2690466996,6414903.901798438,3951.3648736659784
359,Шоколадница,"город Москва, Ленинградский проспект, дом 12",район Беговой,Северный административный округ,кафе,55.7799750159557,37.5791083225857,1901910.8845340793,6414932.819524508,4047.060068030999
360,Ваби-Саби,"город Москва, Ленинградский проспект, дом 12",район Беговой,Северный административный округ,кафе,55.7800480028884,37.5789877285372,1901900.8532378904,6414938.167681053,4058.426901618826
361,Хлеб&Co,"город Москва, Ленинградский проспект, дом 24",район Беговой,Северный административный округ,кафе,55.782567,37.573756,1901489.682185618,6415100.420360768,4497.202221289274
362,Москафе,"город Москва, Ленинградский проспект, дом 24",район Беговой,Северный административный округ,ресторан,55.7825156866215,37.5736157705816,1901483.0655980015,6415091.960594475,4499.0595313164295
363,Кафе «Хинкальная»,"город Москва, Ленинградский проспект, дом 33, корпус 3",район Беговой,Северный административный округ,кафе,55.7868812533596,37.5610148081551,1900555.9134706887,6415299.471441465,5420.954943383722
364,AL33 Пиццерия Бар Ботега,"город Москва, Ленинградский проспект, дом 33, корпус 4",район Беговой,Северный административный округ,кафе,55.78726968453546,37.559910878803755,1900474.4744626668,6415318.304036814,5502.647764381527
385,Кафе Дяди Сэма,"город Москва, улица Зацепский Вал, дом 5",район Замоскворечье,Центральный административный округ,кафе,55.732475361880624,37.64093896053161,1907431.9275855406,6411106.962123369,2722.730622785864
386,кафе Аэробар при Павелецком вокзале,"город Москва, Павелецкая площадь, дом 1",район Замоскворечье,Центральный административный округ,кафе,55.73155505365487,37.640990530956515,1907469.259150727,6411008.850042663,2817.6758019546883
387,Чайхона АЙВА,"город Москва, Павелецкая площадь, дом 1",район Замоскворечье,Центральный административный округ,кафе,55.73156124431681,37.640970134936374,1907467.7886636325,6411009.089662678,2816.457328144822
388,Кафе Ферганское,"город Москва, Павелецкая площадь, дом 1",район Замоскворечье,Центральный административный округ,кафе,55.73156124431681,37.640970134936374,1907467.7886636325,6411009.089662678,2816.457328144822
389,Общественное питание,"город Москва, Павелецкая площадь, дом 1",район Замоскворечье,Центральный административный округ,кафе,55.73156124431681,37.640970134936374,1907467.7886636325,6411009.089662678,2816.457328144822
390,Кофе Хаус,"город Москва, Павелецкая площадь, дом 1А, строение 1",район Замоскворечье,Центральный административный округ,кафе,55.72974351120497,37.63953213260597,1907447.8652348267,6410783.01953358,2965.5776793393843
391,Планета суши,"город Москва, Павелецкая площадь, дом 1",район Замоскворечье,Центральный административный округ,ресторан,55.73156124431681,37.640970134936374,1907467.7886636325,6411009.089662678,2816.457328144822
392,Общественное питание,"город Москва, Павелецкая площадь, дом 1",район Замоскворечье,Центральный административный округ,кафе,55.73156124431681,37.640970134936374,1907467.7886636325,6411009.089662678,2816.457328144822
393,Общественное питание,"город Москва, Павелецкая площадь, дом 1",район Замоскворечье,Центральный административный округ,кафе,55.73156124431681,37.640970134936374,1907467.7886636325,6411009.089662678,2816.457328144822
394,Порто,"город Москва, Ленинский проспект, дом 11, строение 1",район Якиманка,Центральный административный округ,ресторан,55.723183675774095,37.603921344729685,1905525.1196457064,6409329.907250735,3650.263643610644
395,Де Марко,"город Москва, Ленинский проспект, дом 13",район Якиманка,Центральный административный округ,кафе,55.7220992933068,37.6021524892875,1905457.7174047641,6409175.986213469,3803.518631145927
396,Ресторан «Пивнушка»,"город Москва, Ленинский проспект, дом 28",Донской район,Южный административный округ,ресторан,55.7134931894364,37.58861040063659,1904952.7204720909,6407964.838879237,5039.792303034033
397,Ресторан «Илья Муромец»,"город Москва, Ленинский проспект, дом 37",Донской район,Южный административный округ,ресторан,55.70989343006641,37.58714636436178,1904997.0156581604,6407546.133496144,5452.668062679377
398,Ресторан «Буйабез»,"город Москва, Ленинский проспект, дом 37",Донской район,Южный административный округ,ресторан,55.70989343006641,37.58714636436178,1904997.0156581604,6407546.133496144,5452.668062679377
399,Корчма Тарас Бульба,"город Москва, Ленинский проспект, дом 37",Донской район,Южный административный округ,ресторан,55.70989343006641,37.58714636436178,1904997.0156581604,6407546.133496144,5452.668062679377
400,Шоколадница,"город Москва, Ленинский проспект, дом 37А",Донской район,Южный административный округ,кафе,55.709260379609375,37.58577513274229,1904937.01064268,6407449.1986424355,5554.543813383562
417,Хинкали Пойнт,"город Москва, Лесная улица, дом 20, строение 1",Тверской район,Центральный административный округ,кафе,55.78044984130314,37.592009405683704,1902676.974987,6415253.58507463,3590.3797241646366
418,БОТИК ПЕТРА,"город Москва, Лесная улица, дом 45",Тверской район,Центральный административный округ,ресторан,55.7811150442844,37.5919692146072,1902649.8614080502,6415324.445190971,3656.4367453327577
420,Пиатто,"город Москва, улица Малая Лубянка, дом 16",Красносельский район,Центральный административный округ,кафе,55.764384576107524,37.63155994187272,1905676.213783848,6414349.595383995,1387.7787106470555
421,ГивиСациви,"город Москва, Лужнецкий проезд, дом 1",район Хамовники,Центральный административный округ,кафе,55.7265490817526,37.5603941716373,1902752.1516698385,6408782.483115563,4992.222015792404
422,Блан де Блан,"город Москва, Люсиновская улица, дом 36/50",район Замоскворечье,Центральный административный округ,кафе,55.72230697855075,37.62154837022071,1906630.068909393,6409604.548395703,3573.553470543905
423,Папа Джонс,"город Москва, Люсиновская улица, дом 41, строение 1",район Замоскворечье,Центральный административный округ,кафе,55.72140341827649,37.62349323299737,1906781.9338686154,6409547.900399009,3679.092525086123
424,Кафе-пекарня «Бурекас Бейкери»,"город Москва, Люсиновская улица, дом 53",Даниловский район,Южный административный округ,кафе,55.7186372978651,37.6232447774133,1906869.5008994648,6409244.5295626735,3993.7263543070767
425,Кафе «Urbankitchen Гастропаб»,"город Москва, Люсиновская улица, дом 55",Даниловский район,Южный административный округ,кафе,55.71704342351088,37.62351738763368,1906945.2545238885,6409078.434448696,4175.9013579651555
426,КАФЕ БУЛОШНАЯ,"город Москва, Лялин переулок, дом 7/2, строение 1",Басманный район,Центральный административный округ,кафе,55.7595995267129,37.6520630346356,1907099.9747808066,6414263.563756862,2086.5261073436263
428,Круассан,"город Москва, Космодамианская набережная, дом 40-42, строение 3",район Замоскворечье,Центральный административный округ,кафе,55.73784039955728,37.64451307287357,1907449.912096366,6411760.150050242,2337.753576893022
429,Ресторан «River side»,"город Москва, Мантулинская улица, дом 10",Пресненский район,Центральный административный округ,ресторан,55.7569191149889,37.5546452032159,1901278.3030995494,6411936.5801301235,4305.279689796368
430,Кафе «Smoothiencoffee»,"город Москва, Мантулинская улица, дом 18",Пресненский район,Центральный административный округ,кафе,55.75648971337475,37.55156774581807,1901107.1097272318,6411826.052214523,4498.629526456611
431,Кафе Chicen and pizza,"город Москва, Мантулинская улица, дом 18",Пресненский район,Центральный административный округ,кафе,55.75648971337475,37.55156774581807,1901107.1097272318,6411826.052214523,4498.629526456611
433,Кафе «Штолле»,"город Москва, Марксистская улица, дом 5",Таганский район,Центральный административный округ,кафе,55.73711819251357,37.66397562962951,1908660.212112949,6412090.578333748,3325.855279412903
434,Ресторан «Гогиели»,"город Москва, Марксистская улица, дом 9",Таганский район,Центральный административный округ,ресторан,55.7348288911516,37.6679792629303,1908988.8226137958,6411927.884464381,3686.639934095858
435,Даблби,"город Москва, Милютинский переулок, дом 3",Красносельский район,Центральный административный округ,кафе,55.76148590920212,37.63138400547137,1905773.2106629685,6414033.497480124,1100.879536739778
436,Паста и Баста,"город Москва, Милютинский переулок, дом 19/4, строение 2",Красносельский район,Центральный административный округ,кафе,55.76600680590438,37.63212688490405,1905650.3935274165,6414536.310174583,1568.9761234494356
439,ПРАВDА Кофе,"город Москва, улица Нижняя Масловка, дом 5, корпус 1",район Беговой,Северный административный округ,кафе,55.79135795346096,37.58427638454162,1901802.7727164999,6416267.741779067,4914.6563457546345
440,Wake cup,"город Москва, улица Нижняя Масловка, дом 5, корпус 1",район Беговой,Северный административный округ,кафе,55.79136845547675,37.584270580796044,1901802.0308504647,6416268.752511282,4915.883956549442
441,Шоколадница,"город Москва, улица Нижняя Масловка, дом 14",Савёловский район,Северный административный округ,кафе,55.7935414970026,37.5645693765718,1900525.0794587848,6416091.596200848,5830.326811498819
442,СТАРЫЙ ЕГЕРЬ,"город Москва, улица Мастеркова, дом 3",Даниловский район,Южный административный округ,ресторан,55.70885284612298,37.65847052822649,1909376.4582442746,6408928.64793986,5637.774822084307
444,Чайный клуб «Мойчай.ру»,"город Москва, улица Покровка, дом 41, строение 1",Басманный район,Центральный административный округ,кафе,55.76227002286522,37.6519331892189,1906992.781416128,6414548.644881404,2196.7908489921647
445,Бейрут,"город Москва, улица Машкова, дом 22",Басманный район,Центральный административный округ,кафе,55.764277621367775,37.653297511617474,1907001.0243881776,6414793.610530321,2383.292531319898
450,Кафе 12,"город Москва, Мещанская улица, дом 12",Мещанский район,Центральный административный округ,кафе,55.77632293601428,37.627903084701096,1905010.5252555374,6415559.690626538,2618.2501515212275
464,Сухарева Башня,"город Москва, проспект Мира, дом 5, корпус 1",Мещанский район,Центральный административный округ,кафе,55.77422684421026,37.631901146838345,1905331.268648562,6415417.505400142,2441.156924025344
465,Ваби-Саби,"город Москва, проспект Мира, дом 29",Мещанский район,Центральный административный округ,кафе,55.7798420291063,37.6324832547647,1905157.9836804129,6416034.868217798,3069.80099136778
466,Шоколадница,"город Москва, проспект Мира, дом 29",Мещанский район,Центральный административный округ,кафе,55.7798111946039,37.6325023471684,1905160.2890856052,6416031.944903755,3066.668762323192
467,Джаганнат,"город Москва, проспект Мира, дом 31",Мещанский район,Центральный административный округ,кафе,55.78013798670796,37.6325990886982,1905154.0217818622,6416069.190305048,3104.3455134935866
468,Krispy Creme,"город Москва, проспект Мира, дом 40",Мещанский район,Центральный административный округ,кафе,55.78023653983508,37.63371606098805,1905218.20162463,6416103.203433675,3132.6886323630956
469,Французская пекарня,"город Москва, проспект Мира, дом 47, строение 1",Мещанский район,Центральный административный округ,кафе,55.78298149039359,37.63380980529741,1905121.8889837742,6416400.99688316,3437.7042926539502
470,Прайм стар,"город Москва, проспект Мира, дом 48, строение 6",Мещанский район,Центральный административный округ,кафе,55.7817473929908,37.63426144725012,1905195.1804996412,6416277.453830187,3308.1961697796937
471,Брусника,"город Москва, проспект Мира, дом 49",Мещанский район,Центральный административный округ,кафе,55.78351338985643,37.6338314726142,1905103.438399194,6416458.774546461,3497.0225048643483
472,Азбука вкуса,"город Москва, проспект Мира, дом 49",Мещанский район,Центральный административный округ,кафе,55.78352085181502,37.6338603807945,1905104.9167375371,6416460.1841212725,3498.2765269844995
473,An Nam,"город Москва, проспект Мира, дом 54",Мещанский район,Центральный административный округ,ресторан,55.7836365137369,37.6357981191697,1905218.2997489197,6416513.230402588,3541.6684744680247
474,Чайхона,"город Москва, проспект Мира, дом 56, строение 2",Мещанский район,Центральный административный округ,кафе,55.7839562119152,37.6354932862394,1905187.9052899415,6416541.3004980795,3571.8232870006977
475,ТИ-бон,"город Москва, проспект Мира, дом 58",Мещанский район,Центральный административный округ,ресторан,55.785361923382,37.6359912382182,1905165.9011099942,6416703.2241683,3734.95291254228
476,Wine Point,"город Москва, проспект Мира, дом 77, корпус 1",Мещанский район,Центральный административный округ,кафе,55.78994653781263,37.63429892286436,1904892.74512968,6417161.870818962,4220.037735858393
477,Крылышко-ножка,"город Москва, проспект Мира, дом 77, корпус 2",Мещанский район,Центральный административный округ,кафе,55.789953336486015,37.633727502657884,1904857.7954716147,6417150.638201887,4213.719755091572
489,Ресторан «Граф Орлов»,"город Москва, 2-й Верхний Михайловский проезд, дом 2",Донской район,Южный административный округ,ресторан,55.7096077439709,37.605122,1906101.6915426014,6407891.571919593,5128.82130306345
492,Кафе «I love kake»,"город Москва, Большой Патриарший переулок, дом 4",Пресненский район,Центральный административный округ,кафе,55.7624594460658,37.591895873365644,1903337.2753112568,6413312.039010273,2144.022152130549
493,Ресторан «Дом на Патриарших»,"город Москва, Большой Патриарший переулок, дом 10",Пресненский район,Центральный административный округ,ресторан,55.7630496040794,37.59299692681051,1903382.3063853707,6413398.674688831,2114.999930818428
494,Кафе «Джойя»,"город Москва, Большой Патриарший переулок, дом 12, строение 1",Пресненский район,Центральный административный округ,кафе,55.7632314842072,37.5933659968639,1903397.9912193476,6413425.996769207,2105.2533504604407
495,Ресторан «Хлеб и Вино»,"город Москва, Большой Патриарший переулок, дом 12, строение 1",Пресненский район,Центральный административный округ,ресторан,55.76325262462674,37.593387435976574,1903398.5101491606,6413428.723797067,2105.3264162819464
505,Журфак,"город Москва, Большой Афанасьевский переулок, дом 3, строение 3",район Хамовники,Центральный административный округ,кафе,55.7449440580204,37.5971582151013,1904306.723313731,6411534.059638039,1846.2554066131834
517,ПОРОСЕЛЛО,"город Москва, Неглинная улица, дом 16/2, строение 4",Мещанский район,Центральный административный округ,кафе,55.76510346672519,37.62049043031435,1904976.8712872162,6414195.275936571,1306.5395252423377
518,Папа Джонс,"город Москва, Неглинная улица, дом 16/2, строение 4",Мещанский район,Центральный административный округ,кафе,55.76510263761868,37.62048921429147,1904976.8281818945,6414195.161116955,1306.448470984471
519,Сыто пьяно,"город Москва, Неглинная улица, дом 18, строение 1",Мещанский район,Центральный административный округ,кафе,55.7656218511054,37.620908125025,1904983.0032398757,6414259.8924805,1364.7374571955481
520,Кафе «Coffee Bean»,"город Москва, Брюсов переулок, дом 2/14, строение 6",Пресненский район,Центральный административный округ,кафе,55.75668057369328,37.60576555397607,1904394.6255205972,6412979.233397665,1060.727144044156
521,Джаз-Клуб Союз Композиторов,"город Москва, Брюсов переулок, дом 8-10, строение 2",Тверской район,Центральный административный округ,кафе,55.7598281998584,37.6092198772451,1904487.7758518772,6413390.789038087,1051.361077006852
522,Могучая кучка,"город Москва, Брюсов переулок, дом 8-10, строение 2",Пресненский район,Центральный административный округ,кафе,55.759066326139354,37.60726007853251,1904396.9369413476,6413267.659961661,1096.9400919529744
524,Ресторан «Брудер»,"город Москва, Нижегородская улица, дом 2, корпус 1",Таганский район,Центральный административный округ,ресторан,55.7385919971895,37.6741644369191,1909224.8863566215,6412463.287298831,3804.71606181192
525,Якитория,"город Москва, Нижегородская улица, дом 2, корпус 1",Таганский район,Центральный административный округ,кафе,55.7387369570988,37.6747545229028,1909255.3690738035,6412491.299047517,3831.2490332754123
526,Валенсия,"город Москва, Нижегородская улица, дом 58, корпус 3",Нижегородский район,Юго-Восточный административный округ,ресторан,55.734336,37.70583,1911308.6921101406,6412669.99023397,5861.517031262171
532,У ПИРОСМАНИ,"город Москва, Новодевичий проезд, дом 4",район Хамовники,Центральный административный округ,ресторан,55.7291199660395,37.5584909038531,1902541.192480116,6409019.896646186,4916.382882074139
533,Пекарня-Бистро,"город Москва, Новокузнецкая улица, дом 13, строение 1",район Замоскворечье,Центральный административный округ,кафе,55.73741683667836,37.63178462973685,1906691.6421616212,6411447.691476315,1968.466852374145
534,Мацони,"город Москва, Новокузнецкая улица, дом 33, строение 1",район Замоскворечье,Центральный административный округ,кафе,55.73362599589477,37.63436552775397,1906989.4031397798,6411093.186105062,2431.3589985990634
535,Кафе ДАДА,"город Москва, 1-й Новокузнецкий переулок, дом 5-7",район Замоскворечье,Центральный административный округ,кафе,55.734683604158526,37.632267943558226,1906822.552617878,6411163.21914023,2273.3514677963535
537,Кафе-бар «Каюк Компания»,"город Москва, Новорязанская улица, дом 2/7",Красносельский район,Центральный административный округ,кафе,55.77147299457522,37.655090095165185,1906842.3254030806,6415606.6334129125,2970.774621193178
538,Прайм стар,"город Москва, Новослободская улица, дом 10, строение 1",Тверской район,Центральный административный округ,кафе,55.78041380280685,37.60030859602437,1903182.439109872,6415423.20681601,3337.337080412766
539,Шоколадница,"город Москва, Новослободская улица, дом 10, строение 1",Тверской район,Центральный административный округ,кафе,55.78041380280685,37.60030859602437,1903182.439109872,6415423.20681601,3337.337080412766
540,Типси паб,"город Москва, Сущёвская улица, дом 9",Тверской район,Центральный административный округ,кафе,55.780552,37.601591,1903255.208554519,6415464.918599973,3319.3251035155886
541,Тарелка,"город Москва, Новослободская улица, дом 14/19, строение 1",Тверской район,Центральный административный округ,кафе,55.781053,37.599902,1903134.0247967262,6415483.60021456,3414.5366030297714
542,ДЖОН ДЖОЛИ,"город Москва, Новослободская улица, дом 14/19, строение 1",Тверской район,Центральный административный округ,ресторан,55.781099860806734,37.59987580242632,1903130.6948031902,6415488.103283397,3420.1028972165473
543,КАЛЬЯН,"город Москва, Новослободская улица, дом 14/19, строение 8",Тверской район,Центральный административный округ,кафе,55.78130387628188,37.60035635255933,1903152.3146714224,6415520.141180934,3429.113670894786
544,Мимино,"город Москва, Новослободская улица, дом 36/1, строение 1",Тверской район,Центральный административный округ,ресторан,55.784310105938474,37.5970730355072,1902841.3503881276,6415775.517329859,3827.62297640757
545,Шоколадница,"город Москва, Новослободская улица, дом 36/1, строение 1",Тверской район,Центральный административный округ,кафе,55.7843459300516,37.5968141183484,1902824.2953947505,6415773.965731665,3838.160748783389
546,Караоке «Бум»,"город Москва, Новослободская улица, дом 46",Тверской район,Центральный административный округ,кафе,55.785417,37.596031,1902736.9961794885,6415873.039169713,3970.1394103143493
547,Кофепорт,"город Москва, Новослободская улица, дом 50/1, строение 2",Тверской район,Центральный административный округ,кафе,55.78701437500424,37.594396956062766,1902578.4953640737,6416011.054126396,4179.306549429144
548,ТРИУМФ,"город Москва, Новослободская улица, дом 54/56",Тверской район,Центральный административный округ,кафе,55.7885289972103,37.5929195495495,1902432.5844107373,6416143.427088341,4375.789794322899
549,Клаштер,"город Москва, Новослободская улица, дом 67/69",Тверской район,Центральный административный округ,кафе,55.788992678410125,37.59112226171834,1902306.234710679,6416155.84236572,4472.814369993658
550,Баяр,"город Москва, Новослободская улица, дом 50/1, строение 2",Тверской район,Центральный административный округ,кафе,55.78701437500424,37.594396956062766,1902578.4953640737,6416011.054126396,4179.306549429144
551,ЛОКОМОТИВ,"город Москва, улица Образцова, дом 22",район Марьина Роща,Северо-Восточный административный округ,кафе,55.78883990171727,37.61035493487602,1903479.880460927,6416541.490995633,4073.111939077633
552,Кофе Энигма,"город Москва, Овчинниковская набережная, дом 22/24, строение 1",район Замоскворечье,Центральный административный округ,кафе,55.743461686419195,37.63373059798885,1906585.4308580144,6412140.003854106,1407.777496621805
554,Point 242,"город Москва, Октябрьская улица, дом 9/1",район Марьина Роща,Северо-Восточный административный округ,кафе,55.78624424560427,37.6134907262432,1903766.6806189714,6416327.333304639,3749.6097771745526
556,Хмельная келья,"город Москва, Октябрьская улица, дом 38, корпус 1",район Марьина Роща,Северо-Восточный административный округ,кафе,55.79039071780676,37.61476826882709,1903690.30283361,6416800.957214192,4209.382925744424
557,ЭСКАЛИБУР ЛТД,"город Москва, Октябрьская улица, дом 38, корпус 1",район Марьина Роща,Северо-Восточный административный округ,кафе,55.79032461038105,37.61377798401192,1903632.6237118137,6416773.115145642,4208.779562200798
558,Р. и М.,"город Москва, Октябрьский переулок, дом 12",район Марьина Роща,Северо-Восточный административный округ,кафе,55.787469222835455,37.61185981846487,1903622.155599142,6416425.24057841,3903.038709464979
559,Амадеус,"город Москва, Олимпийский проспект, дом 22",Мещанский район,Центральный административный округ,ресторан,55.7876474505085,37.6228606760865,1904283.5960249247,6416674.635527062,3876.468719715163
560,Кафе «Пицца Фабрика»,"город Москва, улица Орджоникидзе, дом 9, корпус 1",Донской район,Южный административный округ,кафе,55.709925875767816,37.59820056508661,1905668.629998626,6407780.962138635,5202.915130829584
561,Прайм стар,"город Москва, улица Большая Ордынка, дом 7",район Замоскворечье,Центральный административный округ,кафе,55.74475216306464,37.624925431582206,1906002.1490583038,6412094.621651481,1040.193875382621
562,Теремок,"город Москва, Орликов переулок, дом 8",Красносельский район,Центральный административный округ,кафе,55.7715026213145,37.649354059962334,1906492.7671200796,6415489.579249201,2716.00921041297
563,Цинандали Хинкальная,"город Москва, Оружейный переулок, дом 25, строение 1",Тверской район,Центральный административный округ,кафе,55.773332,37.600441,1903453.2364141804,6414662.662844258,2615.6247185861384
564,Кафе Сю Си Пуси,"город Москва, Садовническая улица, дом 42, строение 1",район Замоскворечье,Центральный административный округ,кафе,55.74485508281937,37.63669697525921,1906714.0169458452,6412352.350746847,1406.2564488766525
565,Кафе,"город Москва, Садовническая улица, дом 51, строение 1",район Замоскворечье,Центральный административный округ,кафе,55.74293802274767,37.64019315158926,1906997.809502023,6412219.007302676,1719.7466659130425
566,ВАНИЛЬ,"город Москва, улица Остоженка, дом 1/9",район Хамовники,Центральный административный округ,ресторан,55.7440729219548,37.602253609222,1904648.858442826,6411546.762725795,1644.1352580127232
567,Иль Форно,"город Москва, улица Остоженка, дом 3/14",район Хамовники,Центральный административный округ,ресторан,55.7438803071254,37.60195343035,1904637.7508399507,6411519.719127978,1673.1541708649947
568,Хлеб насущный,"город Москва, улица Остоженка, дом 3/14",район Хамовники,Центральный административный округ,кафе,55.74354863205517,37.60205347831089,1904656.1374060104,6411486.060345088,1693.8474700596387
569,Шоколадница,"город Москва, улица Остоженка, дом 7, строение 1",район Хамовники,Центральный административный округ,кафе,55.7427851424841,37.6008390654911,1904610.6126804051,6411378.350740903,1810.3253001398582
570,Travelers Coffee,"город Москва, улица Остоженка, дом 14/2",район Хамовники,Центральный административный округ,кафе,55.74190683534469,37.59886937767109,1904523.4149826572,6411242.462902464,1971.2483186053632
571,ГЕНАЦВАЛЕ VIP,"город Москва, улица Остоженка, дом 14/2",район Хамовники,Центральный административный округ,ресторан,55.7429585461481,37.6000160092244,1904554.1330182597,6411379.821537641,1836.077645259539
572,Чайхона №1,"город Москва, улица Остоженка, дом 42/2",район Хамовники,Центральный административный округ,ресторан,55.737574477462736,37.59485827092475,1904440.1447725857,6410691.537364085,2503.0858598952937
573,Ресторан «Max Beef for Money»,"город Москва, Большой Козихинский переулок, дом 4",Пресненский район,Центральный административный округ,ресторан,55.76202692883658,37.598636785658236,1903762.9984138538,6413406.381812014,1745.3616720185105
574,Рецептор,"город Москва, Большой Козихинский переулок, дом 10",Пресненский район,Центральный административный округ,ресторан,55.762869743240564,37.59739876381797,1903656.4952540318,6413471.336039833,1864.8824378851768
575,Кафе «ПИНЧ»,"город Москва, Большой Козихинский переулок, дом 12/2",Пресненский район,Центральный административный округ,ресторан,55.763144619685406,37.5970102997813,1903622.6910339121,6413492.840810577,1903.1981228495913
576,Кафе «Americano»,"город Москва, Малый Козихинский переулок, дом 8/18",Пресненский район,Центральный административный округ,ресторан,55.76424401491725,37.59580676877184,1903508.771270669,6413586.175751004,2038.9285101481444
596,Dominos Pizza,"город Москва, Большая Переяславская улица, дом 10",Мещанский район,Центральный административный округ,кафе,55.78321640390466,37.6426441562532,1905649.6808590442,6416611.357943651,3637.0490419175717
599,Марокко,"город Москва, улица Петровка, дом 17, строение 2",Тверской район,Центральный административный округ,кафе,55.7641690224639,37.61596178819,1904736.3745927012,6413999.761382178,1248.140344969561
600,Барашка,"город Москва, улица Петровка, дом 20/1",Тверской район,Центральный административный округ,кафе,55.7640792106841,37.6173470707502,1904823.8899005582,6414019.077511612,1216.329740328137
601,Рони,"город Москва, улица Петровка, дом 20/1",Тверской район,Центральный административный округ,ресторан,55.764240809038746,37.61842352305946,1904883.3036754655,6414059.028184905,1221.7251065216283
602,Ла Маре,"город Москва, улица Петровка, дом 28, строение 1",Тверской район,Центральный административный округ,ресторан,55.7677925357647,37.6139567647775,1904480.020478518,6414348.350171928,1680.7773048710285
603,КОРЧМА «ТАРАС БУЛЬБА»,"город Москва, улица Петровка, дом 30/7",Тверской район,Центральный административный округ,ресторан,55.768052121072,37.6142376420246,1904487.4505876224,6414382.20715493,1704.2330232469676
604,CATCH,"город Москва, улица Петровка, дом 30/7",Тверской район,Центральный административный округ,ресторан,55.7681660114374,37.61390870062,1904463.2355772203,6414387.598528064,1722.5057730645929
605,Рюмка водки,"город Москва, улица Петровка, дом 30/7",Тверской район,Центральный административный округ,ресторан,55.76807282877899,37.614376543638144,1904495.1217594694,6414387.346029483,1704.1309212054557
606,Мондриан бар,"город Москва, улица Петровка, дом 30/7",Тверской район,Центральный административный округ,кафе,55.76807282877899,37.614376543638144,1904495.1217594694,6414387.346029483,1704.1309212054557
607,Кафе «Бабушкина вкуснятина»,"город Москва, улица Шаболовка, дом 30/12",Донской район,Южный административный округ,кафе,55.71939797545086,37.60855842689083,1905947.678021586,6409018.9021135615,3991.0841210401422
608,Шоколадница,"город Москва, улица Шаболовка, дом 30/12",Донской район,Южный административный округ,кафе,55.71939797545086,37.60855842689083,1905947.678021586,6409018.9021135615,3991.0841210401422
609,Brut Bar,"город Москва, Петровский бульвар, дом 17/1",Тверской район,Центральный административный округ,кафе,55.76827269872159,37.61695290920635,1904644.2448892705,6414462.810092014,1690.5893661782761
610,Кулинар №1,"город Москва, Петровско-Разумовский проезд, дом 10",Савёловский район,Северный административный округ,ресторан,55.7947355781637,37.5694418717101,1900776.7253148064,6416322.015544854,5749.950978134769
615,ГОТОВ,"город Москва, Большая Пироговская улица, дом 37-43, корпус А",район Хамовники,Центральный административный округ,кафе,55.728738,37.564581,1902925.8464112189,6409105.941957737,4626.325264699234
616,БЕРГШТАЙН-бар,"город Москва, Большая Пироговская улица, дом 37-43, корпус А",район Хамовники,Центральный административный округ,ресторан,55.7285445929733,37.5640041692577,1902897.9134830637,6409073.03895383,4669.150351308868
617,Хинкальная 777,"город Москва, Большая Пироговская улица, дом 53",район Хамовники,Центральный административный округ,кафе,55.7435281382524,37.6052200814466,1904849.4452968698,6411550.116030065,1552.5057095049065
618,СКАЗОЧНЫЙ ДВОР,"город Москва, Платовская улица, дом 4",район Дорогомилово,Западный административный округ,кафе,55.7447874663091,37.5556348191614,1901787.542147754,6410649.363233679,4345.387236540101
619,ФРАТЕЛЛИ,"город Москва, улица Плющиха, дом 20/2",район Хамовники,Центральный административный округ,кафе,55.7436490714176,37.5778087990364,1903178.1370973827,6410989.860686691,3023.969499235003
623,Ресторан «Pilsner»,"город Москва, улица Пресненский Вал, дом 4/29",Пресненский район,Центральный административный округ,ресторан,55.7638230499054,37.564093610597595,1901596.9981299583,6412878.108131954,3859.6865925872653
624,Cezve Coffee,"город Москва, Подсосенский переулок, дом 8, строение 2",Басманный район,Центральный административный округ,кафе,55.75825781064354,37.650024917676205,1907026.0066104268,6414076.231439197,1915.6630083772009
625,Плов,"город Москва, Покровский бульвар, дом 14/6",Басманный район,Центральный административный округ,ресторан,55.755005999638776,37.64722087946044,1906976.4876354022,6413666.984599212,1669.275629763178
627,Чайхона №1,"город Москва, улица Большая Полянка, дом 1/3",район Якиманка,Центральный административный округ,ресторан,55.7423033894505,37.6168348733229,1905601.1362822065,6411661.238107341,1326.3024261572057
628,Мята Lounge,"город Москва, улица Большая Полянка, дом 28, корпус 1",район Якиманка,Центральный административный округ,кафе,55.735954956080484,37.61867739547273,1905948.8289024637,6411015.532945694,2025.0189045019956
629,Costa Coffee,"город Москва, улица Большая Полянка, дом 30",район Якиманка,Центральный административный округ,кафе,55.73412655513155,37.61895614108129,1906033.650645858,6410824.28855387,2231.4530436908826
631,Линдфорс,"город Москва, улица Маши Порываевой, дом 38",Красносельский район,Центральный административный округ,кафе,55.77383196841658,37.65024529418648,1906460.2887589398,6415759.292318088,2955.8618214899775
632,Кафе Сказки Алисы. Белка бар,"город Москва, улица Правды, дом 3/1",район Беговой,Северный административный округ,кафе,55.7840087195911,37.5764660384455,1901600.8661632237,6415312.425867657,4505.506614472971
635,Кафе «Брусника»,"город Москва, улица Пресненский Вал, дом 3",Пресненский район,Центральный административный округ,кафе,55.765515,37.563841681,1901519.0231783062,6413055.240797198,3937.0579877491564
636,Кафе «Прогресс»,"город Москва, улица Пресненский Вал, дом 38, строение 1",Пресненский район,Центральный административный округ,кафе,55.771354985082006,37.57037492151499,1901699.719689314,6413821.212986204,3848.79885406334
650,Шоколадница,"город Москва, улица Большая Дмитровка, дом 7/5, строение 1",Тверской район,Центральный административный округ,кафе,55.7606700103564,37.6150333986295,1904809.8505106538,6413603.19293391,897.5860604517728
651,UPSIDE DOWN CAKE,"город Москва, улица Большая Дмитровка, дом 7/5, строение 1",Тверской район,Центральный административный округ,кафе,55.76044471724726,37.61437825712493,1904778.3977811683,6413565.197081402,895.1559220831064
652,ГУСТО,"город Москва, улица Большая Дмитровка, дом 7/5, строение 1",Тверской район,Центральный административный округ,ресторан,55.7607001329202,37.6149922038667,1904806.228720135,6413605.577412409,901.8478979948409
653,КОФЕШОП КОМПАНИ,"город Москва, улица Большая Дмитровка, дом 7/5, строение 1",Тверской район,Центральный административный округ,кафе,55.7604879461425,37.6147578874368,1904799.8650035039,6413577.802493484,887.4823856909951
654,Прайм стар,"город Москва, улица Большая Дмитровка, дом 7/5, строение 1",Тверской район,Центральный административный округ,кафе,55.760439410965596,37.61439489452889,1904779.6058896137,6413564.973379818,894.096149067479
655,Воронеж,"город Москва, улица Большая Дмитровка, дом 12/1, строение 1",Тверской район,Центральный административный округ,кафе,55.76153958003019,37.61468801131695,1904756.5800422637,6413689.689484527,996.3164138117646
656,Rose bar,"город Москва, улица Большая Дмитровка, дом 20, строение 1",Тверской район,Центральный административный округ,ресторан,55.7628730596666,37.61348182716666,1904633.778007353,6413808.172195009,1166.9085896943132
657,NOBU,"город Москва, улица Большая Дмитровка, дом 20, строение 1",Тверской район,Центральный административный округ,кафе,55.7628576708538,37.6133793384146,1904628.1209126278,6413804.368536434,1168.2095861756195
658,SEMPRE,"город Москва, улица Большая Дмитровка, дом 22, строение 1",Тверской район,Центральный административный округ,ресторан,55.76343867612751,37.61321192536087,1904596.3802933868,6413863.487964515,1232.5830321669669
659,Шоколадница,"город Москва, Петровский переулок, дом 1/30, строение 1",Тверской район,Центральный административный округ,кафе,55.765153434210845,37.61148732854696,1904427.929357879,6414012.220355134,1456.7434311925094
660,кафе «БИН»,"город Москва, Пятницкая улица, дом 5, строение 1",район Замоскворечье,Центральный административный округ,кафе,55.74518302208084,37.62731663002991,1906131.5313855298,6412191.150741612,1038.6138560294912
661,КОНЦЕРТ БАР,"город Москва, Пятницкая улица, дом 6/1, строение 1",район Замоскворечье,Центральный административный округ,ресторан,55.74418284326132,37.62708237980404,1906154.4329268506,6412078.440134655,1140.4514667650474
662,Ресторан Панч энд Джуди,"город Москва, Пятницкая улица, дом 6/1, строение 1",район Замоскворечье,Центральный административный округ,ресторан,55.744542012201315,37.626935130487915,1906132.1418394544,6412114.068273201,1098.6459032046362
663,Кафе Пекарня Хачапури,"город Москва, Пятницкая улица, дом 6/1, строение 1",район Замоскворечье,Центральный административный округ,кафе,55.744542012201315,37.626935130487915,1906132.1418394544,6412114.068273201,1098.6459032046362
664,Хлеб насущный,"город Москва, Пятницкая улица, дом 6/1, строение 1",район Замоскворечье,Центральный административный округ,кафе,55.744542012201315,37.626935130487915,1906132.1418394544,6412114.068273201,1098.6459032046362
665,"Есть хинкали, пить вино","город Москва, Пятницкая улица, дом 6/1, строение 1",район Замоскворечье,Центральный административный округ,кафе,55.744542012201315,37.626935130487915,1906132.1418394544,6412114.068273201,1098.6459032046362
666,Домашнее Кафе сеть городских кафе,"город Москва, Пятницкая улица, дом 9/28, строение 1",район Замоскворечье,Центральный административный округ,кафе,55.74450735554921,37.627819013301014,1906187.1685350295,6412128.849011382,1122.126826451096
667,Прайм стар,"город Москва, Пятницкая улица, дом 10, строение 1",район Замоскворечье,Центральный административный округ,кафе,55.7437645313903,37.62769713464409,1906207.3452332565,6412046.231118379,1198.5371713612997
668,Клуб-караоке Весна,"город Москва, Пятницкая улица, дом 10, строение 1",район Замоскворечье,Центральный административный округ,кафе,55.7437645313903,37.62769713464409,1906207.3452332565,6412046.231118379,1198.5371713612997
669,Пекарня Паул,"город Москва, Пятницкая улица, дом 20, строение 1",район Замоскворечье,Центральный административный округ,кафе,55.74169480517328,37.6282143865586,1906315.6603870755,6411833.983280129,1432.6016219476223
670,Илларион,"город Москва, Пятницкая улица, дом 20, строение 2",район Замоскворечье,Центральный административный округ,кафе,55.74165843503439,37.62762655004323,1906281.2681078399,6411817.747862561,1425.4171156694963
671,Ресторан Тануки,"город Москва, Пятницкая улица, дом 53/18, строение 1",район Замоскворечье,Центральный административный округ,ресторан,55.734906302167026,37.6279835633063,1906553.7247551826,6411097.445183491,2179.1207231538247
672,Кофейня Делюсь Душой,"город Москва, Пятницкая улица, дом 54, строение 1",район Замоскворечье,Центральный административный округ,кафе,55.73424135874626,37.62739583733847,1906542.6736314353,6411013.458973485,2246.686546169986
673,Ресторан Name,"город Москва, Пятницкая улица, дом 59/19, строение 5",район Замоскворечье,Центральный административный округ,ресторан,55.73339019800341,37.6280691270981,1906615.228772777,6410935.822342385,2349.8825144116345
674,Кафетерий-кондитерская «Ватрушка»,"город Москва, Пятницкий переулок, дом 3",район Замоскворечье,Центральный административный округ,кафе,55.743117662491436,37.630205955668636,1906383.9087132704,6412029.070293996,1328.7365567428708
675,Шантимель,"город Москва, улица Расковой, дом 1",район Беговой,Северный административный округ,кафе,55.78616570158093,37.57002968156435,1901129.9820292552,6415410.522882485,4961.721788784713
676,Lowenbrau Haus,"город Москва, улица Расковой, дом 14",район Беговой,Северный административный округ,ресторан,55.7866065077245,37.5722015589861,1901245.5646571834,6415503.387907883,4908.391203307073
677,СОЛЬ И ПЕРЕЦ,"город Москва, площадь Рогожская Застава, дом 2/1, строение 1",Таганский район,Центральный административный округ,кафе,55.7458393331088,37.6807412134225,1909354.9525111995,6413382.41322797,3920.3590384625572
678,Пироговая лавка,"город Москва, Рождественский бульвар, дом 22/23, строение 1",Мещанский район,Центральный административный округ,кафе,55.7662756071916,37.6303746925417,1905533.9407039762,6414528.581088211,1551.0691704034114
679,Хинкальная,"город Москва, Рождественский бульвар, дом 22/23, строение 1",Мещанский район,Центральный административный округ,кафе,55.766251945062415,37.63042942750988,1905538.145551937,6414527.177221345,1549.8860374493202
681,Ресторан «Боэми»,"город Москва, Рочдельская улица, дом 11/5",Пресненский район,Центральный административный округ,кафе,55.7563033187054,37.5706740842892,1902275.5223677917,6412204.914111357,3272.813798900014
683,КОФЕЙНЯ «ДЕ МАРКО»,"город Москва, Смоленская-Сенная площадь, дом 23/25",район Хамовники,Центральный административный округ,кафе,55.744217711624,37.5828809698971,1903465.5013640262,6411157.186654081,2698.212180195265
684,Менза,"город Москва, Русаковская улица, дом 22",район Сокольники,Восточный административный округ,кафе,55.7870058177818,37.6793679224073,1907738.682575478,6417789.7102657715,5324.629461798304
685,Тапчан,"город Москва, Русаковская улица, дом 27",район Сокольники,Восточный административный округ,ресторан,55.7867102235376,37.6769753919662,1907604.4220148865,6417707.655307473,5193.641590606002
686,Колбасофф,"город Москва, Русаковская улица, дом 27",район Сокольники,Восточный административный округ,ресторан,55.7869756552068,37.6773401723922,1907616.6866295387,6417743.911160128,5231.724304792972
687,Крепери де пари,"город Москва, Русаковская улица, дом 29",район Сокольники,Восточный административный округ,кафе,55.7882605602196,37.6768573747696,1907539.5261890064,6417872.2376266895,5318.140717772865
689,Андерсон,"город Москва, Гагаринский переулок, дом 6",район Хамовники,Центральный административный округ,кафе,55.74507369056909,37.5981456229619,1904361.9543749741,6411568.689704903,1784.9137313831925
692,СТАРЫЙ ГОРОД,"город Москва, Большой Саввинский переулок, дом 1",район Хамовники,Центральный административный округ,ресторан,55.7358966455435,37.5707664333495,1903037.024833237,6410006.943866873,3832.026060587419
693,Штолле,"город Москва, Большая Садовая улица, дом 3, строение 1",Пресненский район,Центральный административный округ,ресторан,55.7673378798609,37.5920459257196,1903165.4819086515,6413841.027437443,2446.575231941059
694,Кафе «Кальянная»,"город Москва, Большая Садовая улица, дом 3, строение 7",Пресненский район,Центральный административный округ,кафе,55.767808177981095,37.59137232024166,1903107.1081345608,6413877.638336498,2514.139475157971
695,Ресторан «Грузин»,"город Москва, Большая Садовая улица, дом 6",Пресненский район,Центральный административный округ,ресторан,55.7662140825318,37.59206871443603,1903208.5426573383,6413720.3692298215,2365.805609135652
696,Шоколадница,"город Москва, Большая Садовая улица, дом 10",Пресненский район,Центральный административный округ,кафе,55.7670962118199,37.5931207512389,1903239.7587577882,6413837.449850015,2375.9055327821843
697,Деликатесы,"город Москва, Садовая-Каретная улица, дом 20, строение 2",Тверской район,Центральный административный округ,кафе,55.7726900264675,37.6107201973142,1904101.5729861264,6414808.488360721,2275.500541792128
698,Кафе «Кукареку»,"город Москва, Садовая-Кудринская улица, дом 9, строение 2",Пресненский район,Центральный административный округ,кафе,55.762366973053,37.5854569769376,1902949.3713028983,6413167.463936343,2513.0203558227877
699,Ресторан «Субботица»,"город Москва, Садовая-Кудринская улица, дом 8-10-12, строение 1",Пресненский район,Центральный административный округ,ресторан,55.7609306086694,37.5865152107307,1903066.938770211,6413034.75294414,2389.0527829716484
700,БИ-БИ-КИНГ,"город Москва, Садовая-Самотёчная улица, дом 4",Тверской район,Центральный административный округ,кафе,55.7729845803386,37.6132459977236,1904244.091520561,6414893.086415367,2264.718683823465
701,ВИНО И СУЛУГУНИ,"город Москва, Садовая-Самотёчная улица, дом 7, строение 1",Тверской район,Центральный административный округ,кафе,55.7738623138031,37.6161294616356,1904386.682693195,6415048.030656807,2328.273504340388
702,Прайм стар,"город Москва, Садовая-Спасская улица, дом 21/1",Красносельский район,Центральный административный округ,кафе,55.769383,37.649908,1906605.2367084394,6415272.7590574315,2565.3950280428003
703,Якитория,"город Москва, Садовая-Спасская улица, дом 21/1",Красносельский район,Центральный административный округ,ресторан,55.76961421499998,37.650059958999975,1906605.8709042978,6415300.862473396,2590.829394801639
704,Де Марко,"город Москва, Садовая-Триумфальная улица, дом 4-10",Тверской район,Центральный административный округ,кафе,55.770381890408466,37.59916044932976,1903484.8814435797,6414317.90075646,2382.0290261721716
705,Прогресс,"город Москва, Садовая-Триумфальная улица, дом 4-10",Тверской район,Центральный административный округ,кафе,55.770381890408466,37.59916044932976,1903484.8814435797,6414317.90075646,2382.0290261721716
706,Шоколадница,"город Москва, Садовая-Черногрязская улица, дом 3Б, строение 1",Басманный район,Центральный административный округ,кафе,55.7672533819569,37.6522561536856,1906827.0897559174,6415092.475444127,2519.188481113078
707,Алтаргана,"город Москва, Садовая-Черногрязская улица, дом 3Б, строение 1",Басманный район,Центральный административный округ,кафе,55.7673439154172,37.6525243745868,1906840.0189550738,6415107.855476489,2539.129845627081
708,Азбука вкуса,"город Москва, Садовая-Черногрязская улица, дом 13/3, строение 1",Басманный район,Центральный административный округ,кафе,55.76521434590242,37.65536121299385,1907091.577098014,6414937.832354504,2551.9169313770903
709,У Джузеппе,"город Москва, Самотёчная улица, дом 13",Тверской район,Центральный административный округ,кафе,55.77754205422613,37.617580653381715,1904338.2097502386,6415475.002721526,2734.1399994723356
710,ИТАЛЬЯНЕЦ,"город Москва, Самотёчная улица, дом 13",Тверской район,Центральный административный округ,ресторан,55.7773119309109,37.6173957342464,1904335.5217672177,6415446.330251542,2709.1054568974437
711,У НИКОЛАЯ,"город Москва, 3-й Самотёчный переулок, дом 23",Тверской район,Центральный административный округ,кафе,55.779757869010155,37.61032143897303,1903814.9922057136,6415561.9304966675,3059.364046186456
717,БРАВА Коста кофе,"город Москва, Селезнёвская улица, дом 13, строение 1",Тверской район,Центральный административный округ,кафе,55.7806349026872,37.6059922090068,1903519.4720685242,6415565.89962716,3230.6462701021064
718,ШВАРЦ КАЙЗЕР,"город Москва, Селезнёвская улица, дом 34, корпус 1",Тверской район,Центральный административный округ,кафе,55.780883629829006,37.61250646626866,1903905.9225001337,6415728.978741869,3156.001343751554
719,ЗамЗам,"город Москва, Селезнёвская улица, дом 34, корпус 1",Тверской район,Центральный административный округ,кафе,55.780883629829006,37.61250646626866,1903905.9225001337,6415728.978741869,3156.001343751554
723,Unlock cafe,"город Москва, Лубянский проезд, дом 19, строение 1",Басманный район,Центральный административный округ,кафе,55.7557056247785,37.6335450636004,1906119.291517602,6413455.776802858,817.098846404052
724,КАФЕ-БАР «ЖАКО»,"город Москва, Большая Серпуховская улица, дом 58",Даниловский район,Южный административный округ,кафе,55.720158376667776,37.62619954719252,1906992.8092861685,6409470.404991986,3831.129022328891
725,Хинкальнaя,"город Москва, улица Серпуховский Вал, дом 3",Даниловский район,Южный административный округ,кафе,55.7110740777362,37.61848786172462,1906860.7505797935,6408329.591448892,4857.656960732865
726,Пивной бар «Бернес»,"город Москва, улица Серпуховский Вал, дом 3",Даниловский район,Южный административный округ,ресторан,55.71107125877407,37.618499248120685,1906861.5481498828,6408329.526138694,4857.95028470944
727,Dominos Pizza,"город Москва, улица Серпуховский Вал, дом 14",Даниловский район,Южный административный округ,кафе,55.71214777066624,37.61500196631529,1906608.764605863,6408372.303272911,4749.385090131856
728,Ресторан «Фрау Шнапсбир»,"город Москва, улица Серпуховский Вал, дом 17",Даниловский район,Южный административный округ,ресторан,55.7112108803103,37.612073341028,1906465.2941930245,6408209.96472882,4875.293618259592
729,Ресторан «PLUM»,"город Москва, улица Серпуховский Вал, дом 17",Даниловский район,Южный административный округ,ресторан,55.71124,37.612173,1906470.2790414747,6408215.191151102,4871.21684858401
730,Ресторан «Грузинская кухня»,"город Москва, улица Серпуховский Вал, дом 30",Даниловский район,Южный административный округ,ресторан,55.71223466102846,37.60834247228194,1906200.2592488204,6408242.190015329,4795.521942115126
731,Гранатовый сад,"город Москва, 1-й Сетуньский проезд, дом 10",район Раменки,Западный административный округ,ресторан,55.732272949344726,37.53907559803661,1901243.346213228,6408954.487784522,5825.955241157001
732,У Кэти кафе,"город Москва, улица Пречистенка, дом 17/9",район Хамовники,Центральный административный округ,кафе,55.7418615850338,37.5952112571232,1904302.64339649,6411161.056018613,2153.019283805286
733,Тануки,"город Москва, улица Симоновский Вал, дом 15",Южнопортовый район,Юго-Восточный административный округ,ресторан,55.72192501299996,37.664463635000004,1909255.0024708745,6410463.369761133,4557.221847955316
734,Дудук,"город Москва, улица Симоновский Вал, дом 26, корпус 2",Даниловский район,Южный административный округ,кафе,55.71813966813799,37.66190363718803,1909240.0429496667,6410001.65382684,4815.752601711907
736,Starbucks,"город Москва, Смоленская-Сенная площадь, дом 27, строение 1",район Хамовники,Центральный административный округ,кафе,55.74482551135386,37.58261612639285,1903426.8709870675,6411217.170297003,2687.1096447154955
737,Азбука вкуса,"город Москва, Смоленская-Сенная площадь, дом 27, строение 1А",район Хамовники,Центральный административный округ,кафе,55.744826893198045,37.58263912028005,1903428.2179766083,6411217.799956413,2685.6798815802695
738,Бен Ганн,"город Москва, Смоленский бульвар, дом 1/2",район Хамовники,Центральный административный округ,кафе,55.7388752465253,37.584255664718,1903747.1004372677,6410610.011596967,2921.0649293000383
739,Кампус,"город Москва, Смоленский бульвар, дом 3-5, строение 1А",район Хамовники,Центральный административный округ,ресторан,55.7394,37.58464,1903751.026033704,6410674.616177865,2866.572434894726
740,BB&Burgers,"город Москва, Смоленский бульвар, дом 15",район Хамовники,Центральный административный округ,ресторан,55.7419585342274,37.5838214508649,1903606.421277809,6410933.310983274,2757.79866111099
742,Чинар,"город Москва, улица Сокольнический Вал, дом 22",район Сокольники,Восточный административный округ,кафе,55.79178002394816,37.66099891616466,1906445.6890949244,6417918.88671116,5037.6846665202775
744,Ресторан «Марри Иванна»,"город Москва, Спиридоньевский переулок, дом 10А",Пресненский район,Центральный административный округ,ресторан,55.7626899490802,37.5957011530177,1903559.9930479384,6413416.4542826945,1945.0741372880675
745,Ресторан «SAL.U.MERIA»,"город Москва, Спиридоньевский переулок, дом 12/9",Пресненский район,Центральный административный округ,ресторан,55.76291517827729,37.596369510996844,1903592.2582081454,6413454.708651324,1922.7428797658638
746,Ресторан «Саксон и Пароль»,"город Москва, Спиридоньевский переулок, дом 12/9",Пресненский район,Центральный административный округ,ресторан,55.76292374571123,37.59626836000267,1903585.7930812428,6413453.516814581,1928.7148444763043
747,Чебуречная СССР,"город Москва, улица Сретенка, дом 21/28, строение 1",Мещанский район,Центральный административный округ,кафе,55.77043301864323,37.63204751177418,1905481.1203148435,6415011.689403158,2032.3486515350721
748,Бенвенуто,"город Москва, Сретенский бульвар, дом 6/1, строение 1",Красносельский район,Центральный административный округ,ресторан,55.76585165243954,37.63345550044894,1905736.887330181,6414547.418218134,1592.9897800839115
752,Кафе «Ирина»,"город Москва, улица Стасовой, дом 10А",Донской район,Южный административный округ,кафе,55.71375977481615,37.5972757796857,1905470.2040041117,6408174.909175749,4804.61788705336
753,Траттория на Столешниковом,"город Москва, Столешников переулок, дом 9, строение 3",Тверской район,Центральный административный округ,кафе,55.7633310895307,37.6147820446703,1904695.7899491822,6413884.75347664,1181.6987276682848
754,АндерСон,"город Москва, Страстной бульвар, дом 4, строение 1",Тверской район,Центральный административный округ,кафе,55.765405095673415,37.6078678917158,1904198.6451614497,6413963.610498657,1596.1763834122944
755,KFC,"город Москва, Страстной бульвар, дом 4, строение 1",Тверской район,Центральный административный округ,ресторан,55.7653981864525,37.60789995050084,1904200.8497073483,6413963.5365447,1594.3956274211607
756,Get and Jerry,"город Москва, Страстной бульвар, дом 4, строение 3",Тверской район,Центральный административный округ,кафе,55.76501718437442,37.60825956163097,1904236.8421537485,6413929.99423381,1545.3799718548953
757,КАФЕ «ТРАТТОРИЯ ВЕНЕЦИЯ»,"город Москва, Страстной бульвар, дом 4, строение 3",Тверской район,Центральный административный округ,кафе,55.7650698940367,37.6083064231681,1904237.7336790743,6413936.65606441,1548.7852577762426
758,Венеция,"город Москва, Страстной бульвар, дом 4, строение 3",Тверской район,Центральный административный округ,ресторан,55.7650975971443,37.6082613617629,1904233.9672671666,6413938.699221835,1553.0091655669871
759,ПОСЛЕДНЯЯ КАПЛЯ,"город Москва, Страстной бульвар, дом 4, строение 3",Тверской район,Центральный административный округ,кафе,55.765008084978,37.6085530791685,1904255.0163672087,6413935.15484708,1534.2996696439525
760,Чайхона АЙВА,"город Москва, Страстной бульвар, дом 4, строение 4",Тверской район,Центральный административный округ,кафе,55.76503702765688,37.6078220697627,1904209.520151108,6413922.97937532,1562.7681027409442
761,Бокончино,"город Москва, Страстной бульвар, дом 7, строение 1",Тверской район,Центральный административный округ,ресторан,55.767261409346,37.6085623008986,1904171.94940529,6414178.222441311,1756.1462002065557
763,ВУДЕН БОР,"город Москва, 2-й Стрелецкий проезд, дом 7",район Марьина Роща,Северо-Восточный административный округ,кафе,55.79738218608658,37.60575814729125,1902883.6599601423,6417366.029263116,5084.801482077505
764,Кофе внутри,"город Москва, Стремянный переулок, дом 35",район Замоскворечье,Центральный административный округ,кафе,55.72665475781378,37.62736488402877,1906822.4998073124,6410195.068004214,3101.9632216557266
769,ФРАТЕЛЛО,"город Москва, Студенческая улица, дом 19, корпус 1",район Дорогомилово,Западный административный округ,ресторан,55.7425419621651,37.5495811915677,1901502.493804628,6410280.894959859,4786.186815883114
770,ХЛЕБ и Co,"город Москва, Студенческая улица, дом 26",район Дорогомилово,Западный административный округ,кафе,55.74253032343998,37.546299713603055,1901303.3512095169,6410211.146503522,4990.282520157588
771,Жан Жак,"город Москва, Никитский бульвар, дом 12",Пресненский район,Центральный административный округ,кафе,55.7554822418696,37.6006289945671,1904126.8611665715,6412742.601635303,1349.448906380974
772,Кафе «Пролив»,"город Москва, Никитский бульвар, дом 12",Пресненский район,Центральный административный округ,кафе,55.7555186638306,37.60058175898243,1904122.6388178195,6412745.539446039,1353.0948115988654
773,Кафе «Винный базар»,"город Москва, Никитский бульвар, дом 12",Пресненский район,Центральный административный округ,кафе,55.75579099768215,37.60085392701268,1904129.0802789214,6412780.587949905,1341.1062553110155
774,Бар Италия,"город Москва, Трубная улица, дом 26, корпус 1",Мещанский район,Центральный административный округ,кафе,55.77072845692952,37.62560485673001,1905078.7234225222,6414908.6138739195,1965.531491285335
775,ДОНЕР КИНГ,"город Москва, улица Сущёвский Вал, дом 3/5",район Марьина Роща,Северо-Восточный административный округ,кафе,55.792874886731084,37.590155578801806,1902103.5357157707,6416554.08428541,4900.234694509897
776,Штолле,"город Москва, улица Сущёвский Вал, дом 3/5А",район Марьина Роща,Северо-Восточный административный округ,кафе,55.792874886731084,37.590155578801806,1902103.5357157707,6416554.08428541,4900.234694509897
777,Coffee Moose,"город Москва, улица Сущёвский Вал, дом 3/5А",район Марьина Роща,Северо-Восточный административный округ,кафе,55.792874886731084,37.590155578801806,1902103.5357157707,6416554.08428541,4900.234694509897
778,Гурмания,"город Москва, улица Сущёвский Вал, дом 3/5А",район Марьина Роща,Северо-Восточный административный округ,ресторан,55.79306618923975,37.59023909746422,1902101.5116972588,6416576.448963678,4917.9529569615925
779,Сырно Вкусно,"город Москва, улица Сущёвский Вал, дом 22",район Марьина Роща,Северо-Восточный административный округ,кафе,55.79237581988602,37.604623100479486,1903000.5650620977,6416802.714685009,4543.448151877522
783,Волконский у Дома,"город Москва, Малый Палашёвский переулок, дом 2/8",Тверской район,Центральный административный округ,кафе,55.76474562435561,37.60165937634996,1903845.8319150093,6413762.646779973,1789.9355783476037
784,Суши Wok,"город Москва, Таганская улица, дом 31/22",Таганский район,Центральный административный округ,кафе,55.739599321380695,37.6697714710486,1908920.308852163,6412479.623229552,3500.8288325706258
785,Кафе Даиси,"город Москва, улица Талалихина, дом 31А/2",Таганский район,Центральный административный округ,кафе,55.73225990473564,37.680053165601464,1909818.6285455022,6411904.542250939,4493.742283585806
786,Бар Варвар,"город Москва, улица Талалихина, дом 35",Таганский район,Центральный административный округ,кафе,55.7296072658655,37.6804981655847,1909944.4292293987,6411628.015324092,4688.105230415091
788,Траттория Венеция,"город Москва, 4-я Тверская-Ямская улица, дом 2/11, строение 1",Тверской район,Центральный административный округ,кафе,55.7715435918733,37.5988882225796,1903425.2438763094,6414437.424222267,2499.374443227501
789,Roaster coffee,"город Москва, 4-я Тверская-Ямская улица, дом 2/11, строение 2",Тверской район,Центральный административный округ,кафе,55.771884,37.598411,1903383.620089183,6414464.136224485,2548.7660226018356
793,Хлеб насущный,"город Москва, улица Спиридоновка, дом 12",Пресненский район,Центральный административный округ,кафе,55.75987578436031,37.59437147485603,1903583.5510027148,6413085.307046752,1874.7894798627574
794,Кафе «Scramble»,"город Москва, улица Спиридоновка, дом 24/1",Пресненский район,Центральный административный округ,кафе,55.76168926139207,37.59233364160276,1903392.442260526,6413238.17271398,2079.0643664481054
795,Ресторан «Китайские новости»,"город Москва, улица Спиридоновка, дом 25/20, строение 1",Пресненский район,Центральный административный округ,ресторан,55.76271033369563,37.58906740414473,1903156.0699577776,6413279.947917525,2318.8288615195834
796,Даблби,"город Москва, улица Трёхгорный Вал, дом 24",Пресненский район,Центральный административный округ,кафе,55.7618576252873,37.56264449823996,1901581.7089412536,6412635.974356348,3888.846630995463
797,Моди,"город Москва, Трубниковский переулок, дом 11",район Арбат,Центральный административный округ,ресторан,55.75324221372384,37.58636252706752,1903342.6810874003,6412202.791756697,2250.924949058246
798,Не горюй,"город Москва, Трубниковский переулок, дом 11",район Арбат,Центральный административный округ,ресторан,55.75324221372384,37.58636252706752,1903342.6810874003,6412202.791756697,2250.924949058246
799,Кафе «Тапчан»,"город Москва, улица Сергия Радонежского, дом 2",Таганский район,Центральный административный округ,кафе,55.74623185871,37.6706024633467,1908724.0317340924,6413211.854547413,3276.9268851933953
800,Гамбринус,"город Москва, улица Сергия Радонежского, дом 8",Таганский район,Центральный административный округ,ресторан,55.7466123028317,37.6753231512125,1908996.8320120205,6413351.950819917,3561.0100764674808
801,Шоколадница,"город Москва, Большая Тульская улица, дом 2",Даниловский район,Южный административный округ,кафе,55.709156520200594,37.620770613040854,1907070.8426815309,6408170.71756062,5072.8922892988685
802,Ресторан «Ньокки»,"город Москва, Большая Тульская улица, дом 2",Даниловский район,Южный административный округ,ресторан,55.709028,37.620761,1907075.0274631474,6408156.662239597,5087.548551784207
807,Штирбирлиц,"город Москва, улица 1905 Года, дом 4",Пресненский район,Центральный административный округ,ресторан,55.76546357531924,37.5613325753728,1901368.4340017692,6412997.309195183,4086.9574129965495
808,Суши Wok,"город Москва, улица 1905 Года, дом 9, строение 1",Пресненский район,Центральный административный округ,кафе,55.76396720389055,37.56020747783916,1901355.4648211354,6412812.508531948,4103.287409990529
809,Маки-Маки,"город Москва, улица 1905 Года, дом 11, строение 1",Пресненский район,Центральный административный округ,кафе,55.764832999,37.5606429999999,1901349.8747253346,6412914.935400976,4105.985624013884
811,ХАЧАПУРИ,"город Москва, Украинский бульвар, дом 7",район Дорогомилово,Западный административный округ,ресторан,55.7476525285384,37.5668379939965,1902362.7200280966,6411192.205811641,3571.9478742599067
828,РИАЛЬТО,"город Москва, Большой Факельный переулок, дом 9/11",Таганский район,Центральный административный округ,кафе,55.7414125787328,37.6651253925381,1908570.3721927388,6412577.525746035,3140.849165484488
829,Амбарчик,"город Москва, Малый Николопесковский переулок, дом 9/1, строение 2",район Арбат,Центральный административный округ,кафе,55.75101849479109,37.59118886660795,1903718.5355710732,6412063.998738739,1963.3348110754355
834,Траттория Пане Олио,"город Москва, улица Тимура Фрунзе, дом 22",район Хамовники,Центральный административный округ,кафе,55.7355803146306,37.5882346368259,1904111.2260744532,6410338.024447596,2963.796720721799
835,Хинкальная,"город Москва, Фрунзенская набережная, дом 2/1",район Хамовники,Центральный административный округ,кафе,55.7346506933461,37.5954952465125,1904587.2978514587,6410389.687462809,2731.4225894429337
836,Белый Журавль,"город Москва, Фрунзенская набережная, дом 14",район Хамовники,Центральный административный округ,ресторан,55.7308169861849,37.5933555072607,1904599.288277359,6409931.654972543,3165.7906654715475
837,ФРЕСКО,"город Москва, 1-я Фрунзенская улица, дом 8",район Хамовники,Центральный административный округ,ресторан,55.7279126110363,37.5849685932217,1904196.7452660382,6409443.131561839,3753.6679784721114
838,Азбука вкуса,"город Москва, 2-я Фрунзенская улица, дом 10",район Хамовники,Центральный административный округ,кафе,55.72378826024096,37.58218576484055,1904180.2704220188,6408940.314407391,4235.668552526662
839,Келья,"город Москва, переулок Сивцев Вражек, дом 3",район Хамовники,Центральный административный округ,ресторан,55.7470883088401,37.598645961103614,1904317.657104181,6411796.31980525,1641.425053871831
844,BB&Burgers,"город Москва, улица Маросейка, дом 4/2, строение 1",Басманный район,Центральный административный округ,кафе,55.75737875781276,37.63404400000001,1906087.4545035227,6413646.558329124,918.9744883982138
845,Брусника,"город Москва, улица Маросейка, дом 6-8, строение 1",Басманный район,Центральный административный округ,кафе,55.7574805678318,37.6347037778919,1906123.7706009687,6413671.35428327,961.9975294934427
846,Натахтари,"город Москва, улица Маросейка, дом 6-8, строение 1",Басманный район,Центральный административный округ,кафе,55.7574745307473,37.6347466932362,1906126.603127444,6413671.602750836,964.1461297690253
847,Кофе Хаус,"город Москва, улица Маросейка, дом 6-8, строение 1",Басманный район,Центральный административный округ,кафе,55.7574926419976,37.6346286760396,1906118.7576050155,6413671.082136135,958.3247506411932
848,Две палочки,"город Москва, улица Маросейка, дом 6-8, строение 1",Басманный район,Центральный административный округ,кафе,55.7574926419982,37.6343497263046,1906101.8041600077,6413665.237826965,942.4066594697257
849,Bardak кафе по-турецки,"город Москва, улица Маросейка, дом 6-8, строение 1",Басманный район,Центральный административный округ,кафе,55.7573658630689,37.6343872772277,1906108.7966901727,6413652.3605183065,937.9365045357283
850,Макдоналдс,"город Москва, улица Маросейка, дом 9/2, строение 1",Басманный район,Центральный административный округ,кафе,55.7577160133928,37.6345428453511,1906105.241964494,6413693.358483056,965.372577624442
851,Пипл&Паста,"город Москва, улица Маросейка, дом 9/2, строение 1",Басманный район,Центральный административный округ,ресторан,55.75776532137679,37.6343365642999,1906090.8731207987,6413694.351025297,956.5000821476085
852,Прайм стар,"город Москва, улица Маросейка, дом 9/2, строение 1",Басманный район,Центральный административный округ,кафе,55.7577578594182,37.63437210533228,1906093.31038816,6413694.291403962,958.0767074817743
853,Jeffreys coffee,"город Москва, улица Маросейка, дом 15",Басманный район,Центральный административный округ,кафе,55.757942694896094,37.63671361266317,1906228.7481428387,6413763.271887142,1101.1051486679428
854,Крошка Картошка,"город Москва, 1-й Хорошёвский проезд, дом 14, корпус 1",Хорошёвский район,Северный административный округ,ресторан,55.775063,37.545203,1900032.8746766334,6413695.552766178,5469.551429006522
855,Краснов П.Е.,"город Москва, Хорошёвское шоссе, дом 22",Хорошёвский район,Северный административный округ,кафе,55.7739669999999,37.544262,1900016.2551140904,6413557.7707294915,5469.75082361526
861,"Пиццерия ""Академия""","город Москва, Камергерский переулок, дом 2",Тверской район,Центральный административный округ,кафе,55.7594717889815,37.6129560691665,1904728.0777490702,6413430.563429092,855.7939368658712
862,Krispy Kreme,"город Москва, Цветной бульвар, дом 21, строение 1",Тверской район,Центральный административный округ,кафе,55.772154188483576,37.620628448911326,1904723.4339532412,6414958.094244169,2109.6264765590026
863,ИМПЕКС ТДК,"город Москва, Цветной бульвар, дом 21, строение 1",Тверской район,Центральный административный округ,кафе,55.7722099044639,37.6208196795187,1904732.9828304534,6414968.102280347,2115.7364704969273
864,"Пироги,вино и гусь","город Москва, Цветной бульвар, дом 23, строение 1",Тверской район,Центральный административный округ,кафе,55.772510096271304,37.620668798761464,1904712.6684496214,6414997.298385761,2150.1333757000143
865,Антонина,"город Москва, Цветной бульвар, дом 25, строение 1",Тверской район,Центральный административный округ,кафе,55.77286550659512,37.62065265882141,1904698.4894371668,6415035.266393299,2190.6621054751345
866,Место есть,"город Москва, Цветной бульвар, дом 25, строение 1",Тверской район,Центральный административный округ,кафе,55.77286550659512,37.62065265882141,1904698.4894371668,6415035.266393299,2190.6621054751345
867,Кулинариум,"город Москва, Новинский бульвар, дом 7",район Арбат,Центральный административный округ,кафе,55.75173064200914,37.58261115175379,1903170.648858756,6411961.428175268,2501.2696637129493
868,Хлеб насущный,"город Москва, Новинский бульвар, дом 7",район Арбат,Центральный административный округ,кафе,55.75170764812194,37.582617397689496,1903171.8808184206,6411959.080051082,2501.101512071641
869,Синяя река,"город Москва, Новинский бульвар, дом 11",район Арбат,Центральный административный округ,ресторан,55.75357159010325,37.582513538280715,1903096.4821717492,6412157.83699196,2497.880439750102
870,Шоколадница,"город Москва, Новинский бульвар, дом 28/35, строение 1",район Арбат,Центральный административный округ,кафе,55.7576496058139,37.5851794706398,1903107.3817120374,6412653.157082194,2370.542092913324
872,Кафе-пекарня Франсуа,"город Москва, улица Чаплыгина, дом 16",Басманный район,Центральный административный округ,кафе,55.762485,37.648256,1906761.3449395313,6414494.72296464,2000.3759874879945
874,РОМБУС,"город Москва, улица Большая Ордынка, дом 13/9, строение 1",район Замоскворечье,Центральный административный округ,кафе,55.74360097631282,37.625183725896854,1906060.6008561642,6411975.951350967,1171.9400813549776
876,Блэк милк,"город Москва, Чистопрудный бульвар, дом 12, корпус 4",Басманный район,Центральный административный округ,кафе,55.7616151392701,37.64288879794732,1906467.5379477362,6414288.477174279,1654.6690308341722
877,Даблби,"город Москва, Чистопрудный бульвар, дом 12, корпус 4",Басманный район,Центральный административный округ,кафе,55.7616151392701,37.64288879794732,1906467.5379477362,6414288.477174279,1654.6690308341722
878,Гамбринус,"город Москва, улица Покровка, дом 19",Басманный район,Центральный административный округ,кафе,55.7598953266298,37.6461836324772,1906731.6896749528,6414172.184516798,1746.8608433585796
879,Кафейня «Булка»,"город Москва, улица Покровка, дом 19",Басманный район,Центральный административный округ,кафе,55.759732335116,37.6465484129008,1906759.916534019,6414162.264749876,1760.911613873692
880,Фри бар,"город Москва, улица Покровка, дом 21-23/25, строение 1",Басманный район,Центральный административный округ,кафе,55.7597021514276,37.6473959909495,1906812.5457879477,6414176.779006195,1809.8177935941326
881,Кофе-Бин,"город Москва, улица Покровка, дом 21-23/25, строение 1",Басманный район,Центральный административный округ,кафе,55.7596659309709,37.6471492277206,1906798.8965976522,6414167.702579694,1793.5791026217157
882,Кафе Кальян,"город Москва, улица Покровка, дом 21-23/25, строение 1",Басманный район,Центральный административный округ,кафе,55.759798843276215,37.64707943388989,1906789.714032691,6414180.563955108,1795.2896996029224
883,Кинза,"город Москва, улица Покровка, дом 25, строение 1",Басманный район,Центральный административный округ,кафе,55.75978430627541,37.647541522584625,1906818.3354155694,6414188.683874188,1822.0421995282584
884,Il Patio,"город Москва, улица Покровка, дом 27, строение 1",Басманный район,Центральный административный округ,ресторан,55.7601399376943,37.648151910797054,1906842.206619389,6414239.807081308,1873.9603967004864
885,Дон Джулио,"город Москва, улица Покровка, дом 27, строение 1",Басманный район,Центральный административный округ,кафе,55.7601399376943,37.648151910797054,1906842.206619389,6414239.807081308,1873.9603967004864
886,ЗОЛОТАЯ ВОБЛА,"город Москва, улица Покровка, дом 2/1, строение 1",Басманный район,Центральный административный округ,ресторан,55.7582834917247,37.6396283136439,1906393.2225914542,6413861.077919661,1287.1567298525956
887,ТАЙ-ТАЙ,"город Москва, улица Покровка, дом 4, строение 1",Басманный район,Центральный административный округ,кафе,55.7586457076185,37.6415058599536,1906493.8653102415,6413939.463205218,1414.224187426593
888,Кальян Бар,"город Москва, улица Покровка, дом 4, строение 1",Басманный район,Центральный административный округ,кафе,55.7586638183253,37.6416024194788,1906499.0603743677,6413943.438748753,1420.7377816582912
893,Буркина Фасо,"город Москва, улица Малая Дмитровка, дом 4",Тверской район,Центральный административный округ,кафе,55.767304633960876,37.606714549287055,1904058.0677334156,6414144.222891186,1819.0588013972517
894,Шоколадница,"город Москва, улица Малая Дмитровка, дом 4",Тверской район,Центральный административный округ,кафе,55.7671729880364,37.6066473107279,1904058.8673918457,6414128.626684528,1808.4948750621327
896,Кофе пью,"город Москва, Чистопрудный бульвар, дом 9, строение 1",Басманный район,Центральный административный округ,кафе,55.7628592386437,37.6436516271642,1906467.6480035628,6414438.546353659,1775.8226807381313
897,АВОКАДО,"город Москва, Чистопрудный бульвар, дом 12, корпус 2",Басманный район,Центральный административный округ,кафе,55.7610513394794,37.6434585081177,1906523.1145735644,6414239.6540343445,1651.6941003227555
898,ПИЛЗНЕР,"город Москва, улица Покровка, дом 15/16, строение 1",Басманный район,Центральный административный округ,ресторан,55.7593701293143,37.6449712740006,1906677.5380007827,6414090.169517101,1651.4583639901584
899,Азбука вкуса,"город Москва, улица Покровка, дом 15/16, строение 1",Басманный район,Центральный административный округ,кафе,55.75950849017652,37.64478435652354,1906661.0356739275,6414101.163395759,1646.7516985462594
900,Пиццерия Тартелино,"город Москва, улица Земляной Вал, дом 3/1, строение 6",Басманный район,Центральный административный округ,кафе,55.7633119548621,37.6576205717147,1907299.6139037414,6414780.191986337,2577.5524195072944
901,Шоколадница,"город Москва, улица Земляной Вал, дом 18-22, строение 2",Басманный район,Центральный административный округ,кафе,55.7595572693991,37.6571485029281,1907410.5828741884,6414365.650852387,2396.7327970109864
902,Джаганнат,"город Москва, улица Земляной Вал, дом 24/30, строение 1",Басманный район,Центральный административный округ,кафе,55.758428378486,37.6572128759447,1907456.4820819902,6414245.3399993405,2367.8808211735663
903,Прайм стар,"город Москва, улица Земляной Вал, дом 25",Басманный район,Центральный административный округ,кафе,55.75953502158483,37.65826408070557,1907479.2018209118,6414386.64998424,2464.95944388578
904,Шоколадница,"город Москва, улица Земляной Вал, дом 27, строение 1",Басманный район,Центральный административный округ,кафе,55.75895685797874,37.658283813440505,1907501.9059647627,6414324.755234057,2449.0980257626634
905,Кальянная Вэйп онлайн,"город Москва, улица Земляной Вал, дом 32",Басманный район,Центральный административный округ,кафе,55.757168696332414,37.65714489746503,1907499.2023132292,6414108.157584515,2334.7762620728354
906,Траттория Примавера,"город Москва, улица Шаболовка, дом 17",район Якиманка,Центральный административный округ,кафе,55.7239343273731,37.6113901947122,1905951.6713480111,6409567.198315062,3448.2115805744897
907,Прайм стар,"город Москва, улица Шаболовка, дом 24",район Якиманка,Центральный административный округ,кафе,55.72087699091661,37.60931805427501,1905939.0298763453,6409194.240922365,3816.03997283866
908,Тануки,"город Москва, улица Шаболовка, дом 25, корпус 2",район Якиманка,Центральный административный округ,ресторан,55.7226248673906,37.6110403899041,1905978.9735543162,6409418.720021123,3599.0779647310405
909,Вурстбар,"город Москва, улица Шаболовка, дом 29, корпус 2",район Якиманка,Центральный административный округ,кафе,55.721710187685076,37.61065838785857,1905989.6679864896,6409312.1224757,3706.100504289922
910,Пита-бар Meat me,"город Москва, улица Шаболовка, дом 29, корпус 2",район Якиманка,Центральный административный округ,кафе,55.721686,37.6107,1905993.0971222965,6409310.386521423,3708.31403927929
911,Кафе Кусочки,"город Москва, улица Шаболовка, дом 63, корпус 1",Даниловский район,Южный административный округ,кафе,55.713659066012106,37.60766055981461,1906105.9243504175,6408381.459347364,4643.840996174843
912,Чайхона,"город Москва, Шарикоподшипниковская улица, дом 32",Южнопортовый район,Юго-Восточный административный округ,кафе,55.7163100921448,37.6763209329692,1910185.2228834946,6410107.204965145,5533.694515290186
916,Кофейня «Цурикат»,"город Москва, Шмитовский проезд, дом 1",Пресненский район,Центральный административный округ,кафе,55.75871503524675,37.55710109211619,1901361.1129145601,6412181.456720834,4171.292183821516
917,Ресторан «Охота мяса»,"город Москва, Шмитовский проезд, дом 5",Пресненский район,Центральный административный округ,ресторан,55.758019193790055,37.55471492358131,1901241.8190186357,6412056.6300520245,4313.416513721551
918,Кафе «Алазани»,"город Москва, Шмитовский проезд, дом 10/7",Пресненский район,Центральный административный округ,кафе,55.75897968604464,37.55272877130047,1901085.5272947291,6412118.719566742,4453.79877078499
919,Ресторан «ХУДЖУРАО»,"город Москва, Шмитовский проезд, дом 14",Пресненский район,Центральный административный округ,ресторан,55.7584478829704,37.5511847428503,1901011.35019721,6412029.162207231,4544.480977480634
920,Кафе «Кальянный дворик»,"город Москва, Шмитовский проезд, дом 24",Пресненский район,Центральный административный округ,кафе,55.7565053558509,37.5401818472156,1900414.3292452267,6411590.159350908,5228.9765370472915
925,I like bar,"город Москва, улица Шухова, дом 21",Даниловский район,Южный административный округ,кафе,55.716315081079,37.608749895220804,1906073.6916086192,6408690.583792972,4333.26442462903
930,Хинкальная,"город Москва, улица Щепкина, дом 25/20",Мещанский район,Центральный административный округ,кафе,55.7776340890574,37.6287612350835,1905013.9426658687,6415718.969292701,2774.7994966435476
931,Халяль,"город Москва, улица Щепкина, дом 27, корпус 1",Мещанский район,Центральный административный округ,кафе,55.7781203965562,37.6288092262802,1904998.7906705686,6415772.386036263,2829.9537593059877
935,Корчма Тарас Бульба,"город Москва, Большой Лёвшинский переулок, дом 19",район Хамовники,Центральный административный округ,ресторан,55.7412023101402,37.5854536442993,1903733.7075883804,6410885.9171907175,2710.5659623224146
936,СПОРТИВНО-ОЗДОРОВИТЕЛЬНЫЙ ЦЕНТР МЭИ,"город Москва, Энергетическая улица, дом 3",район Лефортово,Юго-Восточный административный округ,кафе,55.76068753490706,37.70522544724702,1910289.7736877997,6415496.836317859,5450.558541147591
937,Dominos Pizza,"город Москва, Энергетическая улица, дом 18",район Лефортово,Юго-Восточный административный округ,кафе,55.75722745234707,37.71265860820144,1910870.404673378,6415280.265901931,5883.561290325942
951,Кафе «One Teaspoon»,"город Москва, Яузский бульвар, дом 14/8",Таганский район,Центральный административный округ,кафе,55.75091435901347,37.6436139345007,1906909.3428004007,6413150.391483038,1463.9979200054481
958,We Cidreria,"город Москва, Благовещенский переулок, дом 5",Тверской район,Центральный административный округ,ресторан,55.76798168200002,37.59853115700002,1903535.6852240867,6414046.027871163,2196.04095679473
959,КОФЕЙНЯ,"город Москва, улица Палиха, дом 9",Тверской район,Центральный административный округ,кафе,55.78517917538193,37.60031661072063,1903006.1083904104,6415937.003453176,3839.9999627039047
962,Кафе «КВАРТИРА 44»,"город Москва, Большая Никитская улица, дом 22/2",Пресненский район,Центральный административный округ,кафе,55.7570881554052,37.6030287051542,1904213.14990297,6412965.904872246,1242.2771649412155
963,Рецептор,"город Москва, Большая Никитская улица, дом 22/2",Пресненский район,Центральный административный округ,кафе,55.75710723190316,37.603003468549694,1904210.9082120322,6412967.433139669,1244.5029602071365
964,Сесто Сенсо,"город Москва, Новоспасский переулок, дом 3, корпус 1",Таганский район,Центральный административный округ,кафе,55.73435969988208,37.65567666038391,1908258.1535675507,6411619.144073481,3115.4891305460596
965,Даблби,"город Москва, улица Волхонка, дом 9, строение 1",район Хамовники,Центральный административный округ,кафе,55.74710373022118,37.60761987832187,1904862.6970123474,6411985.756305265,1157.054613940746
966,Кухмистерская,"город Москва, улица Волхонка, дом 9, строение 1",район Хамовники,Центральный административный округ,кафе,55.7470744351245,37.60757477492774,1904861.0417549957,6411981.654623477,1161.4254229137296
967,Триумф,"город Москва, улица Волхонка, дом 9, строение 1",район Хамовники,Центральный административный округ,ресторан,55.74710373022118,37.60761987832187,1904862.6970123474,6411985.756305265,1157.054613940746
968,Коста Кофе,"город Москва, улица Волхонка, дом 9, строение 1",район Хамовники,Центральный административный округ,кафе,55.74710373022118,37.60761987832187,1904862.6970123474,6411985.756305265,1157.054613940746
969,КАФЕ «Топаз-Джони»,"город Москва, проспект Мира, дом 108",Алексеевский район,Северо-Восточный административный округ,кафе,55.80442876231241,37.637610429537816,1904555.4661451783,6418791.928028756,5881.6721689541255
982,Тай Паттара,"город Москва, Беговая улица, дом 26",район Беговой,Северный административный округ,ресторан,55.78096946998964,37.560330461971425,1900733.2995985302,6414647.917128399,5008.132070403934
984,В ТЕМНОТЕ,"город Москва, Октябрьская улица, дом 2",район Марьина Роща,Северо-Восточный административный округ,ресторан,55.784577,37.6142213901733,1903872.9581764953,6416162.927111988,3555.018174307
991,Mandy's Apothecary Irish Pub,"город Москва, улица Кузнецкий Мост, дом 19, строение 1",Мещанский район,Центральный административный округ,ресторан,55.76232286458677,37.62575171912976,1905399.8497877866,6414005.741831785,1027.737528835052
995,АЛИБИ,"город Москва, Ащеулов переулок, дом 9",Красносельский район,Центральный административный округ,ресторан,55.7676859124078,37.63457567861729,1905736.7947659462,6414768.572746342,1811.0704743926442
996,Starbucks,"город Москва, улица Арбат, дом 19",район Арбат,Центральный административный округ,кафе,55.75069331921799,37.59617251529014,1904033.5753932837,6412133.175091018,1654.606696051678
997,Руккола,"город Москва, улица Арбат, дом 19",район Арбат,Центральный административный округ,ресторан,55.75069331921799,37.59617251529014,1904033.5753932837,6412133.175091018,1654.606696051678
1000,Жан Жак,"город Москва, Цветной бульвар, дом 24, корпус 1",Мещанский район,Центральный административный округ,кафе,55.7710242857775,37.622374697354,1904871.4873092405,6414872.869817475,1981.346112391821
1001,Il Patio,"город Москва, проспект Мира, дом 33, корпус 1",Мещанский район,Центральный административный округ,ресторан,55.780432839747,37.6317748056474,1905093.0006864625,6416083.706191323,3125.279106886448
1004,Бахтриони,"город Москва, Луков переулок, дом 8",Красносельский район,Центральный административный округ,ресторан,55.76790319358711,37.634026091548904,1905695.3291124026,6414780.477973678,1816.8917335841595
1005,Суши Wok,"город Москва, Сокольническая площадь, дом 4, корпус 1-2",район Сокольники,Восточный административный округ,кафе,55.78994487959962,37.67672562953548,1907468.8074591716,6418050.9688504245,5456.5332370761735
1007,Jeffreys coffee,"город Москва, Ладожская улица, дом 8",Басманный район,Центральный административный округ,кафе,55.77123697558879,37.68302037197833,1908547.7525274944,6416167.167998272,4441.186574925852
1008,Кафе «Цинандали»,"город Москва, Большая Андроньевская улица, дом 25/33",Таганский район,Центральный административный округ,кафе,55.74003836091446,37.67238359874425,1909062.787181127,6412581.773550341,3629.2938207925986
1011,Ресторан Stories,"город Москва, Котельническая набережная, дом 1/15, корпус В",Таганский район,Центральный административный округ,ресторан,55.7459842660978,37.6425197349621,1907026.056418998,6412596.099809849,1616.8207227297294
1012,Ресторан «Нар Шараб»,"город Москва, Марксистская улица, дом 38",Таганский район,Центральный административный округ,ресторан,55.733726,37.666719,1908953.2166794697,6411782.568620395,3696.9862689681863
1013,Starbucks,"город Москва, Марксистская улица, дом 38",Таганский район,Центральный административный округ,кафе,55.733711614960335,37.6666708890712,1908950.8261677825,6411780.00843362,3695.5547796074857
1022,Кафе «Шашлычный дворик»,"город Москва, Братиславская улица, дом 14",район Марьина Роща,Северо-Восточный административный округ,кафе,55.793793149827444,37.590203280063,1902072.3729383857,6416654.055484939,4994.685115738751
1036,Торро Гриль,"город Москва, 3-й Крутицкий переулок, дом 11",Южнопортовый район,Юго-Восточный административный округ,ресторан,55.7311862455448,37.6665147768072,1909035.27662761,6411504.562699261,3871.8610501365724
1047,Пекарня,"город Москва, Кожевническая улица, дом 8, строение 2",район Замоскворечье,Центральный административный округ,кафе,55.72952982282054,37.644708576188556,1907770.6475621746,6410868.526974208,3133.17970888509
1057,Дижестив,"город Москва, Кутузовский проспект, дом 33",район Дорогомилово,Западный административный округ,кафе,55.74154727948832,37.54079184851167,1901004.7301109743,6409990.219175175,5361.330546255653
1058,ЧУРЧХЕЛЛА,"город Москва, Бережковская набережная, дом 12",район Дорогомилово,Западный административный округ,ресторан,55.737936894841,37.5644403034463,1902576.6889571843,6410094.719689803,4075.375527455699
1061,ЛОЛ,"город Москва, Киевская улица, дом 18",район Дорогомилово,Западный административный округ,кафе,55.73962712408566,37.549104802020395,1901581.377065789,6409956.697533382,4913.760908854342
1070,Гранд Урюк,"город Москва, Долгоруковская улица, дом 40",Тверской район,Центральный административный округ,ресторан,55.778592753268974,37.60204236828366,1903355.326697709,6415263.182391772,3102.4660213594484
1074,Subway,"город Москва, Селезнёвская улица, дом 4",Тверской район,Центральный административный округ,кафе,55.77973774935885,37.6041225412427,1903439.1981217193,6415430.097864907,3173.371827530569
1075,Волконский,"город Москва, Селезнёвская улица, дом 4",Тверской район,Центральный административный округ,кафе,55.77973774935885,37.6041225412427,1903439.1981217193,6415430.097864907,3173.371827530569
1096,Кофе Хаус,"город Москва, Большой Толмачёвский переулок, дом 4, строение 1",район Якиманка,Центральный административный округ,кафе,55.7405846195488,37.6231683435549,1906050.057528341,6411608.615761214,1494.3255265909293
1097,Кафе-мороженое Viani,"город Москва, Большой Толмачёвский переулок, дом 4, строение 1",район Якиманка,Центральный административный округ,кафе,55.74073,37.62298,1906033.2071503578,6411620.340808103,1476.902409237094
1098,Хон Гиль Дон,"город Москва, улица Серафимовича, дом 2",район Якиманка,Центральный административный округ,кафе,55.743125234997564,37.61407192990649,1905402.6318975198,6411691.973765645,1288.6092743543072
1099,Спецбуфет 7,"город Москва, улица Серафимовича, дом 2",район Якиманка,Центральный административный округ,кафе,55.7444670473214,37.612951062781,1905284.680078606,6411813.140430078,1178.7846930091218
1100,КАФЕ-ПИЦЦЕРИЯ,"город Москва, 1-й Зачатьевский переулок, дом 4",район Хамовники,Центральный административный округ,кафе,55.74253134366,37.5994016572,1904532.6203198559,6411320.917827537,1897.9840281276936
1101,Danatos пицца,"город Москва, Краснопрудная улица, дом 13",Красносельский район,Центральный административный округ,кафе,55.781086429281274,37.667034866828956,1907210.157172597,6416893.10666013,4289.011996578876
1102,Корчма Тарас Бульба,"город Москва, Бакунинская улица, дом 23-41",Басманный район,Центральный административный округ,ресторан,55.7755574431377,37.6843246446665,1908466.062622761,6416660.111832012,4755.128585754103
1103,Шиша,"город Москва, Бакунинская улица, дом 23-41",Басманный район,Центральный административный округ,кафе,55.7754548601519,37.6840027795839,1908450.3346788483,6416642.300950276,4731.384381896073
1104,Ресторан «Белый дом»,"город Москва, Глубокий переулок, дом 1/2",Пресненский район,Центральный административный округ,кафе,55.7548778947592,37.5697986067627,1902275.1036966098,6412032.963775134,3318.1202334301242
1105,Кафе «Городское кафе 317»,"город Москва, Глубокий переулок, дом 1/2",Пресненский район,Центральный административный округ,кафе,55.7549040746846,37.5699458017895,1902283.0823171048,6412038.860865705,3308.7926273430194
1106,Кафе «317»,"город Москва, Краснопресненская набережная, дом 2/1",Пресненский район,Центральный административный округ,ресторан,55.75465843818992,37.568611964706555,1902211.0930263565,6411984.518128891,3393.407944536003
1107,Ресторан «I like bar»,"город Москва, Марксистская улица, дом 7",Таганский район,Центральный административный округ,ресторан,55.7363933725569,37.6654150711116,1908774.7003872711,6412042.671983288,3449.0178262418817
1108,АндерСон,"город Москва, Долгоруковская улица, дом 6",Тверской район,Центральный административный округ,ресторан,55.77597876321809,37.6037,1903553.0224516564,6415016.103324517,2786.8614013746896
1109,Правда кофе,"город Москва, Долгоруковская улица, дом 6",Тверской район,Центральный административный округ,кафе,55.776041,37.603631,1903546.5212015628,6415021.368321759,2795.1470236684304
1110,Smart Kitchen,"город Москва, Конный переулок, дом 4",район Якиманка,Центральный административный округ,кафе,55.72150545365095,37.61324558708517,1906154.6735841716,6409344.233189495,3701.9244263668597
1111,Tokyo bay,"город Москва, Старомонетный переулок, дом 18",район Якиманка,Центральный административный округ,кафе,55.7397637410418,37.6185997949659,1905802.7273108778,6411424.452149736,1593.3787265957526
1112,Ресторан «Практика By Darvin»,"город Москва, Большая Грузинская улица, дом 37, строение 2",Пресненский район,Центральный административный округ,кафе,55.76944571861149,37.580845983994664,1902406.7498298234,6413834.144032319,3166.131461505687
1113,Кафе «Шиша»,"город Москва, Большая Грузинская улица, дом 37, строение 2",Пресненский район,Центральный административный округ,кафе,55.76944571861149,37.580845983994664,1902406.7498298234,6413834.144032319,3166.131461505687
1114,Шоколадница,"город Москва, улица Красная Пресня, дом 21",Пресненский район,Центральный административный округ,кафе,55.7614907918524,37.5703243370937,1902062.0911852822,6412756.816772861,3400.5606718241556
1115,Шоколадница,"город Москва, улица Остоженка, дом 27, корпус 1",район Хамовники,Центральный административный округ,кафе,55.7391829580988,37.596273068595,1904466.5433725796,6410894.523658208,2307.5717171868514
1116,ЖЕРАЛЬДИН,"город Москва, улица Остоженка, дом 27, корпус 2",район Хамовники,Центральный административный округ,ресторан,55.7435688323523,37.6014254262427,1904617.1987350727,6411475.0962481955,1722.1338405750344
1117,TheBurger Brothers,"город Москва, 1-й Тверской-Ямской переулок, дом 11",Тверской район,Центральный административный округ,кафе,55.77267746523872,37.59038960793261,1902866.8227889165,6414381.955427472,2944.037438281373
1118,Супкультура,"город Москва, 2-й Щемиловский переулок, дом 4",Тверской район,Центральный административный округ,кафе,55.77658344127963,37.60860120878673,1903828.326537626,6415183.798200465,2739.731071676268
1126,Борго,"город Москва, 2-й Полевой переулок, дом 2",район Сокольники,Восточный административный округ,кафе,55.7920788306354,37.6809879756522,1907648.103088514,6418370.346493343,5819.736779312857
1130,Starbucks,"город Москва, Русаковская улица, дом 31",район Сокольники,Восточный административный округ,кафе,55.78845044275278,37.67768120242478,1907582.4740297273,6417909.983985634,5369.755791269445
1134,Золотая вобла,"город Москва, Сокольническая площадь, дом 9",район Сокольники,Восточный административный округ,ресторан,55.7904713421826,37.6803549753243,1907669.544903683,6418183.850196123,5655.781609460711
1135,Кофе Хаус,"город Москва, Сокольническая площадь, дом 9",район Сокольники,Восточный административный округ,кафе,55.78985305973,37.6806875692431,1907712.7646270078,6418124.206813798,5618.173621344004
1136,Дюплекс,"город Москва, Сокольническая площадь, дом 9",район Сокольники,Восточный административный округ,кафе,55.79037148253573,37.67980471001739,1907639.8569156013,6418161.543216957,5623.663244252272
1137,Му-Му,"город Москва, Сокольническая площадь, дом 9",район Сокольники,Восточный административный округ,кафе,55.790449805464014,37.68053001239207,1907680.9736655515,6418185.202523207,5661.50907162471
1240,Bodrero,"город Москва, улица Сретенка, дом 9",Мещанский район,Центральный административный округ,кафе,55.76783913129079,37.63141307947297,1905538.9463976761,6414718.84173035,1741.3452493210889
1241,Бобры и утки,"город Москва, Чистопрудный бульвар, дом 1А",Басманный район,Центральный административный округ,кафе,55.7651408748693,37.6388665662844,1906092.0868095073,6414584.175452048,1726.3836574968732
1242,Волконский,"город Москва, Чистопрудный бульвар, дом 1А",Басманный район,Центральный административный округ,кафе,55.7651710543478,37.638823650941,1906088.3575867093,6414586.528852048,1727.2011458734653
1243,Якитория,"город Москва, Шмитовский проезд, дом 16, строение 2",Пресненский район,Центральный административный округ,ресторан,55.75807303043941,37.54773743956462,1900815.6583255413,6411916.80883743,4759.840804162785
1244,Кафе «Чашки»,"город Москва, Шмитовский проезд, дом 16, строение 2",Пресненский район,Центральный административный округ,кафе,55.75807303043941,37.54773743956462,1900815.6583255413,6411916.80883743,4759.840804162785
1245,Брусника,"город Москва, Оболенский переулок, дом 9, корпус 1",район Хамовники,Центральный административный округ,кафе,55.73052259495524,37.579175113282574,1903747.5909329555,6409603.353821177,3783.495841608012
1246,La Scarpetta,"город Москва, Оболенский переулок, дом 9, корпус 1",район Хамовники,Центральный административный округ,ресторан,55.73056537685114,37.579167872419056,1903745.5653784114,6409607.814497863,3780.431626566748
1247,Шоколадница,"город Москва, улица Большие Каменщики, дом 2",Таганский район,Центральный административный округ,кафе,55.7388758765065,37.6528301464148,1907917.1493786965,6412046.171990275,2632.7840922044265
1248,Чак Норрис крафт паб,"город Москва, улица Большие Каменщики, дом 2",Таганский район,Центральный административный округ,кафе,55.73876910939566,37.65281414252233,1907920.145750405,6412034.329274571,2639.8031355528874
1249,Ичибан Боши,"город Москва, улица Большая Якиманка, дом 50",район Якиманка,Центральный административный округ,ресторан,55.7321467771358,37.6116099582725,1905660.3213425446,6410457.050435089,2530.767613306081
1250,Коперник,"город Москва, улица Большая Якиманка, дом 22, корпус 3",район Якиманка,Центральный административный округ,кафе,55.738252,37.61344,1905545.0643086142,6411153.458425538,1828.248075378538
1251,Скалка,"город Москва, Нижегородская улица, дом 25",Таганский район,Центральный административный округ,кафе,55.73732403202305,37.693982928796956,1910477.0562670561,6412742.941679127,5027.272540941924
1252,Кому жить хорошо,"город Москва, Пречистенская набережная, дом 17",район Хамовники,Центральный административный округ,кафе,55.7397856904436,37.6058211675635,1905024.8377157357,6411159.288909683,1870.4348331545275
1253,Litro,"город Москва, Большая Грузинская улица, дом 69",Тверской район,Центральный административный округ,ресторан,55.7742981473701,37.5861550846188,1902549.4474606013,6414468.1423908975,3265.0158938336754
1254,AQKitchen,"город Москва, Большая Грузинская улица, дом 69",Тверской район,Центральный административный округ,ресторан,55.77398640332245,37.58633406107736,1902571.8802082837,6414438.279744209,3231.476374634362
1255,Булка,"город Москва, Большая Грузинская улица, дом 69",Тверской район,Центральный административный округ,кафе,55.7740312260233,37.5866413583739,1902588.8887273718,6414449.53349596,3221.4285189530806
1256,Джоведи,"город Москва, Озерковская набережная, дом 26",район Замоскворечье,Центральный административный округ,ресторан,55.7395482484197,37.637359154991614,1906951.4436751942,6411794.250942435,1908.6941832631892
1257,ресторан «Топаз»,"город Москва, Озерковская набережная, дом 26",район Замоскворечье,Центральный административный округ,кафе,55.73947534232062,37.63704658183746,1906935.1459309666,6411779.841485495,1904.9878279660256
1258,Даблби,"город Москва, Большая Татарская улица, дом 7",район Замоскворечье,Центральный административный округ,кафе,55.74127881480049,37.635121175426896,1906751.0712988717,6411933.870183367,1665.003656470579
1259,Viki Cake cafe,"город Москва, Большая Татарская улица, дом 7",район Замоскворечье,Центральный административный округ,кафе,55.74127881480049,37.635121175426896,1906751.0712988717,6411933.870183367,1665.003656470579
1260,Макс Бреннер,"город Москва, Цветной бульвар, дом 2",Мещанский район,Центральный административный округ,кафе,55.7675593223786,37.6232982000924,1905056.2806675264,6414518.752568168,1590.1396947646929
1261,Рыба моя,"город Москва, Цветной бульвар, дом 2",Мещанский район,Центральный административный округ,ресторан,55.768208,37.623393,1905037.9496679998,6414590.651568094,1664.3381165346736
1262,"Стейкхаус ""Бизон""","город Москва, Цветной бульвар, дом 2",Мещанский район,Центральный административный округ,ресторан,55.7682928808633,37.6231922059457,1905022.5970982607,6414595.596024543,1673.030313010037
1263,Кофе Хаус,"город Москва, Цветной бульвар, дом 2",Мещанский район,Центральный административный округ,кафе,55.7674926055042,37.6233041353406,1905059.119067005,6414511.686111572,1582.5873511563198
1264,Кафе ANGELOV,"город Москва, 2-й Неопалимовский переулок, дом 3",район Хамовники,Центральный административный округ,кафе,55.7421041247084,37.6031240189204,1904774.8171322637,6411352.754042138,1763.3616604155418
1265,Jeffreys coffee,"город Москва, Староконюшенный переулок, дом 45",район Арбат,Центральный административный округ,кафе,55.749727189039135,37.59427469048947,1903954.0237527278,6411989.337978199,1798.4485996457263
1266,КУ КА Буфет домашней еды,"город Москва, улица Бурденко, дом 3",район Хамовники,Центральный административный округ,кафе,55.73847671116658,37.581503354909316,1903594.4798636672,6410509.504507514,3092.530595900041
1267,Krispy Creme,"город Москва, Мясницкая улица, дом 13, строение 3",Красносельский район,Центральный административный округ,кафе,55.76259293221386,37.634429037312614,1905917.1234898244,6414216.597447908,1320.4666807090855
1268,Market Place,"город Москва, Мясницкая улица, дом 13, строение 3",Красносельский район,Центральный административный округ,кафе,55.76259293221386,37.634429037312614,1905917.1234898244,6414216.597447908,1320.4666807090855
1308,Джон Донн,"город Москва, Ленинский проспект, дом 4, строение 1А",район Якиманка,Центральный административный округ,кафе,55.7276036771461,37.6090511308736,1905673.2365753686,6409913.758376227,3073.478536544347
1309,МОДУС-ГРУПП,"город Москва, улица Сущёвский Вал, дом 56, строение 1",Мещанский район,Центральный административный округ,кафе,55.791976466917184,37.62168848922085,1904051.6173595623,6417116.660513989,4368.814006691936
1311,Кондитерская-пекарня Волконский,"город Москва, улица Сретенка, дом 27, строение 1",Мещанский район,Центральный административный округ,кафе,55.77131093188946,37.63211179516557,1905452.4071321543,6415107.653595411,2128.1515243059735
1312,Шотландская клетка,"город Москва, улица Сретенка, дом 27, строение 1",Мещанский район,Центральный административный округ,кафе,55.7711702707681,37.6321503149099,1905459.9735767553,6415093.300506499,2113.8014479074554
1313,Французская пекарня,"город Москва, улица Сретенка, дом 27, строение 1",Мещанский район,Центральный административный округ,кафе,55.77131093188946,37.63211179516557,1905452.4071321543,6415107.653595411,2128.1515243059735
1314,Джем клуб Андрея Макаревича,"город Москва, улица Сретенка, дом 11",Мещанский район,Центральный административный округ,ресторан,55.768304,37.631523,1905528.3538770599,6414771.246010018,1793.2284350249454
1315,Гречка ЛАБ,"город Москва, улица Рождественка, дом 5/7, строение 2",Мещанский район,Центральный административный округ,кафе,55.761169577431794,37.62334371745679,1905296.3455356625,6413831.015938247,866.2307144180767
1316,PhoBo,"город Москва, улица Рождественка, дом 5/7, строение 2",Мещанский район,Центральный административный округ,кафе,55.761169577431794,37.62334371745679,1905296.3455356625,6413831.015938247,866.2307144180767
1317,Де Марко,"город Москва, улица Рождественка, дом 5/7, строение 2",Мещанский район,Центральный административный округ,кафе,55.7611177005456,37.6233838819468,1905300.7129282646,6413826.265592284,860.7661971370748
1318,Ткемали,"город Москва, улица Рождественка, дом 5/7, строение 2",Мещанский район,Центральный административный округ,кафе,55.7609101191132,37.6223073161104,1905242.9962853275,6413781.350265563,829.4892857544603
1319,Кадриль,"город Москва, улица Рождественка, дом 5/7, строение 2",Мещанский район,Центральный административный округ,кафе,55.7609758827652,37.621775530441,1905208.2362800387,6413777.303884872,835.1951700493676
1320,Му-му,"город Москва, улица Рождественка, дом 5/7, строение 2",Мещанский район,Центральный административный округ,кафе,55.7612113072251,37.6231380926193,1905282.2996525774,6413831.208046028,869.106971869223
1321,Subway,"город Москва, улица Рождественка, дом 5/7, строение 2",Мещанский район,Центральный административный округ,кафе,55.7611299832612,37.6233955846849,1905300.9679896818,6413827.834484768,862.263905555542
1322,Юность,"город Москва, Трубная улица, дом 20",Мещанский район,Центральный административный округ,кафе,55.7696885427787,37.6254533059084,1905108.1416502446,6414793.360576855,1846.7893081642114
1323,IL Forno Иль Форно,"город Москва, Неглинная улица, дом 8/10",Мещанский район,Центральный административный округ,ресторан,55.7613742925562,37.620713375671,1905128.8926927643,6413798.006834023,881.2053113540632
1324,SimpleWine,"город Москва, Неглинная улица, дом 8/10",Мещанский район,Центральный административный округ,ресторан,55.76132180138698,37.620706053280635,1905130.396795138,6413792.195919094,875.2509766224829
1325,Джимми Ли,"город Москва, проспект Мира, дом 12, строение 1",Мещанский район,Центральный административный округ,кафе,55.7746635622458,37.632603289504516,1905357.6952039073,6415479.277733087,2501.6804636371685
1326,Бургерная Хищник,"город Москва, улица Кузнецкий Мост, дом 18/7",Мещанский район,Центральный административный округ,кафе,55.76188089554334,37.62285647919793,1905240.3198712615,6413897.480529112,942.8254315423471
1327,Moregrill,"город Москва, улица Кузнецкий Мост, дом 18/7",Мещанский район,Центральный административный округ,ресторан,55.761800195843065,37.62305507784388,1905255.3857239818,6413892.940979605,935.0688098931304
1328,Прайм стар,"город Москва, улица Кузнецкий Мост, дом 18/7",Мещанский район,Центральный административный округ,кафе,55.761800195843065,37.62305507784388,1905255.3857239818,6413892.940979605,935.0688098931304
1329,Крошка Картошка,"город Москва, Большая Сухаревская площадь, дом 1/2, строение 1",Мещанский район,Центральный административный округ,кафе,55.77308101901387,37.63272876095631,1905424.1196149562,6415311.347201118,2332.0522518228686
1330,Шоколадница,"город Москва, Большая Сухаревская площадь, дом 1/2, строение 1",Мещанский район,Центральный административный округ,кафе,55.7730169261972,37.6330193506303,1905444.1543423408,6415310.525785389,2331.048574179498
1331,Dagda Irish Pub,"город Москва, Колокольников переулок, дом 22, строение 5",Мещанский район,Центральный административный округ,кафе,55.7679314627248,37.6292995385318,1905407.0995382678,6414684.527794573,1705.7063427165333
1333,Хлеб насущный,"город Москва, улица Рождественка, дом 6/9/20, строение 1",Мещанский район,Центральный административный округ,кафе,55.761183,37.623834,1905325.6424087044,6413842.728843456,872.9156218518802
1334,Караоке Мост Клуб,"город Москва, улица Рождественка, дом 6/9/20, строение 1",Мещанский район,Центральный административный округ,кафе,55.761430248518444,37.62380624834166,1905314.773770698,6413868.796446738,900.3350914000227
1335,Караоке на Лубянке,"город Москва, улица Большая Лубянка, дом 13/16, строение 1",Мещанский район,Центральный административный округ,кафе,55.7641871913117,37.6289531217642,1905525.1425680483,6414273.722478856,1296.0986934092966
1336,I Van Gogh,"город Москва, улица Большая Лубянка, дом 13/16, строение 1",Мещанский район,Центральный административный округ,ресторан,55.7640062332883,37.6291663115844,1905544.819285827,6414258.684051334,1282.304802344587
1339,КАФЕ ВАЖНАЯ ПЕРСОНА,"город Москва, 1-я Фрунзенская улица, дом 3А",район Хамовники,Центральный административный округ,кафе,55.725850524499386,37.58546150938656,1904303.1523071462,6409231.14147214,3921.4522877690724
1340,Восточные вечера,"город Москва, Нижегородская улица, дом 52, строение 3",Нижегородский район,Юго-Восточный административный округ,кафе,55.733777114374604,37.70348708726504,1911187.0643399637,6412560.500627786,5747.006441853227
1341,Шоколадница,"город Москва, улица Пречистенка, дом 40/2, строение 3",район Хамовники,Центральный административный округ,кафе,55.7392324031404,37.5872967067725,1903918.8091393358,6410712.102492875,2738.9917834860244
1342,BISTROT,"город Москва, Большой Саввинский переулок, дом 12, строение 2",район Хамовники,Центральный административный округ,ресторан,55.7329921969342,37.5651371294995,1902802.1634851994,6409576.201075066,4315.308121407743
1347,Ресторан «Sabor de la vida»,"город Москва, улица 1905 Года, дом 10, строение 1",Пресненский район,Центральный административный округ,ресторан,55.768010590516994,37.55861824648139,1901109.155918012,6413215.216049022,4352.583827863298
1348,Ресторан «Маяк»,"город Москва, Большая Никитская улица, дом 19/13, строение 1",Пресненский район,Центральный административный округ,ресторан,55.7570117404335,37.6009440820961,1904089.2751916265,6412914.057910879,1367.6442420488213
1349,Му-Му,"город Москва, Баррикадная улица, дом 21/34, строение 3",Пресненский район,Центральный административный округ,кафе,55.760481695397594,37.579321257123354,1902646.3274894492,6412836.006150627,2812.6880212683573
1350,Ваби-Саби,"город Москва, Баррикадная улица, дом 21/34, строение 3",Пресненский район,Центральный административный округ,кафе,55.7604325901279,37.5793198442288,1902648.061498049,6412830.68325384,2811.233029677389
1351,Кафе «Буфет»,"город Москва, Малый Кисловский переулок, дом 11, строение 1",Пресненский район,Центральный административный округ,кафе,55.7565630063902,37.60197100985006,1904168.342362634,6412887.171800714,1290.3180552862555
1352,То Да Сё,"город Москва, Баррикадная улица, дом 2/1, строение 1",Пресненский район,Центральный административный округ,ресторан,55.75957620054148,37.58303189567057,1902905.4282368422,6412815.945796025,2555.164521751304
1353,Кафе «Сильвер Панда»,"город Москва, Баррикадная улица, дом 2/1, строение 1",Пресненский район,Центральный административный округ,кафе,55.759471,37.583489,1902937.111606238,6412814.159645099,2523.6633385117657
1354,Ресторан «TrueCost»,"город Москва, Тверской бульвар, дом 24, строение 1",Пресненский район,Центральный административный округ,ресторан,55.7582496340908,37.5979280426561,1903860.0340871122,6412984.403423047,1595.3260660014657
1357,Кафе «Мармелад»,"город Москва, улица Шаболовка, дом 56",Донской район,Южный административный округ,кафе,55.71222907837796,37.60582154630235,1906047.0464042984,6408188.79984397,4827.105642313591
1359,Ресторан «Империя»,"город Москва, улица Шаболовка, дом 58",Донской район,Южный административный округ,ресторан,55.711659813848414,37.60536139218948,1906040.1549928107,6408117.798191037,4896.751805116182
1361,КАФЕ КОСТА,"город Москва, Душинская улица, дом 7, строение 1",район Лефортово,Юго-Восточный административный округ,кафе,55.745221,37.706331,1910933.4630696785,6413853.4760188535,5547.3886547293705
1362,YOKO,"город Москва, Соймоновский проезд, дом 5",район Хамовники,Центральный административный округ,ресторан,55.7432957653548,37.6043137749378,1904802.9573165746,6411506.101550935,1611.3766613203636
1363,ЛАДЮРЭ РУС,"город Москва, Никольская улица, дом 5/1, строение 3",Тверской район,Центральный административный округ,ресторан,55.75575501445963,37.61985024954134,1905285.0796516628,6413174.273005982,258.70409781707144
1364,РИВЕР,"город Москва, Малый Власьевский переулок, дом 12, строение 2",район Хамовники,Центральный административный округ,кафе,55.74679994559603,37.59393138512069,1904041.6986160884,6411666.61693596,1929.2719874938687
1365,РАЙСЕН,"город Москва, Ветошный переулок, дом 9",Тверской район,Центральный административный округ,кафе,55.75538401693343,37.62174426045207,1905413.9763853408,6413173.943474838,198.79300900380508
1366,Petite Pierre Cafe,"город Москва, Пречистенская набережная, дом 15, строение 2",район Хамовники,Центральный административный округ,кафе,55.73903326272965,37.60546088497064,1905030.8419665617,6411070.642084938,1955.495725440128
1367,ГЕНАЦВАЛЕ,"город Москва, улица Остоженка, дом 12/1, строение 1",район Хамовники,Центральный административный округ,ресторан,55.7419909536935,37.599414353464,1904553.4347848876,6411262.93255738,1939.0909450058548
1368,Кафе в гостинице «Блюз кафе»,"город Москва, улица Доватора, дом 8",район Хамовники,Центральный административный округ,кафе,55.72362464988971,37.567771195431966,1903309.274837151,6408621.336074748,4857.908862090601
1369,КОЛЬЧУГА,"город Москва, улица Ильинка, дом 4",Тверской район,Центральный административный округ,ресторан,55.75363012502284,37.62674896843961,1905783.3095796038,6413089.714273965,345.97982756904224
1370,ПОРТО МАЛЬТЕЗА,"город Москва, улица Ильинка, дом 4",Тверской район,Центральный административный округ,ресторан,55.75363012502284,37.62674896843961,1905783.3095796038,6413089.714273965,345.97982756904224
1371,Гамбринус,"город Москва, Зубовский бульвар, дом 13, строение 2",район Хамовники,Центральный административный округ,ресторан,55.7354593350477,37.5923093504047,1904363.5430872196,6410410.209572842,2791.652287434765
1372,Beef Роял,"город Москва, Пречистенская набережная, дом 13, строение 1",район Хамовники,Центральный административный округ,ресторан,55.7381410742154,37.604432396548,1905001.3930222092,6410952.944862907,2076.7815738505665
1373,Хинкальная,"город Москва, Богоявленский переулок, дом 6, строение 2",Тверской район,Центральный административный округ,кафе,55.75545653611614,37.62328932806975,1905505.1955612272,6413214.113973968,239.8460053789589
1374,Хороший год,"город Москва, 1-й Неопалимовский переулок, дом 6",район Хамовники,Центральный административный округ,кафе,55.740723526,37.58157809400001,1903515.7642391643,6410753.275766632,2952.6421660546657
1375,Ордынка,"город Москва, улица Большая Ордынка, дом 21/16, строение 9",район Замоскворечье,Центральный административный округ,кафе,55.741364046949684,37.6257149620745,1906175.9665410807,6411745.971306473,1428.596368751672
1376,Пицца Pomodoro,"город Москва, Садовническая улица, дом 54, строение 2",район Замоскворечье,Центральный административный округ,кафе,55.74329774442534,37.63837094130227,1906873.6535363682,6412219.583592002,1609.0545837918953
1377,Пекарня,"город Москва, Новокузнецкая улица, дом 39",район Замоскворечье,Центральный административный округ,кафе,55.73228643614395,37.635562757553956,1907111.9756804877,6410973.896166782,2601.3195018914503
1378,Ресторан Premer lounge,"город Москва, улица Бахрушина, дом 25",район Замоскворечье,Центральный административный округ,ресторан,55.73299394036555,37.637379772106826,1907196.2001094713,6411088.24116746,2570.4912881244436
1379,Пицерия,"город Москва, улица Бахрушина, дом 25",район Замоскворечье,Центральный административный округ,кафе,55.73299394036555,37.637379772106826,1907196.2001094713,6411088.24116746,2570.4912881244436
1380,ресторан « 5 звезд»,"город Москва, улица Бахрушина, дом 25",район Замоскворечье,Центральный административный округ,ресторан,55.73296879080142,37.637412549450836,1907199.1278562883,6411086.217542268,2573.963104841049
1381,кафе «Сквознячок»,"город Москва, улица Бахрушина, дом 25",район Замоскворечье,Центральный административный округ,кафе,55.73296879080142,37.637412549450836,1907199.1278562883,6411086.217542268,2573.963104841049
1382,5звезд Юг 52,"город Москва, улица Бахрушина, дом 25",район Замоскворечье,Центральный административный округ,кафе,55.73296879080142,37.637412549450836,1907199.1278562883,6411086.217542268,2573.963104841049
1383,Кафе КРАНЦЛЕР гостиницы Балчуг,"город Москва, улица Балчуг, дом 1",район Замоскворечье,Центральный административный округ,ресторан,55.748234852595466,37.62587647202258,1905930.6403427455,6412489.921509413,682.3412138279208
1384,Ресторан Балчуг гриль гостиницы Балчуг,"город Москва, улица Балчуг, дом 1",район Замоскворечье,Центральный административный округ,ресторан,55.748234852595466,37.62587647202258,1905930.6403427455,6412489.921509413,682.3412138279208
1385,Paulaner Brauhaus,"город Москва, Шлюзовая набережная, дом 2/1, строение 1",район Замоскворечье,Центральный административный округ,ресторан,55.732266592861485,37.642014035305834,1907505.0682850936,6411107.000934738,2776.256905579585
1386,ВИНО и СЫР кафе-бар,"город Москва, Кожевническая улица, дом 11/13, строение 1",район Замоскворечье,Центральный административный округ,кафе,55.729527667143614,37.64684186723798,1907900.4778435596,6410913.032961736,3201.3966192881167
1387,Французская кондитерская Шантимель «Art Dessert»,"город Москва, Садовническая улица, дом 76/71, строение 1",район Замоскворечье,Центральный административный округ,кафе,55.73861611160774,37.641216158474684,1907220.6089375224,6411774.6343968725,2137.250770330258
1388,Глория,"город Москва, Люсиновская улица, дом 36, строение 2",район Замоскворечье,Центральный административный округ,кафе,55.72291007062589,37.62064586014803,1906552.775742533,6409650.649158036,3505.083847141739
1389,Казан Чай Бар,"город Москва, Малый Татарский переулок, дом 8, строение 1",район Замоскворечье,Центральный административный округ,ресторан,55.737831,37.632224,1906702.9772372937,6411501.539003053,1934.1530488342974
1390,Burger King,"город Москва, Кожевническая улица, дом 10, строение 1",район Замоскворечье,Центральный административный округ,ресторан,55.7292868946132,37.64531691927159,1907816.6759153253,6410855.101137752,3176.3084931524204
1391,Ресторан Золберг,"город Москва, 1-й Люсиновский переулок, дом 3Б",район Замоскворечье,Центральный административный округ,ресторан,55.727491713198425,37.62166173671747,1906444.5050286849,6410165.791595159,2982.515814024675
1392,Ресторан Brasserie LAMBIC,"город Москва, Пятницкая улица, дом 74, строение 3",район Замоскворечье,Центральный административный округ,ресторан,55.731489775335675,37.624425922547,1906464.2126901753,6410654.64904984,2534.314437708808
1393,ресторан «Гроссбир»,"город Москва, Большой Овчинниковский переулок, дом 18, строение 2",район Замоскворечье,Центральный административный округ,ресторан,55.74363613042883,37.63010347810404,1906358.4211852883,6412082.805489664,1272.6355449086632
1394,Кафе Диана,"город Москва, Большая Татарская улица, дом 21, строение 4",район Замоскворечье,Центральный административный округ,кафе,55.73960330109194,37.634397254896406,1906769.2961836352,6411738.107519553,1807.6263871111005
1395,Ресторан караоке Импровизация,"город Москва, Садовническая набережная, дом 69",район Замоскворечье,Центральный административный округ,ресторан,55.73843193941506,37.63984127878655,1907143.8497271575,6411725.9619563725,2102.948020378259
1396,Ресторан при гостинице Катерина,"город Москва, Шлюзовая набережная, дом 6, строение 1",район Замоскворечье,Центральный административный округ,ресторан,55.73112159677161,37.647343642497646,1907871.7557309577,6411095.3518568445,3064.153008089059
1397,Столовая,"город Москва, Стремянный переулок, дом 36",район Замоскворечье,Центральный административный округ,кафе,55.727459820234685,37.627769156362895,1906817.1982051316,6410290.315931524,3014.358377288076
1398,Мечта кафе,"город Москва, Садовническая улица, дом 84, строение 3",район Замоскворечье,Центральный административный округ,кафе,55.73419975108919,37.642186,1907443.6931221012,6411318.966139349,2590.537446633021
1399,Азбука вкуса,"город Москва, Новокузнецкая улица, дом 1, строение 3",район Замоскворечье,Центральный административный округ,кафе,55.74039858005604,37.63040046405581,1906496.7260985984,6411740.0725636445,1618.8419495812668
1400,МосКальян,"город Москва, Пятницкая улица, дом 29",район Замоскворечье,Центральный административный округ,кафе,55.74092500741592,37.62900927860632,1906392.5826374984,6411767.664739922,1531.9773968299644
1401,Прайм стар,"город Москва, Пятницкая улица, дом 29",район Замоскворечье,Центральный административный округ,кафе,55.74092500741592,37.62900927860632,1906392.5826374984,6411767.664739922,1531.9773968299644
1402,Чешская пивная «Козловица»,"город Москва, Пятницкая улица, дом 29",район Замоскворечье,Центральный административный округ,ресторан,55.74092500741592,37.62900927860632,1906392.5826374984,6411767.664739922,1531.9773968299644
1403,Ресторан «Марукамэ»,"город Москва, Пятницкая улица, дом 29",район Замоскворечье,Центральный административный округ,ресторан,55.74092500741592,37.62900927860632,1906392.5826374984,6411767.664739922,1531.9773968299644
1404,O'Donoghue's,"город Москва, Пятницкая улица, дом 29",район Замоскворечье,Центральный административный округ,ресторан,55.74092500741592,37.62900927860632,1906392.5826374984,6411767.664739922,1531.9773968299644
1405,Ресторан Джон Джоли,"город Москва, Пятницкая улица, дом 29",район Замоскворечье,Центральный административный округ,ресторан,55.740928323841956,37.62918106947512,1906402.9052678496,6411771.621485046,1535.199151815142
1406,Простые вещи,"город Москва, Пятницкая улица, дом 29",район Замоскворечье,Центральный административный округ,ресторан,55.74092500741592,37.62900927860632,1906392.5826374984,6411767.664739922,1531.9773968299644
1407,Meatless,"город Москва, Пятницкая улица, дом 26",район Замоскворечье,Центральный административный округ,кафе,55.740939212774116,37.62828497115946,1906348.013270987,6411754.020805484,1516.1307160600459
1408,Villa della Pasta,"город Москва, Пятницкая улица, дом 26",район Замоскворечье,Центральный административный округ,ресторан,55.740999295359,37.6282187531861,1906341.7555351001,6411759.109476592,1508.3345683208797
1409,KFC,"город Москва, Большая Серпуховская улица, дом 8/7, строение 2",район Замоскворечье,Центральный административный округ,ресторан,55.72874474950887,37.624033999999995,1906542.2884730198,6410350.554828962,2844.7853778786466
1410,Грабли,"город Москва, Пятницкая улица, дом 27, строение 1",район Замоскворечье,Центральный административный округ,ресторан,55.74132032539974,37.62888319914308,1906370.2347106845,6411807.632343453,1486.7053028098567
1411,Ресторан Луизиана,"город Москва, Пятницкая улица, дом 30, строение 4",район Замоскворечье,Центральный административный округ,ресторан,55.7397305219851,37.6281404124331,1906384.1107183807,6411620.7135338355,1645.8746656495384
1412,Жига Дрыга Бар,"город Москва, Пятницкая улица, дом 62, строение 3",район Замоскворечье,Центральный административный округ,кафе,55.73285647450624,37.62702622165645,1906571.6194613173,6410856.442198944,2398.6336765901547
1413,Джон Джоли,"город Москва, улица Бахрушина, дом 36/14, строение 3",район Замоскворечье,Центральный административный округ,ресторан,55.73169003219465,37.637343512515464,1907242.435234106,6410946.940843713,2706.469593939713
1414,Ресторан «Гриль и вино»,"город Москва, Садовническая улица, дом 20, строение 1",район Замоскворечье,Центральный административный округ,кафе,55.746733174885115,37.63073608637093,1906281.8494018947,6412429.868037979,992.5707656852592
1417,Третьяков,"город Москва, Кадашёвская набережная, дом 6/1/2, строение 3",район Якиманка,Центральный административный округ,кафе,55.742482137215,37.6179731689972,1905663.715372486,6411704.340655345,1292.0746368502178
1420,VietCafe Вьеткафе,"город Москва, улица Большая Якиманка, дом 31",район Якиманка,Центральный административный округ,кафе,55.7354269049616,37.6139327512797,1905679.8740173616,6410859.256615553,2132.1020821865804
1423,Шашлык -хаус,"город Москва, Ленинский проспект, дом 1/2, корпус 1",район Якиманка,Центральный административный округ,кафе,55.72715354829001,37.60990091615132,1905741.6310237949,6409883.029090232,3109.6805082765964
1424,Ассамблея (закрытое),"город Москва, улица Большая Якиманка, дом 24",район Якиманка,Центральный административный округ,ресторан,55.7375229012313,37.6127954946567,1905532.9269888932,6411061.374253887,1919.6978731249162
1425,Якиманка (закрытое),"город Москва, улица Большая Якиманка, дом 24",район Якиманка,Центральный административный округ,ресторан,55.7374983832748,37.6127257572238,1905529.5958164798,6411057.271350991,1923.6659867430521
1432,Шоколадница,"город Москва, Ленинский проспект, дом 2",район Якиманка,Центральный административный округ,кафе,55.7289200140424,37.6112032113947,1905755.3099429817,6410100.711105539,2894.37792092176
1445,КОФЕЙНЯ АЛЬКОВЪ,"город Москва, Тихвинская улица, дом 2",район Марьина Роща,Северо-Восточный административный округ,кафе,55.78537103062827,37.601928283227934,1903096.874030682,6415991.381443095,3825.4184577131828
1446,ДОНЕР-КЛАБ,"город Москва, улица Сущёвский Вал, дом 59",район Марьина Роща,Северо-Восточный административный округ,кафе,55.79360632449393,37.615227649107226,1903598.7916464815,6417157.133825617,4571.587112917145
1448,Хлеб насущный,"город Москва, улица Сретенка, дом 36",Красносельский район,Центральный административный округ,кафе,55.77159841075325,37.63266066367498,1905475.0708750703,6415150.132483442,2170.717933544818
1449,BB&Burgers,"город Москва, улица Сретенка, дом 36",Красносельский район,Центральный административный округ,ресторан,55.77159841075325,37.63266066367498,1905475.0708750703,6415150.132483442,2170.717933544818
1450,EXLIBRIS,"город Москва, Бобров переулок, дом 6, строение 1",Красносельский район,Центральный административный округ,кафе,55.765162222739846,37.63433905161943,1905816.1904340244,6414491.622319622,1554.5756341107917
1451,Кофейня,"город Москва, Новая Басманная улица, дом 13/2, строение 1",Красносельский район,Центральный административный округ,кафе,55.76992057554648,37.65756133002796,1907050.1949458295,6415491.148936653,2975.211210971253
1452,Сирена,"город Москва, Большая Спасская улица, дом 15, строение 4",Красносельский район,Центральный административный округ,ресторан,55.774860005214826,37.639600174613534,1905775.4287592124,6415647.011369358,2686.641715953849
1460,Кафе «Карамель»,"город Москва, Дружинниковская улица, дом 15",Пресненский район,Центральный административный округ,кафе,55.759764999,37.575396999,1902434.360459824,6412676.75019359,3036.124771223697
1461,Ресторан «СТОЛОВАЯ ПРИ КОНСЕРВАТОРИИ»,"город Москва, Большая Никитская улица, дом 13",Пресненский район,Центральный административный округ,ресторан,55.756480681276,37.6050638196236,1904359.3887522095,6412943.004606102,1096.5714912311262
1462,Кофемания,"город Москва, Большая Никитская улица, дом 13",Пресненский район,Центральный административный округ,кафе,55.7563684843833,37.6049549265605,1904356.9327387202,6412928.632669623,1099.597272261637
1463,СТУДИОРУМ,"город Москва, Моховая улица, дом 11, строение 1",Тверской район,Центральный административный округ,ресторан,55.75545963144711,37.61171439318307,1904801.5246279617,6412972.121190829,653.8696841602098
1464,Кальянная «Шишка»,"город Москва, Большая Садовая улица, дом 14, строение 6",Пресненский район,Центральный административный округ,кафе,55.766879025952576,37.596908706596984,1903477.9981275208,6413893.2451483,2178.268467125268
1465,Кафе «ЦЕНТРАЛЬНЫЙ ДОМ ЛИТЕРАТОРОВ»,"город Москва, Поварская улица, дом 50/53, строение 1",Пресненский район,Центральный административный округ,кафе,55.7575513109958,37.5868622629783,1903213.3143167738,6412677.73915415,2262.255044568684
1466,Кафе «Ботаника»,"город Москва, Большая Грузинская улица, дом 61, строение 1",Пресненский район,Центральный административный округ,кафе,55.77219028225363,37.58439102233502,1902520.416025134,6414204.067191848,3180.158426530838
1467,Ресторан «Ugolёk»,"город Москва, Большая Никитская улица, дом 12, строение 1",Пресненский район,Центральный административный округ,ресторан,55.7565261583532,37.6064673955443,1904443.0151507596,6412977.274626874,1012.3399343418902
1468,Кафе «Северяне»,"город Москва, Большая Никитская улица, дом 12, строение 1",Пресненский район,Центральный административный округ,кафе,55.756538,37.60656,1904448.2045305176,6412980.488717676,1007.148580865397
1469,Вьеткафе,"город Москва, Газетный переулок, дом 3-5, строение 1",Тверской район,Центральный административный округ,ресторан,55.7566836646169,37.6095768438409,1904626.1705963167,6413059.319928722,833.0146518183955
1470,Кафе «Шенк»,"город Москва, Газетный переулок, дом 3-5, строение 1",Тверской район,Центральный административный округ,кафе,55.7566836646169,37.6095768438409,1904626.1705963167,6413059.319928722,833.0146518183955
1471,Да Пино,"город Москва, Большая Бронная улица, дом 23, строение 1",Пресненский район,Центральный административный округ,кафе,55.7632462686286,37.6012679506281,1903877.670590492,6413592.846752112,1692.7107890468928
1472,Кафе «Silver Panda»,"город Москва, Рочдельская улица, дом 15, строение 1",Пресненский район,Центральный административный округ,кафе,55.75689873925286,37.566137523965274,1901977.6891936145,6412174.342499341,3569.653792161802
1473,Кафе «Телескоп»,"город Москва, Садовая-Кудринская улица, дом 5, строение 1",Пресненский район,Центральный административный округ,кафе,55.761017629845455,37.58342964570016,1902876.1736466081,6412979.638129103,2579.1789869705576
1474,Ресторан «ХеппиЭнд»,"город Москва, Спиридоньевский переулок, дом 9, строение 1",Тверской район,Центральный административный округ,ресторан,55.7646501390427,37.5995213639533,1903719.4469130074,6413707.635902234,1882.4304943969692
1475,Ресторан «Домжур»,"город Москва, Никитский бульвар, дом 8-А/3, строение 1",Пресненский район,Центральный административный округ,ресторан,55.7539323890149,37.6016589628294,1904246.9635932238,6412597.089163255,1267.4562144448155
1476,Ресторан «Винный рынок»,"город Москва, Никитский бульвар, дом 8-А/3, строение 1",Пресненский район,Центральный административный округ,кафе,55.7539366385811,37.6015731321405,1904241.5884409773,6412595.751591608,1272.9844860664437
1477,Ресторан «Ля Таверна»,"город Москва, Шмитовский проезд, дом 3, строение 1",Пресненский район,Центральный административный округ,ресторан,55.7586133682156,37.5556521150165,1901276.7949576448,6412140.248455206,4262.005898077402
1478,Бар караоки «22»,"город Москва, Васильевская улица, дом 13, строение 1",Пресненский район,Центральный административный округ,кафе,55.7716344112894,37.5874549598747,1902727.1924946678,6414208.1837290395,2992.0747537539537
1479,Ресторан «Butler»,"город Москва, Трёхпрудный переулок, дом 15",Пресненский район,Центральный административный округ,ресторан,55.7660164722731,37.5955199925194,1903425.6024647525,6413771.231535748,2178.696410978645
1480,Ресторан «Лук Кафе»,"город Москва, Большая Никитская улица, дом 24/1, строение 6",Пресненский район,Центральный административный округ,ресторан,55.757221,37.602074,1904150.19189936,6412960.251229636,1305.302725975808
1481,Кафе «Маргарита Бистро»,"город Москва, Малая Бронная улица, дом 28",Пресненский район,Центральный административный округ,кафе,55.76369260381454,37.59416154508778,1903429.2381616875,6413492.335993993,2090.0087035381457
1482,Кафе «Цитадель»,"город Москва, Большая Грузинская улица, дом 52",Пресненский район,Центральный административный округ,кафе,55.76926574722513,37.58191044620557,1902478.1039332352,6413836.9872216545,3098.271629573431
1483,Хлеб насущный,"город Москва, Большая Садовая улица, дом 2/46, строение 1",Пресненский район,Центральный административный округ,кафе,55.765740441619705,37.591194559805984,1903172.9849887104,6413651.03917661,2379.109370505345
1484,Ресторан «CORREAS»,"город Москва, Большая Грузинская улица, дом 32-34, строение 3",Пресненский район,Центральный административный округ,ресторан,55.7671205991696,37.5791605936121,1902390.5122330936,6413548.293483792,3117.173080120268
1485,Кафе «Хинкальный Дворик»,"город Москва, улица Литвина-Седого, дом 10, строение 3",Пресненский район,Центральный административный округ,кафе,55.76219628765963,37.537638480086486,1900049.199005298,6412150.650236516,5469.323153522641
1486,Ресторан «Наршараб»,"город Москва, улица Литвина-Седого, дом 10, строение 2",Пресненский район,Центральный административный округ,ресторан,55.762029,37.538862,1900129.7607094054,6412158.133745105,5388.559972869783
1487,Кафе «Bistrot canaille»,"город Москва, Большая Бронная улица, дом 11",Пресненский район,Центральный административный округ,кафе,55.7619653343178,37.5991564741627,1903796.8673852778,6413410.612018753,1713.6006934859247
1488,Ресторан «Remi Kiеchen»,"город Москва, Малая Бронная улица, дом 2, строение 1",Пресненский район,Центральный административный округ,ресторан,55.75903650747744,37.59871168161295,1903878.4771244554,6413085.611334309,1580.4414267702075
1489,Старина Миллер,"город Москва, Шмитовский проезд, дом 2, строение 1",Пресненский район,Центральный административный округ,ресторан,55.7591769476991,37.5568767943392,1901330.3771899487,6412226.5704629235,4193.129077186744
1490,Кафе «ВИНОТЕКА-ПРОСТЫЕ ВЕЩИ»,"город Москва, Большая Никитская улица, дом 14/2, строение 7",Пресненский район,Центральный административный округ,кафе,55.7567635307108,37.6054052102807,1904369.6447299528,6412980.635540919,1085.7084896840522
1491,Ресторан «Sun and Moon»,"город Москва, Большая Никитская улица, дом 15, строение 1",Пресненский район,Центральный административный округ,ресторан,55.75667167461674,37.60364867923553,1904266.2855135014,6412933.983432447,1189.9381243604198
1492,Ресторан «Cutfish»,"город Москва, Большой Козихинский переулок, дом 17, строение 2",Пресненский район,Центральный административный округ,ресторан,55.76383719998983,37.595126127601155,1903482.4958251766,6413528.092070633,2047.7091404385703
1493,Антикинотеатр «NewTone»,"город Москва, Хлебный переулок, дом 2/3, строение 3",Пресненский район,Центральный административный округ,кафе,55.754637876348475,37.59766750487465,1903978.1612949683,6412589.638453394,1527.772715549527
1494,Ресторан «Винтаж»,"город Москва, Большая Никитская улица, дом 60, строение 1",Пресненский район,Центральный административный округ,ресторан,55.758787333334396,37.585783368533626,1903101.9128214433,6412788.421963623,2361.1843044163347
1495,Кафе Маритоццо,"город Москва, Малая Бронная улица, дом 24, строение 1",Пресненский район,Центральный административный округ,кафе,55.763241790968344,37.59469698207174,1903478.4981710005,6413454.938899506,2033.2220223110676
1496,Ресторан «Maritozzo»,"город Москва, Малая Бронная улица, дом 24, строение 1",Пресненский район,Центральный административный округ,ресторан,55.763241790968344,37.59469698207174,1903478.4981710005,6413454.938899506,2033.2220223110676
1497,Кафе «Давидов кафе-бар»,"город Москва, Малая Бронная улица, дом 24, строение 1",Пресненский район,Центральный административный округ,кафе,55.763164,37.594700999,1903481.6274189597,6413446.6377703585,2028.2517265365946
1498,Ресторан «КАБАНЧИК»,"город Москва, улица Красина, дом 27, строение 1",Пресненский район,Центральный административный округ,ресторан,55.7695264396869,37.5850158157901,1902657.1388790235,6413929.98374849,2955.234633807986
1499,Ресторан «ВИНОТЕМА»,"город Москва, Садовая-Кудринская улица, дом 18",Пресненский район,Центральный административный округ,ресторан,55.76225172724824,37.58760419697643,1903084.1453932931,6413199.92513702,2381.4300722988282
1500,Кафе «Хлебная Лавка»,"город Москва, Большая Никитская улица, дом 58",Пресненский район,Центральный административный округ,кафе,55.75863234569085,37.58653862929018,1903153.56566243,6412787.503227016,2309.780851810347
1501,Шоколадница,"город Москва, Большая Грузинская улица, дом 2/12, строение 1",Пресненский район,Центральный административный округ,кафе,55.7611986094339,37.5793905574145,1902623.969985298,6412914.734988041,2832.123358958674
1502,Шоколадница,"город Москва, улица Красная Пресня, дом 46, строение 1",Пресненский район,Центральный административный округ,кафе,55.762990074232,37.56443359954034,1901648.51271815,6412795.412184036,3811.288489763862
1538,Кафе Рецептор,"город Москва, Чистопрудный бульвар, дом 23, строение 2",Басманный район,Центральный административный округ,кафе,55.76054531550377,37.64704521942792,1906759.8835906412,6414260.296626827,1828.176823914339
1539,Ткемали,"город Москва, Старая Басманная улица, дом 18, строение 4",Басманный район,Центральный административный округ,кафе,55.7661850712496,37.6628669725485,1907511.4961607307,6415199.856569009,3026.167751973039
1540,Lova Lova Multibar,"город Москва, улица Покровка, дом 1/13, строение 1",Басманный район,Центральный административный округ,кафе,55.7584163046108,37.6390060411542,1906350.4691738544,6413862.352016098,1257.240650440229
1541,Мосдонер,"город Москва, улица Покровка, дом 1/13, строение 1",Басманный район,Центральный административный округ,кафе,55.75841710964094,37.63892058364443,1906345.2457012092,6413860.64800755,1252.3275318827327
1542,Римская пицца,"город Москва, улица Покровка, дом 1/13/6, строение 2",Басманный район,Центральный административный округ,кафе,55.758664901939795,37.639054898899,1906344.199984803,6413890.168811694,1272.5406947588776
1543,ШКОЛА АВАРЕЛИ АНДРИЯКИ С,"город Москва, Гороховский переулок, дом 17",Басманный район,Центральный административный округ,кафе,55.7653219513898,37.6676413045946,1907833.68163602,6415206.997424749,3258.5541778464612
1544,Якитория,"город Москва, Спартаковская улица, дом 25/28, строение 1",Басманный район,Центральный административный округ,ресторан,55.7732583115995,37.6782199369489,1908180.8941216213,6416284.221292211,4283.6587258819
1545,Шалом Бутик свежей еды,"город Москва, улица Фридриха Энгельса, дом 23, строение 4",Басманный район,Центральный административный округ,кафе,55.773046528183066,37.68319586618955,1908491.0202812527,6416365.846082692,4547.811566872353
1546,Вино и Мясо,"город Москва, Большой Златоустинский переулок, дом 1, строение 1",Басманный район,Центральный административный округ,ресторан,55.75987561853901,37.63174466680308,1905854.9511507931,6413867.497464336,973.7613547491792
1547,Месье Круассан,"город Москва, Бауманская улица, дом 42",Басманный район,Центральный административный округ,кафе,55.7708081712102,37.6787563787515,1908304.708655189,6416031.454032908,4175.311736003935
1548,КАФЕ НА БАСМАННОЙ,"город Москва, Старая Басманная улица, дом 34",Басманный район,Центральный административный округ,кафе,55.768985552358,37.6689502225942,1907776.8602855222,6415629.264906684,3522.8724184351295
1549,Экстра Виржен,"город Москва, улица Покровка, дом 17, строение 1",Басманный район,Центральный административный округ,ресторан,55.75950008856389,37.64561279974802,1906711.6928905938,6414117.6227119295,1695.2005201084205
1550,УкуБар,"город Москва, улица Покровка, дом 17, строение 1",Басманный район,Центральный административный округ,кафе,55.75950008856389,37.64561279974802,1906711.6928905938,6414117.6227119295,1695.2005201084205
1551,Розетка и Кофе,"город Москва, улица Покровка, дом 17, строение 1",Басманный район,Центральный административный округ,кафе,55.75949743542306,37.6456679629678,1906715.1438099954,6414118.493058256,1698.343205118585
1552,Оджахури,"город Москва, Садовая-Черногрязская улица, дом 22, строение 1",Басманный район,Центральный административный округ,ресторан,55.765313,37.654902,1907060.0067371526,6414938.835303929,2532.566590005312
1553,ТриО,"город Москва, Старая Басманная улица, дом 38/2, строение 1",Басманный район,Центральный административный округ,кафе,55.7694381974435,37.6701250301417,1907831.3823193414,6415702.692025985,3614.037840524288
1554,Теремок,"город Москва, Никольская улица, дом 8/1, строение 1",Тверской район,Центральный административный округ,ресторан,55.75696843947344,37.62257524626984,1905405.6504856623,6413362.1177813625,385.82836218829914
1555,Хлеб насущный,"город Москва, Никольская улица, дом 8/1, строение 1",Тверской район,Центральный административный округ,кафе,55.75696843947344,37.62257524626984,1905405.6504856623,6413362.1177813625,385.82836218829914
1556,Руккола,"город Москва, Никольская улица, дом 8/1, строение 1",Тверской район,Центральный административный округ,кафе,55.75696843947344,37.62257524626984,1905405.6504856623,6413362.1177813625,385.82836218829914
1557,Крылья,"город Москва, Никольская улица, дом 8/1, строение 1",Тверской район,Центральный административный округ,ресторан,55.75696843947344,37.62257524626984,1905405.6504856623,6413362.1177813625,385.82836218829914
1558,Хинкальная,"город Москва, улица Фридриха Энгельса, дом 3-5, строение 2",Басманный район,Центральный административный округ,кафе,55.7715504716849,37.6802047716169,1908365.0495747565,6416141.845496438,4297.2944229364575
1559,Му-Му,"город Москва, Мясницкая улица, дом 14/2, строение 1",Басманный район,Центральный административный округ,кафе,55.760782712917,37.632075213059,1905841.3397800254,6413972.186970949,1065.0846648762847
1560,IN ROCKI,"город Москва, Мясницкая улица, дом 14/2, строение 1",Басманный район,Центральный административный округ,кафе,55.7607555483314,37.6320752130597,1905842.3489757993,6413969.2592154,1062.723548845631
1561,Шоколадница,"город Москва, Мясницкая улица, дом 14/2, строение 1",Басманный район,Центральный административный округ,кафе,55.7607404558849,37.6320537553858,1905841.6056753222,6413967.183087142,1060.519296312791
1562,СТАРИНА МЮЛЛЕР Старина Миллер,"город Москва, Бакунинская улица, дом 7, строение 5",Басманный район,Центральный административный округ,ресторан,55.7737893574193,37.6802262292916,1908282.9821570872,6416383.55586495,4425.274804550582
1563,Шоколадница,"город Москва, Мясницкая улица, дом 46, строение 1",Басманный район,Центральный административный округ,кафе,55.7682371676198,37.6446172224099,1906326.4017639149,6415038.378925132,2235.5518558130043
1564,ПИВНАЯ,"город Москва, Мясницкая улица, дом 46, строение 1",Басманный район,Центральный административный округ,кафе,55.7680561036383,37.6442202554769,1906309.0147174117,6415010.545981666,2203.1500279988854
1565,Филиал,"город Москва, Кривоколенный переулок, дом 3",Басманный район,Центральный административный округ,кафе,55.760806428780555,37.63319090492481,1905908.260060927,6413998.114768738,1114.7613269416568
1566,Разведка,"город Москва, Новая площадь, дом 10",Тверской район,Центральный административный округ,кафе,55.757965191319386,37.627201936962734,1905649.8338160822,6413566.440969785,618.3185341559466
1567,Натахтари,"город Москва, Большой Черкасский переулок, дом 13, строение 4",Тверской район,Центральный административный округ,ресторан,55.75723292445003,37.62832128602458,1905745.0629429044,6413510.961072824,605.2921354424891
1568,Кафе Кофемания,"город Москва, Малый Черкасский переулок, дом 2",Тверской район,Центральный административный округ,кафе,55.75835465028387,37.62610773746502,1905568.8674815502,6413585.501013717,616.5369976236613
1569,"Ресторан, бар «Мандарин»","город Москва, Малый Черкасский переулок, дом 2",Тверской район,Центральный административный округ,ресторан,55.75835465028387,37.62610773746502,1905568.8674815502,6413585.501013717,616.5369976236613
1570,Сам пришел,"город Москва, Лубянский проезд, дом 7, строение 1",Басманный район,Центральный административный округ,кафе,55.758419983876834,37.62982252154479,1905792.209411083,6413670.347099362,768.5938638568884
1571,Ресторан Casa Agave,"город Москва, Большой Черкасский переулок, дом 15-17, строение 1",Тверской район,Центральный административный округ,ресторан,55.75720244412112,37.626348246033004,1905626.277952455,6413466.351894,515.9808437432453
1572,ГУДБИФ,"город Москва, Большой Черкасский переулок, дом 15-17, строение 1",Тверской район,Центральный административный округ,кафе,55.75720244412112,37.626348246033004,1905626.277952455,6413466.351894,515.9808437432453
1573,Пиццерия Scrocchiarella,"город Москва, улица Покровка, дом 1/13/6, строение 2",Басманный район,Центральный административный округ,кафе,55.75864275817981,37.639614,1906379.0012002098,6413899.498418499,1303.654942724346
1574,Хинкальная №1,"город Москва, Старая Басманная улица, дом 7, строение 1",Басманный район,Центральный административный округ,кафе,55.7645976392591,37.6573094354697,1907232.8872152437,6414912.223973944,2625.8399181722843
1575,Одесса -мама,"город Москва, Кривоколенный переулок, дом 10, строение 5",Басманный район,Центральный административный округ,кафе,55.76165875027251,37.636010419795426,1906047.9322326118,6414149.0444884095,1311.0969770584143
1576,ТЕМА,"город Москва, Потаповский переулок, дом 5, строение 2",Басманный район,Центральный административный округ,кафе,55.7617062976066,37.640400789839,1906312.959783515,6414246.161579065,1529.676820389464
1577,Шоколадница,"город Москва, улица Маросейка, дом 3/13, строение 1",Басманный район,Центральный административный округ,кафе,55.7573658630693,37.6316138731075,1905940.238929177,6413594.258455288,782.9671951741522
1578,МГУ инженерной экологии,"город Москва, Старая Басманная улица, дом 21/4, строение 1",Басманный район,Центральный административный округ,кафе,55.7668527709131,37.66291702643794,1907489.694860364,6415272.86208105,3065.6221384230125
1579,Восток,"город Москва, Большой Харитоньевский переулок, дом 25",Басманный район,Центральный административный округ,кафе,55.7665291067071,37.6522132383424,1906851.4165461282,6415013.520599542,2467.026051639801
1580,Честная кухня,"город Москва, Большой Харитоньевский переулок, дом 25",Басманный район,Центральный административный округ,ресторан,55.7666920698115,37.6516660677021,1906812.1119348083,6415019.611819632,2450.0684235187914
1581,Кофе Хаус,"город Москва, улица Ильинка, дом 13",Тверской район,Центральный административный округ,кафе,55.7558553363473,37.62798140762938,1905775.573232578,6413355.364643595,493.773607390149
1582,Мегаполис,"город Москва, Большая Почтовая улица, дом 26, строение 1",Басманный район,Центральный административный округ,кафе,55.7779047094612,37.7012011037865,1909403.5417408252,6417267.455697695,5828.784270918331
1583,Кальянная «Бонапрт»,"город Москва, Садовая-Кудринская улица, дом 7, строение 17",Пресненский район,Центральный административный округ,кафе,55.7613,37.584905,1902955.3774395986,6413040.913068598,2500.7292962985216
1584,Ресторан «Зоо»,"город Москва, Конюшковская улица, дом 34, строение 1",Пресненский район,Центральный административный округ,ресторан,55.76031957743806,37.578847671485015,1902623.5503529378,6412808.633997061,2836.9527194231327
1585,Ресторан «ИСТ-ВЕСТ»,"город Москва, Тверской бульвар, дом 14, строение 4",Пресненский район,Центральный административный округ,ресторан,55.7597312684106,37.6015010836878,1904022.2422733633,6413218.846259881,1452.9590357379973
1612,Лепешка,"город Москва, Большая Серпуховская улица, дом 23",район Замоскворечье,Центральный административный округ,кафе,55.7259342089831,37.625965794430556,1906764.1458729426,6410088.083974663,3173.8383935816055
1613,Кафе Спотыкач,"город Москва, Пятницкая улица, дом 27, строение 3А",район Замоскворечье,Центральный административный округ,ресторан,55.741085,37.628882,1906378.9014972516,6411782.242796988,1512.0771013492379
1614,Заря,"город Москва, Раушская набережная, дом 4/5, строение 1",район Замоскворечье,Центральный административный округ,ресторан,55.74825839922034,37.62735062339681,1906019.384398924,6412523.33801679,725.4097741075461
1615,Чешская пивная «Пилзнер»,"город Москва, Озерковская набережная, дом 56",район Замоскворечье,Центральный административный округ,ресторан,55.73355928045763,37.6410634370556,1907399.223089848,6411226.3992462335,2617.634242183142
1658,Mushrooms,"город Москва, улица Большая Якиманка, дом 22",район Якиманка,Центральный административный округ,ресторан,55.73827606739123,37.614656671090884,1905618.1602307493,6411181.527263939,1805.3329476716174
1676,Бакинский дворик,"город Москва, Русаковская улица, дом 23",район Сокольники,Восточный административный округ,ресторан,55.7859682117774,37.6760956274097,1907578.6336084937,6417609.239531363,5093.404773804752
1684,Чебуречная «Дружба»,"город Москва, Панкратьевский переулок, дом 2",Красносельский район,Центральный административный округ,кафе,55.7716881200776,37.633204889187944,1905504.8004400074,6415171.199632018,2192.2532584980404
1685,Апрель,"город Москва, Живарев переулок, дом 8, строение 3",Красносельский район,Центральный административный округ,ресторан,55.776553648719045,37.643512175495076,1905950.1002244973,6415911.500802422,2973.4457771343086
1686,Чайхона FOR YOU,"город Москва, Мясницкая улица, дом 13, строение 1",Красносельский район,Центральный административный округ,ресторан,55.76209,37.633095,1905854.7431651757,6414134.446270093,1222.0491781680023
1687,Натахтари,"город Москва, улица Сретенка, дом 24/2, строение 1",Красносельский район,Центральный административный округ,кафе,55.769853639014265,37.632894084794344,1905554.0805848206,6414966.977615047,1989.9241554279263
1688,«2 2» Паб,"город Москва, улица Сретенка, дом 16/2",Красносельский район,Центральный административный округ,кафе,55.76836732741123,37.632303760959445,1905573.4384765413,6414794.424215306,1818.7576137688357
1689,Шоколадница,"город Москва, улица Сретенка, дом 16/2",Красносельский район,Центральный административный округ,кафе,55.76836732741123,37.632303760959445,1905573.4384765413,6414794.424215306,1818.7576137688357
1690,Вареничная,"город Москва, улица Сретенка, дом 34/1, строение 1",Красносельский район,Центральный административный округ,кафе,55.77137388871043,37.63270421940363,1905486.0593268161,6415126.846773974,2147.5622039783575
1691,Вьетнамская кухня,"город Москва, Нижняя Красносельская улица, дом 5, строение 1",Красносельский район,Центральный административный округ,кафе,55.778996,37.667326,1907305.6395229446,6416673.945325554,4131.88304346045
1692,Правда кофе,"город Москва, Нижняя Красносельская улица, дом 5, строение 1",Красносельский район,Центральный административный округ,кафе,55.779195,37.667747,1907323.8015708618,6416704.220614818,4167.0870508480175
1693,Щербет,"город Москва, Мясницкая улица, дом 17, строение 1",Красносельский район,Центральный административный округ,ресторан,55.763496603035655,37.635396880978256,1905942.3583594759,6414334.268220529,1439.6389745421002
1694,Graff Lounge,"город Москва, 1-й Коптельский переулок, дом 2/7, строение 1",Красносельский район,Центральный административный округ,ресторан,55.77252264341648,37.637844956132525,1905755.676538176,6415358.335971524,2397.714636401832
1707,Инжир,"город Москва, Каланчёвская улица, дом 33",Красносельский район,Центральный административный округ,ресторан,55.776088077776976,37.64880292522846,1906288.7789388446,6415972.19905326,3106.577286758929
1710,CIDERELLA,"город Москва, Никольская улица, дом 11-13, строение 1",Тверской район,Центральный административный округ,кафе,55.75679863846026,37.62173497445916,1905360.8844686497,6413326.221334902,359.3564635953158
1711,Камчатка,"город Москва, улица Кузнецкий Мост, дом 7",Тверской район,Центральный административный округ,кафе,55.7616817941999,37.6192928536102,1905031.1471301555,6413801.410320246,924.9216861265774
1712,Chips,"город Москва, улица Кузнецкий Мост, дом 7",Тверской район,Центральный административный округ,кафе,55.7617298989574,37.6196737277817,1905052.5073596316,6413814.568856805,927.1555663166766
1713,Куршевель,"город Москва, улица Кузнецкий Мост, дом 7",Тверской район,Центральный административный округ,ресторан,55.7616896989534,37.619021866681,1905014.385278071,6413796.589224528,928.4827897040294
1714,VOQUE-CAFE,"город Москва, улица Кузнецкий Мост, дом 7",Тверской район,Центральный административный округ,кафе,55.76174967561974,37.618939227308495,1905007.1362590506,6413801.323632534,936.1010862815959
1715,Удон Сан,"город Москва, Селезнёвская улица, дом 28, строение 1",Тверской район,Центральный административный округ,кафе,55.780481,37.608113,1903654.0049731785,6415593.671959325,3174.701076986637
1716,Настоишная,"город Москва, Сущёвская улица, дом 19, строение 4",Тверской район,Центральный административный округ,кафе,55.781919598848,37.6014954312423,1903198.6571297604,6415610.324840487,3466.1062159010294
1717,KFC,"город Москва, Никольская улица, дом 17, строение 1",Тверской район,Центральный административный округ,ресторан,55.75808369827651,37.6233279644331,1905409.984806111,6413498.084885225,520.5614857246962
1718,Сабвэй,"город Москва, Никольская улица, дом 17, строение 1",Тверской район,Центральный административный округ,ресторан,55.75808369827651,37.6233279644331,1905409.984806111,6413498.084885225,520.5614857246962
1719,Гоголь,"город Москва, Столешников переулок, дом 11",Тверской район,Центральный административный округ,кафе,55.7633149153993,37.6160266958833,1904772.0274526118,6413909.061657054,1153.694297648975
1720,BRASSERIE МОСТ,"город Москва, улица Кузнецкий Мост, дом 6/3, строение 3",Тверской район,Центральный административный округ,ресторан,55.76140489885,37.6182967898206,1904980.8950415656,6413750.713567625,905.4689567505299
1721,Ketch up,"город Москва, улица Кузнецкий Мост, дом 6/3, строение 3",Тверской район,Центральный административный округ,кафе,55.7612867031506,37.6175083267804,1904937.3663741283,6413721.468521192,904.8872579561686
1722,Ландринъ,"город Москва, Сущёвская улица, дом 9, строение 4",Тверской район,Центральный административный округ,кафе,55.7803921732482,37.6012591885289,1903240.9837984985,6415440.75320167,3310.766741426336
1723,СУМОИСТ,"город Москва, Цветной бульвар, дом 7, строение 1",Тверской район,Центральный административный округ,кафе,55.76931853367291,37.6206572465441,1904830.4860221415,6414653.070893826,1786.4165413997173
1724,BB&Burgers,"город Москва, Цветной бульвар, дом 7, строение 1",Тверской район,Центральный административный округ,кафе,55.76930068024607,37.62072611765817,1904835.333505769,6414652.588384256,1784.2742796490263
1725,BUBA by SUMOSAN,"город Москва, Цветной бульвар, дом 7, строение 1",Тверской район,Центральный административный округ,ресторан,55.7694081420101,37.6206445834923,1904826.389059907,6414662.463804296,1796.6492442835195
1726,Shop and bar Denis Simachev,"город Москва, Столешников переулок, дом 12, строение 2",Тверской район,Центральный административный округ,кафе,55.7627495598776,37.6144502909081,1904697.216785093,6413815.130388106,1128.291290847191
1727,ЛавкаЛавка,"город Москва, улица Петровка, дом 21, строение 2",Тверской район,Центральный административный округ,ресторан,55.7657454256502,37.6156305702683,1904657.7238492211,6414162.738065845,1426.9738146038371
1728,Paprika Picante,"город Москва, улица Петровка, дом 34, строение 1",Тверской район,Центральный административный округ,кафе,55.7686579562923,37.6132372006542,1904404.1722431807,6414426.56904658,1788.5684605312595
1729,Валенок,"город Москва, Цветной бульвар, дом 5",Тверской район,Центральный административный округ,ресторан,55.7688553947766,37.62045190449853,1904835.2080642695,6414598.855110073,1734.0348743989073
1730,Джон Джоли,"город Москва, Садовая-Самотёчная улица, дом 18, строение 1",Тверской район,Центральный административный округ,ресторан,55.773242683979,37.6188437433814,1904574.5875312332,6415038.054835124,2239.0574466512376
1731,ДУЭТ,"город Москва, Селезнёвская улица, дом 26",Тверской район,Центральный административный округ,кафе,55.7803961575903,37.6076858632382,1903631.208960545,6415575.592787958,3172.881427607965
1732,Крошка Картошка,"город Москва, улица Сущёвский Вал, дом 16, строение 2",район Марьина Роща,Северо-Восточный административный округ,кафе,55.79240511498269,37.60285478211562,1902892.1015220082,6416768.897235861,4574.90508200362
1733,HAGGIS,"город Москва, улица Петровка, дом 15, строение 1",Тверской район,Центральный административный округ,кафе,55.763731405999195,37.61691482558067,1904810.5359213166,6413972.542339408,1184.0242877619407
1734,Вай Мэ,"город Москва, Новослободская улица, дом 26, строение 1",Тверской район,Центральный административный округ,кафе,55.783285496113805,37.597849576664174,1902926.529225427,6415681.315214663,3700.6392772151294
1735,КАФЕ,"город Москва, Большой Каретный переулок, дом 20, строение 2",Тверской район,Центральный административный округ,кафе,55.7719365203879,37.61649446858026,1904480.3598431493,6414848.106335184,2107.6729377408087
1736,ПЕЩЕРА,"город Москва, Большой Каретный переулок, дом 20, строение 2",Тверской район,Центральный административный округ,кафе,55.7719365203879,37.61649446858026,1904480.3598431493,6414848.106335184,2107.6729377408087
1737,Либерто,"город Москва, Селезнёвская улица, дом 15, строение 2",Тверской район,Центральный административный округ,кафе,55.780987157595185,37.60783843079782,1903618.540201805,6415642.483048037,3235.0172679440516
1738,Ламбик,"город Москва, Долгоруковская улица, дом 19, строение 7",Тверской район,Центральный административный округ,кафе,55.775256373400225,37.60314601959559,1903546.1736391496,6414926.654474551,2726.9688233732218
1739,Кофе Хаус,"город Москва, Никольская улица, дом 11-13, строение 5",Тверской район,Центральный административный округ,кафе,55.75706419199997,37.621987746,1905366.3871360875,6413360.136272271,390.890908658051
1740,ВАНИЛЬНОЕ НЕБО,"город Москва, Никольская улица, дом 11-13, строение 3",Тверской район,Центральный административный округ,кафе,55.756804,37.621114,1905322.9427619714,6413313.796778117,359.56078968406507
1741,Вареничная №1,"город Москва, Никольская улица, дом 11-13, строение 2",Тверской район,Центральный административный округ,ресторан,55.756629,37.621426,1905348.4040452864,6413301.467592413,339.26167501173245
1743,ЛОЗА,"город Москва, Институтский переулок, дом 2",район Марьина Роща,Северо-Восточный административный округ,кафе,55.78441672903562,37.6144985328426,1903895.7408208146,6416151.451892834,3534.6345972314216
1744,ОЛЕ-ОЛЕ,"город Москва, улица Образцова, дом 31, строение 3",район Марьина Роща,Северо-Восточный административный округ,ресторан,55.792434520626905,37.60897270377684,1903262.5012158288,6416900.002752623,4492.093825366946
1746,Тамерлан,"город Москва, улица Петровские Линии, дом 2",Тверской район,Центральный административный округ,кафе,55.7638999909895,37.61848156051514,1904899.4847341285,6414023.50899068,1182.7659572910998
1747,КАРЕТНЫЙ РЯД,"город Москва, улица Каретный Ряд, дом 2",Тверской район,Центральный административный округ,ресторан,55.7711394937128,37.611201166307,1904188.348916385,6414651.431255121,2097.7699566140786
1748,Блэк стар бургер,"город Москва, Цветной бульвар, дом 11, строение 2",Тверской район,Центральный административный округ,кафе,55.769895247314,37.6207276452445,1904813.3471407401,6414716.702810037,1852.0341178183269
1749,Прайм стар,"город Москва, Цветной бульвар, дом 11, строение 2",Тверской район,Центральный административный округ,кафе,55.77010170768196,37.62040890150757,1904786.3142807018,6414732.282694697,1876.1250176200756
1750,Грабли,"город Москва, Цветной бульвар, дом 11, строение 2",Тверской район,Центральный административный округ,ресторан,55.7699415339292,37.6208338416253,1904818.0804976502,6414723.914659098,1857.1709496955516
1751,Foood bazar,"город Москва, улица Каретный Ряд, дом 3, строение 7",Тверской район,Центральный административный округ,ресторан,55.770264,37.609065,1904091.0553844857,6414512.372262635,2052.0701131598225
1752,LALTRO BOSCO,"город Москва, улица Петровка, дом 10",Тверской район,Центральный административный округ,ресторан,55.7622284456547,37.6182291969732,1904946.2107238472,6413838.062785045,998.1725702898657
1753,Мясо и паста,"город Москва, Лесная улица, дом 20, строение 2",Тверской район,Центральный административный округ,кафе,55.77899901545872,37.59172015805936,1902713.2141877438,6415091.158530964,3460.983622148365
1754,Черетто,"город Москва, Цветной бульвар, дом 11, строение 3",Тверской район,Центральный административный округ,кафе,55.76970804791116,37.62070870642147,1904819.148101817,6414696.13000571,1830.7268145174478
1755,Хинкальная,"город Москва, Неглинная улица, дом 15, строение 1",Тверской район,Центральный административный округ,кафе,55.7631790982778,37.6197921997444,1905005.8972099465,6413973.246940622,1090.6580532589603
1756,Кофе Хаус,"город Москва, улица Кузнецкий Мост, дом 3, строение 2",Тверской район,Центральный административный округ,кафе,55.7614804149949,37.6175812879557,1904934.6085618597,6413743.874731771,924.8982824167115
1757,DANTE bar and kitchen,"город Москва, улица Кузнецкий Мост, дом 3, строение 2",Тверской район,Центральный административный округ,кафе,55.76145744321196,37.617141392752885,1904908.7278971202,6413732.19031563,930.2339080161255
1758,Багратионофф,"город Москва, Новослободская улица, дом 73, строение 1",Тверской район,Центральный административный округ,кафе,55.79036225181659,37.58978270196752,1902174.0861898272,6416275.468336677,4650.816018611053
1759,Пита и Сувлаки,"город Москва, Садовая-Самотёчная улица, дом 13, строение 1",Тверской район,Центральный административный округ,кафе,55.77419915205284,37.617788814389414,1904474.983377748,6415119.063078785,2353.4732745591186
1760,Корчма Тарас Бульба,"город Москва, Садовая-Самотёчная улица, дом 13, строение 1",Тверской район,Центральный административный округ,кафе,55.7740612144603,37.6174911841514,1904462.023894586,6415097.967006282,2339.78354167571
1761,Биг Байт,"город Москва, Лесная улица, дом 43",Тверской район,Центральный административный округ,кафе,55.780656675740424,37.59065624858613,1902587.1064621957,6415247.595889432,3656.648246952807
1762,Кофе Хаус,"город Москва, Страстной бульвар, дом 10, строение 1",Тверской район,Центральный административный округ,кафе,55.7667062536767,37.6107544168007,1904325.75693178,6414164.253064313,1636.9534286660835
1763,Наска,"город Москва, улица Малая Дмитровка, дом 20",Тверской район,Центральный административный округ,кафе,55.7715207209349,37.6050948532567,1903803.1963688591,6414564.770987666,2289.6924218341373
1764,Бутчер,"город Москва, улица Малая Дмитровка, дом 20",Тверской район,Центральный административный округ,ресторан,55.7713168037438,37.6051860450906,1903816.304127583,6414544.69936373,2266.34423190805
1765,МАРТ,"город Москва, улица Петровка, дом 25, строение 1",Тверской район,Центральный административный округ,кафе,55.76697509176016,37.61426892561319,1904529.3341162633,6414266.776685935,1585.7430353129107
1773,Батони,"город Москва, Новослободская улица, дом 18",Тверской район,Центральный административный округ,кафе,55.78230770317005,37.59938723759704,1903056.2040291028,6415608.073954201,3558.833156837018
1774,ТЕАТР КОРША,"город Москва, Петровский переулок, дом 3, строение 1",Тверской район,Центральный административный округ,ресторан,55.7659897544575,37.6123565533779,1904449.7062337107,6414120.552272659,1520.9587717115187
1775,КАБИНЕТ,"город Москва, улица Большая Дмитровка, дом 2",Тверской район,Центральный административный округ,кафе,55.75879595604209,37.61770540627454,1905041.815775693,6413457.132722692,631.7767185515803
1776,Шоколадница,"город Москва, Цветной бульвар, дом 13",Тверской район,Центральный административный округ,кафе,55.7707694278433,37.6207193643913,1904780.3812110042,6414810.748491462,1951.6768183064958
1777,ИНТЕРНЕТ КАФЕ,"город Москва, Сущёвская улица, дом 21",Тверской район,Центральный административный округ,кафе,55.7823630980499,37.6014156314321,1903177.353422264,6415656.457999119,3515.019561554404
1778,Оранжерея,"город Москва, Сущёвская улица, дом 21",Тверской район,Центральный административный округ,кафе,55.78224612819326,37.6004818792849,1903124.9775259763,6415624.325471565,3525.014633050402
1779,Пивной дом GиM,"город Москва, Сущёвская улица, дом 21",Тверской район,Центральный административный округ,ресторан,55.7823025276554,37.6014200116302,1903179.8670233395,6415650.021112573,3508.48910648769
1780,MEAT PUPPETS,"город Москва, Сущёвская улица, дом 21",Тверской район,Центральный административный округ,ресторан,55.7821125404577,37.5995945017142,1903076.034480019,6415591.372214754,3533.1303200718344
1781,Молодежь,"город Москва, Сущёвская улица, дом 21",Тверской район,Центральный административный округ,кафе,55.78221943096365,37.600592924283426,1903132.7130210362,6415623.769897028,3519.4880748122964
1782,Большой,"город Москва, улица Петровка, дом 3, строение 2",Тверской район,Центральный административный округ,ресторан,55.7612837454198,37.6184752127079,1904996.2364261912,6413741.390455698,889.5271177619092
1783,СЛУЖЕБНОЕ КАФЕ,"город Москва, Театральная площадь, дом 1",Тверской район,Центральный административный округ,кафе,55.76023611404942,37.61852970396647,1905038.4444667874,6413629.614336172,772.3054599554756
1784,Бали,"город Москва, улица Большая Дмитровка, дом 32, строение 4",Тверской район,Центральный административный округ,кафе,55.7656311690507,37.6115552164226,1904414.3222891514,6414065.133272811,1504.1059972728606
1785,УЗБЕКИСТАН,"город Москва, Неглинная улица, дом 29, строение 1",Тверской район,Центральный административный округ,ресторан,55.7664389952584,37.6207535886674,1904943.269321714,6414344.729774952,1458.1050827610331
1787,Поколение,"город Москва, улица Малая Дмитровка, дом 2, строение 1",Тверской район,Центральный административный округ,кафе,55.766722490643545,37.606997606249465,1904096.8711915682,6414087.398255176,1752.969268664607
1788,Да Пино,"город Москва, Делегатская улица, дом 7, строение 1",Тверской район,Центральный административный округ,ресторан,55.7757275461562,37.6121327557448,1904074.6339118571,6415165.433597436,2585.4732458858057
1789,Мягкие рестораны,"город Москва, Долгоруковская улица, дом 31, строение 32",Тверской район,Центральный административный округ,ресторан,55.777412713610616,37.601877818278375,1903389.1170448717,6415132.551481635,2984.1150246552706
1790,Simple Place,"город Москва, Театральный проезд, дом 2",Тверской район,Центральный административный округ,ресторан,55.75843700819717,37.62163459729772,1905293.9473029799,6413500.707537353,545.6232150880397
1791,МЕТРОПОЛЬ,"город Москва, Театральный проезд, дом 2",Тверской район,Центральный административный округ,ресторан,55.75843700819717,37.62163459729772,1905293.9473029799,6413500.707537353,545.6232150880397
1808,Клуб Караоке,"город Москва, улица Правды, дом 21, строение 2",район Беговой,Северный административный округ,кафе,55.787924769441,37.5797849870182,1901657.2933026387,6415803.861639982,4733.101532290021
1809,Порто Мальтезе,"город Москва, улица Правды, дом 21, строение 1",район Беговой,Северный административный округ,ресторан,55.7875117364621,37.5806161412785,1901723.0852239558,6415776.702758271,4664.133389142409
1810,Лангот,"город Москва, улица Правды, дом 24, строение 8",район Беговой,Северный административный округ,кафе,55.786380219071866,37.58382159198417,1901959.721715567,6415721.702266369,4442.869143046419
1811,Центр ремесел,"город Москва, улица Верхняя Масловка, дом 18",Савёловский район,Северный административный округ,кафе,55.7946090579822,37.5628420339666,1900380.6340714712,6416170.621473733,5994.664167546449
1819,Офицерское собрание ресторан,"город Москва, Черниговский переулок, дом 9/13, строение 2",район Замоскворечье,Центральный административный округ,ресторан,55.74350137298412,37.62597668336272,1906112.5125376382,6411981.825905887,1194.6635266943483
1820,Лаундж-кафе Свои,"город Москва, Овчинниковская набережная, дом 6, строение 1",район Замоскворечье,Центральный административный округ,кафе,55.74560332380748,37.628370369129954,1906179.9871707812,6412258.5270418525,1022.2050428388478
1821,Ресторан «Боярский»,"город Москва, Даниловская набережная, дом 6А",Даниловский район,Южный административный округ,ресторан,55.708749041987964,37.63826851901144,1908150.8918783544,6408493.5999132,5233.475737704548
1822,ДАБЛБИ,"город Москва, Пятницкая улица, дом 73",район Замоскворечье,Центральный административный округ,кафе,55.730567587801836,37.62603052001208,1906596.0489347333,6410588.866250807,2648.836995882221
1823,Пломбир Джелатерия,"город Москва, Пятницкая улица, дом 73",район Замоскворечье,Центральный административный округ,кафе,55.730567587801836,37.62603052001208,1906596.0489347333,6410588.866250807,2648.836995882221
1825,Замок,"город Москва, улица Верхняя Масловка, дом 10, строение 4",Савёловский район,Северный административный округ,кафе,55.7932808466178,37.5657539472807,1900606.6726246607,6416088.224481327,5759.673614487485
1826,Ресторан на Болотном,"город Москва, Берсеневская набережная, дом 12, строение 1",район Якиманка,Центральный административный округ,ресторан,55.7423064249904,37.6092442499221,1905139.4678372089,6411502.6509459745,1510.2577491769225
1827,Шоколадница,"город Москва, улица Большая Полянка, дом 26, строение 1",район Якиманка,Центральный административный округ,кафе,55.737376707923296,37.618703097774535,1905897.6168709898,6411169.320557817,1863.42752730091
1828,Пескаторе,"город Москва, Берсеневская набережная, дом 16, строение 9",район Якиманка,Центральный административный округ,ресторан,55.74309428168787,37.610284350275165,1905173.477447817,6411609.346193476,1398.8517910016278
1829,Space Owl,"город Москва, улица Большая Полянка, дом 54, строение 1",район Якиманка,Центральный административный округ,кафе,55.73109335187651,37.62119351263456,1906282.3250474336,6410544.20392936,2571.8807022008464
1830,Сомбреро,"город Москва, улица Большая Полянка, дом 51А/9",район Якиманка,Центральный административный округ,ресторан,55.7321594629532,37.6205765119276,1906205.2214457595,6410646.1954481155,2450.8432324255186
1831,Кофемания,"город Москва, улица Большая Полянка, дом 2, строение 2",район Якиманка,Центральный административный округ,ресторан,55.741772887072,37.6156415317334,1905548.2649997075,6411579.068899572,1403.5139776971419
1834,Мимино Хинкальная,"город Москва, улица Шаболовка, дом 2",район Якиманка,Центральный административный округ,кафе,55.726910025362,37.6114243000098,1905843.3377576435,6409888.676098307,3115.0843092736063
1835,Кафе «Между делом»,"город Москва, улица Шухова, дом 14, строение 9",Донской район,Южный административный округ,кафе,55.71755481640606,37.6124242189029,1906251.2807687598,6408901.170516119,4155.274539749585
1836,СОК,"город Москва, Лаврушинский переулок, дом 15, строение 1",район Якиманка,Центральный административный округ,кафе,55.7415014091048,37.6215339475661,1905916.637592146,6411673.201056639,1385.3560849429375
1837,Студент (закрытое),"город Москва, Ленинский проспект, дом 6, строение 1",район Якиманка,Центральный административный округ,кафе,55.72716825111212,37.60686528085051,1905556.4193529559,6409821.059117215,3160.061589853425
1838,Студенческое кафе (закрытое),"город Москва, Ленинский проспект, дом 6, строение 1",район Якиманка,Центральный административный округ,кафе,55.72716825111212,37.60686528085051,1905556.4193529559,6409821.059117215,3160.061589853425
1839,МИО,"город Москва, Калужская площадь, дом 1, корпус 2",район Якиманка,Центральный административный округ,ресторан,55.72788874926095,37.613871,1905955.857687568,6410045.410783863,2976.47592901676
1842,Пит Брэд,"город Москва, улица Малая Якиманка, дом 24",район Якиманка,Центральный административный округ,кафе,55.73761808846515,37.61707506423211,1905789.650999918,6411161.244611934,1848.73551393934
1843,ГАРАЖ,"город Москва, улица Малая Якиманка, дом 24",район Якиманка,Центральный административный округ,ресторан,55.7371242477845,37.6169421897946,1905799.9003706507,6411105.231244987,1905.6788596495285
1844,Квартира 44,"город Москва, улица Малая Якиманка, дом 24",район Якиманка,Центральный административный округ,кафе,55.7374383387177,37.6172651805728,1905807.8844815912,6411145.850765346,1867.2341290775294
1846,Чайхона №1,"город Москва, улица Большая Полянка, дом 56, строение 1",район Якиманка,Центральный административный округ,ресторан,55.73066337724059,37.62201946853951,1906348.5247506676,6410515.15906741,2621.212109571621
1874,Времена года,"город Москва, улица Розанова, дом 4",Хорошёвский район,Северный административный округ,кафе,55.77294571907,37.5427158278192,1899960.0919875395,6413415.4211213095,5512.5233034279145
1875,Принцесса,"город Москва, Попов проезд, дом 2",район Сокольники,Восточный административный округ,ресторан,55.7831991162882,37.697252892118,1908966.4521314765,6417754.995691827,5927.32144915422
1876,АндерСон,"город Москва, Верхняя Красносельская улица, дом 7, строение 2",Красносельский район,Центральный административный округ,кафе,55.784926,37.661257,1906716.4014003673,6417185.698116136,4391.1629464852695
1878,Кафе,"город Москва, улица Сокольнический Вал, дом 1Б",район Сокольники,Восточный административный округ,кафе,55.7924377167469,37.6719972120348,1907088.923075812,6418220.394663648,5489.579783719856
1879,Мята,"город Москва, проспект Академика Сахарова, дом 12",Красносельский район,Центральный административный округ,кафе,55.76919433351776,37.643228289426155,1906206.4352630947,6415112.427919047,2261.3025226597106
1880,Киноплов,"город Москва, Орликов переулок, дом 3, строение 1",Красносельский район,Центральный административный округ,ресторан,55.77112857499998,37.64779531099998,1906411.9818405465,6415416.5968956435,2618.1215966091427
1881,Урюк,"город Москва, Мясницкая улица, дом 47",Красносельский район,Центральный административный округ,ресторан,55.768719,37.644576,1906305.9850350865,6415089.443144181,2274.9545530738637
1882,То Да Сё,"город Москва, Мясницкая улица, дом 47",Красносельский район,Центральный административный округ,кафе,55.768719,37.644576,1906305.9850350865,6415089.443144181,2274.9545530738637
1883,Каприз,"город Москва, Орликов переулок, дом 3Б",Красносельский район,Центральный административный округ,ресторан,55.77137084865323,37.646883875301135,1906347.6041503046,6415423.604245089,2601.87206606557
1884,Колесо времени,"город Москва, Орликов переулок, дом 5, строение 2",Красносельский район,Центральный административный округ,ресторан,55.772629,37.649831,1906479.855883256,6415620.965577042,2833.1829450850228
1885,Золотой дракон,"город Москва, Каланчёвская улица, дом 15А",Красносельский район,Центральный административный округ,ресторан,55.77228022799999,37.65154282399999,1906596.8143973376,6415619.261354601,2875.9786645965887
1887,Вино кафе,"город Москва, Мясницкая улица, дом 13, строение 20",Красносельский район,Центральный административный округ,кафе,55.763619697715455,37.63415029170405,1905862.034857106,6414321.4197590705,1402.186879259482
1888,Порто Мальтезе,"город Москва, Большая Спасская улица, дом 8, строение 1А",Красносельский район,Центральный административный округ,ресторан,55.77569624099998,37.643125551000026,1905958.4905130353,6415810.996357483,2875.8470195265054
1889,Порто Помодоро,"город Москва, Большая Спасская улица, дом 8, строение 1А",Красносельский район,Центральный административный округ,кафе,55.77569624099998,37.643125551000026,1905958.4905130353,6415810.996357483,2875.8470195265054
1890,Хинкальная на Спасской,"город Москва, Большая Спасская улица, дом 11, строение 1",Красносельский район,Центральный административный округ,кафе,55.77381693395187,37.63948465243985,1905807.1808309113,6415532.176856837,2576.8044625005655
1891,Кофе-Бин,"город Москва, улица Сретенка, дом 22/1, строение 1",Красносельский район,Центральный административный округ,кафе,55.76950198730662,37.632464718169864,1905541.0599317125,6414920.084845048,1942.4724792875836
1892,Ресторан «Русский паб»,"город Москва, Тверской бульвар, дом 10, строение 1",Пресненский район,Центральный административный округ,ресторан,55.75907425946051,37.600561141867225,1903989.486898941,6413128.365797269,1473.404949043764
1895,Шато Бобров,"город Москва, Бобров переулок, дом 4, строение 1",Красносельский район,Центральный административный округ,ресторан,55.765335782369206,37.63409960565943,1905795.192179711,6414505.312007606,1563.1956568038338
1896,Волга,"город Москва, Большая Спасская улица, дом 4, строение 1",Красносельский район,Центральный административный округ,ресторан,55.77441787035009,37.64089927396668,1905870.7774665419,6415626.578782294,2679.474224201766
1902,La Scala,"город Москва, Уланский переулок, дом 22, строение 1",Красносельский район,Центральный административный округ,ресторан,55.76915542078557,37.64119156164823,1906084.1412426585,6415065.555411219,2178.757708592619
1905,Торт и Кофе,"город Москва, Садовая-Черногрязская улица, дом 8, строение 6",Басманный район,Центральный административный округ,кафе,55.76631727865538,37.651339162041594,1906806.1871483026,6414972.367062089,2407.541618215098
1906,Born to Burn,"город Москва, Новая Басманная улица, дом 32",Басманный район,Центральный административный округ,ресторан,55.76874738983527,37.668494315381075,1907758.0275433464,6415594.034561869,3483.9749199084413
1910,АЛЕСЯ,"город Москва, улица Образцова, дом 9, строение 7",район Марьина Роща,Северо-Восточный административный округ,кафе,55.788556236743425,37.60749081407519,1903316.4794116924,6416451.012229463,4077.5172926035143
1911,Ведическое кафе Ганга,"город Москва, Новосущёвская улица, дом 26А",район Марьина Роща,Северо-Восточный административный округ,кафе,55.791697776582396,37.60477532443466,1903034.9743651946,6416732.818438355,4466.049641070975
1924,Ресторан «ШЕСТНАДЦАТЬ ТОНН»,"город Москва, улица Пресненский Вал, дом 6, строение 1",Пресненский район,Центральный административный округ,ресторан,55.7642867859399,37.5644003611104,1901598.4667507235,6412934.504485937,3857.148383537726
1925,Кафе «Пицца ПЕПЕ»,"город Москва, Газетный переулок, дом 9, строение 2",Пресненский район,Центральный административный округ,кафе,55.7580480495902,37.6090511308741,1904543.583440251,6413195.381352978,936.9770753919446
1952,Бега,"город Москва, Беговая аллея, дом 11",район Беговой,Северный административный округ,ресторан,55.7806475178999,37.5611154899965,1900792.914197095,6414629.596702704,4945.820225981576
1954,Суп Кафе,"город Москва, Скаковая улица, дом 17, строение 2",район Беговой,Северный административный округ,кафе,55.777931165881,37.5732510030261,1901630.7987858013,6414590.161507178,4149.871005303455
1956,Спорт-бар Империя,"город Москва, 1-й Боткинский проезд, дом 7, строение 1",район Беговой,Северный административный округ,кафе,55.7845765294398,37.5578201673571,1900447.2215462367,6414984.359978396,5394.517958838744
1957,Leningrad,"город Москва, Ленинградский проспект, дом 24А",район Беговой,Северный административный округ,ресторан,55.7835617653948,37.5747488872464,1901513.1277356758,6415228.384376688,4538.568009230069
1958,Leningrad,"город Москва, Ленинградский проспект, дом 24А",район Беговой,Северный административный округ,кафе,55.7833758902832,37.5745106036822,1901505.5423793101,6415203.372029171,4532.834603361184
1967,Ресторан «Florentini»,"город Москва, улица Мичуринский Проспект, Олимпийская Деревня, дом 4, корпус 3",район Замоскворечье,Центральный административный округ,ресторан,55.7271387951666,37.6185922848144,1906270.8893037604,6410063.4527701475,3027.9457524438894
1973,Паризьен,"город Москва, Ленинградский проспект, дом 31, строение 9",район Беговой,Северный административный округ,ресторан,55.786508,37.558728,1900430.8360085317,6415211.511918311,5497.965636400678
1974,Яръ,"город Москва, Ленинградский проспект, дом 32/2",район Беговой,Северный административный округ,ресторан,55.7849048758382,37.5691898501284,1901125.6878321916,6415257.079322217,4892.171921740887
1975,Илья Муромец,"город Москва, Ленинградский проспект, дом 23",район Беговой,Северный административный округ,ресторан,55.783144,37.569288,1901196.893747647,6415069.317015259,4743.605172719582
1976,Казан-Чайхона кафе,"город Москва, Ленинградский проспект, дом 23",район Беговой,Северный административный округ,кафе,55.783144,37.569288,1901196.893747647,6415069.317015259,4743.605172719582
1977,Ача-Чача,"город Москва, Ленинградский проспект, дом 9Б, строение 1",район Беговой,Северный административный округ,кафе,55.78049748729056,37.57460861572229,1901618.1708399295,6414895.148530858,4288.78276902979
1980,Сценарио,"город Москва, Тверская улица, дом 22А, строение 1",Тверской район,Центральный административный округ,ресторан,55.7670778456936,37.601807288951285,1903768.2922010801,6414017.124724974,1980.6133981272349
1981,То Да Сё,"город Москва, Тверская улица, дом 7",Тверской район,Центральный административный округ,кафе,55.75812371648404,37.61134770701072,1904680.3602749933,6413251.598859638,821.3700162103801
1982,Шоколадница,"город Москва, Тверская улица, дом 7",Тверской район,Центральный административный округ,кафе,55.75814776057282,37.61143575812205,1904684.8195676834,6413256.033269041,818.6510711877796
1983,Meatless,"город Москва, Тверская улица, дом 20, строение 1",Тверской район,Центральный административный округ,кафе,55.76663349987817,37.60258499085737,1903832.0364075934,6413985.497072269,1909.7584662500215
1984,ДжонДжоли,"город Москва, Тверская улица, дом 20, строение 1",Тверской район,Центральный административный округ,ресторан,55.7666915270179,37.6028963198374,1903848.8017632817,6413998.263834648,1902.3346354618636
1985,Прайм стар,"город Москва, Тверская улица, дом 20, строение 1",Тверской район,Центральный административный округ,ресторан,55.766646212844655,37.6026870815056,1903837.7684071404,6413989.002826934,1906.7423472739426
1986,То Да Сё,"город Москва, 1-я Тверская-Ямская улица, дом 1/3, строение 2",Тверской район,Центральный административный округ,кафе,55.77007202566892,37.59504797049417,1903246.495837139,6414198.505961752,2522.897906698714
1987,Винил и вино,"город Москва, 1-я Тверская-Ямская улица, дом 1/3, строение 2",Тверской район,Центральный административный округ,ресторан,55.770051,37.595061,1903248.0674038902,6414196.51206585,2520.558754658502
1988,Mentano,"город Москва, 1-я Брестская улица, дом 10, строение 4",Тверской район,Центральный административный округ,кафе,55.7704388223888,37.59377147811186,1903155.3292336306,6414211.353416269,2609.1301881882137
1989,Spy Moscow,"город Москва, 1-я Брестская улица, дом 2, строение 3",Тверской район,Центральный административный округ,ресторан,55.7699792210136,37.59441536222728,1903211.4993521236,6414175.275735907,2542.5867370902256
1990,Look in Rooms,"город Москва, Тверская улица, дом 18, корпус 1",Тверской район,Центральный административный округ,кафе,55.76602311166574,37.60486884764896,1903993.4673124114,6413967.48019888,1764.4277925943707
1991,Грабли,"город Москва, Тверская улица, дом 18, корпус 1",Тверской район,Центральный административный округ,ресторан,55.766228999,37.60386,1903924.5230611258,6413968.5678176405,1822.5493650449969
1992,То Да Сё,"город Москва, Тверская улица, дом 18, корпус 1",Тверской район,Центральный административный округ,кафе,55.766147,37.604241,1903950.7178635795,6413967.699506021,1800.126640641511
1993,Фанни Кабани,"город Москва, улица Малая Дмитровка, дом 5/9",Тверской район,Центральный административный округ,ресторан,55.7677930838412,37.6055885886097,1903971.523577821,6414173.315154003,1904.4509619285202
1994,ЗОЛОТОЙ ДРАКОН,"город Москва, Дегтярный переулок, дом 6, строение 1",Тверской район,Центральный административный округ,кафе,55.7684960876276,37.6032924089636,1903805.913512587,6414201.05631726,2052.5202066458905
1995,Ливанец,"город Москва, Глинищевский переулок, дом 3",Тверской район,Центральный административный округ,кафе,55.7631926207576,37.6096724175081,1904390.4155721879,6413762.895888299,1322.041457905321
1996,Авокадо,"город Москва, Тверская улица, дом 5/6",Тверской район,Центральный административный округ,кафе,55.7579810436051,37.6124875805327,1904754.9364674469,6413260.07735019,754.5224610976001
1997,МОНОПОЛЬ,"город Москва, Тверская улица, дом 5/6",Тверской район,Центральный административный округ,кафе,55.75768368202247,37.61207538615739,1904740.920393623,6413219.398903701,753.6331553249488
1998,АВ-Дейли,"город Москва, Тверская улица, дом 5/6",Тверской район,Центральный административный округ,кафе,55.75768368202247,37.61207538615739,1904740.920393623,6413219.398903701,753.6331553249488
1999,Территория мороженого,"город Москва, Тверская улица, дом 5/6",Тверской район,Центральный административный округ,кафе,55.75768368202247,37.61207538615739,1904740.920393623,6413219.398903701,753.6331553249488
2000,Гаджет Студио,"город Москва, Тверская улица, дом 20, строение 2",Тверской район,Центральный административный округ,кафе,55.767073,37.602355,1903801.7541018839,6414028.058697863,1958.0231912097518
2001,Сэлэнгэ,"город Москва, улица Малая Дмитровка, дом 23/15, строение 1",Тверской район,Центральный административный округ,ресторан,55.7703379204818,37.6047791210449,1903827.9046935467,6414430.678271314,2180.4800467193368
2002,CROSS KEYS PAB,"город Москва, улица Малая Дмитровка, дом 3",Тверской район,Центральный административный округ,ресторан,55.767028,37.605921,1904020.1135436175,6414097.804152328,1819.4796567093476
2003,Рыбный Базар,"город Москва, Трёхпрудный переулок, дом 10/2, строение 2",Тверской район,Центральный административный округ,ресторан,55.7653621504589,37.5974576392925,1903567.622004598,6413741.222217188,2035.6181837586764
2004,Мясо и рыба,"город Москва, Тверская улица, дом 23, строение 1",Тверской район,Центральный административный округ,ресторан,55.766831656333984,37.6006763323983,1903708.7020625542,6413966.933690308,2006.4409740084825
2005,Иль-патио,"город Москва, 1-я Тверская-Ямская улица, дом 2, строение 1",Тверской район,Центральный административный округ,ресторан,55.7706352070318,37.5965449551381,1903316.5649308267,6414290.511486955,2508.61578690908
2006,СУП,"город Москва, 1-я Брестская улица, дом 62",Тверской район,Центральный административный округ,кафе,55.77039714178825,37.59531136688081,1903250.4412318084,6414239.057088378,2539.312501631011
2007,HELP and FRIEND,"город Москва, 1-я Тверская-Ямская улица, дом 27",Тверской район,Центральный административный округ,кафе,55.7758168561906,37.5856703987104,1902463.690561255,6414621.7155843815,3412.755552691683
2008,САПЕРАВИ,"город Москва, 1-я Тверская-Ямская улица, дом 27",Тверской район,Центральный административный округ,кафе,55.77577555989659,37.58566591177809,1902464.949111637,6414617.170474515,3409.4668683487466
2009,Прайм стар,"город Москва, 1-я Брестская улица, дом 66",Тверской район,Центральный административный округ,кафе,55.7756363126522,37.5845909942457,1902404.8059774218,6414579.6979712425,3444.7721659570116
2010,ЖАРОВНЯ,"город Москва, улица Большая Дмитровка, дом 11, строение 1",Тверской район,Центральный административный округ,кафе,55.761954575475166,37.613674843162116,1904679.6021513504,6413713.213733381,1067.7633714790104
2011,ФРЕШ,"город Москва, улица Большая Дмитровка, дом 11, строение 1",Тверской район,Центральный административный округ,кафе,55.761954575475166,37.613674843162116,1904679.6021513504,6413713.213733381,1067.7633714790104
2012,Молоко,"город Москва, улица Большая Дмитровка, дом 7/5, строение 5",Тверской район,Центральный административный округ,кафе,55.7609174478366,37.6148183970824,1904787.598645261,6413625.362562006,928.9932857438289
2013,KFC,"город Москва, улица Большая Дмитровка, дом 5/6, строение 3",Тверской район,Центральный административный округ,ресторан,55.759900547008066,37.61406618143469,1904779.631129238,6413500.011939342,852.9524885157385
2014,ЭZO,"город Москва, улица Большая Дмитровка, дом 5/6, строение 3",Тверской район,Центральный административный округ,кафе,55.75993028429488,37.61405954858261,1904778.1241621522,6413503.078335503,856.0189063010846
2015,Две палочки,"город Москва, улица Большая Дмитровка, дом 5/6, строение 3",Тверской район,Центральный административный округ,ресторан,55.7598173940887,37.6135440198922,1904750.9828912038,6413480.120271336,864.148870608919
2016,Starbucks,"город Москва, улица Большая Дмитровка, дом 5/6, строение 3",Тверской район,Центральный административный округ,кафе,55.7598218603168,37.613550784595,1904751.2282403023,6413480.74324974,864.3100323537363
2017,Hidden bar,"город Москва, улица Большая Дмитровка, дом 5/6, строение 3",Тверской район,Центральный административный округ,кафе,55.7598224653735,37.6136917826952,1904759.7750826504,6413483.759587392,859.128460424194
2018,Даблби,"город Москва, улица Большая Дмитровка, дом 9, строение 1",Тверской район,Центральный административный округ,кафе,55.7614465542798,37.614075135784994,1904722.7869787577,6413666.835053027,1004.5278788921394
2019,Краснодар,"город Москва, улица Большая Дмитровка, дом 9, строение 1",Тверской район,Центральный административный округ,кафе,55.7614465542798,37.614075135784994,1904722.7869787577,6413666.835053027,1004.5278788921394
2020,Му-Му,"город Москва, улица Большая Дмитровка, дом 9, строение 1",Тверской район,Центральный административный округ,кафе,55.7614465542798,37.614075135784994,1904722.7869787577,6413666.835053027,1004.5278788921394
2021,Мама Гочи,"город Москва, улица Большая Дмитровка, дом 5/6, строение 1",Тверской район,Центральный административный округ,ресторан,55.7603811641466,37.6152655740736,1904834.6834527561,6413576.9196407385,861.4728925993321
2022,Белуга,"город Москва, Моховая улица, дом 15/1, строение 1",Тверской район,Центральный административный округ,ресторан,55.75677442855017,37.61365107544217,1904870.4405421594,6413154.374025515,610.4929468451237
2023,Доктор Живаго,"город Москва, Моховая улица, дом 15/1, строение 1",Тверской район,Центральный административный округ,ресторан,55.75670207518876,37.61341323242142,1904858.6697514574,6413141.597029148,618.3078296981572
2024,Гостеприимный город,"город Москва, улица Бутырский Вал, дом 24/13, строение 1",Тверской район,Центральный административный округ,кафе,55.78121637790823,37.58668714990295,1902325.2486285558,6415224.97482733,3852.231795357054
2025,Кафе при отеле «Хованский»,"город Москва, Старопименовский переулок, дом 11, строение 2",Тверской район,Центральный административный округ,кафе,55.7701160235877,37.602677132227484,1903708.4213040096,6414362.793344279,2228.285925360723
2026,SleepTom,"город Москва, Старопименовский переулок, дом 11, строение 6",Тверской район,Центральный административный округ,кафе,55.77005367477817,37.603121533316674,1903737.7367768611,6414365.368292087,2206.994279989067
2027,Папа Джонс,"город Москва, Старопименовский переулок, дом 11, строение 1",Тверской район,Центральный административный округ,кафе,55.76992693202972,37.602405074744766,1903698.906944961,6414336.721527019,2219.716324958671
2028,Жан Жак,"город Москва, Столешников переулок, дом 6, строение 1",Тверской район,Центральный административный округ,кафе,55.7621709792789,37.6125015007135,1904600.262723337,6413711.981892926,1125.922933364688
2029,Паддис,"город Москва, Лесная улица, дом 1/2",Тверской район,Центральный административный округ,кафе,55.77691911886852,37.58535499683695,1902403.660199022,6414733.937657628,3520.065875623541
2030,Мимино,"город Москва, Лесная улица, дом 1/2",Тверской район,Центральный административный округ,кафе,55.77691911886852,37.58535499683695,1902403.660199022,6414733.937657628,3520.065875623541
2031,Трактир Пушкин,"город Москва, Настасьинский переулок, дом 5, строение 1",Тверской район,Центральный административный округ,ресторан,55.76740307654046,37.604538421067964,1903922.1829787428,6414109.309077121,1904.4863991975285
2032,LOCALS,"город Москва, улица Бутырский Вал, дом 4",Тверской район,Центральный административный округ,кафе,55.77731471322117,37.58531486808188,1902386.5548228037,6414775.740254206,3555.8380544742254
2033,Шоколадница,"город Москва, Страстной бульвар, дом 6, строение 1",Тверской район,Центральный административный округ,кафе,55.7656965398718,37.6083071930925,1904214.524275671,6414004.2153901355,1609.2508237807942
2034,Чехов,"город Москва, Камергерский переулок, дом 3, строение 1",Тверской район,Центральный административный округ,ресторан,55.7598696692578,37.61304116693,1904718.4810940893,6413475.230089981,888.1012939505468
2035,Il Patio,"город Москва, Камергерский переулок, дом 3А, строение 2",Тверской район,Центральный административный округ,кафе,55.7600770297684,37.6136668710893,1904748.8117736818,6413510.6763707055,883.9366226565982
2036,BARRIQUE,"город Москва, Благовещенский переулок, дом 10, строение 2",Тверской район,Центральный административный округ,кафе,55.76751030764905,37.59853795616228,1903553.5846282984,6413995.361547921,2156.0816004709163
2037,Мама будет рада,"город Москва, Пушкинская площадь, дом 2",Тверской район,Центральный административный округ,кафе,55.76620054045881,37.607422440425026,1904142.0565469798,6414040.0279317945,1688.0335836754098
2038,Чайхона №1,"город Москва, Пушкинская площадь, дом 2",Тверской район,Центральный административный округ,ресторан,55.766180485609,37.6070526523624,1904120.3301238182,6414030.129638297,1698.8522872988262
2044,Golden Palace,"город Москва, 3-я улица Ямского Поля, дом 15",район Беговой,Северный административный округ,ресторан,55.7825522232896,37.5793459221616,1901829.7855813364,6415215.583119163,4259.669677637039
2045,Мясо и паста,"город Москва, 1-я Брестская улица, дом 43",Тверской район,Центральный административный округ,ресторан,55.7735946803525,37.5876059034255,1902663.6784263782,6414422.637016864,3142.6227021496343
2046,Эмпорио,"город Москва, 1-й Тверской-Ямской переулок, дом 18",Тверской район,Центральный административный округ,кафе,55.7735133362735,37.5988922946791,1903352.4165097203,6414649.821622295,2685.5727359326047
2047,А-Петит,"город Москва, 1-й Тверской-Ямской переулок, дом 18",Тверской район,Центральный административный округ,кафе,55.773702,37.59922,1903365.3270406558,6414677.009812498,2692.532743771368
2048,Тэмпл бар,"город Москва, Большая Грузинская улица, дом 76",Тверской район,Центральный административный округ,ресторан,55.7735217840113,37.5867327686758,1902613.3317661844,6414396.530905238,3175.6963851721757
2049,Corner Burger,"город Москва, Большая Грузинская улица, дом 76",Тверской район,Центральный административный округ,кафе,55.77347821630578,37.58680571213384,1902619.3790631269,6414393.35921468,3168.869251174344
2050,Upside Down Cake,"город Москва, Большая Грузинская улица, дом 76",Тверской район,Центральный административный округ,кафе,55.77360794383766,37.58695030830913,1902623.3542977516,6414410.36464474,3172.9444410129745
2051,Чайковский,"город Москва, Тверская улица, дом 31/4, строение 1",Тверской район,Центральный административный округ,кафе,55.7691642013818,37.5969373978089,1903394.9760398774,6414140.160776532,2364.799271034412
2052,Хмель и Эль,"город Москва, Трёхпрудный переулок, дом 4, строение 1",Тверской район,Центральный административный округ,ресторан,55.765017,37.5987053,1903656.2453470663,6413730.1117160525,1949.4098581083315
2053,ТАН,"город Москва, Оружейный переулок, дом 13, строение 1",Тверской район,Центральный административный округ,ресторан,55.7717741261563,37.5996759512215,1903464.552528849,6414478.7460585,2492.19009403671
2054,Прайм стар,"город Москва, Павловская улица, дом 7",Даниловский район,Южный административный округ,кафе,55.71996265225772,37.628240420503005,1907124.2456791364,6409492.078018349,3866.1796065718195
2055,Кофейня «Кофепорт»,"город Москва, Павловская улица, дом 7",Даниловский район,Южный административный округ,кафе,55.71996265225772,37.628240420503005,1907124.2456791364,6409492.078018349,3866.1796065718195
2056,Арт-кафе при театре,"город Москва, Павловская улица, дом 6",Даниловский район,Южный административный округ,кафе,55.71943511942249,37.62670165409479,1907050.2108585893,6409402.966798149,3916.017352919816
2057,Кафе Бобры и Утки,"город Москва, Пятницкая улица, дом 56, строение 1",район Замоскворечье,Центральный административный округ,кафе,55.733604,37.627238,1906556.7417261386,6410941.453037066,2316.616091342496
2058,кафе «Ля Ферм»,"город Москва, Новокузнецкая улица, дом 5, строение 1",район Замоскворечье,Центральный административный округ,кафе,55.739688035777235,37.630311086374064,1906517.6815976703,6411661.61433596,1692.7422398311337
2059,Обломов,"город Москва, 1-й Монетчиковский переулок, дом 5, строение 1",район Замоскворечье,Центральный административный округ,ресторан,55.73220435459949,37.628304095882946,1906673.5552853267,6410812.9274286,2485.572815944576
2060,Ресторан «Иль Асадор»,"город Москва, улица Большая Ордынка, дом 45, строение 3",район Замоскворечье,Центральный административный округ,ресторан,55.73492796948381,37.62461517992628,1906348.0681744649,6411029.209965903,2144.8982002989856
2061,Квартира 44,"город Москва, улица Малая Ордынка, дом 24",район Замоскворечье,Центральный административный округ,кафе,55.735472416091845,37.62520274007281,1906363.5859416714,6411100.203492046,2087.2610184065456
2062,Чайхона СУНЖА,"город Москва, Пятницкая улица, дом 36",район Замоскворечье,Центральный административный округ,ресторан,55.73896798441045,37.62799970324636,1906403.872608056,6411535.575244228,1727.6054863624222
2063,Вареничная №1,"город Москва, Кожевническая улица, дом 1, строение 1",район Замоскворечье,Центральный административный округ,ресторан,55.73091907368818,37.64158140752908,1907528.8267540592,6410952.691018825,2899.5286250029176
2064,Ресторан Черрето Море,"город Москва, Пятницкая улица, дом 52, строение 1",район Замоскворечье,Центральный административный округ,ресторан,55.73462589834545,37.62745227185489,1906531.8263375326,6411056.089647289,2204.1594398283373
2065,Кафе,"город Москва, Пятницкая улица, дом 56, строение 4",район Замоскворечье,Центральный административный округ,ресторан,55.73379469143261,37.627293857237774,1906553.0578362164,6410963.1774153495,2295.763501980524
2066,BB&Burgers,"город Москва, Пятницкая улица, дом 25, строение 1Д",район Замоскворечье,Центральный административный округ,кафе,55.741521,37.62881,1906358.3310567066,6411827.728333627,1463.542782694318
2067,Поль Бейкери,"город Москва, Пятницкая улица, дом 25, строение 1Д",район Замоскворечье,Центральный административный округ,кафе,55.741521,37.62881,1906358.3310567066,6411827.728333627,1463.542782694318
2068,Bar BQ Cafe,"город Москва, Пятницкая улица, дом 25, строение 1Д",район Замоскворечье,Центральный административный округ,ресторан,55.741521,37.62881,1906358.3310567066,6411827.728333627,1463.542782694318
2069,Кафе «Ванадис»,"город Москва, Жуков проезд, дом 8, строение 3",Даниловский район,Южный административный округ,кафе,55.721975,37.646229,1908143.881849637,6410086.134334473,3949.655430449061
2070,Кафе «Салхино»,"город Москва, Дербеневская улица, дом 24, строение 3",Даниловский район,Южный административный округ,кафе,55.71781736680079,37.64632953468876,1908304.499886384,6409640.116791699,4389.663739536238
2071,Ирландский паб Белфаст,"город Москва, Средний Овчинниковский переулок, дом 1, строение 13",район Замоскворечье,Центральный административный округ,кафе,55.745129019610175,37.63067169243201,1906337.5185335097,6412255.618796957,1141.1514478099248
2072,Вареничная №1,"город Москва, Климентовский переулок, дом 10, строение 2",район Замоскворечье,Центральный административный округ,кафе,55.7410376553537,37.62741230892113,1906291.2947883704,6411746.348861913,1489.7889637775127
2073,Руккола,"город Москва, Климентовский переулок, дом 10, строение 2",район Замоскворечье,Центральный административный округ,кафе,55.7410376553537,37.62741230892113,1906291.2947883704,6411746.348861913,1489.7889637775127
2074,Ваби-Саби,"город Москва, Климентовский переулок, дом 10, строение 1",район Замоскворечье,Центральный административный округ,кафе,55.741042961635365,37.627783693363696,1906313.6799169485,6411754.7013307065,1495.616119951303
2075,Шоколадница,"город Москва, Климентовский переулок, дом 10, строение 1",район Замоскворечье,Центральный административный округ,кафе,55.74102936428861,37.62778303007849,1906314.1445482897,6411753.221846275,1497.0944351700534
2076,Му-Му,"город Москва, Климентовский переулок, дом 10, строение 1",район Замоскворечье,Центральный административный округ,кафе,55.74102936428861,37.62778303007849,1906314.1445482897,6411753.221846275,1497.0944351700534
2078,Подозрительные лица,"город Москва, Пятницкая улица, дом 2/38, строение 1",район Замоскворечье,Центральный административный округ,кафе,55.74544087420535,37.62649238761175,1906071.843069448,6412201.676907017,992.509757489007
2079,Пита и Суваки,"город Москва, Пятницкая улица, дом 2/38, строение 2",район Замоскворечье,Центральный административный округ,кафе,55.74513239130998,37.62674228031376,1906098.492065637,6412173.661999428,1031.0236854159316
2084,Вай Мэ,"город Москва, Пятницкий переулок, дом 8, строение 1",район Замоскворечье,Центральный административный округ,кафе,55.74287230223834,37.629775041378664,1906366.821429723,6411993.596080578,1342.6801607812758
2085,Французская пекарня кофейня Бонжур,"город Москва, Пятницкий переулок, дом 8, строение 1",район Замоскворечье,Центральный административный округ,кафе,55.74287230223834,37.629775041378664,1906366.821429723,6411993.596080578,1342.6801607812758
2086,Берекет,"город Москва, улица Большая Ордынка, дом 63",район Замоскворечье,Центральный административный округ,кафе,55.731902504556196,37.624602909149935,1906459.6535671575,6410702.844378627,2488.3327555397927
2088,Mojo,"город Москва, Сверчков переулок, дом 8, строение 1",Басманный район,Центральный административный округ,кафе,55.7603118574003,37.6397785173478,1906326.9692451362,6414082.835017085,1406.0777415485986
2099,АМАДЕУС,"город Москва, площадь Европы, дом 2",район Дорогомилово,Западный административный округ,ресторан,55.74166611808805,37.56662890775668,1902571.7051180236,6410542.474932911,3775.5177368620143
2100,РУМ СЕРВИС,"город Москва, площадь Европы, дом 2",район Дорогомилово,Западный административный округ,ресторан,55.74166611808805,37.56662890775668,1902571.7051180236,6410542.474932911,3775.5177368620143
2101,СУМОСАН,"город Москва, площадь Европы, дом 2",район Дорогомилово,Западный административный округ,ресторан,55.7415546287474,37.5678498989305,1902650.0897632032,6410555.96439591,3707.161244894732
2102,РУССКИЙ,"город Москва, площадь Европы, дом 2",район Дорогомилово,Западный административный округ,ресторан,55.74166611808805,37.56662890775668,1902571.7051180236,6410542.474932911,3775.5177368620143
2103,СТАТУС М,"город Москва, площадь Европы, дом 2",район Дорогомилово,Западный административный округ,кафе,55.74166611808805,37.56662890775668,1902571.7051180236,6410542.474932911,3775.5177368620143
2104,Кафе Луч,"город Москва, Большая Пироговская улица, дом 27, строение 1",район Хамовники,Центральный административный округ,кафе,55.7426737410802,37.6024734994153,1904714.1307125979,6411400.54212625,1744.2852047417277
2105,Рико,"город Москва, Ружейный переулок, дом 6, строение 2",район Хамовники,Центральный административный округ,кафе,55.74379388176074,37.58090855389926,1903361.2674502705,6411070.264513415,2833.7940249017133
2106,Кофейня - гострономическая лавка,"город Москва, Петровский бульвар, дом 9, строение 1",Тверской район,Центральный административный округ,кафе,55.76837384971577,37.61478153453125,1904508.5545326911,6414428.266571795,1730.7048591392165
2108,Счастье,"город Москва, Большой Путинковский переулок, дом 5",Тверской район,Центральный административный округ,кафе,55.7673007594675,37.6075794597651,1904110.7673448,6414161.900453673,1790.5224668193014
2109,Blak Tai,"город Москва, Большой Путинковский переулок, дом 5",Тверской район,Центральный административный округ,ресторан,55.76722730596041,37.607603848929344,1904114.9753173403,6414154.493529063,1782.4734154178602
2110,Eleven-Hall,"город Москва, Малый Каретный переулок, дом 11, строение 2",Тверской район,Центральный административный округ,ресторан,55.771415730952285,37.61460990948374,1904385.1979616839,6414752.5348509,2070.9584796244553
2120,Ресторан «Донна Маргарита»,"город Москва, улица 1905 Года, дом 2, строение 1",Пресненский район,Центральный административный округ,ресторан,55.75546974654653,37.55999489493007,1901657.1850736393,6411892.017750843,3950.7851583144407
2121,Ресторан «БОЧКА»,"город Москва, улица 1905 Года, дом 2, строение 1",Пресненский район,Центральный административный округ,ресторан,55.754981135013,37.5604065881798,1901700.305121094,6411847.939658202,3921.838841955986
2124,ДУМА,"город Москва, Моховая улица, дом 11, строение 3",Тверской район,Центральный административный округ,кафе,55.756664378479456,37.610215202792254,1904665.687137533,6413070.600521415,794.9026018402249
2125,Кафе «КАРЕТНЫЙ ДВОР»,"город Москва, Поварская улица, дом 52/55, строение 1",Пресненский район,Центральный административный округ,кафе,55.7578754410366,37.586072406902,1903153.2868639582,6412696.16687787,2319.43673732349
2126,Ресторан «Старый фаэтон»,"город Москва, Поварская улица, дом 52/55, строение 2",Пресненский район,Центральный административный округ,ресторан,55.7581566461475,37.5861361823073,1903146.738675001,6412727.812486904,2322.293492765282
2127,КП МЭИ Кафе ДОМ 13,"город Москва, Красноказарменная улица, дом 13, строение 3",район Лефортово,Юго-Восточный административный округ,кафе,55.756186868403645,37.704440449203645,1910409.8373850614,6414995.371143309,5348.891388431569
2128,БЕСПОКОЙНАЯ ЮНОСТЬ,"город Москва, Красноказарменная улица, дом 14, строение 1А",район Лефортово,Юго-Восточный административный округ,кафе,55.75364731516447,37.70946013638213,1910809.5329872554,6414827.246203973,5664.044327574246
2129,Корчма Тарас Бульба,"город Москва, Красноказарменная улица, дом 6",район Лефортово,Юго-Восточный административный округ,ресторан,55.758398,37.69449,1909722.8119344276,6415024.537766622,4732.163519252531
2130,ГОСТИНИЦА ЛЕФОРТОВО,"город Москва, 1-й Краснокурсантский проезд, дом 1/4",район Лефортово,Юго-Восточный административный округ,ресторан,55.758117,37.689723,1909443.6198964443,6414894.120200109,4424.0287705093315
2131,Олд Сити,"город Москва, улица Маросейка, дом 10/1, строение 2",Басманный район,Центральный административный округ,кафе,55.75750619795563,37.63750032419333,1906292.7802532094,6413732.7117639985,1126.3244624750757
2133,Полковнику никто не пишет,"город Москва, Петроверигский переулок, дом 4, строение 1",Басманный район,Центральный административный округ,кафе,55.75690680922289,37.636637832328184,1906262.6338095968,6413650.0386825865,1049.437714444889
2134,АМАДЕУС,"город Москва, Большой Спасоглинищевский переулок, дом 4",Басманный район,Центральный административный округ,кафе,55.7571726753381,37.6340707765667,1906096.7385335502,6413624.9080353975,909.9022500972362
2135,КАФЕ ПАБ ДЕДДИ,"город Москва, Солдатская улица, дом 6А",район Лефортово,Юго-Восточный административный округ,кафе,55.7648253087379,37.7015492822212,1909912.2026824055,6415865.438979737,5309.62639590614
2138,САМОКАТ-КЭТТЕРИНГ,"город Москва, Самокатная улица, дом 2, строение 1",район Лефортово,Юго-Восточный административный округ,кафе,55.758116,37.676786,1908657.5332549145,6414622.362655855,3599.019999574615
2139,ЦЕНТРАЛЬНЫЙ ДОМ УЧЕНЫХ РАН,"город Москва, улица Пречистенка, дом 16/2",район Хамовники,Центральный административный округ,ресторан,55.7432763834613,37.5966040028306,1904334.8698088476,6411342.699530519,1983.5853857195243
2140,Булкер,"город Москва, Зубовский бульвар, дом 21-23, строение 1",район Хамовники,Центральный административный округ,кафе,55.73594964979882,37.59018570300499,1904216.2024650443,6410418.6448169565,2844.9065797806784
2141,Халва,"город Москва, улица Остоженка, дом 53/2, строение 1",район Хамовники,Центральный административный округ,ресторан,55.7357680418676,37.5953041638078,1904534.2452110022,6410506.137034355,2639.3149804162877
2142,Шоколадница,"город Москва, Зубовский бульвар, дом 17, строение 1",район Хамовники,Центральный административный округ,кафе,55.7363069108282,37.5906825055086,1904233.1743147478,6410467.5482131755,2793.500001702807
2143,Ваби-Саби,"город Москва, Зубовский бульвар, дом 17, строение 1",район Хамовники,Центральный административный округ,кафе,55.736215406072056,37.590793659171666,1904243.3270050057,6410460.009031366,2795.8650833946676
2144,ЦИМУС ФУД,"город Москва, Большой Саввинский переулок, дом 9, строение 2",район Хамовники,Центральный административный округ,ресторан,55.7352817855335,37.5691672362921,1902962.5245243225,6409907.2409099415,3956.3863729681098
2145,Гранж,"город Москва, Зубовский бульвар, дом 22/39",район Хамовники,Центральный административный округ,кафе,55.73877027014478,37.58714780147973,1903926.8830335804,6410659.171055331,2778.518452282671
2146,Шэгги Дог,"город Москва, улица Льва Толстого, дом 5, строение 1",район Хамовники,Центральный административный округ,кафе,55.73215809045625,37.58878722141822,1904271.689500179,6409980.6657902375,3223.9866113423195
2147,Магия Вкуса,"город Москва, улица Льва Толстого, дом 5, строение 1",район Хамовники,Центральный административный округ,ресторан,55.732077305518,37.5894334541382,1904313.9930677814,6409985.473760473,3204.203392622919
2148,Арчи,"город Москва, Комсомольский проспект, дом 42, строение 2",район Хамовники,Центральный административный округ,ресторан,55.72172129771231,37.57292342910446,1903693.2620490203,6408523.82500031,4791.45484585368
2149,БАТОНИ,"город Москва, Комсомольский проспект, дом 42, строение 3",район Хамовники,Центральный административный округ,ресторан,55.721490198091175,37.57243646721444,1903672.1898218845,6408488.731176721,4831.843450924124
2150,Эль Россо,"город Москва, улица Хамовнический Вал, дом 34",район Хамовники,Центральный административный округ,ресторан,55.72202049461477,37.563750526323886,1903124.0167252643,6408364.372728217,5170.54782083318
2151,ЕСЕНИН,"город Москва, Смоленская улица, дом 5",район Хамовники,Центральный административный округ,ресторан,55.7453958020153,37.5802371590029,1903261.0779377595,6411228.916980623,2807.0263128742504
2152,ПАНОРАМА,"город Москва, Смоленская улица, дом 5",район Хамовники,Центральный административный округ,ресторан,55.7453821372845,37.5804952068604,1903277.2754407458,6411232.837920524,2791.928190056145
2153,СУЗДАЛЬ,"город Москва, Смоленская улица, дом 5",район Хамовники,Центральный административный округ,ресторан,55.7452311381885,37.5801535804253,1903262.0977182926,6411209.419190359,2818.4335594562685
2154,Русская охота,"город Москва, Смоленская улица, дом 5",район Хамовники,Центральный административный округ,ресторан,55.7452451481211,37.5804460216237,1903279.3611087925,6411217.042379379,2800.2161435995404
2155,Генацвале,"город Москва, улица 10-летия Октября, дом 11",район Хамовники,Центральный административный округ,кафе,55.7252379659155,37.5637841921027,1903006.950037049,6408711.954962321,4920.025506143979
2156,На Знаменке,"город Москва, улица Знаменка, дом 13, строение 3",район Хамовники,Центральный административный округ,ресторан,55.7495487874811,37.6055905719122,1904648.6017244505,6412206.841528318,1117.0740745791973
2157,КОФЕ ТАЙМ,"город Москва, Комсомольский проспект, дом 28",район Хамовники,Центральный административный округ,кафе,55.7264439859898,37.5796044223931,1903924.8198795873,6409172.637413353,4103.018954684907
2158,Шоколадница,"город Москва, Комсомольский проспект, дом 28",район Хамовники,Центральный административный округ,кафе,55.72697932537544,37.57976328144055,1903914.6505883236,6409233.671132968,4050.3120212507197
2159,Il Patio,"город Москва, Комсомольский проспект, дом 28",район Хамовники,Центральный административный округ,ресторан,55.7271155792713,37.5802808919102,1903941.0929414376,6409259.18263424,4016.6869785766903
2160,ФУДА,"город Москва, Комсомольский проспект, дом 28",район Хамовники,Центральный административный округ,ресторан,55.72698955102239,37.57973078046537,1903912.2944165238,6409234.093952391,4050.8179291763017
2162,Ryba sushi and oysters,"город Москва, Усачёва улица, дом 26",район Хамовники,Центральный административный округ,кафе,55.7275122197661,37.56773012702285,1903162.8238705287,6409039.593501074,4558.353180230183
2163,Кофемания,"город Москва, Усачёва улица, дом 26",район Хамовники,Центральный административный округ,кафе,55.7275122197661,37.56773012702285,1903162.8238705287,6409039.593501074,4558.353180230183
2164,ФО ФА,"город Москва, Усачёва улица, дом 26",район Хамовники,Центральный административный округ,кафе,55.7275122197661,37.56773012702285,1903162.8238705287,6409039.593501074,4558.353180230183
2165,ДЗЕНДАО,"город Москва, Усачёва улица, дом 26",район Хамовники,Центральный административный округ,кафе,55.7275122197661,37.56773012702285,1903162.8238705287,6409039.593501074,4558.353180230183
2166,Пиццерия II POMODORO,"город Москва, Усачёва улица, дом 26",район Хамовники,Центральный административный округ,кафе,55.7275122197661,37.56773012702285,1903162.8238705287,6409039.593501074,4558.353180230183
2167,Vино and Еда,"город Москва, Усачёва улица, дом 26",район Хамовники,Центральный административный округ,кафе,55.7275122197661,37.56773012702285,1903162.8238705287,6409039.593501074,4558.353180230183
2168,Техно Люкс,"город Москва, Усачёва улица, дом 26",район Хамовники,Центральный административный округ,кафе,55.7275122197661,37.56773012702285,1903162.8238705287,6409039.593501074,4558.353180230183
2169,ГОКОС,"город Москва, Усачёва улица, дом 26",район Хамовники,Центральный административный округ,кафе,55.7275122197661,37.56773012702285,1903162.8238705287,6409039.593501074,4558.353180230183
2170,Оджахури,"город Москва, Усачёва улица, дом 26",район Хамовники,Центральный административный округ,кафе,55.7275122197661,37.56773012702285,1903162.8238705287,6409039.593501074,4558.353180230183
2171,Pinzeria by Bontempo,"город Москва, Усачёва улица, дом 26",район Хамовники,Центральный административный округ,кафе,55.7275122197661,37.56773012702285,1903162.8238705287,6409039.593501074,4558.353180230183
2172,СТАРАЯ МАНСАРДА,"город Москва, Усачёва улица, дом 62, строение 2",район Хамовники,Центральный административный округ,кафе,55.7250532059943,37.5619800630785,1902904.0177919522,6408654.341997145,5021.587075253599
2173,Дом 12,"город Москва, улица Пречистенка, дом 21/12, строение 5",район Хамовники,Центральный административный округ,кафе,55.7433247142978,37.6000160092244,1904540.551782819,6411419.292185379,1808.6242944023113
2174,Winil Wine Bar,"город Москва, Зубовская улица, дом 5/36",район Хамовники,Центральный административный округ,ресторан,55.73747199989814,37.58462836789186,1903821.774564886,6410466.534184794,2997.2646091961515
2175,ACCENTI,"город Москва, Кропоткинский переулок, дом 7, строение 2-4",район Хамовники,Центральный административный округ,ресторан,55.7375742426673,37.5931670890874,1904337.2995736727,6410656.134418899,2578.3889070720543
2176,Раковая на Усачева,"город Москва, Усачёва улица, дом 22",район Хамовники,Центральный административный округ,ресторан,55.727714,37.570007,1903293.8756609824,6409108.929225326,4433.207938039639
2177,Кофе Хаус,"город Москва, Красная площадь, дом 3",Тверской район,Центральный административный округ,кафе,55.75469580299999,37.621448655999984,1905421.5629925136,6413093.575602817,118.97077455850513
2178,ТД ГУМ Кафе 1 Гастроном 1,"город Москва, Красная площадь, дом 3",Тверской район,Центральный административный округ,кафе,55.754695803256624,37.62144865634448,1905421.5630039235,6413093.575637692,118.97080475608155
2179,ТД ГУМ Кафе 2 Гастроном 1,"город Москва, Красная площадь, дом 3",Тверской район,Центральный административный округ,кафе,55.754695803256624,37.62144865634448,1905421.5630039235,6413093.575637692,118.97080475608155
2180,ТД ГУМ КП Кафе «Фестивальное» БЛИНЫ,"город Москва, Красная площадь, дом 3",Тверской район,Центральный административный округ,кафе,55.754695803256624,37.62144865634448,1905421.5630039235,6413093.575637692,118.97080475608155
2181,ТД ГУМ «Фестивальное» АЗИЯ,"город Москва, Красная площадь, дом 3",Тверской район,Центральный административный округ,кафе,55.754695803256624,37.62144865634448,1905421.5630039235,6413093.575637692,118.97080475608155
2182,ТД ГУМ КАФЕ «Фестивальное» ИТАЛИЯ,"город Москва, Красная площадь, дом 3",Тверской район,Центральный административный округ,кафе,55.754695803256624,37.62144865634448,1905421.5630039235,6413093.575637692,118.97080475608155
2183,ТД ГУМ «Фестивальное» «ЯПОНИЯ»,"город Москва, Красная площадь, дом 3",Тверской район,Центральный административный округ,кафе,55.754695803256624,37.62144865634448,1905421.5630039235,6413093.575637692,118.97080475608155
2184,ТД ГУМ КАФЕ «Фестивальное» КАРТОФЕЛЬ,"город Москва, Красная площадь, дом 3",Тверской район,Центральный административный округ,кафе,55.754695803256624,37.62144865634448,1905421.5630039235,6413093.575637692,118.97080475608155
2185,БОСКО КАФЕ,"город Москва, Красная площадь, дом 3",Тверской район,Центральный административный округ,кафе,55.754695803256624,37.62144865634448,1905421.5630039235,6413093.575637692,118.97080475608155
2186,Буфет на Хитровке,"город Москва, Хитровский переулок, дом 3/1, строение 4",Басманный район,Центральный административный округ,кафе,55.75342174292007,37.64332717419588,1906798.7191359422,6413414.618126112,1412.0756978620732
2187,ЧАЙНАТАУН В КИТАЙ ГОРОДЕ,"город Москва, Лубянский проезд, дом 25, строение 1",Басманный район,Центральный административный округ,ресторан,55.7545283220744,37.6347788797444,1906238.0229977034,6413354.738581005,867.9710899252817
2188,КИТАЙСКИЙ ЛЕТЧИК «ДЖАОДА»,"город Москва, Лубянский проезд, дом 25, строение 1",Басманный район,Центральный административный округ,кафе,55.754546434693,37.634768150909,1906236.6979402313,6413356.465947322,867.5256312377211
2189,Ресторан «Шагал»,"город Москва, улица Сергия Радонежского, дом 5, строение 1",Таганский район,Центральный административный округ,ресторан,55.747186972514754,37.673999693152936,1908894.9951589252,6413386.097557933,3463.590472103525
2190,Маэстрелло,"город Москва, улица Покровка, дом 16",Басманный район,Центральный административный округ,кафе,55.75889041891043,37.645844286285524,1906748.424355841,6414056.768356718,1683.012996469694
2191,Долма,"город Москва, улица Покровка, дом 16",Басманный район,Центральный административный округ,кафе,55.7591226200817,37.6456257330006,1906726.5107851005,6414077.212460292,1679.525730217603
2192,Ми Пьяче,"город Москва, улица Покровка, дом 16",Басманный район,Центральный административный округ,кафе,55.7591829883332,37.6456471906743,1906725.5706749437,6414084.168380568,1683.3707355368028
2193,Ай лайк вайн,"город Москва, улица Покровка, дом 16",Басманный район,Центральный административный округ,ресторан,55.75904640148179,37.645964009265526,1906749.9015544774,6414076.0888327975,1696.571534895398
2194,Смайл,"город Москва, улица Покровка, дом 48, строение 1",Басманный район,Центральный административный округ,кафе,55.7633542081075,37.6550349222235,1907140.9336109946,6414730.524085292,2430.4843547816477
2195,Джаганнат,"город Москва, улица Маросейка, дом 4/2, строение 1",Басманный район,Центральный административный округ,кафе,55.757166638206,37.6341834293439,1906103.8094869948,6413626.6175365215,916.107025793888
2196,Чайхана «Алайский базар»,"город Москва, улица Сергия Радонежского, дом 23-25, строение 1",Таганский район,Центральный административный округ,кафе,55.7469504712706,37.6785900817919,1909182.8284664268,6413456.985581917,3757.933563401601
2197,Форбес,"город Москва, Подколокольный переулок, дом 13, строение 1",Басманный район,Центральный административный округ,ресторан,55.7530309831961,37.6452019439758,1906927.1945371008,6413411.802445348,1534.0144883291373
2198,Ю-МЭ,"город Москва, улица Покровка, дом 38А",Басманный район,Центральный административный округ,ресторан,55.7616036781654,37.6516124235208,1906998.0682424873,6414470.106728002,2145.1964075683895
2199,То Да Сё,"город Москва, улица Казакова, дом 8, строение 2",Басманный район,Центральный административный округ,кафе,55.76280059575765,37.66091053341073,1907518.5393866154,6414794.0842365315,2747.624543081881
2200,Burger King,"город Москва, улица Земляной Вал, дом 26, строение 1",Басманный район,Центральный административный округ,ресторан,55.758118299654846,37.65711571291589,1907462.1102622217,6414209.884880274,2353.9144069438576
2201,Ресторан «Пяток»,"город Москва, улица Золоторожский Вал, дом 40",Таганский район,Центральный административный округ,ресторан,55.74801397862128,37.68089492980386,1909283.335104016,6413619.99255739,3881.1950830293936
2202,Кафе «Хинкальная»,"город Москва, улица Золоторожский Вал, дом 40",Таганский район,Центральный административный округ,кафе,55.74801397862128,37.68089492980386,1909283.335104016,6413619.99255739,3881.1950830293936
2203,Френдис,"город Москва, улица Покровка, дом 28, строение 3",Басманный район,Центральный административный округ,кафе,55.76012147625602,37.64958875237834,1906930.2080274352,6414267.939497413,1958.3830554628018
2204,Сажа,"город Москва, Лубянский проезд, дом 25, строение 2",Басманный район,Центральный административный округ,кафе,55.7544377588561,37.6348754392688,1906247.256741124,6413347.00092258,873.0212074726318
2205,Кофемания,"город Москва, улица Покровка, дом 18/18, строение 3",Басманный район,Центральный административный округ,кафе,55.759135758322984,37.64611099999999,1906755.5125451798,6414088.80035951,1709.0798621211266
2207,Шоколадница,"город Москва, улица Сергия Радонежского, дом 29-31, строение 1",Таганский район,Центральный административный округ,кафе,55.746919,37.679544,1909241.9843921924,6413473.6241160575,3818.734696546404
2208,Чайхона №1,"город Москва, улица Покровка, дом 50/2, строение 2",Басманный район,Центральный административный округ,ресторан,55.7637888102596,37.6559468732888,1907180.1813938972,6414796.483993142,2505.2844473326713
2209,Бир энд Брюд,"город Москва, улица Покровка, дом 26/1, строение 2",Басманный район,Центральный административный округ,ресторан,55.760090246577484,37.64931536832521,1906914.7559869317,6414258.842392224,1940.7639216613643
2224,Тбилисо,"город Москва, Бауманская улица, дом 58/3, строение 2",Басманный район,Центральный административный округ,кафе,55.76826346800245,37.67920648203377,1908426.8015276522,6415766.683993902,4074.049614190073
2261,Прайм стар,"город Москва, Нижняя Радищевская улица, дом 10, строение 1",Таганский район,Центральный административный округ,кафе,55.742438845355075,37.65215666106015,1907743.7332081294,6412416.050761378,2356.72767739718
2262,Кафе «Кружка»,"город Москва, Нижняя Радищевская улица, дом 10, строение 1",Таганский район,Центральный административный округ,кафе,55.7424453316926,37.6522454248493,1907748.888739722,6412418.611504802,2361.1243931957733
2263,МОНТЕРОССО,"город Москва, Воронцовская улица, дом 2/10, строение 1",Таганский район,Центральный административный округ,кафе,55.7407482202771,37.6544072853154,1907943.4286133666,6412281.047870001,2584.25293208669
2264,Нияма Пицца Пи,"город Москва, Воронцовская улица, дом 2/10, строение 1",Таганский район,Центральный административный округ,ресторан,55.74070247522872,37.65448224954605,1907949.6874046498,6412277.690110415,2591.186766104515
2265,Стейк и Пинта,"город Москва, Нижняя Радищевская улица, дом 10, строение 4",Таганский район,Центральный административный округ,кафе,55.7424876075474,37.6519235597674,1907727.7481270134,6412416.417300762,2341.1211093332413
2266,Лайт Кафе,"город Москва, Нижняя Радищевская улица, дом 14/2, строение 1",Таганский район,Центральный административный округ,кафе,55.741876987510345,37.65253650238912,1907787.7165231241,6412363.46245307,2412.349197760664
2267,Ресторан Dewars Powerhouse,"город Москва, Гончарная улица, дом 7/4, строение 1",Таганский район,Центральный административный округ,ресторан,55.74585100555881,37.64623534818926,1907256.895790817,6412659.633552557,1829.7199056488187
2268,Черная кошка,"город Москва, Воронцовская улица, дом 6, строение 1",Таганский район,Центральный административный округ,ресторан,55.739763097553244,37.65504372047441,1908018.7542903086,6412188.22553622,2682.7504267235963
2269,Семь пятниц,"город Москва, Воронцовская улица, дом 6, строение 1",Таганский район,Центральный административный округ,ресторан,55.7397939401603,37.6551529394217,1908024.2482300524,6412193.840713285,2686.352838999467
2270,АРУБА,"город Москва, Народная улица, дом 4, строение 1",Таганский район,Центральный административный округ,кафе,55.7395402668364,37.6518860088415,1907835.0413985476,6412097.975110204,2537.717874639492
2271,Берега,"город Москва, Яузская улица, дом 8, строение 2",Таганский район,Центральный административный округ,кафе,55.747076480253895,37.6469094670554,1907252.3252065985,6412805.845599026,1805.344210657392
2272,Кофе Хаус,"город Москва, Нижняя Радищевская улица, дом 5, строение 2",Таганский район,Центральный административный округ,кафе,55.7419078204049,37.6532378421847,1907829.210989025,6412381.495515087,2448.023240745028
2273,Кафе «Ваби-Саби»,"город Москва, Нижняя Радищевская улица, дом 5, строение 2",Таганский район,Центральный административный округ,кафе,55.7420286101035,37.6533397661273,1907830.9168002459,6412396.651548008,2446.021715953545
2275,Кафе «Марукамэ»,"город Москва, улица Ленинская Слобода, дом 17",Даниловский район,Южный административный округ,кафе,55.70983329220757,37.65708072462118,1909255.4335097407,6409005.151247728,5498.735796671383
2277,Пицца Хат,"город Москва, улица Ленинская Слобода, дом 17, строение 2",Даниловский район,Южный административный округ,кафе,55.70941558834799,37.657137159137605,1909274.3962370658,6408961.314416826,5543.549628002326
2283,Чайхона №1,"город Москва, Таганская площадь, дом 12, строение 5",Таганский район,Центральный административный округ,кафе,55.740180359222684,37.65427945009378,1907956.770295419,6412217.164601015,2615.0051362398945
2284,Караоке «ЭХО»,"город Москва, Таганская площадь, дом 12, строение 5",Таганский район,Центральный административный округ,кафе,55.7401653874103,37.6539620386191,1907938.0277784637,6412208.8929950185,2599.5225296308276
2285,Гурия,"город Москва, Таганская площадь, дом 12, строение 5",Таганский район,Центральный административный округ,ресторан,55.7401986060975,37.6548389837054,1907990.1124278174,6412230.868148804,2643.0026548920478
2286,Чайхана Халва,"город Москва, Верхняя Радищевская улица, дом 16, строение 2",Таганский район,Центральный административный округ,кафе,55.743346938078254,37.65056344999113,1907613.108771887,6412480.508345215,2214.702765653465
2287,Мегрелия,"город Москва, улица Большие Каменщики, дом 1",Таганский район,Центральный административный округ,кафе,55.739920848885156,37.65403989358625,1907951.853779275,6412184.170631919,2620.1284946325777
2288,Клуб Дорффман,"город Москва, улица Большие Каменщики, дом 1",Таганский район,Центральный административный округ,ресторан,55.7497825262535,37.6449176298208,1907030.6579382874,6413055.735378417,1577.1486995133362
2289,Никола Тесла,"город Москва, Шарикоподшипниковская улица, дом 38, строение 1",Южнопортовый район,Юго-Восточный административный округ,ресторан,55.71440564878719,37.67715576999271,1910306.8812792888,6409919.490718677,5735.940392460328
2315,Эгоистка,"город Москва, проспект Мира, дом 7, строение 3",Мещанский район,Центральный административный округ,кафе,55.7748126749425,37.631513520797,1905285.9546002578,6415472.525408086,2498.769874917052
2316,Хорошее дело,"город Москва, Большой Сухаревский переулок, дом 25, строение 1",Мещанский район,Центральный административный округ,кафе,55.77086045068586,37.632058069063746,1905465.8806437927,6415057.977388009,2078.4999419322003
2317,SoupMe Ресторан в стакане,"город Москва, Малый Сухаревский переулок, дом 9, строение 1",Мещанский район,Центральный административный округ,кафе,55.770656987948385,37.6244774929719,1905012.8847082835,6414877.306864104,1948.7003764749995
2318,М Арс,"город Москва, Пушкарёв переулок, дом 5",Мещанский район,Центральный административный округ,кафе,55.7689553758304,37.6267644392084,1905215.0354155933,6414741.794969932,1778.6009784102973
2319,Шоколадница,"город Москва, улица Кузнецкий Мост, дом 11, строение 1",Мещанский район,Центральный административный округ,кафе,55.762111220848,37.621843806955,1905170.2260275392,6413901.10208964,964.6968521308434
2320,Джаганнат,"город Москва, улица Кузнецкий Мост, дом 11, строение 1",Мещанский район,Центральный административный округ,ресторан,55.7621413964318,37.62196306261,1905176.3527034712,6413906.851365258,968.4079160387906
2321,Кафе ФГУП ГК «Славянка»,"город Москва, Суворовская площадь, дом 2, строение 1",Тверской район,Центральный административный округ,кафе,55.7790576525162,37.6158845745331,1904178.90753151,6415602.858906783,2917.413663197711
2322,Кофе Хаус,"город Москва, проспект Мира, дом 42",Мещанский район,Центральный административный округ,кафе,55.780562832879,37.6337218260863,1905206.4264382387,6416138.489698371,3168.7780294273334
2323,Слава,"город Москва, проспект Мира, дом 21, строение 2",Мещанский район,Центральный административный округ,кафе,55.77856434255258,37.63158918169563,1905151.1540153185,6415878.444076028,2914.8567249268485
2324,Райский пирожок,"город Москва, проспект Мира, дом 26, строение 1",Мещанский район,Центральный административный округ,кафе,55.777355618695,37.6334914194168,1905311.6123573799,6415788.012414502,2812.1842338918063
2325,Мадам Галифе,"город Москва, проспект Мира, дом 26, строение 1",Мещанский район,Центральный административный округ,ресторан,55.7773893617073,37.6334233296111,1905306.2225623892,6415790.222994837,2814.6723485280295
2326,Kusselita,"город Москва, проспект Мира, дом 26, строение 1",Мещанский район,Центральный административный округ,кафе,55.7776821179525,37.63324479684794,1905284.4995371862,6415818.0353752505,2843.6684979239344
2327,Хачапури,"город Москва, проспект Мира, дом 26, строение 1",Мещанский район,Центральный административный округ,кафе,55.7776821179525,37.63324479684794,1905284.4995371862,6415818.0353752505,2843.6684979239344
2328,Upside Down Cake,"город Москва, проспект Мира, дом 26, строение 1",Мещанский район,Центральный административный округ,кафе,55.7776821179525,37.63324479684794,1905284.4995371862,6415818.0353752505,2843.6684979239344
2329,Андерсон,"город Москва, улица Гиляровского, дом 39, строение 3",Мещанский район,Центральный административный округ,кафе,55.78355418189671,37.63214385395061,1904999.4304557736,6416427.830707827,3478.336004164852
2340,ГОСТИНИЧНЫЙ КОМПЛЕКС МО РФ СЛАВЯНКА,"город Москва, Суворовская площадь, дом 2, строение 3",Мещанский район,Центральный административный округ,кафе,55.7806572275217,37.6194369953548,1904335.2876904646,6415849.60118759,3080.909396061011
2341,Серебряный век,"город Москва, Театральный проезд, дом 3, строение 2",Мещанский район,Центральный административный округ,ресторан,55.7595451958718,37.6222905145716,1905292.6606095424,6413633.884496571,674.3014048288834
2342,Starbucks,"город Москва, улица Кузнецкий Мост, дом 21/5",Мещанский район,Центральный административный округ,кафе,55.7619900087741,37.6268502698967,1905478.9711223142,6413992.872087352,1013.6431777211762
2343,London beer&grill,"город Москва, улица Кузнецкий Мост, дом 21/5",Мещанский район,Центральный административный округ,кафе,55.76263333733777,37.62672945679975,1905447.7344635418,6414059.679839562,1080.2025941036316
2344,Антракт,"город Москва, Пушечная улица, дом 9/6, строение 1",Мещанский район,Центральный административный округ,ресторан,55.76103360396421,37.62445057464722,1905368.66098372,6413839.537811739,864.3919311080591
2346,Ла Прима Маргарита,"город Москва, улица Гиляровского, дом 57, строение 1",Мещанский район,Центральный административный округ,кафе,55.78723690719144,37.632216594228396,1904866.9977095646,6416826.248865277,3891.4787329142287
2347,Савой,"город Москва, улица Рождественка, дом 3/6, строение 1",Мещанский район,Центральный административный округ,ресторан,55.7602877108125,37.6233955846854,1905332.2468754011,6413737.053207741,767.4865882266079
2348,Кавказская пленница,"город Москва, проспект Мира, дом 36, строение 1",Мещанский район,Центральный административный округ,ресторан,55.778950212384,37.6334368149367,1905249.0410653977,6415958.723771936,2986.3546773389667
2349,Французская кондитерская,"город Москва, улица Щепкина, дом 47, строение 1",Мещанский район,Центральный административный округ,кафе,55.78135937114426,37.628966773079256,1904888.0242142864,6416124.764147528,3196.01662046656
2350,Крошка Картошка,"город Москва, улица Щепкина, дом 47, строение 1",Мещанский район,Центральный административный округ,кафе,55.7812594256582,37.6290711389605,1904898.0763089675,6416116.177787149,3185.793254158694
2351,Чайхона №1,"город Москва, проспект Мира, дом 28",Мещанский район,Центральный административный округ,ресторан,55.7779594842714,37.6334297670843,1905285.4281547018,6415851.801997671,2877.3198441978952
2353,Ресторан «САНДУНОВСКИЕ БАНИ»,"город Москва, Неглинная улица, дом 14, строение 4",Мещанский район,Центральный административный округ,ресторан,55.7644197318312,37.6213671212142,1905055.5339166583,6414139.936219735,1227.3783793577463
2358,Garnets & Рассольников,"город Москва, проспект Мира, дом 68, строение 1А",Мещанский район,Центральный административный округ,ресторан,55.78773398418088,37.63587859186038,1905070.8985125483,6416956.503288266,3995.538441377591
2359,Баскин Роббинс,"город Москва, Театральный проезд, дом 5, строение 1",Мещанский район,Центральный административный округ,кафе,55.760161605011085,37.624867007210156,1905426.3533252063,6413754.273265891,775.3116827455458
2360,Теремок,"город Москва, Театральный проезд, дом 5, строение 1",Мещанский район,Центральный административный округ,кафе,55.760161605011085,37.624867007210156,1905426.3533252063,6413754.273265891,775.3116827455458
2361,СушиМаке,"город Москва, Театральный проезд, дом 5, строение 1",Мещанский район,Центральный административный округ,кафе,55.760161605011085,37.624867007210156,1905426.3533252063,6413754.273265891,775.3116827455458
2362,Грабли,"город Москва, Театральный проезд, дом 5, строение 1",Мещанский район,Центральный административный округ,ресторан,55.760161605011085,37.624867007210156,1905426.3533252063,6413754.273265891,775.3116827455458
2363,Крошка Картошка,"город Москва, Театральный проезд, дом 5, строение 1",Мещанский район,Центральный административный округ,кафе,55.760161605011085,37.624867007210156,1905426.3533252063,6413754.273265891,775.3116827455458
2378,ГУК «ГОСУДАРСТВЕННЫЙ ТЕАТР КИНОАКТЕРА»,"город Москва, Поварская улица, дом 33, строение 1",район Арбат,Центральный административный округ,ресторан,55.75685241983585,37.58624285936129,1903201.572834119,6412589.453681469,2287.282821417822
2379,Oli oli,"город Москва, Поварская улица, дом 33, строение 1",район Арбат,Центральный административный округ,ресторан,55.75685855522403,37.586267732556585,1903202.8573360422,6412590.635016312,2285.8158765226526
2380,Белый,"город Москва, улица Арбат, дом 55/32",район Арбат,Центральный административный округ,ресторан,55.747129377249216,37.585400818790056,1903510.8050550832,6411523.741429398,2429.0965917858393
2381,Кафе БарДак,"город Москва, улица Арбат, дом 35",район Арбат,Центральный административный округ,кафе,55.74929124483634,37.59159966124662,1903807.553378038,6411886.400540923,1977.4017767486127
2382,ДОМ АКТЕРА,"город Москва, улица Арбат, дом 35",район Арбат,Центральный административный округ,ресторан,55.748981545918085,37.591839881039355,1903833.641419828,6411858.040181466,1971.707024727194
2383,«БИ-БА-БО» БОУЛИНГ ЦЕНТР,"город Москва, Карманицкий переулок, дом 9",район Арбат,Центральный административный округ,кафе,55.7482668896724,37.5836023317405,1903359.2907130164,6411608.7631761115,2504.4772441889418
2384,Му-Му,"город Москва, Карманицкий переулок, дом 9",район Арбат,Центральный административный округ,кафе,55.748270946365515,37.58352239508171,1903354.280087585,6411607.529388921,2509.3466206887833
2385,Синнабон,"город Москва, улица Арбат, дом 22/2, строение 4",район Арбат,Центральный административный округ,кафе,55.75014588782653,37.593189445342055,1903872.5183083895,6412011.774000015,1855.226685542555
2386,Кебаб хаус,"город Москва, улица Арбат, дом 22/2, строение 1",район Арбат,Центральный административный округ,кафе,55.750113884315255,37.59301168490638,1903862.8978130915,6412004.60656585,1867.1736836162431
2387,Прайм стар,"город Москва, улица Арбат, дом 54/2, строение 1",район Арбат,Центральный административный округ,кафе,55.74749429466101,37.58312563997993,1903358.941794442,6411515.513505243,2556.9917639992964
2388,Шоколадница,"город Москва, улица Арбат, дом 54/2, строение 1",район Арбат,Центральный административный округ,кафе,55.74749429466101,37.58312563997993,1903358.941794442,6411515.513505243,2556.9917639992964
2389,PAUL Поль,"город Москва, улица Арбат, дом 54/2, строение 1",район Арбат,Центральный административный округ,кафе,55.74722334265365,37.5831967220447,1903373.3060624106,6411487.791284411,2561.2741092088236
2390,Хлеб насущный,"город Москва, 2-й Смоленский переулок, дом 1/4",район Арбат,Центральный административный округ,кафе,55.74704038648384,37.58151225398585,1903277.6648300644,6411432.856027839,2671.038083380652
2391,ПАНАЕХАЛИ,"город Москва, 2-й Смоленский переулок, дом 1/4",район Арбат,Центральный административный округ,ресторан,55.74684394351481,37.58185417751044,1903305.7354039184,6411418.827176425,2656.419904395627
2392,ЦЕНТР ПАВЛА СЛОБОДКИНА,"город Москва, улица Арбат, дом 48, строение 1",район Арбат,Центральный административный округ,кафе,55.74766652771996,37.5849227007028,1903461.8240186288,6411571.649007381,2440.535251386845
2393,Zinger Grill,"город Москва, улица Арбат, дом 12, строение 2",район Арбат,Центральный административный округ,ресторан,55.7509283432766,37.59550033100586,1903983.9940398396,6412144.449590162,1691.8073623686269
2394,Кондитерская Волконский,"город Москва, улица Воздвиженка, дом 7/6, строение 1",район Арбат,Центральный административный округ,кафе,55.75244,37.605472,1904534.122633189,6412516.003897068,1031.2599837641603
2395,MeatChell,"город Москва, Новинский бульвар, дом 22, строение 1",район Арбат,Центральный административный округ,кафе,55.75653078178386,37.58491639949332,1903132.864894849,6412527.053951538,2366.148859603342
2396,Брусника,"город Москва, Большой Кисловский переулок, дом 1, строение 2",район Арбат,Центральный административный округ,кафе,55.75374034091486,37.60556783971039,1904491.7019927695,6412658.172257493,1015.8133243493453
2397,Блюм кафе,"город Москва, Большой Кисловский переулок, дом 1, строение 2",район Арбат,Центральный административный округ,ресторан,55.75374034091486,37.60556783971039,1904491.7019927695,6412658.172257493,1015.8133243493453
2398,Эль Гаучито,"город Москва, Поварская улица, дом 11, строение 1",район Арбат,Центральный административный округ,ресторан,55.75404528628912,37.59427513267961,1903793.9207330702,6412454.810062921,1742.314492552121
2399,Shake Shack,"город Москва, улица Арбат, дом 38/1, строение 1",район Арбат,Центральный административный округ,ресторан,55.7485848882653,37.5879946624685,1903614.560461339,6411734.87427787,2222.0754321816394
2400,ВЕНЕЦИЯ,"город Москва, улица Арбат, дом 38/1, строение 1",район Арбат,Центральный административный округ,ресторан,55.7485975037828,37.58799597743914,1903614.1727348894,6411736.26168132,2221.619936376369
2401,ШАШЛЫК-МАШЛЫК,"город Москва, улица Арбат, дом 38/1, строение 1",район Арбат,Центральный административный округ,ресторан,55.7485975037828,37.58799597743914,1903614.1727348894,6411736.26168132,2221.619936376369
2402,SIXTIES,"город Москва, улица Арбат, дом 16/2, строение 3",район Арбат,Центральный административный округ,кафе,55.7505000384322,37.5943759239226,1903931.5188724028,6412074.763747685,1772.1807027947793
2403,Бабель,"город Москва, 1-й Николощеповский переулок, дом 6, строение 2",район Арбат,Центральный административный округ,ресторан,55.748706,37.580544,1903157.0657805155,6411592.1682291785,2684.5527165141852
2404,Ля Марэ,"город Москва, Проточный переулок, дом 7",район Арбат,Центральный административный округ,ресторан,55.750190770125585,37.5805890715242,1903104.7817923268,6411753.16670776,2651.2424797148847
2405,Кальянная Библиотека,"город Москва, улица Арбат, дом 42, строение 4",район Арбат,Центральный административный округ,кафе,55.74872391488864,37.58684158480882,1903539.2994219137,6411725.751445187,2289.793798537844
2406,ТОКИО,"город Москва, Малый Афанасьевский переулок, дом 14/34, строение 2",район Арбат,Центральный административный округ,ресторан,55.75071117264483,37.59743640525351,1904109.751206085,6412161.536502133,1574.7108302730426
2407,Нордека,"город Москва, Трубниковский переулок, дом 15, строение 2",район Арбат,Центральный административный округ,ресторан,55.754365,37.586446,1903306.1330901918,6412325.568366149,2246.5031909884406
2408,Кофемания,"город Москва, улица Новый Арбат, дом 19",район Арбат,Центральный административный округ,кафе,55.75196715845947,37.58851112895049,1903520.5706634796,6412110.268139852,2121.073414394304
2409,РУМ СЕРВИС,"город Москва, Кутузовский проспект, дом 2/1, строение 1",район Дорогомилово,Западный административный округ,ресторан,55.75147804089252,37.56568914316484,1902151.1899302297,6411580.612489551,3588.089869486768
2410,ТАТЛЕР КЛАБ,"город Москва, Кутузовский проспект, дом 2/1, строение 1",район Дорогомилово,Западный административный округ,ресторан,55.7519056476043,37.5656260578916,1902131.5182073656,6411625.392238061,3589.0798584127065
2411,РЕСТОРАН БАНКЕТНОГО ОБСЛУЖИВАНИЯ,"город Москва, Кутузовский проспект, дом 2/1, строение 1",район Дорогомилово,Западный административный округ,ресторан,55.7517770412482,37.5657461135931,1902143.5803355915,6411614.035634046,3582.2255495807967
2412,РЕСТОРАН ВЕРАНДА,"город Москва, Кутузовский проспект, дом 2/1, строение 1",район Дорогомилово,Западный административный округ,ресторан,55.7512337976054,37.5660789036351,1902183.9327044028,6411562.423235408,3565.1516845573296
2413,Black star burgers,"город Москва, улица Новый Арбат, дом 15",район Арбат,Центральный административный округ,кафе,55.75206206351795,37.59235447981303,1903750.7037286037,6412200.8649351075,1874.0615894993493
2414,Дымократия,"город Москва, улица Новый Арбат, дом 15",район Арбат,Центральный административный округ,кафе,55.75206206351795,37.59235447981303,1903750.7037286037,6412200.8649351075,1874.0615894993493
2415,Сопрано караоке,"город Москва, улица Новый Арбат, дом 17",район Арбат,Центральный административный округ,кафе,55.75207024403551,37.59098916248665,1903667.3980363111,6412173.1956259785,1961.3553987010027
2416,Обед Буфет,"город Москва, улица Новый Арбат, дом 15",район Арбат,Центральный административный округ,ресторан,55.75206206351795,37.59235447981303,1903750.7037286037,6412200.8649351075,1874.0615894993493
2417,Фудмаркет. Яшечкина,"город Москва, улица Новый Арбат, дом 21",район Арбат,Центральный административный округ,ресторан,55.751993247677646,37.5854989850008,1903336.4817191574,6412050.104819593,2313.7409053903534
2418,Фудмаркет. Грачева,"город Москва, улица Новый Арбат, дом 21",район Арбат,Центральный административный округ,ресторан,55.751993247677646,37.5854989850008,1903336.4817191574,6412050.104819593,2313.7409053903534
2419,Фудмаркет. Шапиро,"город Москва, улица Новый Арбат, дом 21",район Арбат,Центральный административный округ,ресторан,55.751993247677646,37.5854989850008,1903336.4817191574,6412050.104819593,2313.7409053903534
2420,Фудмаркет. Салпагарова,"город Москва, улица Новый Арбат, дом 21",район Арбат,Центральный административный округ,ресторан,55.751993247677646,37.5854989850008,1903336.4817191574,6412050.104819593,2313.7409053903534
2421,Steak it easy,"город Москва, улица Новый Арбат, дом 21",район Арбат,Центральный административный округ,ресторан,55.751993247677646,37.5854989850008,1903336.4817191574,6412050.104819593,2313.7409053903534
2422,Лаборатория,"город Москва, улица Новый Арбат, дом 21",район Арбат,Центральный административный округ,кафе,55.751993247677646,37.5854989850008,1903336.4817191574,6412050.104819593,2313.7409053903534
2423,Who is who,"город Москва, улица Новый Арбат, дом 21",район Арбат,Центральный административный округ,кафе,55.751993247677646,37.5854989850008,1903336.4817191574,6412050.104819593,2313.7409053903534
2424,Чайхона №1,"город Москва, улица Новый Арбат, дом 21",район Арбат,Центральный административный округ,ресторан,55.751993247677646,37.5854989850008,1903336.4817191574,6412050.104819593,2313.7409053903534
2425,Фуд маркет,"город Москва, улица Новый Арбат, дом 21",район Арбат,Центральный административный округ,кафе,55.751993247677646,37.5854989850008,1903336.4817191574,6412050.104819593,2313.7409053903534
2426,Фудмаркет.Швыдкой,"город Москва, улица Новый Арбат, дом 21",район Арбат,Центральный административный округ,ресторан,55.751993247677646,37.5854989850008,1903336.4817191574,6412050.104819593,2313.7409053903534
2427,Фудмаркет.Паритова,"город Москва, улица Новый Арбат, дом 21",район Арбат,Центральный административный округ,ресторан,55.751993247677646,37.5854989850008,1903336.4817191574,6412050.104819593,2313.7409053903534
2428,Фудмаркет. Рогачикова,"город Москва, улица Новый Арбат, дом 21",район Арбат,Центральный административный округ,ресторан,55.751993247677646,37.5854989850008,1903336.4817191574,6412050.104819593,2313.7409053903534
2429,Фудмаркет. Галичкин,"город Москва, улица Новый Арбат, дом 21",район Арбат,Центральный административный округ,ресторан,55.751993247677646,37.5854989850008,1903336.4817191574,6412050.104819593,2313.7409053903534
2430,Барашка,"город Москва, улица Новый Арбат, дом 21",район Арбат,Центральный административный округ,ресторан,55.75199330295141,37.58559339259537,1903342.2191571184,6412052.084447539,2307.6915530427887
2431,Пентхаус,"город Москва, улица Новый Арбат, дом 21",район Арбат,Центральный административный округ,кафе,55.75199330295141,37.58559339259537,1903342.2191571184,6412052.084447539,2307.6915530427887
2432,ГЕНАЦВАЛИ,"город Москва, улица Новый Арбат, дом 11, строение 2",район Арбат,Центральный административный округ,ресторан,55.7518139393311,37.5964002633609,1904005.861052357,6412258.733752803,1618.8068881155582
2433,MUKUZANI,"город Москва, Никитский бульвар, дом 7",район Арбат,Центральный административный округ,ресторан,55.753698388125464,37.59990631354587,1904149.1025890978,6412535.200779003,1379.7444035353253
2486,Кафе-столовая,"город Москва, Таганская улица, дом 25-27",Таганский район,Центральный административный округ,кафе,55.739787,37.665974,1908682.4400989825,6412420.143194474,3275.206583573253
2487,"Кафе, столовая, пицца, пончики","город Москва, Таганская улица, дом 32/1, строение 1",Таганский район,Центральный административный округ,кафе,55.739386904292914,37.664714308255874,1908620.733781721,6412350.586800673,3227.25499711155
2488,Кулинарная лавка Два кренделя,"город Москва, Большой Дровяной переулок, дом 8, строение 2",Таганский район,Центральный административный округ,кафе,55.74391520767999,37.656596692240825,1907958.7764844054,6412668.2964944495,2522.693238183709
2489,Блэк джи лоунж,"город Москва, Товарищеский переулок, дом 19",Таганский район,Центральный административный округ,кафе,55.74349695108274,37.66391930566062,1908419.50812897,6412776.852818167,2971.0747832010616
2490,Буфет,"город Москва, улица Александра Солженицына, дом 46",Таганский район,Центральный административный округ,ресторан,55.745881605286,37.6679148899142,1908573.6899935526,6413117.699725251,3121.398074668145
2491,"Лондон гриль, Море Суши","город Москва, улица Александра Солженицына, дом 3",Таганский район,Центральный административный округ,кафе,55.7422158333969,37.6556250082078,1907962.8943880913,6412464.764001599,2559.828714338807
2492,Джаганнат,"город Москва, Верхняя Радищевская улица, дом 9А, строение 1",Таганский район,Центральный административный округ,кафе,55.7443537389248,37.6498314367361,1907531.1761187937,6412573.666884298,2115.123402918407
2493,Золотая рыбка,"город Москва, улица Солянка, дом 11/6, строение 1",Таганский район,Центральный административный округ,ресторан,55.7516241567992,37.6413878427572,1906747.6495640257,6413180.230537703,1307.7929746054792
2494,Клуб Мачо,"город Москва, Певческий переулок, дом 4, строение 1",Таганский район,Центральный административный округ,кафе,55.7520830413715,37.6419350133957,1906763.854754523,6413241.15659648,1334.4061726395169
2495,Кампус,"город Москва, Большая Андроньевская улица, дом 23",Таганский район,Центральный административный округ,кафе,55.7405428708304,37.6718470083296,1909011.3894843603,6412624.879808117,3573.6754894648957
2496,Дарбази,"город Москва, Николоямская улица, дом 16/2, строение 7",Таганский район,Центральный административный округ,ресторан,55.7472040974262,37.6525351034248,1907589.5674985526,6412937.565430248,2134.626889541669
2497,Папа Джонс,"город Москва, Большой Факельный переулок, дом 3, строение 2",Таганский район,Центральный административный округ,кафе,55.742646619446404,37.66368759802804,1908437.0530479795,6412680.348565676,2996.670055477212
2498,ЭКСПЕДИЦИЯ,"город Москва, Певческий переулок, дом 6",Таганский район,Центральный административный округ,ресторан,55.7520950790691,37.6418959041178,1906761.030164435,6413241.634251636,1331.7304663857833
2499,Barton,"город Москва, улица Станиславского, дом 15",Таганский район,Центральный административный округ,ресторан,55.7448912165214,37.661392,1908214.0016207523,6412874.08596711,2760.6624636827296
2500,Гриль & Гирос,"город Москва, Верхняя Радищевская улица, дом 15, строение 1",Таганский район,Центральный административный округ,кафе,55.743447646882295,37.65220624162943,1907709.2411357174,6412525.81531496,2299.0969788259777
2501,Жан Жак,"город Москва, Верхняя Радищевская улица, дом 15, строение 2",Таганский район,Центральный административный округ,кафе,55.7434357825391,37.6520415759643,1907699.6711296912,6412521.083107811,2290.6582770892364
2502,Кулинарная лавка братьев Караваевых,"город Москва, Николоямская улица, дом 29, строение 1",Таганский район,Центральный административный округ,кафе,55.747315041833616,37.65668933107484,1907837.9759075283,6413036.653117738,2383.308559818283
2503,Ресторан «Золотая Вобла»,"город Москва, Марксистская улица, дом 18/8, строение 1",Таганский район,Центральный административный округ,кафе,55.7388033968773,37.6589509473862,1908292.0121071294,6412166.763162792,2950.7939330071063
2504,Стумари,"город Москва, Тессинский переулок, дом 4, строение 2",Таганский район,Центральный административный округ,кафе,55.7502535088964,37.6496222244327,1907299.1248649317,6413205.132419659,1857.526362747021
2505,ТРУФФАЛЬДИНО,"город Москва, Марксистская улица, дом 20, строение 1",Таганский район,Центральный административный округ,ресторан,55.7384107965458,37.6598628984516,1908362.0627118242,6412143.584918324,3024.520522887504
2506,Мясорубка,"город Москва, улица Александра Солженицына, дом 27",Таганский район,Центральный административный округ,кафе,55.74531678459773,37.66463968867,1908395.6035679483,6412988.095921749,2940.2634910455326
2507,Прожектор,"город Москва, Славянская площадь, дом 2/5/4, строение 3",Таганский район,Центральный административный округ,ресторан,55.7534536249922,37.63457503186,1906265.5611719477,6413234.6374246925,849.4297438971051
2508,Бар-ресторан «1929»,"город Москва, Славянская площадь, дом 2/5/4, строение 3",Таганский район,Центральный административный округ,ресторан,55.753256,37.634547,1906271.1996288123,6413212.75017308,848.5340603037574
2509,Либерти,"город Москва, Славянская площадь, дом 2/5/4, строение 3",Тверской район,Центральный административный округ,ресторан,55.7535657311265,37.634414893409,1906251.6624617781,6413243.364861618,838.8872656969768
2510,Stay True,"город Москва, Славянская площадь, дом 2/5/4, строение 3",Таганский район,Центральный административный округ,кафе,55.753143605322954,37.634804733109036,1906291.0412846222,6413206.036557485,865.8478372667652
2511,Паб Ло Пикассо,"город Москва, Славянская площадь, дом 2/5/4, строение 3",Таганский район,Центральный административный округ,ресторан,55.753143605322954,37.634804733109036,1906291.0412846222,6413206.036557485,865.8478372667652
2512,ВИТЕЛИЯ,"город Москва, Большая Калитниковская улица, дом 42",Таганский район,Центральный административный округ,кафе,55.73567875306522,37.69044269927436,1910323.0865822842,6412491.245608777,4892.160074322232
2513,ПАБ-Солодоварня 1516,"город Москва, Абельмановская улица, дом 4, строение 1",Таганский район,Центральный административный округ,кафе,55.7365806228862,37.6707204805436,1909090.331608478,6412174.216287838,3723.11168902657
2514,Чайхана Дружба народов,"город Москва, 1-я Дубровская улица, дом 1, строение 3",Таганский район,Центральный административный округ,кафе,55.7299719548068,37.668451331717,1909198.2222553196,6411414.345984599,4056.943798885321
2515,Кулинарная лавка братьев Караваевых,"город Москва, улица Солянка, дом 4, строение 4",Таганский район,Центральный административный округ,кафе,55.753713643685245,37.63720355933663,1906415.6683391868,6413317.739597375,1018.1402194162922
2516,Прайм стар,"город Москва, улица Солянка, дом 4, строение 4",Таганский район,Центральный административный округ,ресторан,55.753713643685245,37.63720355933663,1906415.6683391868,6413317.739597375,1018.1402194162922
2517,Кафе «Радуга»,"город Москва, Таганская улица, дом 40, строение 2",Таганский район,Центральный административный округ,кафе,55.73849450931965,37.66667050215483,1908772.8715611985,6412295.466776203,3387.3055562706204
2518,Кафе,"город Москва, Таганская улица, дом 40, строение 2",Таганский район,Центральный административный округ,кафе,55.738536,37.666674,1908771.5406848958,6412300.011737004,3385.0868672830716
2519,Домашняя кухня,"город Москва, улица Александра Солженицына, дом 42",Таганский район,Центральный административный округ,кафе,55.74562559913571,37.66731189895072,1908546.5594761025,6413077.45491573,3092.758336054871
2520,То Да Сё,"город Москва, Нижегородская улица, дом 8",Таганский район,Центральный административный округ,кафе,55.7381601342686,37.6790675149977,1909539.0698964002,6412519.701846969,4109.5212411812445
2521,Кулинарная лавка братьев Караваевых,"город Москва, улица Земляной Вал, дом 76/21, строение 1",Таганский район,Центральный административный округ,кафе,55.74325009843792,37.65388540340661,1907818.673460215,6412539.7428222345,2403.8875464205225
2522,Стейкс,"город Москва, улица Земляной Вал, дом 76/21, строение 1",Таганский район,Центральный административный округ,ресторан,55.7430311501702,37.6535006986683,1907803.4255396496,6412508.076561974,2394.9301286525856
2525,Теремок,"город Москва, улица Новый Арбат, дом 17",район Арбат,Центральный административный округ,кафе,55.7491515213649,37.5897821413099,1903702.2313165457,6411833.331503798,2094.5514990215956
2526,Вареничная №1,"город Москва, улица Новый Арбат, дом 17",район Арбат,Центральный административный округ,кафе,55.75207024403551,37.59098916248665,1903667.3980363111,6412173.1956259785,1961.3553987010027
2527,Граци рагацци Зю Кафе,"город Москва, улица Новый Арбат, дом 17",район Арбат,Центральный административный округ,ресторан,55.75207024403551,37.59098916248665,1903667.3980363111,6412173.1956259785,1961.3553987010027
2528,Китайские новости,"город Москва, улица Новый Арбат, дом 17",район Арбат,Центральный административный округ,ресторан,55.75207024403551,37.59098916248665,1903667.3980363111,6412173.1956259785,1961.3553987010027
2529,Догма болт шоп,"город Москва, Большой Спасоглинищевский переулок, дом 9/1, строение 10",Басманный район,Центральный административный округ,кафе,55.75498267410897,37.63729431886256,1906374.030492269,6413456.415358464,1035.0909881977684
2530,Виновники wine+kitchen,"город Москва, Комсомольский проспект, дом 7, строение 2",район Хамовники,Центральный административный округ,кафе,55.731342747114624,37.59189327549858,1904490.85031659,6409957.7421391355,3171.9568279235723
2535,"Кафе Шаурма, Донер кебаб","город Москва, Большая Тульская улица, дом 50",Донской район,Южный административный округ,кафе,55.7045754856395,37.62109816538595,1907260.7954485468,6407683.764721019,5595.0406112236415
2537,ЛУАР,"город Москва, улица Россолимо, дом 17, строение 1",район Хамовники,Центральный административный округ,кафе,55.733532527954246,37.577978546767795,1903563.286696578,6409902.820943714,3611.909854816534
2542,Кафе «Свой круг»,"город Москва, 2-й Кожевнический переулок, дом 12",Даниловский район,Южный административный округ,кафе,55.72515186408056,37.64754898454321,1908106.1157852923,6410456.231941929,3659.7059631212696
2544,Спорт Бар Групп,"город Москва, Турчанинов переулок, дом 3, строение 1",район Хамовники,Центральный административный округ,ресторан,55.7365729956379,37.5963191189673,1904566.126500806,6410614.1425849125,2526.986001334717
2545,Сирень,"город Москва, Песочная аллея, дом 1",район Сокольники,Восточный административный округ,кафе,55.7950161709864,37.6709028707574,1906926.4928885486,6418475.286924267,5689.277845851123
2557,Чебуречная СССР,"город Москва, Новослободская улица, дом 26, строение 2",Тверской район,Центральный административный округ,кафе,55.78313045319649,37.5984565931768,1902969.1510778412,6415677.2951526195,3668.688412887378
2567,Второе кафе,"город Москва, Колокольников переулок, дом 2",Мещанский район,Центральный административный округ,кафе,55.7678568741701,37.624279612884926,1905104.8609734362,6414571.370705875,1629.9949883633255
2570,СТОЛОВАЯ,"город Москва, Кремлёвская набережная, дом 1, строение 2",район Хамовники,Центральный административный округ,ресторан,55.7476094932438,37.6106862006423,1905030.3562881812,6412104.450897867,972.8000893323185
2571,Папа Джонс,"город Москва, Новокузнецкая улица, дом 11/13",район Замоскворечье,Центральный административный округ,кафе,55.73824428497503,37.63121420445818,1906626.2213731424,6411524.9243063275,1867.280379909633
2575,Andy's friends,"город Москва, Чистопрудный бульвар, дом 5",Басманный район,Центральный административный округ,кафе,55.763614667802635,37.64226696806506,1906355.4300516169,6414490.943275467,1759.144029689767
2576,ЦЕНТР СЕРВИС-Л,"город Москва, улица Сущёвский Вал, дом 2",Тверской район,Центральный административный округ,ресторан,55.791299525186,37.5904198396145,1902178.0144786527,6416389.806672483,4729.810665354246
2577,ресторан «Молли Гвинз»,"город Москва, Пятницкая улица, дом 24",район Замоскворечье,Центральный административный округ,кафе,55.74127721186124,37.628273418942086,1906334.7583194363,6411790.209907434,1479.1129319545935
2582,Bodrum,"город Москва, улица Новая Дорога, дом 11, строение 6",Басманный район,Центральный административный округ,кафе,55.7730833076074,37.7013620363278,1909593.0315135492,6416751.32579556,5598.841431413677
2584,Ресторан ВИНОГРАДНИК,"город Москва, проезд Завода Серп и Молот, дом 5, строение 2",район Лефортово,Юго-Восточный административный округ,ресторан,55.751141,37.708512,1910845.3488802358,6414537.245706827,5610.580937889047
2585,Кафе УЮТ,"город Москва, Красноказарменная улица, дом 15, строение 6",район Лефортово,Юго-Восточный административный округ,кафе,55.75613,37.706312,1910525.6812398315,6415028.583094594,5468.725344896219
2586,Парламент,"город Москва, Бакунинская улица, дом 92, строение 1",Басманный район,Центральный административный округ,ресторан,55.7795971878144,37.693004273036,1908842.691423137,6417277.6552079525,5472.491842304747
2590,Starbucks,"город Москва, Садовая-Самотёчная улица, дом 24/27",Тверской район,Центральный административный округ,кафе,55.7732630908034,37.62071920843726,1904687.7677600037,6415079.510731783,2235.8922931326306
2591,Прайм стар,"город Москва, Садовая-Самотёчная улица, дом 24/27",Тверской район,Центральный административный округ,кафе,55.7732630908034,37.62071920843726,1904687.7677600037,6415079.510731783,2235.8922931326306
2594,Кофе Он,"город Москва, 3-й Кадашёвский переулок, дом 2",район Якиманка,Центральный административный округ,кафе,55.7424755277373,37.6247796045357,1906077.8202918668,6411846.179430517,1293.0161707831587
2595,Луиджи,"город Москва, проспект Мира, дом 61",Мещанский район,Центральный административный округ,кафе,55.7861057714802,37.6345979128092,1905053.6423744133,6416754.209979087,3796.021013051602
2596,АТРИУМ,"город Москва, 1-я Тверская-Ямская улица, дом 34",Тверской район,Центральный административный округ,ресторан,55.7758396061886,37.5866105728879,1902519.9663114836,6414643.8158682,3374.3779381831164
2597,ГРАЦИ,"город Москва, 1-я Тверская-Ямская улица, дом 34",Тверской район,Центральный административный округ,ресторан,55.7758595197524,37.5865803158539,1902517.3897110024,6414645.330017835,3377.3661440393194
2600,Ресторан «ДОН»,"город Москва, Дербеневская улица, дом 1, строение 3",Даниловский район,Южный административный округ,ресторан,55.72573975586969,37.65295459316507,1908413.0748234491,6410632.9902338805,3775.479829300424
2605,СИЭЛЬ,"город Москва, улица Фридриха Энгельса, дом 75, строение 3",Басманный район,Центральный административный округ,кафе,55.7785805028594,37.6937874780706,1908928.1378430987,6417184.552254844,5453.683804588945
2606,Макдоналдс,"город Москва, Русаковская улица, дом 26",район Сокольники,Восточный административный округ,ресторан,55.7886948847246,37.681277655226,1907791.7263565494,6418011.79130392,5548.203006102829
2607,Станция Савеловская,"город Москва, Складочная улица, дом 1, строение 14",Бутырский район,Северо-Восточный административный округ,кафе,55.799267985812,37.5937786317427,1902086.3685422568,6417318.863290693,5493.641041026393
2610,Без Понтов,"город Москва, Саввинская набережная, дом 15",район Хамовники,Центральный административный округ,кафе,55.73481974344742,37.56620633980558,1902799.5321302111,6409795.563575917,4146.186181168281
2611,Meet Meat,"город Москва, Нижняя Красносельская улица, дом 35, строение 59",Басманный район,Центральный административный округ,кафе,55.77637036090664,37.67427694636977,1907825.5367683324,6416536.829554852,4274.615441580622
2612,The Hummus,"город Москва, Нижняя Красносельская улица, дом 35, строение 59",Басманный район,Центральный административный округ,кафе,55.77637036090664,37.67427694636977,1907825.5367683324,6416536.829554852,4274.615441580622
2613,Пунш Мастер,"город Москва, Нижняя Красносельская улица, дом 35, строение 59",Басманный район,Центральный административный округ,кафе,55.77637036090664,37.67427694636977,1907825.5367683324,6416536.829554852,4274.615441580622
2614,Kafe Les,"город Москва, Нижняя Красносельская улица, дом 35, строение 59",Басманный район,Центральный административный округ,кафе,55.77637036090664,37.67427694636977,1907825.5367683324,6416536.829554852,4274.615441580622
2615,Лес,"город Москва, Нижняя Красносельская улица, дом 35, строение 59",Басманный район,Центральный административный округ,кафе,55.77637036090664,37.67427694636977,1907825.5367683324,6416536.829554852,4274.615441580622
2616,Кухни Кипра,"город Москва, Нижняя Красносельская улица, дом 35, строение 59",Басманный район,Центральный административный округ,кафе,55.77637036090664,37.67427694636977,1907825.5367683324,6416536.829554852,4274.615441580622
2617,OK Food Story,"город Москва, Нижняя Красносельская улица, дом 35, строение 59",Басманный район,Центральный административный округ,кафе,55.77637036090664,37.67427694636977,1907825.5367683324,6416536.829554852,4274.615441580622
2618,I-Chet,"город Москва, Нижняя Красносельская улица, дом 35, строение 59",Басманный район,Центральный административный округ,кафе,55.77637036090664,37.67427694636977,1907825.5367683324,6416536.829554852,4274.615441580622
2619,Maison declaiz,"город Москва, Нижняя Красносельская улица, дом 35, строение 59",Басманный район,Центральный административный округ,кафе,55.77637036090664,37.67427694636977,1907825.5367683324,6416536.829554852,4274.615441580622
2620,Serb s,"город Москва, Нижняя Красносельская улица, дом 35, строение 59",Басманный район,Центральный административный округ,кафе,55.77637036090664,37.67427694636977,1907825.5367683324,6416536.829554852,4274.615441580622
2621,Smoky,"город Москва, Нижняя Красносельская улица, дом 35, строение 59",Басманный район,Центральный административный округ,кафе,55.77637036090664,37.67427694636977,1907825.5367683324,6416536.829554852,4274.615441580622
2622,С любовью Грузия,"город Москва, Нижняя Красносельская улица, дом 35, строение 59",Басманный район,Центральный административный округ,кафе,55.77637036090664,37.67427694636977,1907825.5367683324,6416536.829554852,4274.615441580622
2623,Дагестанские лави,"город Москва, Нижняя Красносельская улица, дом 35, строение 59",Басманный район,Центральный административный округ,кафе,55.77637036090664,37.67427694636977,1907825.5367683324,6416536.829554852,4274.615441580622
2624,Пицца Лукка,"город Москва, Нижняя Красносельская улица, дом 35, строение 59",Басманный район,Центральный административный округ,кафе,55.77637036090664,37.67427694636977,1907825.5367683324,6416536.829554852,4274.615441580622
2625,Барон-Баран,"город Москва, Нижняя Красносельская улица, дом 35, строение 59",Басманный район,Центральный административный округ,кафе,55.77637036090664,37.67427694636977,1907825.5367683324,6416536.829554852,4274.615441580622
2626,Кафе,"город Москва, Нижняя Красносельская улица, дом 35, строение 59",Басманный район,Центральный административный округ,кафе,55.77637036090664,37.67427694636977,1907825.5367683324,6416536.829554852,4274.615441580622
2627,Плов.ком,"город Москва, Нижняя Красносельская улица, дом 35, строение 59",Басманный район,Центральный административный округ,кафе,55.77637036090664,37.67427694636977,1907825.5367683324,6416536.829554852,4274.615441580622
2628,Пур-Пур,"город Москва, Мясницкая улица, дом 46, строение 3",Басманный район,Центральный административный округ,кафе,55.7680198919405,37.6451751218852,1906368.374767442,6415026.654847492,2241.5252769948283
2629,Starlite Diner,"город Москва, улица Коровий Вал, дом 9",район Якиманка,Центральный административный округ,ресторан,55.7451871279917,37.6155330909874,1905414.9454469988,6411944.81398541,1035.4788232040764
2632,Easy Brix,"город Москва, Валовая улица, дом 32/75, строение 1",район Замоскворечье,Центральный административный округ,ресторан,55.73027126513527,37.62591024429441,1906599.7357613684,6410554.406132834,2681.5504745382264
2633,Антикафе Белый лист,"город Москва, Валовая улица, дом 32/75, строение 1",район Замоскворечье,Центральный административный округ,кафе,55.73027126513527,37.62591024429441,1906599.7357613684,6410554.406132834,2681.5504745382264
2634,РАЗГУЛЯЙ,"город Москва, Спартаковская улица, дом 11",Басманный район,Центральный административный округ,ресторан,55.7721479227761,37.6728126035752,1907893.7806324833,6416051.08980964,3921.8069606013464
2638,Mukuzani,"город Москва, 3-я улица Ямского Поля, дом 24",район Беговой,Северный административный округ,ресторан,55.7827405978249,37.5796004758899,1901838.2652239068,6415241.20566877,4265.983502932036
2639,ПРАВDА Кофе,"город Москва, улица Правды, дом 8, корпус 13",район Беговой,Северный административный округ,кафе,55.786242863760094,37.57997901495437,1901731.428136352,6415626.622864935,4568.900452030523
2640,Зеленая поляна,"город Москва, 5-я улица Ямского Поля, дом 7, корпус 2",район Беговой,Северный административный округ,кафе,55.785149,37.58332,1901974.9063362316,6415578.511455268,4343.770894961102
2641,МОРЕМАНИЯ,"город Москва, Комсомольский проспект, дом 24, строение 1",район Хамовники,Центральный административный округ,ресторан,55.7287286974693,37.5801933607739,1903876.000172337,6409431.253602966,3883.868669618768
2642,Бургерная ФАРШ,"город Москва, Комсомольский проспект, дом 24, строение 1",район Хамовники,Центральный административный округ,ресторан,55.7280653935662,37.580557006862,1903922.6993065237,6409367.350093949,3923.86070627073
2643,Якитория,"город Москва, Комсомольский проспект, дом 24, строение 1",район Хамовники,Центральный административный округ,ресторан,55.7280572937686,37.5813148232225,1903969.1023296297,6409382.322466354,3892.1274040450285
2644,Прайм стар,"город Москва, улица Тимура Фрунзе, дом 11, корпус 2",Тверской район,Центральный административный округ,кафе,55.773705,37.589347,1902765.371796789,6414470.919557954,3075.762819772455
2645,Иль Форнетто,"город Москва, улица Тимура Фрунзе, дом 11, корпус 2",район Хамовники,Центральный административный округ,ресторан,55.7355555167767,37.5861301475405,1903984.144918445,6410291.340093896,3064.4213002673914
2646,АРТЕКС,"город Москва, улица Тимура Фрунзе, дом 11, корпус 2",район Хамовники,Центральный административный округ,кафе,55.7356330742752,37.5860496776685,1903976.3759578594,6410298.018044914,3062.309506158754
2647,I Like Grill,"город Москва, улица Тимура Фрунзе, дом 11, строение 44",район Хамовники,Центральный административный округ,ресторан,55.7354842896427,37.5869980083525,1904039.5705551847,6410301.810842839,3028.940427589067
2648,ДЖОН-ДОНН КУРАСАВА,"город Москва, улица Тимура Фрунзе, дом 11, строение 44",район Хамовники,Центральный административный округ,кафе,55.7430806065116,37.6010279563943,1904611.1393749344,6411414.152151123,1778.488901776103
2649,Жан Жак,"город Москва, улица Тимура Фрунзе, дом 11, строение 44",район Хамовники,Центральный административный округ,кафе,55.73527127485259,37.585302486758,1903944.3389291666,6410243.390919789,3125.6163858075956
2653,Dominos Pizza,"город Москва, Маленковская улица, дом 32, строение 2",район Сокольники,Восточный административный округ,кафе,55.78675784945014,37.674790716036945,1907469.999378518,6417666.950597476,5102.054105819026
2654,Тануки,"город Москва, улица Сущёвский Вал, дом 31, строение 1",район Марьина Роща,Северо-Восточный административный округ,ресторан,55.79354369931556,37.60414636423641,1902928.271004434,6416918.619732995,4680.039897067009
2655,ДАЧА НА ПОКРОВКЕ,"город Москва, Покровский бульвар, дом 16-18, строение 4-4А",Басманный район,Центральный административный округ,кафе,55.7541177671341,37.6471492277215,1907005.1525939326,6413569.753353393,1658.3950367265218
2656,Макдоналдс,"город Москва, улица Красная Пресня, дом 31",Пресненский район,Центральный административный округ,кафе,55.7623401175808,37.5634428487847,1901612.365651411,6412704.657899498,3852.802792447626
2657,Планета суши,"город Москва, площадь Тверская Застава, дом 7, строение 1",Тверской район,Центральный административный округ,кафе,55.77687711080536,37.581373185187296,1902163.3120520415,6414646.208505684,3689.9098514556426
2658,ресторан «Брудер»,"город Москва, Бутырская улица, дом 46, строение 1",Бутырский район,Северо-Восточный административный округ,ресторан,55.7994308120446,37.5844445453709,1901513.627088295,6417141.394504816,5732.236204976347
2682,Тажин,"город Москва, Трубная улица, дом 15",Мещанский район,Центральный административный округ,кафе,55.76938696259684,37.62489182513168,1905085.2290833371,6414749.100402382,1807.8889566843316
2686,OXUS,"город Москва, Трифоновская улица, дом 24, строение 1",Мещанский район,Центральный административный округ,ресторан,55.78840439970462,37.61800996473244,1903960.9154807436,6416654.704312612,3967.4222016862554
2687,Ресторан в гостинице «Азимут»,"город Москва, Олимпийский проспект, дом 18/1",Мещанский район,Центральный административный округ,ресторан,55.78506708018182,37.62398146618404,1904447.509137076,6416419.995380675,3585.0702494596917
2688,Пауланер,"город Москва, Олимпийский проспект, дом 18/1",Мещанский район,Центральный административный округ,ресторан,55.78506708018182,37.62398146618404,1904447.509137076,6416419.995380675,3585.0702494596917
2689,Бар на 12 этаже,"город Москва, Олимпийский проспект, дом 18/1",Мещанский район,Центральный административный округ,ресторан,55.7847646748448,37.6237067209301,1904442.056567703,6416381.65278993,3549.8428914411334
2690,Пять звезд,"город Москва, улица Щепкина, дом 51/4, строение 1",Мещанский район,Центральный административный округ,кафе,55.78396171538311,37.62802993799708,1904734.4420501695,6416385.615007019,3481.5662438833738
2691,Хаят,"город Москва, Выползов переулок, дом 7, строение 2",Мещанский район,Центральный административный округ,кафе,55.77945154179171,37.62701085554914,1904840.1035007536,6415878.197079061,2963.2671872485594
2693,ХАНОЙ,"город Москва, улица Сущёвский Вал, дом 5, строение 20",район Марьина Роща,Северо-Восточный административный округ,кафе,55.79390585303899,37.59340081222826,1902262.3530474002,6416733.023925951,4927.895833690113
2694,СПОРТ-КАФЕ,"город Москва, улица Сущёвский Вал, дом 5, строение 20",район Марьина Роща,Северо-Восточный административный округ,кафе,55.79390585303899,37.59340081222826,1902262.3530474002,6416733.023925951,4927.895833690113
2695,Вкус Мяса,"город Москва, улица Сущёвский Вал, дом 5, строение 21",район Марьина Роща,Северо-Восточный административный округ,кафе,55.79332553375598,37.59268280599087,1902240.2816708519,6416655.469627511,4883.58513417074
2696,САЙГОН,"город Москва, улица Сущёвский Вал, дом 5, строение 22",район Марьина Роща,Северо-Восточный административный округ,кафе,55.79313367850964,37.59280297116101,1902254.695400437,6416637.30209277,4860.4210505157325
2697,Хинкали Gали,"город Москва, Большая Новодмитровская улица, дом 14, строение 4",Бутырский район,Северо-Восточный административный округ,кафе,55.798906083851385,37.5860241863378,1901628.99313844,6417117.834814499,5636.205104807133
2698,ЩЕРБАКОВА ЛЮДМИЛА АНАТОЛЬЕВНА,"город Москва, улица Сущёвский Вал, дом 5, строение 1А",район Марьина Роща,Северо-Восточный административный округ,кафе,55.79439684991403,37.59199426067146,1902158.7314643743,6416756.550525006,5013.361221305276
2699,Щербакова Людмила Анатольевна,"город Москва, улица Сущёвский Вал, дом 5, строение 1А",район Марьина Роща,Северо-Восточный административный округ,кафе,55.79439684991403,37.59199426067146,1902158.7314643743,6416756.550525006,5013.361221305276
2704,Кальянная,"город Москва, 3-й проезд Марьиной Рощи, дом 40, строение 1",район Марьина Роща,Северо-Восточный административный округ,кафе,55.796471,37.609919,1903170.1063171895,6417354.835804768,4936.180522874187
2706,Вкус Грузии,"город Москва, улица Сущёвский Вал, дом 43",район Марьина Роща,Северо-Восточный административный округ,ресторан,55.79340623345626,37.60947536341678,1903256.9495226233,6417015.2450111145,4595.669793189398
2717,РЕСТОРАН «УРЮК»,"город Москва, проспект Мира, дом 102, корпус 1",Алексеевский район,Северо-Восточный административный округ,ресторан,55.8007538407573,37.6366565196968,1904634.1789155612,6418375.923084061,5458.540465967393
2725,Урюк,"город Москва, улица Сущёвский Вал, дом 18А",район Марьина Роща,Северо-Восточный административный округ,кафе,55.792233489935185,37.60385352381719,1902959.11712608,6416771.28243063,4539.688814028965
2748,Krispy Krem,"город Москва, Шереметьевская улица, дом 20",район Марьина Роща,Северо-Восточный административный округ,кафе,55.80339862511101,37.61869574636348,1903445.6645481987,6418285.042280441,5673.410038944384
2767,ДОМ БЕЛОГО ЖУРАВЛЯ,"город Москва, площадь Борьбы, дом 13А, строение 1",район Марьина Роща,Северо-Восточный административный округ,кафе,55.78603210488533,37.605640745809474,1903297.8120056693,6416140.267962829,3826.9321502557814
2790,КАФЕ-РЕСТОРАН «БИФ-ТАЙМ»,"город Москва, проспект Мира, дом 102, строение 1А",Алексеевский район,Северо-Восточный административный округ,ресторан,55.80011022287229,37.63808932145781,1904745.0789136498,6418336.564449074,5403.941546155847
2795,ЧИТО-РА,"город Москва, улица Сущёвский Вал, владение 14Б",район Марьина Роща,Северо-Восточный административный округ,кафе,55.79232209378419,37.60132546752162,1902802.3185373766,6416727.974181046,4592.343385954674
2801,Кафе восточной кухни Караван,"город Москва, Складочная улица, дом 1, строение 39",Бутырский район,Северо-Восточный административный округ,кафе,55.802521209328695,37.591153380849335,1901806.3029581148,6417614.644288885,5899.1599394560335
2807,Кафи при АЗС,"город Москва, Бутырская улица, дом 8А",Бутырский район,Северо-Восточный административный округ,кафе,55.79709642070957,37.58479125968413,1901621.2450822045,6416897.024664401,5481.546131065008
2818,ТАМОЖНЯ ДАЕТ ДОБРО,"город Москва, Шереметьевская улица, дом 6, корпус 1",район Марьина Роща,Северо-Восточный административный округ,ресторан,55.79542897697106,37.61701774533541,1903639.7939023771,6417391.020934255,4770.506701496779
2819,Кафе в отеле Райкин Плаза,"город Москва, Шереметьевская улица, дом 6, корпус 1",район Марьина Роща,Северо-Восточный административный округ,ресторан,55.79623602924759,37.61859454009553,1903705.553677742,6417510.990152445,4857.588098140867
2820,Шоколадница,"город Москва, Шереметьевская улица, дом 6, корпус 1",район Марьина Роща,Северо-Восточный административный округ,кафе,55.79542897697106,37.61701774533541,1903639.7939023771,6417391.020934255,4770.506701496779
2830,Графский дворик,"город Москва, Графский переулок, дом 9А",Алексеевский район,Северо-Восточный административный округ,кафе,55.8030772800229,37.6430870421405,1904938.1223165214,6418760.971729481,5804.558126019473
2831,Прайм стар,"город Москва, улица Двинцев, дом 12, корпус 1",район Марьина Роща,Северо-Восточный административный округ,кафе,55.79638062542288,37.60024364934778,1902586.020865591,6417142.78820126,5056.283141165137
2890,Лунный дворик,"город Москва, Новая Басманная улица, дом 23А, строение 4",Красносельский район,Центральный административный округ,ресторан,55.769987830999966,37.66174941899999,1907302.1187465005,6415586.225743377,3194.611520247074
2892,Якитория,"город Москва, Русаковская улица, дом 25, строение 1",район Сокольники,Восточный административный округ,кафе,55.7864297085583,37.676546238524,1907588.8100364897,6417668.4235103335,5151.466359450113
2907,Ваби-Саби,"город Москва, Сокольническая площадь, дом 4А",район Сокольники,Восточный административный округ,кафе,55.78997489325526,37.6785300416694,1907577.2396140958,6418092.062431687,5535.400344218675
2908,Burger King,"город Москва, Сокольническая площадь, дом 9А",район Сокольники,Восточный административный округ,кафе,55.790360096139665,37.67981869428052,1907641.1299811422,6418160.609720465,5623.297785149663
2911,Шумкина 26,"город Москва, улица Шумкина, дом 26А, строение 4",район Сокольники,Восточный административный округ,кафе,55.78667079326662,37.673483601987535,1907393.874763067,6417630.147250409,5038.486844702588
2915,Соколиная охота,"город Москва, проезд Сокольнического Круга, дом 11",район Сокольники,Восточный административный округ,ресторан,55.7933816619072,37.6784988866865,1907448.475283816,6418458.5039775,5830.263927685902
2919,Москва,"город Москва, Русаковская улица, дом 24",район Сокольники,Восточный административный округ,ресторан,55.787895603246,37.6804193483416,1907769.3833616371,6417907.653138587,5444.390790488331
2920,Атриум,"город Москва, Русаковская улица, дом 24",район Сокольники,Восточный административный округ,кафе,55.7880403799755,37.680472992522,1907767.2483908478,6417924.379271775,5458.630998630177
2924,Омулевая Бочка,"город Москва, улица Покровка, дом 33",Басманный район,Центральный административный округ,ресторан,55.7610241750783,37.650174759489,1906932.2546643452,6414377.511084325,2033.6329856853274
2926,Парадиз Ролан,"город Москва, Чистопрудный бульвар, дом 12, строение 1",Басманный район,Центральный административный округ,кафе,55.7605895421109,37.6438447462146,1906563.7511472846,6414197.979171713,1647.1881344204235
2927,Саперави,"город Москва, улица Покровка, дом 5, строение 5",Басманный район,Центральный административный округ,кафе,55.75884619989658,37.64088258128895,1906448.5355718886,6413948.009276678,1387.2327183084299
2928,Чай+,"город Москва, Ладожская улица, дом 4-6, строение 2",Басманный район,Центральный административный округ,кафе,55.77108132466004,37.68081599886414,1908419.64759957,6416104.120706596,4307.00284942884
2934,Хинкали Пойнт,"город Москва, Большой Спасоглинищевский переулок, дом 9/1, строение 14",Басманный район,Центральный административный округ,кафе,55.75466424193549,37.63774994052651,1906413.5555783769,6413431.642885786,1059.5198738708266
2982,БУДВАР,"город Москва, Котельническая набережная, дом 33, строение 1",Таганский район,Центральный административный округ,ресторан,55.7412216482967,37.6477724789126,1907522.4252532618,6412192.922471891,2211.6735523215316
2984,TravelCafe,"город Москва, Верхняя Радищевская улица, дом 7, строение 1",Таганский район,Центральный административный округ,кафе,55.744809689496,37.649042867285,1907466.2848918873,6412606.271457254,2045.275329681017
2985,КОЛБАСОФФ,"город Москва, Таганская улица, дом 17-23",Таганский район,Центральный административный округ,ресторан,55.7399268160057,37.6642188058911,1908570.5226915972,6412398.375921521,3168.910614535398
2986,Кафе «Реберная»,"город Москва, улица Солянка, дом 4, строение 1-1А",Таганский район,Центральный административный округ,кафе,55.7469263174082,37.6791050659242,1909215.0311893518,6413465.19597681,3790.920661120145
2987,Marx Urban Grill,"город Москва, Марксистская улица, дом 3, строение 1",Таганский район,Центральный административный округ,кафе,55.73832642179325,37.661667728749144,1908474.941008944,6412172.36215186,3125.602680672697
2988,Кафе «Планета»,"город Москва, Марксистская улица, дом 3, строение 1",Таганский район,Центральный административный округ,кафе,55.738357154007886,37.6616236755566,1908471.1193744899,6412174.7498833835,3121.294350268174
2989,Гусятникоff,"город Москва, улица Александра Солженицына, дом 2А, строение 2",Таганский район,Центральный административный округ,ресторан,55.7420406890527,37.6565324431707,1908024.5775473483,6412464.923226548,2620.2500187025107
2995,НАПОЛЕТАНА,"город Москва, Авиамоторная улица, дом 8А, строение 5",район Лефортово,Юго-Восточный административный округ,кафе,55.754682,37.713299,1911004.231220564,6415019.453938222,5911.975043545882
3005,Кафе Лель,"город Москва, Солдатская улица, дом 17",район Лефортово,Юго-Восточный административный округ,кафе,55.7641559701766,37.7063491475468,1910228.7474938382,6415894.188132697,5592.9135055317165
3008,КАФЕ ДОБЕРМАН,"город Москва, Волочаевская улица, дом 12А, строение 1",район Лефортово,Юго-Восточный административный округ,кафе,55.756058,37.682101,1909057.136364276,6414512.172163299,3914.3220908583226
3012,Гластонбери,"город Москва, 1-я Дубровская улица, дом 13А, строение 1",Южнопортовый район,Юго-Восточный административный округ,ресторан,55.7227095870576,37.6745292173452,1909838.098126892,6410759.272953041,4913.0321063193505
3023,Юнит,"город Москва, Волочаевская улица, дом 44",район Лефортово,Юго-Восточный административный округ,кафе,55.750598,37.674189,1908779.547606013,6413757.6681229,3414.060847389913
3027,Самарканд-Сити,"город Москва, Смирновская улица, дом 2, строение 1",Нижегородский район,Юго-Восточный административный округ,кафе,55.735973,37.706235,1911272.3077772814,6412854.909142214,5818.289361163423
3028,Мистер Хинкали,"город Москва, Волгоградский проспект, дом 32, корпус 11",Южнопортовый район,Юго-Восточный административный округ,ресторан,55.72278404643642,37.69204149299387,1910900.5277345832,6411135.230127879,5749.024129167262
3033,Офицерское,"город Москва, Красноказарменная улица, дом 3, строение 1",район Лефортово,Юго-Восточный административный округ,кафе,55.76050441291596,37.69065428725563,1909411.275929947,6415170.946248057,4522.360865853993
3041,Кафе,"город Москва, Волгоградский проспект, дом 32, корпус 8",Южнопортовый район,Юго-Восточный административный округ,кафе,55.72277553427626,37.68897567821612,1910714.3679396329,6411069.8787445575,5594.989817712824
3045,ЛАКШИМ,"город Москва, улица Золоторожский Вал, дом 11, строение 27",район Лефортово,Юго-Восточный административный округ,кафе,55.749100439791576,37.70066917533368,1910444.7547503514,6414152.496785677,5125.431234150165
3048,Кафе Дом офицеров,"город Москва, Красноказарменная улица, дом 4/1, строение 1",район Лефортово,Юго-Восточный административный округ,кафе,55.758164,37.691579,1909554.647267354,6414938.170187462,4543.191535480746
3050,Давид Айвазовский,"город Москва, Шарикоподшипниковская улица, дом 13, строение 1",Южнопортовый район,Юго-Восточный административный округ,кафе,55.71738921619919,37.677720446799576,1910230.2086554784,6410252.904937467,5498.50826206307
3053,Кафе Овца,"город Москва, улица Золоторожский Вал, дом 11, строение 5",район Лефортово,Юго-Восточный административный округ,кафе,55.7552588576803,37.6949837432924,1909869.7690382455,6414696.643189168,4736.627370134424
3082,ВАРДЗИЯ,"город Москва, шоссе Энтузиастов, домовладение 4, строение 1",район Лефортово,Юго-Восточный административный округ,ресторан,55.747446,37.694386,1910124.507817228,6413842.174534251,4748.1796957656925
3092,La casa,"город Москва, проезд Завода Серп и Молот, дом 10",район Лефортово,Юго-Восточный административный округ,кафе,55.75257793358827,37.70232401665325,1910415.73361479,6414562.003406765,5206.696029076225
3093,ФрайЧикен,"город Москва, шоссе Энтузиастов, дом 12, корпус 2",район Лефортово,Юго-Восточный административный округ,кафе,55.7480460396089,37.7078224366559,1910918.8120185,6414189.249353036,5595.79056461427
3094,Starbucks,"город Москва, шоссе Энтузиастов, дом 12, корпус 2",район Лефортово,Юго-Восточный административный округ,кафе,55.7480647413334,37.7078087984301,1910917.2859870729,6414190.9778289795,5594.6746615933125
3095,Чайхона,"город Москва, шоссе Энтузиастов, дом 12, корпус 2",район Лефортово,Юго-Восточный административный округ,кафе,55.74800347660549,37.707832766124916,1910921.0264063852,6414184.880118803,5597.010018987591
3096,Il Patio,"город Москва, шоссе Энтузиастов, дом 12, корпус 2",район Лефортово,Юго-Восточный административный округ,ресторан,55.74800347660549,37.707832766124916,1910921.0264063852,6414184.880118803,5597.010018987591
3103,Алгет,"город Москва, Шарикоподшипниковская улица, дом 13, строение 3",Южнопортовый район,Юго-Восточный административный округ,кафе,55.718890949183304,37.683053646786256,1910498.7582923057,6410526.794868426,5608.18360030917
3104,ЛИОР,"город Москва, Шарикоподшипниковская улица, дом 13, строение 3",Южнопортовый район,Юго-Восточный административный округ,кафе,55.718890949183304,37.683053646786256,1910498.7582923057,6410526.794868426,5608.18360030917
3105,Лиор,"город Москва, Шарикоподшипниковская улица, дом 13, строение 3",Южнопортовый район,Юго-Восточный административный округ,кафе,55.718890949183304,37.683053646786256,1910498.7582923057,6410526.794868426,5608.18360030917
3106,Лиор,"город Москва, Шарикоподшипниковская улица, дом 13, строение 3",Южнопортовый район,Юго-Восточный административный округ,кафе,55.718890949183304,37.683053646786256,1910498.7582923057,6410526.794868426,5608.18360030917
3107,Лиор,"город Москва, Шарикоподшипниковская улица, дом 13, строение 3",Южнопортовый район,Юго-Восточный административный округ,кафе,55.718890949183304,37.683053646786256,1910498.7582923057,6410526.794868426,5608.18360030917
3108,Лиор,"город Москва, Шарикоподшипниковская улица, дом 13, строение 3",Южнопортовый район,Юго-Восточный административный округ,кафе,55.718890949183304,37.683053646786256,1910498.7582923057,6410526.794868426,5608.18360030917
3109,Лиор,"город Москва, Шарикоподшипниковская улица, дом 13, строение 3",Южнопортовый район,Юго-Восточный административный округ,кафе,55.718890949183304,37.683053646786256,1910498.7582923057,6410526.794868426,5608.18360030917
3110,Лиор,"город Москва, Шарикоподшипниковская улица, дом 13, строение 3",Южнопортовый район,Юго-Восточный административный округ,кафе,55.718890949183304,37.683053646786256,1910498.7582923057,6410526.794868426,5608.18360030917
3111,Лиор,"город Москва, Шарикоподшипниковская улица, дом 13, строение 3",Южнопортовый район,Юго-Восточный административный округ,кафе,55.718890949183304,37.683053646786256,1910498.7582923057,6410526.794868426,5608.18360030917
3141,КОМБИНАТ ПИТАНИЯ РАН,"город Москва, Ленинский проспект, дом 32А",Гагаринский район,Юго-Западный административный округ,ресторан,55.7105562989343,37.578799499359,1904464.4115415923,6407443.00043239,5624.485506015274
3250,TRUEBURGERS,"город Москва, Космодамианская набережная, дом 52, строение 1",район Замоскворечье,Центральный административный округ,кафе,55.73217107979157,37.6471631183736,1907821.7707475866,6411204.6798376255,2958.0290571200276
3251,Кофейня,"город Москва, Летниковская улица, дом 4, строение 5",район Замоскворечье,Центральный административный округ,кафе,55.72770374336984,37.64431795647496,1907814.7477631702,6410663.51628591,3306.137473384523
3252,Корейский ресторан,"город Москва, Большая Серпуховская улица, дом 12/11, строение 2",район Замоскворечье,Центральный административный округ,ресторан,55.72823746686701,37.62416320633096,1906568.9812125734,6410298.582170475,2903.0175787915914
3253,Кафе «То Да Сё»,"город Москва, Пятницкая улица, дом 54",район Замоскворечье,Центральный административный округ,кафе,55.733923,37.627337,1906550.9171331662,6410977.911331778,2281.805256404121
3255,Хинкальная,"город Москва, Большая Серпуховская улица, дом 29",район Замоскворечье,Центральный административный округ,кафе,55.72384325763943,37.62697780183628,1906903.344279421,6409883.907581361,3417.5133769228596
3256,Хинкальная,"город Москва, Летниковская улица, дом 18, строение 1",район Замоскворечье,Центральный административный округ,кафе,55.723700927688604,37.64371254290158,1907926.6626596143,6410219.3835050175,3704.8129525255226
3257,The Сад,"город Москва, Якиманская набережная, дом 4, строение 1",район Якиманка,Центральный административный округ,ресторан,55.73977238354615,37.61248557278462,1905430.6013039378,6411297.358708953,1682.3274879402463
3258,The WAITERS,"город Москва, Якиманская набережная, дом 4, строение 1",район Якиманка,Центральный административный округ,ресторан,55.74003874783083,37.61223391132204,1905405.412895144,6411320.80149698,1659.4542277083272
3260,Траттория Семпличе,"город Москва, Пятницкий переулок, дом 4, строение 1",район Замоскворечье,Центральный административный округ,кафе,55.743125124450025,37.62970688882357,1906353.2875993561,6412019.418302202,1314.553903940786
3262,Ресторан ПАТЭ,"город Москва, улица Балчуг, дом 3/2",район Замоскворечье,Центральный административный округ,ресторан,55.74763977521658,37.62596435731261,1905958.0820945166,6412427.622687369,746.5319942729498
3263,Starbucks,"город Москва, улица Балчуг, дом 3/2",район Замоскворечье,Центральный административный округ,кафе,55.74762943902209,37.625972869472776,1905958.9834324925,6412426.686910778,747.830756460186
3264,ИБИС китчен,"город Москва, улица Щипок, дом 22, строение 2",район Замоскворечье,Центральный административный округ,ресторан,55.72340852945952,37.634051628029404,1907349.8215049193,6409985.307839747,3543.1939855711394
3265,Кафе (закрытое),"город Москва, Житная улица, дом 14, строение 2",район Якиманка,Центральный административный округ,кафе,55.7314890567767,37.61601999856165,1905952.9646275376,6410478.4993548505,2550.027937631643
3269,Шоколадница,"город Москва, Павелецкая площадь, дом 2, строение 1",район Замоскворечье,Центральный административный округ,кафе,55.73042371018552,37.634688768745214,1907128.0119982145,6410754.803172187,2783.358335207204
3270,Goodman,"город Москва, Павелецкая площадь, дом 2, строение 1",район Замоскворечье,Центральный административный округ,ресторан,55.73042371018552,37.634688768745214,1907128.0119982145,6410754.803172187,2783.358335207204
3271,Братья Третьяковы,"город Москва, Лаврушинский переулок, дом 10, строение 1",район Якиманка,Центральный административный округ,ресторан,55.7416541608215,37.6207670198503,1905864.3329736418,6411673.603419101,1368.4449329630377
3272,У БУРЧО,"город Москва, Садовническая набережная, дом 79",район Замоскворечье,Центральный административный округ,ресторан,55.73456692123573,37.64183516939482,1907408.7140960994,6411351.184783129,2543.038506481696
3273,Урожай,"город Москва, Берсеневская набережная, дом 6, строение 3",район Якиманка,Центральный административный округ,кафе,55.74060657524243,37.6092602379144,1905203.5135466708,6411319.756987047,1678.744600700481
3274,Октябрь Event Hall,"город Москва, Берсеневская набережная, дом 8, строение 1",район Якиманка,Центральный административный округ,ресторан,55.74118285954043,37.60903726353706,1905168.571642927,6411377.208014666,1627.7580010782403
3275,Диктатура Эстетика,"город Москва, Берсеневская набережная, дом 6, строение 2",район Якиманка,Центральный административный округ,кафе,55.740338000007064,37.60902659569997,1905199.2712147967,6411285.916186576,1712.8390887314226
3276,Мизандари,"город Москва, Болотная набережная, дом 5, строение 1",район Якиманка,Центральный административный округ,кафе,55.74022303057105,37.61041081665478,1905287.711908339,6411302.499528708,1685.3628023481876
3277,Cити Гольф,"город Москва, Берсеневский переулок, дом 5, строение 2",район Якиманка,Центральный административный округ,кафе,55.741361,37.609976,1905219.0447577664,6411416.060115725,1581.201610216214
3278,ICON,"город Москва, Болотная набережная, дом 9, строение 1",район Якиманка,Центральный административный округ,ресторан,55.740923370423,37.6112505422647,1905312.7871207346,6411395.568570224,1590.3385542063397
3279,Upside Down Cake кафе,"город Москва, Павелецкая площадь, дом 2, строение 3",район Замоскворечье,Центральный административный округ,кафе,55.7296746400909,37.63626158379409,1907251.499869489,6410707.033007641,2896.5962463367
3280,Хлеб насущный,"город Москва, Павелецкая площадь, дом 2, строение 3",район Замоскворечье,Центральный административный округ,кафе,55.7296746400909,37.63626158379409,1907251.499869489,6410707.033007641,2896.5962463367
3281,Ереван,"город Москва, улица Шаболовка, дом 2, строение 1",район Якиманка,Центральный административный округ,ресторан,55.72704172945874,37.61142166331139,1905838.2906202534,6409902.817801219,3100.4258003981727
3282,ЭЛАРДЖИ,"город Москва, Гагаринский переулок, дом 15А",район Хамовники,Центральный административный округ,ресторан,55.7443507272316,37.5956793779024,1904238.8056876068,6411439.166270653,1962.811025295125
3283,ТИНАТИН,"город Москва, улица Плющиха, дом 58, строение 1А",район Хамовники,Центральный административный округ,ресторан,55.7372951377141,37.5752332674198,1903256.9105857564,6410251.059957968,3503.93420461494
3287,КАФЕ ГЕНЕРАЛЬНОЙ ДИРЕКЦИИ,"город Москва, улица Лужники, дом 24, строение 9",район Хамовники,Центральный административный округ,кафе,55.7190107531322,37.5557993422143,1902751.5606912612,6407873.7696178295,5777.45753318825
3288,Il Patio,"город Москва, улица Волхонка, дом 15-17, строение 1",район Хамовники,Центральный административный округ,кафе,55.7457819636516,37.6053657756866,1904774.6877520098,6411796.1084735785,1365.184935217144
3292,Шоколадница,"город Москва, Манежная площадь, дом 1, строение 2",Тверской район,Центральный административный округ,кафе,55.75579132932476,37.614625717781195,1904966.1727962343,6413068.811184181,497.26518423114493
3293,Мороженное Movenpick,"город Москва, Манежная площадь, дом 1, строение 2",Тверской район,Центральный административный округ,кафе,55.75579132932476,37.614625717781195,1904966.1727962343,6413068.811184181,497.26518423114493
3294,Му-Му,"город Москва, Манежная площадь, дом 1, строение 2",Тверской район,Центральный административный округ,кафе,55.755780495666365,37.61460393991687,1904965.251219236,6413067.187605465,497.8833080098616
3295,TUTTI FRUTTI FROZEN YOGURT,"город Москва, Манежная площадь, дом 1, строение 2",Тверской район,Центральный административный округ,кафе,55.755780495666365,37.61460393991687,1904965.251219236,6413067.187605465,497.8833080098616
3296,Il Patio,"город Москва, Манежная площадь, дом 1, строение 2",Тверской район,Центральный административный округ,ресторан,55.755780495666365,37.61460393991687,1904965.251219236,6413067.187605465,497.8833080098616
3297,Il Patio,"город Москва, Манежная площадь, дом 1, строение 2",Тверской район,Центральный административный округ,ресторан,55.755780495666365,37.61460393991687,1904965.251219236,6413067.187605465,497.8833080098616
3298,Il Patio,"город Москва, Манежная площадь, дом 1, строение 2",Тверской район,Центральный административный округ,ресторан,55.755780495666365,37.61460393991687,1904965.251219236,6413067.187605465,497.8833080098616
3299,Burger King,"город Москва, Манежная площадь, дом 1, строение 2",Тверской район,Центральный административный округ,кафе,55.755780495666365,37.61460393991687,1904965.251219236,6413067.187605465,497.8833080098616
3300,Данкин Донатс,"город Москва, Манежная площадь, дом 1, строение 2",Тверской район,Центральный административный округ,кафе,55.755780495666365,37.61460393991687,1904965.251219236,6413067.187605465,497.8833080098616
3301,Дворный пивик,"город Москва, Манежная площадь, дом 1, строение 2",Тверской район,Центральный административный округ,кафе,55.75579132932476,37.614625717781195,1904966.1727962343,6413068.811184181,497.26518423114493
3302,Шоколадница,"город Москва, Манежная площадь, дом 1, строение 2",Тверской район,Центральный административный округ,кафе,55.75579132932476,37.614625717781195,1904966.1727962343,6413068.811184181,497.26518423114493
3303,Кофе Хаус,"город Москва, Манежная площадь, дом 1, строение 2",Тверской район,Центральный административный округ,кафе,55.75579132932476,37.614625717781195,1904966.1727962343,6413068.811184181,497.26518423114493
3304,АНГЛИЙСКИЙ ПАБ АЛЬБИОН,"город Москва, Манежная площадь, дом 1, строение 2",Тверской район,Центральный административный округ,кафе,55.75579132932476,37.614625717781195,1904966.1727962343,6413068.811184181,497.26518423114493
3305,Теремок,"город Москва, Манежная площадь, дом 1, строение 2",Тверской район,Центральный административный округ,ресторан,55.755780495666365,37.61460393991687,1904965.251219236,6413067.187605465,497.8833080098616
3306,Макдоналдс,"город Москва, Манежная площадь, дом 1, строение 2",Тверской район,Центральный административный округ,ресторан,55.75579132932476,37.614625717781195,1904966.1727962343,6413068.811184181,497.26518423114493
3307,Галерея Художника,"город Москва, улица Пречистенка, дом 19/11, строение 1",район Хамовники,Центральный административный округ,ресторан,55.741247585121954,37.593888050487124,1904244.945332342,6411067.190359793,2263.1901607510486
3308,True cost,"город Москва, улица Льва Толстого, дом 23, строение 3",район Хамовники,Центральный административный округ,ресторан,55.7352641336277,37.5845275407511,1903897.4687064232,6410226.4162729625,3163.3044360682698
3309,Спектр,"город Москва, Усачёва улица, дом 35, строение 4",район Хамовники,Центральный административный округ,кафе,55.72257312174036,37.561721592147144,1902980.098638697,6408381.560020539,5221.87439211384
3310,Воронеж,"город Москва, улица Пречистенка, дом 4",район Хамовники,Центральный административный округ,ресторан,55.74462652579154,37.600971439041984,1904550.3614169878,6411579.609293124,1666.9476874454422
3350,РЕСТОРАН «Сафиса»,"город Москва, Воробьёвское шоссе, дом 2Б",район Раменки,Западный административный округ,ресторан,55.729248,37.543578,1901629.149373414,6408722.314491955,5723.940495939706
3373,Кофейня «СТАРБАКС КОФЕ»,"город Москва, улица Покрышкина, дом 4",район Беговой,Северный административный округ,кафе,55.7905375933275,37.584528374123,1901848.4948895022,6416184.58210053,4825.137064329709
3378,Surf coffe,"город Москва, улица Новый Арбат, дом 7А",район Арбат,Центральный административный округ,кафе,55.7523604313139,37.59746326830443,1904050.2153722348,6412339.876150589,1543.8700201871509
3380,РИТМ БЛЮЗ КАФЕ,"город Москва, Староваганьковский переулок, дом 19, строение 2",район Арбат,Центральный административный округ,кафе,55.7512558376466,37.6073881612844,1904694.5453970493,6412428.461361663,939.4018074200966
3381,Дан Кафе,"город Москва, Староваганьковский переулок, дом 19, строение 3",район Арбат,Центральный административный округ,кафе,55.75126402086549,37.60632884893875,1904629.8441178296,6412407.175602122,1004.501978179097
3382,Угол,"город Москва, Староваганьковский переулок, дом 19, строение 3",район Арбат,Центральный административный округ,кафе,55.75126402086549,37.60632884893875,1904629.8441178296,6412407.175602122,1004.501978179097
3383,Im smoking,"город Москва, Староваганьковский переулок, дом 19, строение 7",район Арбат,Центральный административный округ,кафе,55.751335,37.607134,1904676.157124709,6412431.6753806695,952.5029930304222
3384,Rule Taproom,"город Москва, Староваганьковский переулок, дом 19, строение 7",район Арбат,Центральный административный округ,кафе,55.751335,37.607134,1904676.157124709,6412431.6753806695,952.5029930304222
3385,ШИРВАН,"город Москва, Староваганьковский переулок, дом 19, строение 7",район Арбат,Центральный административный округ,ресторан,55.75130464708447,37.60716265371866,1904679.0252870459,6412429.003294635,951.7012612786654
3389,Шоколадница,"город Москва, улица Арбат, дом 44, строение 1",район Арбат,Центральный административный округ,кафе,55.748114632151555,37.586536749982095,1903543.3509275555,6411653.699087686,2326.6949663306846
3390,DRAKE,"город Москва, Кутузовский проспект, дом 12, строение 1",район Дорогомилово,Западный административный округ,ресторан,55.75084029216527,37.55923996581612,1901782.6912089614,6411377.176457202,4006.9808858498886
3391,СЫРОВАРНЯ,"город Москва, Кутузовский проспект, дом 12, строение 1",район Дорогомилово,Западный административный округ,ресторан,55.75084029216527,37.55923996581612,1901782.6912089614,6411377.176457202,4006.9808858498886
3392,The 12 Wine Bar,"город Москва, Кутузовский проспект, дом 12, строение 1",район Дорогомилово,Западный административный округ,ресторан,55.75084029216527,37.55923996581612,1901782.6912089614,6411377.176457202,4006.9808858498886
3393,НОВЫЕ ФОРМЫ,"город Москва, Кутузовский проспект, дом 12, строение 3",район Дорогомилово,Западный административный округ,ресторан,55.750517714459235,37.55645273082562,1901625.1629996994,6411284.204249622,4188.602895913413
3394,НОФАР,"город Москва, Кутузовский проспект, дом 12, строение 3",район Дорогомилово,Западный административный округ,ресторан,55.750517714459235,37.55645273082562,1901625.1629996994,6411284.204249622,4188.602895913413
3396,ЧАЙХОНА ХУРМА,"город Москва, Бережковская набережная, дом 20В",район Дорогомилово,Западный административный округ,кафе,55.73302500422278,37.55275309175809,1902047.5999947179,6409321.077150285,4999.68657414959
3398,White Rabbite (Белый кролик),"город Москва, Смоленская площадь, дом 3",район Арбат,Центральный административный округ,ресторан,55.74753226773915,37.58125998451184,1903244.096918027,6411480.607060926,2671.393678651714
3401,БАТОНИ,"город Москва, Большая Дорогомиловская улица, дом 12-А",район Дорогомилово,Западный административный округ,кафе,55.746531646729494,37.561105842379284,1902055.6698705154,6410951.643352086,3958.5429285527575
3432,Чентрале,"город Москва, площадь Киевского Вокзала, дом 2",район Дорогомилово,Западный административный округ,ресторан,55.744564619172145,37.565979606812064,1902424.8798478777,6410841.384355545,3708.816706977998
3433,Шоколадница,"город Москва, площадь Киевского Вокзала, дом 2",район Дорогомилово,Западный административный округ,ресторан,55.744564619172145,37.565979606812064,1902424.8798478777,6410841.384355545,3708.816706977998
3434,Шоколадница,"город Москва, площадь Киевского Вокзала, дом 2",район Дорогомилово,Западный административный округ,ресторан,55.744564619172145,37.565979606812064,1902424.8798478777,6410841.384355545,3708.816706977998
3435,Krispy Krem,"город Москва, площадь Киевского Вокзала, дом 2",район Дорогомилово,Западный административный округ,кафе,55.744564619172145,37.565979606812064,1902424.8798478777,6410841.384355545,3708.816706977998
3436,Гранд Европейский Экспресс,"город Москва, площадь Киевского Вокзала, дом 2",район Дорогомилово,Западный административный округ,ресторан,55.744564619172145,37.565979606812064,1902424.8798478777,6410841.384355545,3708.816706977998
3437,Кофе Хаус,"город Москва, площадь Киевского Вокзала, дом 2",район Дорогомилово,Западный административный округ,ресторан,55.744564619172145,37.565979606812064,1902424.8798478777,6410841.384355545,3708.816706977998
3438,Кофе Хаус,"город Москва, площадь Киевского Вокзала, дом 2",район Дорогомилово,Западный административный округ,ресторан,55.744564619172145,37.565979606812064,1902424.8798478777,6410841.384355545,3708.816706977998
3439,МИНДАЛЬ,"город Москва, площадь Киевского Вокзала, дом 2",район Дорогомилово,Западный административный округ,ресторан,55.744564619172145,37.565979606812064,1902424.8798478777,6410841.384355545,3708.816706977998
3440,Урюк,"город Москва, площадь Киевского Вокзала, дом 2",район Дорогомилово,Западный административный округ,ресторан,55.744564619172145,37.565979606812064,1902424.8798478777,6410841.384355545,3708.816706977998
3441,Чайхона №1,"город Москва, площадь Киевского Вокзала, дом 2",район Дорогомилово,Западный административный округ,ресторан,55.744564619172145,37.565979606812064,1902424.8798478777,6410841.384355545,3708.816706977998
3442,Чайхона №1,"город Москва, площадь Киевского Вокзала, дом 2",район Дорогомилово,Западный административный округ,ресторан,55.744564619172145,37.565979606812064,1902424.8798478777,6410841.384355545,3708.816706977998
3443,Dunkin Donuts (Азия Box - Бургер Box),"город Москва, площадь Киевского Вокзала, дом 2",район Дорогомилово,Западный административный округ,ресторан,55.744564619172145,37.565979606812064,1902424.8798478777,6410841.384355545,3708.816706977998
3444,KFC,"город Москва, площадь Киевского Вокзала, дом 2",район Дорогомилово,Западный административный округ,ресторан,55.744564619172145,37.565979606812064,1902424.8798478777,6410841.384355545,3708.816706977998
3445,KFC,"город Москва, площадь Киевского Вокзала, дом 2",район Дорогомилово,Западный административный округ,ресторан,55.744564619172145,37.565979606812064,1902424.8798478777,6410841.384355545,3708.816706977998
3446,Starbucks,"город Москва, площадь Киевского Вокзала, дом 2",район Дорогомилово,Западный административный округ,ресторан,55.744564619172145,37.565979606812064,1902424.8798478777,6410841.384355545,3708.816706977998
3447,Гранд Европейский Экспресс,"город Москва, площадь Киевского Вокзала, дом 2",район Дорогомилово,Западный административный округ,ресторан,55.744564619172145,37.565979606812064,1902424.8798478777,6410841.384355545,3708.816706977998
3448,Coffeeshop Company,"город Москва, площадь Киевского Вокзала, дом 2",район Дорогомилово,Западный административный округ,ресторан,55.744564619172145,37.565979606812064,1902424.8798478777,6410841.384355545,3708.816706977998
3449,Хлеб насущный,"город Москва, площадь Киевского Вокзала, дом 2",район Дорогомилово,Западный административный округ,ресторан,55.744564619172145,37.565979606812064,1902424.8798478777,6410841.384355545,3708.816706977998
3450,"Пиццерия ""Академия""","город Москва, площадь Киевского Вокзала, дом 2",район Дорогомилово,Западный административный округ,ресторан,55.744564619172145,37.565979606812064,1902424.8798478777,6410841.384355545,3708.816706977998
3451,Банкетный зал,"город Москва, площадь Киевского Вокзала, дом 2",район Дорогомилово,Западный административный округ,ресторан,55.744564619172145,37.565979606812064,1902424.8798478777,6410841.384355545,3708.816706977998
3452,Грабли,"город Москва, площадь Киевского Вокзала, дом 2",район Дорогомилово,Западный административный округ,ресторан,55.744564619172145,37.565979606812064,1902424.8798478777,6410841.384355545,3708.816706977998
3462,Шоколадница,"город Москва, Кутузовский проспект, дом 24, сооружение 1",район Дорогомилово,Западный административный округ,ресторан,55.7442191865105,37.544938397494,1901158.076473107,6410364.815390475,5030.226582048722
3463,КЛАРК КИ,"город Москва, Киевская улица, дом 7, корпус 1",район Дорогомилово,Западный административный округ,ресторан,55.74222659408859,37.56047080206663,1902176.4400068193,6410474.267044812,4126.436809318353
3488,GRAMMY S,"город Москва, Кутузовский проспект, дом 2/1, строение 6",район Дорогомилово,Западный административный округ,ресторан,55.75145405207751,37.56555433044636,1902143.881798815,6411575.210606436,3596.926369712747
3489,ТОТОРО,"город Москва, Кутузовский проспект, дом 2/1, строение 6",район Дорогомилово,Западный административный округ,ресторан,55.75145405207751,37.56555433044636,1902143.881798815,6411575.210606436,3596.926369712747
3490,ЭРВИН,"город Москва, Кутузовский проспект, дом 2/1, строение 6",район Дорогомилово,Западный административный округ,ресторан,55.75242,37.566656,1902175.0875228513,6411702.353444386,3520.1211620019703
3491,МАРАНИ,"город Москва, Кутузовский проспект, дом 2/1, строение 6",район Дорогомилово,Западный административный округ,ресторан,55.75242,37.566656,1902175.0875228513,6411702.353444386,3520.1211620019703
3492,ИЛЬ ФОРНО,"город Москва, Кутузовский проспект, дом 2/1, строение 6",район Дорогомилово,Западный административный округ,ресторан,55.75242,37.566656,1902175.0875228513,6411702.353444386,3520.1211620019703
3493,СОЛЮКС КЛАБ,"город Москва, Кутузовский проспект, дом 2/1, строение 6",район Дорогомилово,Западный административный округ,ресторан,55.75242,37.566656,1902175.0875228513,6411702.353444386,3520.1211620019703
3494,AMARSI,"город Москва, Кутузовский проспект, дом 2/1, строение 6",район Дорогомилово,Западный административный округ,ресторан,55.75242,37.566656,1902175.0875228513,6411702.353444386,3520.1211620019703
3497,МАТРЕШКА,"город Москва, Кутузовский проспект, дом 2/1, строение 6",район Дорогомилово,Западный административный округ,ресторан,55.75242,37.566656,1902175.0875228513,6411702.353444386,3520.1211620019703
3498,ШЕФ,"город Москва, Кутузовский проспект, дом 2/1, строение 6",район Дорогомилово,Западный административный округ,ресторан,55.75242,37.566656,1902175.0875228513,6411702.353444386,3520.1211620019703
3571,Гамбринус,"город Москва, 1-я Тверская-Ямская улица, дом 16/23, строение 1",Тверской район,Центральный административный округ,ресторан,55.7728828368871,37.5915442197005,1902929.3586937815,6414428.228302828,2911.9490302335767
3572,"Дорогая, я перезвоню","город Москва, 2-я Тверская-Ямская улица, дом 10",Тверской район,Центральный административный округ,ресторан,55.77133785021414,37.59544030369456,1903223.3827403092,6414343.150390196,2615.5727418318534
3573,Лига Пап,"город Москва, Краснопролетарская улица, дом 16, строение 2",Тверской район,Центральный административный округ,кафе,55.77775574261056,37.60711843470481,1903694.7411254789,6415279.133917084,2896.2130657446487
3574,Челси,"город Москва, Малый Гнездниковский переулок, дом 12",Тверской район,Центральный административный округ,кафе,55.76248553528397,37.60675688899282,1904239.4741281872,6413625.677494089,1376.9170542833954
3575,Stone crab,"город Москва, Ленинградский проспект, дом 15, строение 1",район Беговой,Северный административный округ,ресторан,55.78154884961861,37.57206989158962,1901424.98834913,6414955.458979734,4488.678412022231
3580,Владимир,"город Москва, 1-я Тверская-Ямская улица, дом 19",Тверской район,Центральный административный округ,ресторан,55.7745442146318,37.5877852766447,1902639.367783133,6414528.736397209,3214.014831897145
3581,KROMBACHER BEER KITCHEN,"город Москва, 1-я Тверская-Ямская улица, дом 19",Тверской район,Центральный административный округ,ресторан,55.7742584826839,37.5879875529221,1902662.2523618485,6414502.165032805,3181.1798748096094
3582,Хлеб насущный,"город Москва, улица Большая Дмитровка, дом 23, строение 1",Тверской район,Центральный административный округ,кафе,55.765942356691696,37.60969629266473,1904289.812072701,6414059.775897391,1589.173346957458
3583,Крейзи Дейзи,"город Москва, улица Большая Дмитровка, дом 23, строение 1",Тверской район,Центральный административный округ,кафе,55.765942356691696,37.60969629266473,1904289.812072701,6414059.775897391,1589.173346957458
3587,"Не кафе, а Космос","город Москва, 1-я улица Ямского Поля, дом 17, корпус 12",район Беговой,Северный административный округ,кафе,55.784045,37.584748,1902102.5756707208,6415489.348387308,4188.129849735414
3588,САМОБРАНКА,"город Москва, Тверская улица, дом 26/1",Тверской район,Центральный административный округ,ресторан,55.7683752592947,37.5992532207402,1903564.9605382248,6414103.551362565,2199.3327370291217
3589,РУССКИЙ ПОГРЕБОК,"город Москва, Тверская улица, дом 26/1",Тверской район,Центральный административный округ,ресторан,55.7683815964562,37.5992101901442,1903562.1107264461,6414103.334511816,2201.672018930334
3590,ГРАНДЪ-АЛЕКСАНДР,"город Москва, Тверская улица, дом 26/1",Тверской район,Центральный административный округ,ресторан,55.768354679898,37.5994488704035,1903577.6124762208,6414105.424892494,2189.430449932207
3592,Прогноз погоды,"город Москва, 3-я улица Ямского Поля, дом 2, корпус 3",район Беговой,Северный административный округ,кафе,55.7817824655009,37.5817378986904,1902003.619641835,6415182.580785326,4094.8757565873207
3593,Silver Panda,"город Москва, 3-я улица Ямского Поля, дом 2, корпус 13",район Беговой,Северный административный округ,кафе,55.781448,37.5827,1902074.4620367945,6415166.629501502,4026.6535341750778
3594,Ямская поляна-кафе,"город Москва, 3-я улица Ямского Поля, дом 2, корпус 26",район Беговой,Северный административный округ,кафе,55.7821163978622,37.5826524617548,1902046.7940570163,6415237.682800818,4088.7213830379105
3595,Кафе «Какао»,"город Москва, Бумажный проезд, дом 19, строение 3",район Беговой,Северный административный округ,кафе,55.79008162689995,37.585168005682135,1901904.2469927033,6416148.798141806,4759.703342776191
3596,Рецептор,"город Москва, улица Правды, дом 24, строение 2",район Беговой,Северный административный округ,кафе,55.7873446910377,37.582919303006555,1901869.1607765004,6415806.810568019,4566.6655035449585
3597,Кафе-клуб Правда,"город Москва, улица Правды, дом 24, строение 3",район Беговой,Северный административный округ,кафе,55.78806092851453,37.58366290099821,1901887.766438646,6415899.547388126,4610.241206549465
3598,РРГ-Бар,"город Москва, улица Правды, дом 24, строение 5",район Беговой,Северный административный округ,кафе,55.78837,37.584266,1901912.934610362,6415945.461472839,4620.132953473937
3599,Big Wall Cafe,"город Москва, улица Правды, дом 24, строение 5",район Беговой,Северный административный округ,кафе,55.78855485489924,37.58452506122075,1901921.8137717452,6415970.798931698,4629.6589050252915
3603,Бавариус,"город Москва, Тверская улица, дом 30/2, строение 1",Тверской район,Центральный административный округ,ресторан,55.76980076142172,37.59786500000001,1903427.726383883,6414228.171678475,2381.268336870511
3604,Starbucks,"город Москва, Тверская улица, дом 24, строение 1",Тверской район,Центральный административный округ,кафе,55.7678282072994,37.6002221369852,1903644.1310773864,6414064.849925999,2111.5158191274936
3605,Чайхона №1,"город Москва, Тверская улица, дом 24, строение 1",Тверской район,Центральный административный округ,ресторан,55.76817210046508,37.600155985152824,1903627.3532155417,6414100.533745519,2144.3622139180757
3606,Хлеб насущный,"город Москва, Тверская улица, дом 24, строение 1",Тверской район,Центральный административный округ,кафе,55.76817210046508,37.600155985152824,1903627.3532155417,6414100.533745519,2144.3622139180757
3607,Пиццерия,"город Москва, улица Грузинский Вал, дом 23-25, строение 1",Тверской район,Центральный административный округ,кафе,55.77352241667762,37.578238717294255,1902097.2219180537,6414219.110968619,3579.6182819370047
3608,Бургомистр,"город Москва, Театральная площадь, дом 5, строение 2",Тверской район,Центральный административный округ,ресторан,55.7571308338018,37.620907360341185,1905298.247677456,6413344.697262972,397.55251916917325
3609,Il Patio,"город Москва, Селезнёвская улица, дом 30, корпус Б-В",Тверской район,Центральный административный округ,ресторан,55.780689,37.607574,1903613.5449448526,6415604.815949459,3206.948363558364
3610,La Mia Georgia,"город Москва, Сущёвская улица, дом 25, строение 1",Тверской район,Центральный административный округ,ресторан,55.782795,37.600181,1903086.3365200094,6415677.193593626,3590.2320095917357
3611,Примавера,"город Москва, Сущёвская улица, дом 25, строение 1",Тверской район,Центральный административный округ,кафе,55.782795,37.600181,1903086.3365200094,6415677.193593626,3590.2320095917357
3612,Изя гриль,"город Москва, Сущёвская улица, дом 27, строение 1",Тверской район,Центральный административный округ,кафе,55.7832553444339,37.6013664717333,1903141.2593611656,6415751.599243903,3611.0301980977333
3613,Хинкальная Батони,"город Москва, Сущёвская улица, дом 27, строение 2",Тверской район,Центральный административный округ,кафе,55.783175,37.600684,1903102.7883445304,6415728.668882062,3618.351235645686
3614,Порто Миконос,"город Москва, Сущёвская улица, дом 27, строение 2",Тверской район,Центральный административный округ,кафе,55.78329384245267,37.6006217219162,1903094.595971318,6415740.175903045,3632.420784232416
3615,Простые вещи,"город Москва, 1-я Брестская улица, дом 41",Тверской район,Центральный административный округ,кафе,55.7732895117177,37.5875883104323,1902673.9250584051,6414389.375093915,3118.3449984410427
3617,Бон Аппетит,"город Москва, 1-я улица Ямского Поля, дом 15, строение 4",район Беговой,Северный административный округ,кафе,55.782326,37.583794,1902108.36410615,6415284.126265039,4063.6948039067975
3629,Кафе Бистро,"город Москва, Скаковая улица, дом 19, строение 2",район Беговой,Северный административный округ,кафе,55.77771130250164,37.575428215143994,1901771.2182948217,6414611.935475368,4029.6002239268146
3631,Джо Блэк кофейня,"город Москва, 3-я улица Ямского Поля, дом 9",район Беговой,Северный административный округ,кафе,55.781626,37.580894,1901958.1576339093,6415148.084858423,4114.986671427167
3649,Ресторан XIV,"город Москва, Хорошёвское шоссе, дом 14",Хорошёвский район,Северный административный округ,кафе,55.7741592782544,37.548171440955,1900246.6945908354,6413660.051930157,5252.929078731466
3654,Ленинград,"город Москва, Ленинградский проспект, дом 24А, строение 4",район Беговой,Северный административный округ,ресторан,55.78322629790901,37.57358748814496,1901455.0130204451,6415167.968636419,4559.834863039916
3657,Starbucks,"город Москва, улица Правды, дом 26",район Беговой,Северный административный округ,кафе,55.7904713421843,37.5844624561336,1901846.9483604806,6416176.063944555,4820.640637110942
3658,Прайм стар,"город Москва, улица Правды, дом 26",район Беговой,Северный административный округ,кафе,55.7903627664645,37.5844928251338,1901852.8186686877,6416164.995348401,4808.908959038184
3659,Син-Чао,"город Москва, улица Правды, дом 26",район Беговой,Северный административный округ,ресторан,55.7907350987603,37.5847912312884,1901857.1342837247,6416211.362182042,4836.536143700067
3662,Астория,"город Москва, Беговая улица, владение 22, сооружение 1",район Беговой,Северный административный округ,ресторан,55.78032481204148,37.56691721572699,1901157.3238458245,6414715.923670879,4635.53711274358
3674,Важная Персона,"город Москва, Вятская улица, дом 35, строение 4",Савёловский район,Северный административный округ,ресторан,55.7983060910336,37.5807591901847,1901331.574579422,6416943.189527552,5719.820583254426
3687,Star Hit Cafe,"город Москва, Ленинградский проспект, дом 31А, строение 1",район Беговой,Северный административный округ,кафе,55.783686,37.560107,1900619.115374648,6414936.087960175,5217.030875485749
3688,Ванильное небо,"город Москва, Ленинградский проспект, дом 31А, строение 1",район Беговой,Северный административный округ,кафе,55.7834736214705,37.5595590101304,1900593.6929396703,6414901.757412757,5227.886064888584
3689,Чайхона №1,"город Москва, Ленинградский проспект, дом 31А, строение 1",район Беговой,Северный административный округ,ресторан,55.78334292555804,37.560803218503246,1900674.1140513716,6414913.636334998,5157.626373871573
3690,Лобби бар,"город Москва, Ленинградский проспект, дом 31А, строение 1",район Беговой,Северный административный округ,кафе,55.783645328339006,37.56006453987688,1900618.0424376742,6414930.817507765,5216.051559946673
3691,Банкетный,"город Москва, Ленинградский проспект, дом 31А, строение 1",район Беговой,Северный административный округ,ресторан,55.783333294302,37.5608425311394,1900676.858851154,6414913.418624948,5155.000305384147
3692,Премьер,"город Москва, Ленинградский проспект, дом 31А, строение 1",район Беговой,Северный административный округ,ресторан,55.7833766057085,37.5611061821013,1900691.2704098776,6414923.590256809,5145.478631694557
3693,Аллегро,"город Москва, Ленинградский проспект, дом 31А, строение 1",район Беговой,Северный административный округ,ресторан,55.7837873393097,37.5608464704583,1900660.2814541447,6414962.445455189,5188.907781310728
3694,Мозаика,"город Москва, Ленинградский проспект, дом 31А, строение 1",район Беговой,Северный административный округ,ресторан,55.783360113552,37.5608063005588,1900673.6646757484,6414915.553474076,5158.762141724767
3697,CityLunch,"город Москва, 5-я улица Ямского Поля, дом 5, строение 1",район Беговой,Северный административный округ,кафе,55.7854028432968,37.5847723681712,1902053.7086121992,6415636.217303705,4316.168094599947
3699,Фишерия,"город Москва, Хорошёвское шоссе, дом 16, строение 3",Хорошёвский район,Северный административный округ,кафе,55.774313,37.545885,1900102.071661052,6413628.925830281,5392.5286930138545
3701,Filini,"город Москва, 3-я улица Ямского Поля, дом 26А",район Беговой,Северный административный округ,ресторан,55.782988999,37.579191,1901804.184378215,6415259.427287641,4304.541706365583
3725,Кафе «ДУЭТЫ»,"город Москва, Садовая-Кудринская улица, дом 2/62/35, строение 2",Пресненский район,Центральный административный округ,кафе,55.75915092417578,37.58532979199906,1903060.8644583859,6412818.133789882,2399.9195787592594
3726,Кафе «КАНТИНА»,"город Москва, улица Гашека, дом 7, строение 1",Пресненский район,Центральный административный округ,кафе,55.7688175107374,37.5890931384058,1902931.182997865,6413938.789167678,2700.307418638381
3727,Кафе «Джон Булл Паб»,"город Москва, улица Красная Пресня, дом 25, строение 1",Пресненский район,Центральный административный округ,кафе,55.7622766082707,37.5648367202604,1901699.4389853205,6412726.917958807,3764.3973050848936
3728,Dominos Pizza,"город Москва, Большой Тишинский переулок, дом 38, строение 2",Пресненский район,Центральный административный округ,ресторан,55.76958235536429,37.569481918530286,1901711.1284090017,6413611.478776354,3797.1840878997173
3729,Ресторан «Dream city»,"город Москва, Краснопресненская набережная, дом 16, строение 1",Пресненский район,Центральный административный округ,ресторан,55.74825082671422,37.543926589677255,1900947.3901293986,6410778.359283265,5016.648727357485
3730,Кафе «Гутай»,"город Москва, Малая Бронная улица, дом 26, строение 1",Пресненский район,Центральный административный округ,ресторан,55.76349400516859,37.59442674862335,1903452.7209952455,6413476.474433194,2063.3741705163743
3731,Кафе «Колхида»,"город Москва, Садовая-Кудринская улица, дом 11, строение 1",Пресненский район,Центральный административный округ,кафе,55.76344436932554,37.58686363904198,1902994.9197840947,6413313.003282111,2482.932034476177
3732,Кафе «НЕСТРОН»,"город Москва, Большая Садовая улица, дом 5",Пресненский район,Центральный административный округ,кафе,55.7687251068009,37.5938351703708,1903222.7591636393,6414027.965093233,2466.524684836844
3733,Ресторан «Пекин»,"город Москва, Большая Садовая улица, дом 5",Пресненский район,Центральный административный округ,ресторан,55.768677750698,37.5937839971612,1903221.406012798,6414021.790671756,2465.1326063378815
3734,Кофемания,"город Москва, Кудринская площадь, дом 46/54, строение 1",Пресненский район,Центральный административный округ,кафе,55.7582781215598,37.5854709765547,1903101.8015176074,6412727.001459322,2367.0573350552945
3763,Кафе «Парамания»,"город Москва, 5-й Донской проезд, дом 19",Донской район,Южный административный округ,кафе,55.70392314463768,37.59646734556499,1905785.6677798613,6407097.563841416,5891.207806154994
3767,Ресторан «Чайхана Урюк»,"город Москва, Ленинский проспект, дом 31, корпус 1, строение 1",Донской район,Южный административный округ,ресторан,55.71340734927576,37.590347212953084,1905061.6039694855,6407991.923665751,5003.09870884575
3769,Ресторан «Чайхана Томанно»,"город Москва, улица Орджоникидзе, дом 12",Донской район,Южный административный округ,ресторан,55.710408636851525,37.59020410916951,1905164.034093522,6407665.653149071,5321.830373024307
3770,Прайм стар,"город Москва, улица Ленинская Слобода, дом 19",Даниловский район,Южный административный округ,ресторан,55.70849118986345,37.65328756233936,1909074.4913390381,6408780.885490055,5543.15463486103
3771,Кофе с собой Gate 42,"город Москва, улица Ленинская Слобода, дом 19",Даниловский район,Южный административный округ,кафе,55.70849118986345,37.65328756233936,1909074.4913390381,6408780.885490055,5543.15463486103
3772,Кафе-чайхана «Пловчик»,"город Москва, улица Ленинская Слобода, дом 26, строение 2",Даниловский район,Южный административный округ,кафе,55.712142,37.656631,1909142.238973823,6409244.550892798,5248.143142330827
3773,Кофе Моментс,"город Москва, улица Ленинская Слобода, дом 26, строение 2",Даниловский район,Южный административный округ,кафе,55.712142,37.656631,1909142.238973823,6409244.550892798,5248.143142330827
3774,Кафе «Венахи»,"город Москва, улица Ленинская Слобода, дом 19, строение 1",Даниловский район,Южный административный округ,ресторан,55.70914728948145,37.655281618768925,1909171.4526282477,6408893.451357803,5523.153654008156
3775,Трапезария Марков Двор,"город Москва, улица Ленинская Слобода, дом 19, строение 1",Даниловский район,Южный административный округ,кафе,55.70914728948145,37.655281618768925,1909171.4526282477,6408893.451357803,5523.153654008156
3776,Кафе MashUp Kitchen,"город Москва, улица Ленинская Слобода, дом 26, строение 21",Даниловский район,Южный административный округ,кафе,55.712571831009065,37.65355884598933,1908939.3227566103,6409226.406095331,5120.917158702101
3777,Кафе «Стар Хит»,"город Москва, улица Шаболовка, дом 31Г",Донской район,Южный административный округ,кафе,55.720791095482205,37.61041474109226,1906008.9425974123,6409207.9461751,3811.9694521773545
3778,Ресторан «Ресторан на Шаболовке»,"город Москва, улица Шаболовка, дом 31Г",Донской район,Южный административный округ,ресторан,55.720791095482205,37.61041474109226,1906008.9425974123,6409207.9461751,3811.9694521773545
3779,Ресторан «Ламази»,"город Москва, Малая Калужская улица, дом 15, строение 4",Донской район,Южный административный округ,ресторан,55.717947039058906,37.5981743653209,1905369.6371206173,6408645.1097131735,4335.241853846535
3781,Столовая-кулинария,"город Москва, Павловская улица, дом 27",Даниловский район,Южный административный округ,кафе,55.712701005803275,37.62762743442351,1907356.560117558,6408696.489541115,4686.0221620525335
3783,Кафе «Минутка»,"город Москва, Дербеневская улица, дом 17",Даниловский район,Южный административный округ,кафе,55.71983966812545,37.64818153753633,1908342.021685312,6409896.937042129,4223.159712713281
3784,Пивной бар «Kraftsman»,"город Москва, 3-й Павелецкий проезд, дом 4",Даниловский район,Южный административный округ,кафе,55.71264385272787,37.645603016291204,1908452.5356894652,6409067.248257656,4928.372159399003
3786,ПРАВDА Кофе,"город Москва, Дубининская улица, дом 55, корпус 1, строение 2",Даниловский район,Южный административный округ,кафе,55.72177087828158,37.63651855153832,1907560.7254582148,6409860.506246706,3763.0761902200506
3787,Кафе на Мойке,"город Москва, Автозаводская улица, дом 16, корпус 2, строение 13",Даниловский район,Южный административный округ,кафе,55.70492675043077,37.644934977539464,1908698.6121740027,6408221.429514138,5758.298908881346
3797,Кафе-столовая «Репортер»,"город Москва, Партийный переулок, дом 1, корпус 57, строение 3",Даниловский район,Южный административный округ,кафе,55.719571,37.629439,1907211.7115721481,6409474.982266583,3920.0089388552287
3798,Main Street кафе,"город Москва, Дербеневская набережная, дом 7, строение 12",Даниловский район,Южный административный округ,ресторан,55.723471154637885,37.65180959707519,1908427.75702307,6410364.45727383,3958.9970735071192
3805,Ресторан «Корё»,"город Москва, улица Орджоникидзе, дом 11, строение 8",Донской район,Южный административный округ,ресторан,55.708493677182986,37.592975646410096,1905403.7030255795,6407517.207953511,5462.540341015164
3806,Ресторан «Жи - Есть»,"город Москва, улица Орджоникидзе, дом 11, строение 17",Донской район,Южный административный округ,ресторан,55.708261859002874,37.591398298912296,1905316.2852893732,6407459.20756545,5522.047958804802
3807,Кафе «Федя Дичь»,"город Москва, Мытная улица, дом 74",Даниловский район,Южный административный округ,кафе,55.71231298395674,37.62048114432144,1906936.0773179566,6408504.903235266,4713.23652968955
3808,Кафе,"город Москва, Мытная улица, дом 74",Даниловский район,Южный административный округ,кафе,55.71231298395674,37.62048114432144,1906936.0773179566,6408504.903235266,4713.23652968955
3809,Джелато «Пломбир»,"город Москва, Мытная улица, дом 74",Даниловский район,Южный административный округ,кафе,55.71231298395674,37.62048114432144,1906936.0773179566,6408504.903235266,4713.23652968955
3810,РЕСТОРАН ГОСТИНИЦЫ «ДАНИЛОВСКАЯ»,"город Москва, Большой Староданиловский переулок, дом 5",Даниловский район,Южный административный округ,ресторан,55.7097020170102,37.62768442167761,1907471.3688764505,6408374.415433959,5027.043188099718
3811,ГОСТИНИЦА «ДАНИЛОВСКАЯ» КОФЕЙНЯ,"город Москва, Большой Староданиловский переулок, дом 5",Даниловский район,Южный административный округ,кафе,55.7097020170102,37.62768442167761,1907471.3688764505,6408374.415433959,5027.043188099718
3814,Пипл Паста,"город Москва, Дербеневская набережная, дом 7, строение 8",Даниловский район,Южный административный округ,ресторан,55.72239353727036,37.65388645360819,1908594.1539072534,6410291.884250094,4132.235952371641
3824,Прайм стар,"город Москва, Дербеневская набережная, дом 7, строение 17",Даниловский район,Южный административный округ,кафе,55.723987632719655,37.650885861875864,1908352.3678052742,6410400.745042264,3878.4913628859804
3825,Чешский ресторан Стражек,"город Москва, улица Мастеркова, дом 8",Даниловский район,Южный административный округ,ресторан,55.70742020534801,37.65662515823099,1909317.4165671961,6408735.498832088,5738.215632826845
3832,Кафе «Star hit Cafe»,"город Москва, Дербеневская набережная, дом 7, строение 22",Даниловский район,Южный административный округ,кафе,55.72216564352773,37.651536047200764,1908459.643903629,6410218.008514053,4080.640143385772
3834,Кафе Восточное Бистро,"город Москва, улица Вавилова, дом 5Б, строение 3",Академический район,Юго-Западный административный округ,кафе,55.70533290207298,37.58864583112143,1905257.2874369982,6407085.850637604,5896.98067381421
3850,Кафе «Лихие 90»,"город Москва, Автозаводская улица, дом 17, корпус 1",Даниловский район,Южный административный округ,кафе,55.704493956832714,37.65381526099589,1909255.178581942,6408361.11869465,5980.64888655729
3862,Кафе «Рецептор»,"город Москва, Дербеневская улица, дом 7, строение 12",Даниловский район,Южный административный округ,кафе,55.72350636402766,37.65059755390556,1908352.7186202381,6410342.824986241,3917.5000293273965
3881,Кофе с собой,"город Москва, Дербеневская набережная, дом 11",Даниловский район,Южный административный округ,кафе,55.72108349371128,37.651331589535474,1908487.4298584377,6410097.083014021,4183.520489994309
3882,Прайм стар,"город Москва, Дербеневская набережная, дом 11",Даниловский район,Южный административный округ,кафе,55.72108349371128,37.651331589535474,1908487.4298584377,6410097.083014021,4183.520489994309
3883,Кафе «Бонум»,"город Москва, Дербеневская набережная, дом 11",Даниловский район,Южный административный округ,кафе,55.72108349371128,37.651331589535474,1908487.4298584377,6410097.083014021,4183.520489994309
3886,Чайхона №1,"город Москва, улица Симоновский Вал, дом 14Б",Даниловский район,Южный административный округ,ресторан,55.724211,37.662883,1909073.8336978387,6410676.5681389505,4289.163009491386
3889,Кафе «15 А»,"город Москва, Ленинский проспект, дом 15А",Донской район,Южный административный округ,кафе,55.720844655762725,37.600708557004644,1905416.3911368966,6409010.51413475,3969.1812024020446
3891,Кафе «Три правила»,"город Москва, Большая Тульская улица, дом 13",Даниловский район,Южный административный округ,кафе,55.70869603444511,37.62208065659993,1907167.6646049907,6408148.531390191,5125.457024883588
3892,Ванвок,"город Москва, Большая Тульская улица, дом 13",Даниловский район,Южный административный округ,кафе,55.70869835594334,37.622067446169545,1907166.774431461,6408148.504802078,5125.18476645989
3909,Il Patio,"город Москва, Большая Тульская улица, дом 11",Даниловский район,Южный административный округ,ресторан,55.71010313873959,37.62389932936581,1907226.12149894,6408338.322366554,4967.5134984998995
3910,Прайм стар,"город Москва, Большая Тульская улица, дом 11",Даниловский район,Южный административный округ,кафе,55.71009971176601,37.62388777714845,1907225.5456495667,6408337.710859225,4967.879618543406
3911,Грабли,"город Москва, Большая Тульская улица, дом 11",Даниловский район,Южный административный округ,ресторан,55.71010313873959,37.62389932936581,1907226.12149894,6408338.322366554,4967.5134984998995
3914,Кофейня «Твой кофе»,"город Москва, Большая Тульская улица, дом 19",Даниловский район,Южный административный округ,кафе,55.706780411491366,37.62184994389517,1907224.721268063,6407937.201366665,5343.7329955070645
3917,Кафе «Данкин Донатс»,"город Москва, улица Вавилова, дом 3",Донской район,Южный административный округ,кафе,55.7069345700284,37.59216422750595,1905412.1009252865,6407332.146889591,5647.522844492316
3918,Планета суши,"город Москва, улица Вавилова, дом 3",Донской район,Южный административный округ,ресторан,55.7069345700284,37.59216422750595,1905412.1009252865,6407332.146889591,5647.522844492316
3919,Il Patio,"город Москва, улица Вавилова, дом 3",Донской район,Южный административный округ,ресторан,55.7069345700284,37.59216422750595,1905412.1009252865,6407332.146889591,5647.522844492316
3920,Кафе «Costa coffee»,"город Москва, улица Вавилова, дом 3",Донской район,Южный административный округ,кафе,55.7069345700284,37.59216422750595,1905412.1009252865,6407332.146889591,5647.522844492316
3936,Друзья,"город Москва, улица Ленинская Слобода, дом 26",Даниловский район,Южный административный округ,ресторан,55.70994903547632,37.65428934409813,1909081.2663610717,6408959.041685317,5413.99745923683
3952,Ресторан «Урюк»,"город Москва, Автозаводская улица, дом 18",Даниловский район,Южный административный округ,ресторан,55.70491685642642,37.63740862501336,1908240.8918960306,6408062.494603349,5651.213275527052
3953,Даблби,"город Москва, Автозаводская улица, дом 18",Даниловский район,Южный административный округ,кафе,55.70491685642642,37.63740862501336,1908240.8918960306,6408062.494603349,5651.213275527052
3954,RD CAFE,"город Москва, 2-й Павелецкий проезд, дом 5, строение 1",Даниловский район,Южный административный округ,кафе,55.712748817612,37.64454148358997,1908384.0407922815,6409056.294735424,4895.792698229803
3958,Кафе «Ассамбляж,"город Москва, Варшавское шоссе, дом 1",Донской район,Южный административный округ,кафе,55.70309857057691,37.62334753134673,1907452.5288738748,6407571.699948506,5764.8121211544685
3959,Кафе «Кулинария»,"город Москва, Варшавское шоссе, дом 1",Донской район,Южный административный округ,кафе,55.70309857057691,37.62334753134673,1907452.5288738748,6407571.699948506,5764.8121211544685
3960,Кафейня «Пеар - 4»,"город Москва, Варшавское шоссе, дом 1",Донской район,Южный административный округ,кафе,55.70309857057691,37.62334753134673,1907452.5288738748,6407571.699948506,5764.8121211544685
3961,Кафе «Кулаковская О. Н.»,"город Москва, Варшавское шоссе, дом 1",Донской район,Южный административный округ,кафе,55.70309857057691,37.62334753134673,1907452.5288738748,6407571.699948506,5764.8121211544685
3962,Кафе «Мадиани»,"город Москва, Духовской переулок, дом 17, строение 16",Донской район,Южный административный округ,кафе,55.70485052790565,37.61670196630275,1906982.9961054919,6407621.295475651,5571.722745400739
3976,Фантомас,"город Москва, Болотная набережная, дом 3, строение 2",район Якиманка,Центральный административный округ,ресторан,55.739973414237866,37.60945640451459,1905238.9359855356,6411255.614026242,1737.4214178336597
3977,GIPSY,"город Москва, Болотная набережная, дом 3, строение 2",район Якиманка,Центральный административный округ,ресторан,55.739973414237866,37.60945640451459,1905238.9359855356,6411255.614026242,1737.4214178336597
3978,кафе «Нияма»,"город Москва, Пятницкая улица, дом 3/4, строение 1",район Замоскворечье,Центральный административный округ,кафе,55.74549437921211,37.62705888845293,1906104.2981939935,6412219.310829028,999.5119651880559
3979,Ресторан северная кухня Бёрн,"город Москва, Пятницкая улица, дом 3/4, строение 1",район Замоскворечье,Центральный административный округ,ресторан,55.74550604197701,37.627063476175614,1906104.143995517,6412220.663992192,998.382972339623
3980,Штолле,"город Москва, Пятницкая улица, дом 3/4, строение 1",район Замоскворечье,Центральный административный округ,кафе,55.74550604197701,37.627063476175614,1906104.143995517,6412220.663992192,998.382972339623
3981,Кафе Мицва,"город Москва, Пятницкая улица, дом 3/4, строение 1",район Замоскворечье,Центральный административный округ,кафе,55.74550604197701,37.627063476175614,1906104.143995517,6412220.663992192,998.382972339623
3982,Хинкальная №1,"город Москва, Мытная улица, дом 1, строение 1",район Якиманка,Центральный административный округ,кафе,55.7281655519363,37.6150378213951,1906016.5636199436,6410099.683464573,2933.99466972727
3983,Starbucks,"город Москва, Космодамианская набережная, дом 52, строение 3",район Замоскворечье,Центральный административный округ,кафе,55.7324273842506,37.64520073381271,1907692.8992203185,6411191.151467217,2864.4056829506526
3984,Венское кафе,"город Москва, проспект Мира, дом 92, строение 1",Мещанский район,Центральный административный округ,кафе,55.79320094668446,37.63576141147368,1904860.587129283,6417543.221553269,4602.310605299738
3985,Вьет кафе,"город Москва, улица Чаянова, дом 22, строение 4",Тверской район,Центральный административный округ,кафе,55.7779369302355,37.598644892493,1903173.2731629906,6415121.449498399,3129.826951011474
3986,МИ ПЬЯЧЕ,"город Москва, улица Чаянова, дом 22, строение 4",Тверской район,Центральный административный округ,ресторан,55.7730084758417,37.6114973056587,1904136.9648951297,6414859.071345573,2295.8482560238704
3987,Ветка,"город Москва, улица Александра Солженицына, дом 44",Таганский район,Центральный административный округ,кафе,55.7301773598741,37.6797970758513,1909880.5726387722,6411674.72824885,4613.568268886525
3988,Кафе-кальянная «Мамуния»,"город Москва, Лыщиков переулок, дом 5, строение 1",Таганский район,Центральный административный округ,кафе,55.747811510811616,37.654454557388625,1907683.6644542867,6413043.285483662,2229.22445023302
3989,АЛАВЕРДЫ,"город Москва, Нижегородская улица, дом 32, строение 4",Таганский район,Центральный административный округ,кафе,55.7368161946052,37.6925965772684,1910411.6822845042,6412659.0814617835,4966.6763853022285
3990,Будур,"город Москва, Нижегородская улица, дом 32, строение 5",Таганский район,Центральный административный округ,кафе,55.736731630562,37.6934977994975,1910469.626463422,6412668.907363293,5023.884195950052
3991,Bar for Bikers,"город Москва, Нижегородская улица, дом 32, строение 5",Таганский район,Центральный административный округ,кафе,55.7472644841248,37.6562204586092,1907811.3536674834,6413021.369378529,2356.3729732195084
3992,ПЕТРОВИЧ,"город Москва, Мясницкая улица, дом 24/7, строение 3",Басманный район,Центральный административный округ,ресторан,55.7629196011112,37.6368710027769,1906053.3754894803,6414302.965001922,1452.3016470952425
3993,СТАРИНА МЮЛЛЕР Старина Миллер,"город Москва, Воронцовская улица, дом 35Б, корпус 1",Таганский район,Центральный административный округ,ресторан,55.7342562276367,37.6626523958264,1908686.2019887648,6411754.362653576,3455.3377787697377
3994,Пражечка,"город Москва, Воронцовская улица, дом 35Б, корпус 2",Таганский район,Центральный административный округ,ресторан,55.7340496472892,37.6630171762525,1908716.0680529792,6411739.753936144,3488.444576214995
3995,Кафе при гостинице,"город Москва, Марксистская улица, дом 34, строение 2",Таганский район,Центральный административный округ,кафе,55.73476961014047,37.66320677152619,1908700.8184040538,6411821.326567451,3445.9285118527937
3996,Чайхона №1,"город Москва, Бакунинская улица, дом 73, строение 1",Басманный район,Центральный административный округ,ресторан,55.77997076437934,37.692280000000004,1908784.788730102,6417302.69976017,5456.662476103529
3997,Милленниум,"город Москва, Трубная улица, дом 12",Мещанский район,Центральный административный округ,кафе,55.768345604820674,37.62484572680974,1905121.1060220636,6414635.898913794,1689.7823950804652
3998,АВРОРА,"город Москва, улица Петровка, дом 11",Тверской район,Центральный административный округ,ресторан,55.7630150943861,37.6173544806952,1904863.8476176574,6413904.539290185,1097.9837272353157
3999,ПОЛО-КЛАБ,"город Москва, улица Петровка, дом 11",Тверской район,Центральный административный округ,ресторан,55.7629859997293,37.6173321827229,1904863.5727636227,6413900.936627948,1095.0987610459556
4000,БАНКЕТНЫЙ ЗАЛ,"город Москва, улица Петровка, дом 11",Тверской район,Центральный административный округ,кафе,55.7628646731002,37.6174000952914,1904872.2042772756,6413889.281295947,1080.627840842629
4001,PS Гвозди,"город Москва, Воронцовская улица, дом 20",Таганский район,Центральный административный округ,кафе,55.737071043990056,37.65816641195873,1908308.731928248,6411963.598155757,3028.8344830870774
4002,СТАРАЯ БАШНЯ,"город Москва, Театральная площадь, дом 5, строение 1",Тверской район,Центральный административный округ,ресторан,55.75679830681766,37.620515248235876,1905286.7621463418,6413300.646376291,362.7052615308143
4003,Фарш,"город Москва, Большая Серпуховская улица, дом 17, строение 1",район Замоскворечье,Центральный административный округ,кафе,55.72697418491508,37.62601388260812,1906728.458221161,6410201.189768724,3056.1132868526124
4004,Синкопа,"город Москва, Марксистская улица, дом 34, корпус 8",Таганский район,Центральный административный округ,кафе,55.73500623713833,37.665269920164896,1908817.4743910301,6411890.129118855,3534.2043808404915
4005,Образ,"город Москва, Марксистская улица, дом 34, корпус 10",Таганский район,Центральный административный округ,кафе,55.7337415698434,37.6640793310229,1908792.1175285717,6411728.842640041,3563.4469406525664
4006,Вирджинс-клуб,"город Москва, Марксистская улица, дом 34, корпус 10",Таганский район,Центральный административный округ,ресторан,55.73377634054186,37.66435823464685,1908807.7845399792,6411738.443616903,3574.7770359345886
4007,Прайм стар,"город Москва, Космодамианская набережная, дом 52, строение 4",район Замоскворечье,Центральный административный округ,кафе,55.73269833625796,37.644369416352326,1907632.271952672,6411202.92268737,2809.8432850257964
4008,Бакинский дворик,"город Москва, Мясницкая улица, дом 41, строение 5",Красносельский район,Центральный административный округ,ресторан,55.76817016588323,37.64215100370124,1906179.0549024495,6414979.475789303,2126.883094831995
4009,Риверсайд,"город Москва, Космодамианская набережная, дом 52, строение 5",район Замоскворечье,Центральный административный округ,ресторан,55.7331090203491,37.6435769010766,1907568.8125103468,6411230.568861195,2743.262139887178
4010,Краб Паб,"город Москва, Космодамианская набережная, дом 52, строение 5",район Замоскворечье,Центральный административный округ,ресторан,55.7331090203491,37.6435769010766,1907568.8125103468,6411230.568861195,2743.262139887178
4011,НОЕВ КОВЧЕГ,"город Москва, Малый Ивановский переулок, дом 4, строение 1",Басманный район,Центральный административный округ,ресторан,55.753646831146,37.640658281905,1906628.1348440861,6413382.938257072,1240.2327333566045
4012,КИТАЙГОРОДСКАЯ СТЕНА,"город Москва, улица Варварка, дом 14, строение 1",Тверской район,Центральный административный округ,ресторан,55.752242255999384,37.632359476916896,1906175.8938700554,6413057.6564673055,724.7671829726729
4013,Паскуччи,"город Москва, улица Варварка, дом 14, строение 1",Тверской район,Центральный административный округ,ресторан,55.752242255999384,37.632359476916896,1906175.8938700554,6413057.6564673055,724.7671829726729
4014,Кафе Гор,"город Москва, Сибирский проезд, дом 2, корпус 27, строение 1",Таганский район,Центральный административный округ,кафе,55.73129808591064,37.68125050594899,1909927.2427323319,6411826.037127441,4618.255857478546
4015,Шоколадница,"город Москва, Таганская улица, дом 29, строение 1",Таганский район,Центральный административный округ,кафе,55.73968355860208,37.667523763300835,1908780.5142390886,6412441.521939063,3368.400887899961
4016,Мандарин,"город Москва, Таганская улица, дом 29, строение 1",Таганский район,Центральный административный округ,кафе,55.739692457678615,37.667523542205764,1908780.1697128075,6412442.476367171,3367.908465130929
4017,Дориан Грей,"город Москва, Кадашёвская набережная, дом 6/1/2",район Якиманка,Центральный административный округ,ресторан,55.7430990493602,37.6176923622098,1905623.7410428037,6411764.956155823,1226.165318902661
4018,Бамбук и кактус,"город Москва, улица Петровка, дом 27",Тверской район,Центральный административный округ,ресторан,55.7677700220246,37.613617089624,1904460.2167721645,6414338.814965578,1684.6428046426106
4019,КЛЕВО,"город Москва, улица Петровка, дом 27",Тверской район,Центральный административный округ,ресторан,55.767612012534,37.613721565627,1904472.430653187,6414323.970675551,1665.4506777332513
4020,Долмама,"город Москва, Романов переулок, дом 2/6, строение 3",район Арбат,Центральный административный округ,кафе,55.75350006584835,37.60875265890917,1904694.2159386335,6412698.919187203,811.2071016106344
4021,PAUL Поль,"город Москва, Романов переулок, дом 2/6, строение 7",район Арбат,Центральный административный округ,кафе,55.754051200582225,37.60993667827877,1904745.7365823817,6412783.104191317,736.2933267598553
4022,Камера Обскура кофе,"город Москва, Дубининская улица, дом 68, строение 3",район Замоскворечье,Центральный административный округ,кафе,55.72291438197975,37.63548775105171,1907455.5413106557,6409962.150667246,3620.1072571438363
4023,ДИССИДЕНТ,"город Москва, Никольская улица, дом 25",Тверской район,Центральный административный округ,кафе,55.75911565951223,37.6248310792614,1905463.014586149,6413640.787690331,661.3279669477605
4024,Bon App,"город Москва, Никольская улица, дом 25",Тверской район,Центральный административный округ,ресторан,55.759095208218326,37.6248310792614,1905463.7741101969,6413638.5834235335,659.1331151850809
4025,Долма,"город Москва, улица Сретенка, дом 12",Красносельский район,Центральный административный округ,ресторан,55.76782840817993,37.632152697753384,1905584.2831404966,6414733.177327817,1758.4063333620288
4026,Tutta la Vita,"город Москва, улица Большая Ордынка, дом 20, строение 7",район Якиманка,Центральный административный округ,ресторан,55.74108110053481,37.624627727071456,1906120.363092488,6411692.698678866,1448.4844256533838
4027,Папа Джонс,"город Москва, Комсомольский проспект, дом 4",район Хамовники,Центральный административный округ,ресторан,55.7332298661975,37.592352544709,1904448.825486159,6410170.779469635,2983.6271539826416
4028,Starbucks,"город Москва, Новослободская улица, дом 4",Тверской район,Центральный административный округ,кафе,55.7795195341481,37.6021263975025,1903326.0416107932,6415364.83176762,3197.4604694333334
4029,Караоке-клуб,"город Москва, улица Земляной Вал, дом 58",Таганский район,Центральный административный округ,кафе,55.74726656673968,37.65495401115007,1907734.289629435,6412995.030180967,2278.98988717553
4030,Чайхона,"город Москва, Большой Саввинский переулок, дом 12, строение 8",район Хамовники,Центральный административный округ,ресторан,55.7325775996325,37.5615313958454,1902598.1701673581,6409456.176655435,4536.223977477736
4031,На мельнице,"город Москва, Садовая-Спасская улица, дом 24",Красносельский район,Центральный административный округ,ресторан,55.76912192488258,37.64626950737746,1906393.8935165978,6415168.359197199,2381.5846805534507
4032,Русская трапеза,"город Москва, улица Сретенка, дом 15",Мещанский район,Центральный административный округ,ресторан,55.7692177695951,37.631685081681916,1905504.2520814494,6414873.123642423,1894.2507996216755
4033,Брянский бык,"город Москва, улица Большая Лубянка, дом 24/15, строение 1",Красносельский район,Центральный административный округ,кафе,55.76531289902954,37.63103135883591,1905609.606579077,6414438.57636838,1467.2035092153117
4034,Лига Пап,"город Москва, улица Большая Лубянка, дом 24/15, строение 1",Красносельский район,Центральный административный округ,ресторан,55.76531289902954,37.63103135883591,1905609.606579077,6414438.57636838,1467.2035092153117
4035,Турандот,"город Москва, Тверской бульвар, дом 26А",Тверской район,Центральный административный округ,ресторан,55.763667012060274,37.60505473332843,1904092.1894838586,6413717.413028949,1550.0720424180352
4036,ФАРЕНГЕЙТ,"город Москва, Тверской бульвар, дом 26А",Тверской район,Центральный административный округ,ресторан,55.763667012060274,37.60505473332843,1904092.1894838586,6413717.413028949,1550.0720424180352
4037,Айхал,"город Москва, 1-й Казачий переулок, дом 4",район Якиманка,Центральный административный округ,ресторан,55.735182781551124,37.623451501303045,1906267.8367716102,6411032.298046544,2109.915148001125
4038,Ресторан «Бэлла Паста»,"город Москва, улица Красная Пресня, дом 6/2, строение 1",Пресненский район,Центральный административный округ,кафе,55.76144683064864,37.574678758133004,1902328.3862910422,6412843.04192349,3129.942557585757
4039,Хлеб насущный,"город Москва, Нижняя Радищевская улица, дом 5, строение 3",Таганский район,Центральный административный округ,кафе,55.74206484694,37.6534255968159,1907834.787878926,6412402.35726935,2448.4302274004526
4040,Иль Джорно,"город Москва, Нижняя Сыромятническая улица, дом 10, строение 3",Басманный район,Центральный административный округ,кафе,55.7527049421108,37.670570276839,1908481.1927133591,6413908.771315111,3165.319217540159
4041,Эдвардз,"город Москва, Нижняя Сыромятническая улица, дом 10, строение 9",Басманный район,Центральный административный округ,кафе,55.75291941492273,37.66784904942147,1908307.8229032059,6413874.7764313035,2989.6653975295476
4042,Доможилов,"город Москва, Нижняя Сыромятническая улица, дом 10, строение 10",Басманный район,Центральный административный округ,ресторан,55.7526928664628,37.670548819167,1908480.3379590428,6413907.019611437,3163.9881868773814
4043,Фрукты и овощи,"город Москва, Нижняя Сыромятническая улица, дом 10, строение 12",Басманный район,Центральный административный округ,кафе,55.75268621489844,37.66889322615977,1908379.962801971,6413871.557345828,3057.6303952408152
4044,Correas,"город Москва, улица Большая Ордынка, дом 40, строение 2",район Якиманка,Центральный административный округ,кафе,55.7362127315183,37.6227326101917,1906185.878214135,6411128.255120337,1990.17347202607
4045,Латук,"город Москва, Яузская улица, дом 1/15, строение 2",Таганский район,Центральный административный округ,кафе,55.7501206682139,37.6439895855018,1906961.676723841,6413072.724425245,1509.20585165353
4046,"Беверли Хилс, МС Donair, Спецбуфет №1","город Москва, улица Сретенка, дом 1",Мещанский район,Центральный административный округ,кафе,55.76660562225,37.63115900408236,1905569.3362161303,6414580.576256903,1605.1243811998377
4047,Китайская грамота бар и еда,"город Москва, улица Сретенка, дом 1",Мещанский район,Центральный административный округ,ресторан,55.7666625595829,37.6306617107224,1905537.0048557224,6414576.29721846,1598.8793947069137
4048,"Рок-н-ролл, Martinez Bar","город Москва, улица Сретенка, дом 1",Мещанский район,Центральный административный округ,кафе,55.7665170353401,37.6312043393186,1905575.381988043,6414571.978144765,1596.9911082436865
4049,КАФЕ «КОМПАНИИ ВЕВС»,"город Москва, улица Остоженка, дом 25, строение 1",район Хамовники,Центральный административный округ,кафе,55.74023209546889,37.597654515539325,1904511.6481474065,6411036.517395047,2160.040629973017
4050,Вильям Басс,"город Москва, улица Малая Якиманка, дом 9",район Якиманка,Центральный административный округ,ресторан,55.7400415720532,37.6159712301316,1905632.5733542433,6411399.355685363,1590.0554164317052
4051,Кофейня,"город Москва, Пятницкий переулок, дом 2",район Замоскворечье,Центральный административный округ,кафе,55.743362580554404,37.62950829017762,1906332.3932527532,6412040.851307828,1284.6280924253358
4052,"Дорогая, я перезвоню","город Москва, Пятницкий переулок, дом 2",район Замоскворечье,Центральный административный округ,ресторан,55.743362580554404,37.62950829017762,1906332.3932527532,6412040.851307828,1284.6280924253358
4053,Кафе-пекарня,"город Москва, Пятницкий переулок, дом 2",район Замоскворечье,Центральный административный округ,кафе,55.743362580554404,37.62950829017762,1906332.3932527532,6412040.851307828,1284.6280924253358
4054,ЦИМ,"город Москва, Новослободская улица, дом 23",Тверской район,Центральный административный округ,кафе,55.78133532705549,37.59804712510855,1903010.8805818928,6415475.2473873105,3493.447881858415
4055,Коте Азур,"город Москва, Новослободская улица, дом 23",Тверской район,Центральный административный округ,ресторан,55.78133532705549,37.59804712510855,1903010.8805818928,6415475.2473873105,3493.447881858415
4056,ПельменьИ,"город Москва, улица Фадеева, дом 5, строение 1",Тверской район,Центральный административный округ,кафе,55.77393267722062,37.59837152684891,1903305.220234506,6414684.131100839,2743.8699856627245
4058,Кафе Экспресс,"город Москва, площадь Рогожская Застава, дом 1",Таганский район,Центральный административный округ,кафе,55.747807973290506,37.68189908833463,1909352.0409802368,6413618.879333718,3948.79485102484
4059,"Горячая выпечка, Шашлычная","город Москва, площадь Рогожская Застава, дом 1",Таганский район,Центральный административный округ,кафе,55.747799,37.681847,1909349.2089627688,6413616.818470005,3945.6668300320503
4060,Кафе «Сим-Сим»,"город Москва, площадь Рогожская Застава, дом 1",Таганский район,Центральный административный округ,кафе,55.7478562688265,37.6818140970291,1909345.0767980884,6413622.299067279,3942.4788472259606
4061,Monkeys'S,"город Москва, Наставнический переулок, дом 13-15, строение 2",Таганский район,Центральный административный округ,кафе,55.7478019216277,37.654466293914,1907684.734474531,6413042.498176065,2230.2716562600835
4062,Хлеб насущный,"город Москва, Новослободская улица, дом 21",Тверской район,Центральный административный округ,кафе,55.781089082422106,37.59898346272682,1903076.8918672444,6415468.283324831,3442.5423139253962
4063,КЛУБ ВЫСОЦКОГО,"Нижний Таганский тупик, дом 3, строение 1",Таганский район,Центральный административный округ,кафе,55.74445675406275,37.651915,1907654.0169230448,6412628.464621218,2226.5114855773327
4064,Шелби,"город Москва, 1-й Голутвинский переулок, дом 6",район Якиманка,Центральный административный округ,кафе,55.73940409443455,37.61361746899164,1905513.1003273895,6411281.358730519,1699.1269889698685
4065,Якитория,"город Москва, Новослободская улица, дом 20",Тверской район,Центральный административный округ,ресторан,55.7821661188491,37.5987538973221,1903022.9877325657,6415579.571155007,3560.442056255101
4066,Хлеб насущный,"город Москва, Большая Никитская улица, дом 16",Пресненский район,Центральный административный округ,кафе,55.7569730824699,37.60444594805525,1904303.5630809735,6412983.152337119,1151.7953268851365
4067,Чайхона Айва,"город Москва, Спартаковская улица, дом 16",Басманный район,Центральный административный округ,кафе,55.7724194884272,37.6760956274087,1908083.0916952945,6416149.246875941,4117.314877473538
4068,Ароматная река,"город Москва, набережная Академика Туполева, дом 15, корпус 2",Басманный район,Центральный административный округ,ресторан,55.7621060255976,37.68108733778788,1908770.342671698,6415142.636390638,3958.320381383945
4069,СЕКРЕТНОЕ МЕСТО,"город Москва, Калошин переулок, дом 4, строение 1",район Арбат,Центральный административный округ,кафе,55.74788723587284,37.592542521169435,1903916.9371877508,6411754.773559456,1966.389329055523
4070,Lambic,"город Москва, проспект Мира, дом 26, строение 7",Мещанский район,Центральный административный округ,ресторан,55.77727010729095,37.635760250724566,1905452.60363843,6415826.316106677,2846.813324457959
4073,Хинкальная,"город Москва, Серпуховская площадь, дом 36/71, строение 1",район Замоскворечье,Центральный административный округ,кафе,55.73010494636943,37.62422682643714,1906503.5179591351,6410501.209042032,2690.835743474354
4074,Парк (при гостинице «Арарат Парк Хаятт»),"город Москва, Неглинная улица, дом 4",Мещанский район,Центральный административный округ,ресторан,55.7600423770936,37.6213418472782,1905216.543872689,6413667.608435426,728.366107114517
4075,Кафе Арарат (при гостинице «Арарат Парк Хаятт»),"город Москва, Неглинная улица, дом 4",Мещанский район,Центральный административный округ,ресторан,55.7600583174624,37.6213785635076,1905218.1833624926,6413670.095273638,730.1817701792957
4076,Примус,"город Москва, Большая Почтовая улица, дом 55/59, строение 1",Басманный район,Центральный административный округ,кафе,55.7787192804101,37.6965555177734,1909091.0642063147,6417257.641227989,5614.343761310906
4077,Этаж прожект,"город Москва, улица Земляной Вал, дом 33",Басманный район,Центральный административный округ,кафе,55.757106266834,37.6588436590253,1907604.761596237,6414137.059161696,2441.2891272077513
4078,UNO BAR,"город Москва, улица Земляной Вал, дом 33",Басманный район,Центральный административный округ,кафе,55.7571455082374,37.6588222013553,1907601.997964964,6414140.838147979,2440.6521551980045
4079,ФРАЙДИС,"город Москва, улица Земляной Вал, дом 33",Басманный район,Центральный административный округ,ресторан,55.75760644600001,37.65866832900002,1907575.502083868,6414187.286093718,2440.0350464215194
4080,Кофе Хаус,"город Москва, улица Земляной Вал, дом 33",Басманный район,Центральный административный округ,кафе,55.7570579696698,37.6588543878619,1907607.2100512323,6414132.079200104,2441.0898591430423
4081,Il Patio,"город Москва, улица Земляной Вал, дом 33",Басманный район,Центральный административный округ,ресторан,55.7570881554047,37.6590153204024,1907615.8674639012,6414138.707853136,2451.8518850824976
4082,Starbucks,"город Москва, улица Земляной Вал, дом 33",Басманный район,Центральный административный округ,кафе,55.7570760811129,37.6590689645828,1907619.5766410197,6414138.531787064,2455.0378259507997
4083,Данкин Донатс,"город Москва, улица Земляной Вал, дом 33",Басманный район,Центральный административный округ,кафе,55.7569432636642,37.6587256418289,1907603.6524207732,6414117.016894214,2430.869664552566
4084,Кебаб Хаус,"город Москва, улица Земляной Вал, дом 33",Басманный район,Центральный административный округ,кафе,55.757207332695764,37.65898883034257,1907609.8247086196,6414150.995982705,2452.375001127351
4085,Две палочки,"город Москва, улица Земляной Вал, дом 33",Басманный район,Центральный административный округ,кафе,55.757385,37.658367,1907565.426633131,6414157.1006517885,2416.43247675703
4086,ЛеКробаг,"город Москва, улица Земляной Вал, дом 33",Басманный район,Центральный административный округ,кафе,55.757222,37.659075,1907614.5158247582,6414154.384076577,2458.114854569249
4087,Кофе Хаус,"город Москва, улица Земляной Вал, дом 33",Басманный район,Центральный административный округ,кафе,55.757222,37.659075,1907614.5158247582,6414154.384076577,2458.114854569249
4088,Джерри Вингс,"город Москва, улица Земляной Вал, дом 33",Басманный район,Центральный административный округ,кафе,55.757214,37.659086,1907615.4818821636,6414153.7526397025,2458.661830417648
4089,Мама-Карло,"город Москва, улица Земляной Вал, дом 33",Басманный район,Центральный административный округ,ресторан,55.757222588255544,37.658957766485344,1907607.3694597487,6414151.988518231,2450.69298849466
4090,Лапшиза,"город Москва, улица Земляной Вал, дом 33",Басманный район,Центральный административный округ,кафе,55.757222588255544,37.658957766485344,1907607.3694597487,6414151.988518231,2450.69298849466
4091,Кабуки,"город Москва, улица Земляной Вал, дом 33",Басманный район,Центральный административный округ,кафе,55.757222588255544,37.658957766485344,1907607.3694597487,6414151.988518231,2450.69298849466
4092,Van Wok,"город Москва, улица Земляной Вал, дом 33",Басманный район,Центральный административный округ,кафе,55.757222,37.659075,1907614.5158247582,6414154.384076577,2458.114854569249
4093,OMGcoffee,"город Москва, Нижний Сусальный переулок, дом 5, строение 10",Басманный район,Центральный административный округ,кафе,55.760610538549194,37.66435646588629,1907809.4041273957,6414630.351338671,2875.2139096152678
4094,Кафе «Му-му»,"город Москва, 3-й Крутицкий переулок, дом 18",Таганский район,Центральный административный округ,кафе,55.731830869753765,37.66387591575328,1908850.81729928,6411518.648282823,3696.3874345047448
4095,Времена года,"город Москва, улица Крымский Вал, дом 9, строение 20",район Якиманка,Центральный административный округ,ресторан,55.7234225914396,37.5957549883329,1905019.4104360607,6409184.745682362,3819.7168896092307
4096,Starbucks,"город Москва, Долгоруковская улица, дом 7",Тверской район,Центральный административный округ,кафе,55.77387707181071,37.60340978601321,1903613.3796877607,6414783.503621418,2578.2316729402473
4097,Шоколадница,"город Москва, Кожевническая улица, дом 7, строение 1",район Замоскворечье,Центральный административный округ,кафе,55.73043846828139,37.64559339865569,1907790.6956519806,6410985.017807047,3071.1240027838703
4098,КАФЕ-КУХНЯ,"город Москва, Кожевническая улица, дом 7, строение 1",район Замоскворечье,Центральный административный округ,кафе,55.730421,37.64551,1907786.2725191058,6410981.386096594,3070.1242845230613
4099,кафе,"город Москва, Кожевническая улица, дом 7, строение 1",район Замоскворечье,Центральный административный округ,кафе,55.73040596730621,37.64685690170269,1907868.749773546,6411008.012537457,3116.290228875697
4100,Плов Хаус,"город Москва, 1-й Гончарный переулок, дом 4, строение 1",Таганский район,Центральный административный округ,кафе,55.74181950279234,37.652143118987155,1907765.9363217184,6412349.016277202,2395.0598954190064
4101,Pizengof99 СПБ,"город Москва, 1-й Гончарный переулок, дом 4, строение 2",Таганский район,Центральный административный округ,кафе,55.7382144948986,37.6619496570647,1908496.246270754,6412166.215322206,3147.7726705249106
4102,БАКЛАЖАН,"город Москва, Николоямская улица, дом 29, строение 3",Таганский район,Центральный административный округ,кафе,55.747370536695996,37.65615582867274,1907803.481024115,6413031.443403214,2348.702757913074
4103,ресторан гостиницы «Татьяна»,"город Москва, Стремянный переулок, дом 11",район Замоскворечье,Центральный административный округ,кафе,55.72774906785904,37.63321251696783,1907137.564225449,6410435.572005024,3049.8239955191643
4104,Шоколадница,"город Москва, Таганская улица, дом 1, строение 1",Таганский район,Центральный административный округ,кафе,55.7417266351568,37.6555928216997,1907979.1281994698,6412411.365403994,2586.9334574436425
4105,Меленка,"город Москва, Таганская улица, дом 1, строение 1",Таганский район,Центральный административный округ,кафе,55.741714556111,37.6558181272575,1907993.275677635,6412414.7898019655,2599.991470052133
4106,Eat and talk,"город Москва, улица Воздвиженка, дом 4/7, строение 2",район Арбат,Центральный административный округ,ресторан,55.75311486296395,37.610248311778875,1904799.4284368274,6412688.700670366,717.4978658640138
4107,Eat and talk,"город Москва, улица Воздвиженка, дом 4/7, строение 2",район Арбат,Центральный административный округ,ресторан,55.75311486296395,37.610248311778875,1904799.4284368274,6412688.700670366,717.4978658640138
4108,Югос,"город Москва, Донская улица, дом 15",район Якиманка,Центральный административный округ,ресторан,55.7237247080133,37.6080211626124,1905754.4822081262,6409474.059264471,3518.184484345456
4109,Burger King,"город Москва, Садовая-Кудринская улица, дом 3А",Пресненский район,Центральный административный округ,ресторан,55.760101,37.584371,1902967.367924462,6412900.50574424,2489.2385657432033
4110,Ресторан «Тики Бар»,"город Москва, Садовая-Кудринская улица, дом 3А",Пресненский район,Центральный административный округ,ресторан,55.7600341707155,37.5845518337318,1902980.8365432522,6412897.081693422,2475.8883897950363
4111,Хлеб насущный,"город Москва, улица Большая Дмитровка, дом 5/6, строение 4",Тверской район,Центральный административный округ,кафе,55.76022710442535,37.61478004213953,1904810.8942732622,6413550.1515510585,860.7932831220947
4112,Марчеллис,"город Москва, улица Большая Дмитровка, дом 5/6, строение 4",Тверской район,Центральный административный округ,ресторан,55.76022710442535,37.61478004213953,1904810.8942732622,6413550.1515510585,860.7932831220947
4113,Бар-караоке «Камергерка»,"город Москва, улица Большая Дмитровка, дом 5/6, строение 4",Тверской район,Центральный административный округ,кафе,55.760286200408,37.6148330970102,1904811.9249553045,6413557.631679356,865.0032715160823
4114,ХИЩNIK,"город Москва, улица Большая Дмитровка, дом 5/6, строение 4",Тверской район,Центральный административный округ,кафе,55.76022710442535,37.61478004213953,1904810.8942732622,6413550.1515510585,860.7932831220947
4115,ШУК,"город Москва, Весковский переулок, дом 7",Тверской район,Центральный административный округ,кафе,55.77893257639041,37.60028543631587,1903235.9910124615,6415263.069421228,3184.373803878583
4116,Кафе ( закрытое),"город Москва, улица Крымский Вал, дом 9, строение 33",район Якиманка,Центральный административный округ,кафе,55.721757723124966,37.590967716264934,1904789.8553382673,6408905.105108265,4128.3911959232755
4117,АРТС ПАЛАС,"город Москва, Успенский переулок, дом 3, строение 4",Тверской район,Центральный административный округ,ресторан,55.7692637801197,37.6071935388943,1904014.4668444109,6414365.410432303,1999.2218943927003
4118,Mad Man,"город Москва, Нижний Сусальный переулок, дом 5, строение 4",Басманный район,Центральный административный округ,ресторан,55.76116493443534,37.66452333738981,1907798.9168489336,6414693.597877741,2903.5169526258373
4119,My Place,"город Москва, улица Щепкина, дом 42, строение 2А",Мещанский район,Центральный административный округ,кафе,55.7825525568391,37.6297828533784,1904893.2573428096,6416270.445431664,3338.599391663054
4120,ТИФЛИССКИЙ ДВОРИК,"город Москва, улица Остоженка, дом 32, строение 1",район Хамовники,Центральный административный округ,ресторан,55.739770732903,37.5956530493948,1904407.0416029112,6410944.912604771,2288.781029451046
4121,БИЗНЕС ЦЕНТР ТАГАНСКИЙ,"город Москва, улица Высоцкого, дом 4",Таганский район,Центральный административный округ,кафе,55.7436894305416,37.6532646642752,1907764.599680668,6412574.072496365,2344.567493907849
4122,Андерсон,"город Москва, Столярный переулок, дом 3, корпус 6",Пресненский район,Центральный административный округ,кафе,55.764760769367854,37.57160437592132,1902018.745289404,6413136.053123365,3440.1711596736427
4123,Прайм стар,"город Москва, 2-я Брестская улица, дом 8",Тверской район,Центральный административный округ,ресторан,55.77121519772447,37.590715336243385,1902940.8409085937,6414231.147067116,2808.8038897299543
4124,Хитрые люди,"город Москва, 4-й Сыромятнический переулок, дом 1/8, строение 10",Басманный район,Центральный административный округ,кафе,55.7567006399314,37.6669425430149,1908112.0335335892,6414263.2491672,2950.5855005726667
4125,SAЦEBELA,"город Москва, Трубная улица, дом 28, строение 1",Мещанский район,Центральный административный округ,кафе,55.7712827312086,37.6254642133596,1905049.5909501822,6414965.407682756,2026.9325453051351
4126,Ресторан «ГАНДАРА»,"город Москва, Рочдельская улица, дом 15, строение 7",Пресненский район,Центральный административный округ,ресторан,55.756665552991,37.5599881635733,1901612.499501569,6412020.790003121,3960.637941692882
4127,Кафе «Cultura Coffe»,"город Москва, Рочдельская улица, дом 15, строение 8",Пресненский район,Центральный административный округ,кафе,55.756872760582226,37.56477613107637,1901895.8919350996,6412143.109494029,3656.4075801247654
4128,"Ресторан «Никуда не едем» , «Квартира»","город Москва, Рочдельская улица, дом 15, строение 8",Пресненский район,Центральный административный округ,кафе,55.756872760582226,37.56477613107637,1901895.8919350996,6412143.109494029,3656.4075801247654
4129,Кафе Песто и Митлес,"город Москва, улица Зацепский Вал, дом 2, строение 3",район Замоскворечье,Центральный административный округ,кафе,55.733363279678734,37.64043735109325,1907368.429813952,6411192.147713656,2618.1113798117863
4130,FUMISAWA SUSHI,"город Москва, улица Петровка, дом 5",Тверской район,Центральный административный округ,кафе,55.7616452706694,37.6178485618175,1904944.7308153922,6413767.238381975,938.7544522972282
4131,Пушкаревъ,"город Москва, Пушкарёв переулок, дом 9",Мещанский район,Центральный административный округ,кафе,55.7689821947017,37.6277498246594,1905273.9090242526,6414765.31966693,1795.0094671929808
4132,Food Embassy Юлии Высоцкой,"город Москва, проспект Мира, дом 26, строение 2",Мещанский район,Центральный административный округ,ресторан,55.77729790999591,37.63629933577717,1905484.3154212704,6415840.604085087,2861.2465663869343
4133,Ресторан «ПАЛАЦЦО ДУКАЛЕ»,"город Москва, Тверской бульвар, владение 3, сооружение 1",Пресненский район,Центральный административный округ,ресторан,55.7587302303556,37.5979984291328,1903846.4859564845,6413037.679346335,1609.9181133345774
4134,"Пиццерия ""Академия""","город Москва, Новинский бульвар, дом 31",Пресненский район,Центральный административный округ,кафе,55.7578674778289,37.5827106306051,1902949.2366854656,6412625.038182867,2531.059703181246
4135,Ресторан «Selfie»,"город Москва, Новинский бульвар, дом 31",Пресненский район,Центральный административный округ,ресторан,55.7578216589971,37.58304039469214,1902970.9798099124,6412626.991593162,2509.2575363711408
4136,Ресторан «Chicha»,"город Москва, Новинский бульвар, дом 31",Пресненский район,Центральный административный округ,ресторан,55.757779,37.582619,1902946.946379902,6412613.585453465,2534.955301152145
4137,Кафе Il Giorno,"город Москва, Новинский бульвар, дом 31",Пресненский район,Центральный административный округ,кафе,55.75782037404903,37.58259556455141,1902943.9882929404,6412617.5555838505,2537.3130609267605
4138,Кафе «Culinaryon»,"город Москва, Новинский бульвар, дом 31",Пресненский район,Центральный административный округ,кафе,55.75782037404903,37.58259556455141,1902943.9882929404,6412617.5555838505,2537.3130609267605
4139,Ресторан «Вареничная №1»,"город Москва, Воронцовская улица, дом 50",Таганский район,Центральный административный округ,ресторан,55.73197319970459,37.66608764027852,1908980.0265234066,6411580.410199157,3792.201184549358
4140,Молли гвинз,"город Москва, улица Коровий Вал, владение 11, сооружение 1",район Якиманка,Центральный административный округ,ресторан,55.7289619715992,37.6187499986709,1906212.8126433603,6410263.278752687,2819.862737901272
4141,Му-Му,"город Москва, Комсомольский проспект, дом 26",район Хамовники,Центральный административный округ,кафе,55.727591606688,37.5811437323893,1903975.9486461983,6409328.542035369,3939.309611366833
4142,Три мудреца,"город Москва, Спартаковская площадь, дом 1/7, строение 1А",Красносельский район,Центральный административный округ,ресторан,55.777904,37.680706,1908158.8955140412,6416837.01170912,4710.57416952211
4143,Сандал,"город Москва, Сретенский бульвар, дом 3",Красносельский район,Центральный административный округ,кафе,55.766908155227945,37.63277994446484,1905656.5855562396,6414647.133795839,1679.7271984974986
4144,Русские сезоны,"город Москва, Страстной бульвар, дом 8А",Тверской район,Центральный административный округ,ресторан,55.7662379487457,37.6105297793002,1904329.4886480314,6414109.076612528,1594.836589040907
4145,Starlite Diner,"город Москва, Страстной бульвар, дом 8А",Тверской район,Центральный административный округ,ресторан,55.7663550370663,37.610729418062,1904337.2738965978,6414125.874362986,1601.3321992682952
4146,Прайм стар,"город Москва, Страстной бульвар, дом 8А",Тверской район,Центральный административный округ,ресторан,55.7663636124483,37.6106642127494,1904332.9933806616,6414125.434220995,1604.0093844043859
4147,ресторан «Аллегро»,"город Москва, Космодамианская набережная, дом 52, строение 8",район Замоскворечье,Центральный административный округ,ресторан,55.733209397510535,37.646625857355325,1907750.506001421,6411305.323079527,2840.882102265347
4148,Золото ФМ,"город Москва, улица Радио, дом 7, строение 1",Басманный район,Центральный административный округ,кафе,55.7644889924288,37.6715787874282,1908103.9096178266,6415199.851938761,3456.1247952326953
4149,Ресторан «Loft Hall»,"город Москва, 2-я Звенигородская улица, дом 12, строение 18",Пресненский район,Центральный административный округ,ресторан,55.762247913358294,37.555877275634124,1901155.9282667893,6412536.7684769705,4322.159725889305
4150,Cafe del Parco,"город Москва, Большой Спасоглинищевский переулок, дом 9/1, строение 16А",Басманный район,Центральный административный округ,кафе,55.75445536236881,37.63693459718489,1906371.7601830175,6413392.044813529,1004.9838981510933
4151,Питчер ПАБ,"город Москва, Пятницкая улица, дом 82/34, строение 1",район Замоскворечье,Центральный административный округ,ресторан,55.730267064328956,37.62532246305281,1906564.1404126948,6410541.638246635,2678.171075956234
4152,ПЬЯНЫЙ ДЯТЕЛ,"город Москва, Ладожская улица, дом 1/2",Басманный район,Центральный административный округ,кафе,55.7715565065909,37.6814815031109,1908442.3774059287,6416169.295662879,4370.021414768729
4153,Макдоналдс,"город Москва, Ладожская улица, дом 1/2",Басманный район,Центральный административный округ,кафе,55.771556506591,37.6816853509954,1908454.7597173927,6416173.574775829,4381.612750679841
4154,KFC,"город Москва, улица Пресненский Вал, дом 6, строение 2",Пресненский район,Центральный административный округ,ресторан,55.764557,37.564324,1901583.8178522007,6412962.039177178,3871.5741708404357
4155,УЛЬТРА,"город Москва, Большой Спасоглинищевский переулок, дом 9/1, строение 16",Басманный район,Центральный административный округ,кафе,55.7543954959491,37.6371982322755,1906390.0085996673,6413391.116891725,1021.2770750179824
4156,Общественное питание,"город Москва, Павелецкая площадь, владение 1, сооружение 1",район Замоскворечье,Центральный административный округ,кафе,55.729802,37.64056,1907508.2093900566,6410810.873832298,2986.16445562587
4157,Ред 36,"город Москва, Краснопролетарская улица, дом 36",Тверской район,Центральный административный округ,кафе,55.7799065352665,37.6055131721084,1903517.4060776115,6415477.375052105,3161.486372938029
4158,СОЛО,"город Москва, 1-я Тверская-Ямская улица, дом 2, сооружение 1",Тверской район,Центральный административный округ,кафе,55.77004704192609,37.59663023735726,1903343.5641286247,6414228.89759705,2453.6981806488857
4159,Прайм стар,"город Москва, 1-я Тверская-Ямская улица, дом 2, сооружение 1",Тверской район,Центральный административный округ,кафе,55.77004704192609,37.59663023735726,1903343.5641286247,6414228.89759705,2453.6981806488857
4160,Бой-Z,"город Москва, Большая Переяславская улица, дом 46, строение 1",Мещанский район,Центральный административный округ,кафе,55.7861659509343,37.6413643513477,1905462.30675031,6416902.416704351,3922.918758621735
4161,Бургерная «Хищник. Стейк & Бургерс»,"город Москва, Павелецкая площадь, дом 2, строение 2",район Замоскворечье,Центральный административный округ,кафе,55.73020532353087,37.63576782323069,1907201.754692216,6410753.882487856,2829.0125070840086
4162,Starbucks,"город Москва, Павелецкая площадь, дом 2, строение 2",район Замоскворечье,Центральный административный округ,кафе,55.73018719373519,37.63577904380545,1907203.1106157778,6410752.163570736,2831.2018388078072
4163,Даблби,"город Москва, Павелецкая площадь, дом 2, строение 2",район Замоскворечье,Центральный административный округ,кафе,55.73020532353087,37.63576782323069,1907201.754692216,6410753.882487856,2829.0125070840086
4164,Кафе Здоровой еды,"город Москва, Павелецкая площадь, дом 2, строение 2",район Замоскворечье,Центральный административный округ,кафе,55.73020532353087,37.63576782323069,1907201.754692216,6410753.882487856,2829.0125070840086
4165,ВьетКафе,"город Москва, Николоямская улица, дом 26, строение 1А",Таганский район,Центральный административный округ,кафе,55.7469806658291,37.6542565988664,1907702.525224869,6412949.58988801,2247.3716940776862
4166,ПАПА ДЖОЙС,"город Москва, Николоямская улица, дом 26, строение 1А",Таганский район,Центральный административный округ,ресторан,55.7469927432445,37.6544770227503,1907715.475728085,6412955.514660866,2260.250409070935
4167,РЕСТОРАН «ГУБЕРНАТОРСКИЙ»,"город Москва, Вознесенский переулок, дом 22",Тверской район,Центральный административный округ,ресторан,55.7607480066406,37.6075581030605,1904352.6450022561,6413455.159198437,1200.9212614253854
4168,КАНТИНЕТТА АНТИНОРИ,"город Москва, Денежный переулок, дом 20",район Хамовники,Центральный административный округ,ресторан,55.7453837259476,37.5867009777383,1903654.5672833005,6411362.7482647505,2420.067628542575
4169,Шоколадница,"город Москва, улица Арбат, дом 1",район Арбат,Центральный административный округ,кафе,55.75149545212923,37.59978509817416,1904223.4477487288,6412295.207396648,1409.2024793967314
4170,Кофе Хаус,"город Москва, улица Арбат, дом 1",район Арбат,Центральный административный округ,кафе,55.75149545212923,37.59978509817416,1904223.4477487288,6412295.207396648,1409.2024793967314
4171,Грабли,"город Москва, улица Арбат, дом 1",район Арбат,Центральный административный округ,ресторан,55.75178359427823,37.59927481075433,1904181.7381420247,6412315.591832229,1436.2706486307939
4172,Буржуй,"город Москва, Нижняя Красносельская улица, дом 40/12, корпус 8",Басманный район,Центральный административный округ,кафе,55.7745919455198,37.6723405347888,1907774.1281549695,6416304.555932898,4053.7253931576743
4173,Антикафе «Совиный Дом»,"город Москва, проспект Мира, дом 79, строение 2",Мещанский район,Центральный административный округ,кафе,55.79121064887107,37.63381925711162,1904816.6392774766,6417288.060309869,4355.641316578313
4174,Pizzetta,"город Москва, Нижний Сусальный переулок, дом 5, сооружение 2",Басманный район,Центральный административный округ,кафе,55.760410447511525,37.66231863263302,1907693.0188880968,6414566.038528688,2743.0351338450623
4175,7 сэндвичей-Meating,"город Москва, Нижний Сусальный переулок, дом 5, сооружение 2",Басманный район,Центральный административный округ,кафе,55.760410447511525,37.66231863263302,1907693.0188880968,6414566.038528688,2743.0351338450623
4176,Кофейня «Правда кофе»,"город Москва, Нижний Сусальный переулок, дом 5, сооружение 1",Басманный район,Центральный административный округ,кафе,55.760410447511525,37.66231863263302,1907693.0188880968,6414566.038528688,2743.0351338450623
4177,Му-Му,"город Москва, Нижний Сусальный переулок, дом 5, сооружение 1",район Арбат,Центральный административный округ,кафе,55.753957843189234,37.60369505392631,1904369.7894816566,6412642.431311162,1136.6905562290874
4178,Вьеткафе,"город Москва, Нижний Сусальный переулок, дом 5, сооружение 1",Басманный район,Центральный административный округ,кафе,55.761316605652844,37.66391604450835,1907756.3722665217,6414697.202993132,2871.442289529032
4179,Ресторан «Фьюжн Плаза»,"город Москва, Краснопресненская набережная, дом 10, строение 4",Пресненский район,Центральный административный округ,ресторан,55.7552045197927,37.5659963117674,1902031.8530286276,6411988.752911608,3563.9777576964143
4180,Ичибан Боши,"город Москва, улица Красная Пресня, дом 22",Пресненский район,Центральный административный округ,ресторан,55.7620352816416,37.5705936180185,1902058.287036184,6412821.137008739,3400.7550320398664
4182,Чайхона №1,"город Москва, Новослободская улица, дом 16",Тверской район,Центральный административный округ,ресторан,55.78178973269656,37.599352746766236,1903073.3271768962,6415551.5237962715,3505.6141443279894
4183,Таблица,"город Москва, Новослободская улица, дом 16",Тверской район,Центральный административный округ,кафе,55.7817166055024,37.59937551955837,1903077.4236394917,6415544.117997522,3497.3977010156364
4184,Ресторан «МАРТА МАРИО»,"город Москва, улица Климашкина, дом 17",Пресненский район,Центральный административный округ,ресторан,55.7676004257471,37.5681098924707,1901701.1731082255,6413369.177402864,3774.348838940368
4185,Кафе «Burgers and Crabs»,"город Москва, 2-я Звенигородская улица, дом 13, строение 42",Пресненский район,Центральный административный округ,кафе,55.76134302651362,37.551630592091506,1900931.294309292,6412350.581077058,4567.5647637181855
4186,Пхада,"город Москва, Новолесная улица, дом 2",Тверской район,Центральный административный округ,ресторан,55.7817124748344,37.5920360354013,1902631.7616372851,6415390.237002117,3712.721262672772
4187,Лен,"город Москва, Бакунинская улица, дом 69, строение 1",Басманный район,Центральный административный округ,кафе,55.7792321496801,37.6914432273905,1908761.49466609,6417205.540405847,5365.62745075833
4188,Поварская лавка,"город Москва, набережная Академика Туполева, дом 15, корпус 15",Басманный район,Центральный административный округ,кафе,55.76104963335673,37.683774029795636,1908972.922908204,6415085.208048827,4099.66946735749
4189,Чайхона №1,"город Москва, Большая Грузинская улица, дом 4-6, строение 1",Пресненский район,Центральный административный округ,ресторан,55.76147385952085,37.5798815673026,1902643.6122766875,6412954.666487569,2811.850053337152
4190,Кафе Цурцум,"город Москва, 4-й Сыромятнический переулок, дом 1/8, строение 6",Басманный район,Центральный административный округ,кафе,55.755550501520574,37.66464217598953,1908015.0282661766,6414091.035217539,2790.598639380685
4191,ЗАРУБЕЖЬЕ,"город Москва, Нижняя Радищевская улица, дом 2, строение 2",Таганский район,Центральный административный округ,ресторан,55.7429949142306,37.6517626272271,1907699.1028406469,6412467.71770501,2301.3779201054554
4192,Ресторан «Тандыр»,"город Москва, Краснопресненская набережная, дом 14А",Пресненский район,Центральный административный округ,ресторан,55.7499274445966,37.5467433987926,1901056.640015755,6411017.898201133,4816.281802723916
4193,Прайм стар,"город Москва, Большой Овчинниковский переулок, дом 16",район Замоскворечье,Центральный административный округ,ресторан,55.74447695497719,37.63013028588119,1906328.8212659894,6412173.994014632,1188.1893665567718
4194,кафе при кинотеатре,"город Москва, Большой Овчинниковский переулок, дом 16",район Замоскворечье,Центральный административный округ,кафе,55.74449110506162,37.63017107792146,1906330.7758189472,6412176.373804894,1188.0168541436256
4195,Шоколадница,"город Москва, Люсиновская улица, дом 13, строение 1",район Замоскворечье,Центральный административный округ,кафе,55.72778129246538,37.623564038693296,1906549.4705347125,6410236.858244341,2952.82920786041
4196,Ресторан «Заварка»,"город Москва, Рочдельская улица, дом 15, строение 30",Пресненский район,Центральный административный округ,ресторан,55.75591221305387,37.56145423293466,1901729.5194651473,6411970.189331688,3860.1229376428823
4197,Ресторан «Дружба»,"город Москва, Рочдельская улица, дом 15, строение 30",Пресненский район,Центральный административный округ,ресторан,55.75591221305387,37.56145423293466,1901729.5194651473,6411970.189331688,3860.1229376428823
4198,ресторан Тверской,"город Москва, Лесная улица, дом 15",Тверской район,Центральный административный округ,ресторан,55.7793670631543,37.589471738154,1902562.9789459351,6415083.834321359,3576.8744973001903
4199,Жизнь Пи,"город Москва, Большой Саввинский переулок, дом 12, строение 6",район Хамовники,Центральный административный округ,ресторан,55.732286,37.562739,1902682.4274272926,6409449.966231805,4488.513318496771
4200,Ресторан Акапелла,"город Москва, Космодамианская набережная, дом 52, строение 6",район Замоскворечье,Центральный административный округ,ресторан,55.73327522856741,37.64433127745288,1907608.5138474228,6411264.301159593,2752.8211687493595
4201,Ресторан «Япоша»,"город Москва, Садовая-Кудринская улица, дом 32, строение 1",Пресненский район,Центральный административный округ,ресторан,55.76540255308012,37.59091222140255,1903168.356981739,6413608.715073652,2371.972919962379
4202,Арт клуб на Плющихе,"город Москва, улица Плющиха, дом 64, строение 6",район Хамовники,Центральный административный округ,ресторан,55.7356187820983,37.5739506013123,1903240.9940309501,6410043.533543253,3677.404950694674
4203,Столовая,"город Москва, улица Балчуг, дом 7",район Замоскворечье,Центральный административный округ,ресторан,55.746805030782625,37.62662598430734,1906029.305259077,6412351.50966182,850.7635668103879
4204,15 Kitchen+bar,"город Москва, Пожарский переулок, дом 15",район Хамовники,Центральный административный округ,ресторан,55.741732778251425,37.600687774068135,1904640.446253698,6411261.746865432,1901.2528374187189
4205,KFC,"город Москва, Павелецкая площадь, дом 1А, строение 1",район Замоскворечье,Центральный административный округ,ресторан,55.72974351120497,37.63953213260597,1907447.8652348267,6410783.01953358,2965.5776793393843
4206,Il Patio,"город Москва, Павелецкая площадь, дом 1А, строение 1",район Замоскворечье,Центральный административный округ,кафе,55.72974351120497,37.63953213260597,1907447.8652348267,6410783.01953358,2965.5776793393843
4207,Кафе Самса 1,"город Москва, Павелецкая площадь, дом 1А, строение 1",район Замоскворечье,Центральный административный округ,кафе,55.72974351120497,37.63953213260597,1907447.8652348267,6410783.01953358,2965.5776793393843
4208,Банкетный зал Шелк,"город Москва, Большой Саввинский переулок, дом 12, строение 10Г",район Хамовники,Центральный административный округ,ресторан,55.731632879119246,37.56025904826406,1902555.741921363,6409327.748659171,4662.945435140863
4209,M Cafe Хинкальная,"город Москва, Большой Саввинский переулок, дом 12, строение 10А",район Хамовники,Центральный административный округ,ресторан,55.7324534426275,37.5609687280171,1902568.5378986702,6409431.037756257,4574.4193897777595
4210,АРТЕКС,"город Москва, 4-й Лесной переулок, дом 4",Тверской район,Центральный административный округ,ресторан,55.7800669137272,37.5881909011677,1902459.2190076069,6415132.501058912,3689.473207390928
4211,Прайм стар,"город Москва, 4-й Лесной переулок, дом 4",Тверской район,Центральный административный округ,кафе,55.77900824617786,37.58690000918087,1902420.0579668873,6414991.410990938,3641.5358012992206
4212,Ресторан (при гостинице «Марриот Сущёвский»),"город Москва, улица Сущёвский Вал, дом 74",Мещанский район,Центральный административный округ,ресторан,55.7913580325703,37.6328047739091,1904749.564035542,6417282.702153332,4360.693860473122
4213,Ресторан «Аист»,"город Москва, Малая Бронная улица, дом 8, строение 1",Пресненский район,Центральный административный округ,ресторан,55.760354,37.5969249999999,1903721.0151906884,6413190.255751692,1747.095477764775
4214,Кулинарная лавка «Два кренделя»,"город Москва, Орликов переулок, дом 5, строение 1",Красносельский район,Центральный административный округ,кафе,55.772102,37.650675,1906550.7239963412,6415581.862466955,2823.4920666932962
4215,Ресторан Карлсон,"город Москва, Овчинниковская набережная, дом 20, строение 1",район Замоскворечье,Центральный административный округ,ресторан,55.743957049921846,37.635011788641386,1906644.9243980986,6412220.2433448285,1411.2256729432188
4216,Южане,"город Москва, проспект Академика Сахарова, дом 10",Красносельский район,Центральный административный округ,ресторан,55.76871378338475,37.641974293467136,1906148.1119588686,6415034.360194601,2168.4900318283353
4217,Кафе «Линдфорс»,"город Москва, улица Пресненский Вал, дом 27, строение 11",Пресненский район,Центральный административный округ,кафе,55.77219105608637,37.57140942534401,1901731.6031873764,6413932.944053784,3843.8727397697044
4218,Кафе 01,"город Москва, улица Чаянова, дом 11, строение 1",Тверской район,Центральный административный округ,кафе,55.7754936046634,37.5941543089879,1902991.105395193,6414764.20338956,3042.641279387078
4219,Marrakesh Хинкальная,"город Москва, Неглинная улица, дом 10",Мещанский район,Центральный административный округ,кафе,55.762098784734086,37.62047301907764,1905087.3841302544,6413871.061918637,964.5082394337604
4220,Krispy Creme,"город Москва, Неглинная улица, дом 10",Мещанский район,Центральный административный округ,кафе,55.76206070110841,37.62114282658994,1905129.5029854872,6413880.980536558,958.5602429997924
4221,Уайт Харт Паб,"город Москва, Неглинная улица, дом 10",Мещанский район,Центральный административный округ,ресторан,55.76206070110841,37.62114282658994,1905129.5029854872,6413880.980536558,958.5602429997924
4222,Мясо ели мужики,"город Москва, Неглинная улица, дом 10",Мещанский район,Центральный административный округ,кафе,55.7624457532385,37.6205095277828,1905076.7191850152,6413909.223210145,1003.862984607868
4223,Восточный дворик,"город Москва, Каланчёвская улица, дом 4/2, строение 1",Красносельский район,Центральный административный округ,кафе,55.770929632,37.65200956899997,1906675.395315331,6415483.493432668,2785.4024277306503
4224,Корчма Тарас Бульба,"город Москва, Моховая улица, дом 8, строение 1",Тверской район,Центральный административный округ,ресторан,55.75064329645857,37.61014848735511,1904885.0815011861,6412420.205925297,798.7638069573818
4225,КРУЖКА,"город Москва, Ладожская улица, дом 5",Басманный район,Центральный административный округ,кафе,55.771598750902,37.6826080308981,1908509.2326353097,6416197.496072869,4436.401172419137
4226,Q2 LOUNGE,"город Москва, Тверская улица, дом 3",Тверской район,Центральный административный округ,ресторан,55.7574131336283,37.6131165248234,1904814.2427678597,6413212.028657289,681.9747215176484
4227,Бар - ресторан Новиков,"город Москва, Тверская улица, дом 3",Тверской район,Центральный административный округ,ресторан,55.7571491350341,37.6135401645452,1904849.7908336206,6413192.440513895,641.9088733413672
4228,То Да Сё,"город Москва, Смоленская площадь, дом 6",район Арбат,Центральный административный округ,кафе,55.7487711020018,37.5832911954932,1903321.685286118,6411656.611972569,2510.493963481484
4229,"Кофейня Кофемания, пиццерия Бармалини","город Москва, Садовническая улица, дом 82, строение 2",район Замоскворечье,Центральный административный округ,кафе,55.73481968817365,37.64242853328691,1907435.4060168474,6411390.869023613,2538.5769341202504
4230,Correas,"город Москва, Садовническая улица, дом 82, строение 2",район Замоскворечье,Центральный административный округ,кафе,55.73481968817365,37.64242853328691,1907435.4060168474,6411390.869023613,2538.5769341202504
4231,Кафе-пекарня Paul,"город Москва, Садовническая улица, дом 82, строение 2",район Замоскворечье,Центральный административный округ,кафе,55.735462522087495,37.64244329138278,1907412.4159149467,6411460.463990031,2477.4138906164676
4232,Прайм стар,"город Москва, Садовническая улица, дом 82, строение 2",район Замоскворечье,Центральный административный округ,кафе,55.735462522087495,37.64244329138278,1907412.4159149467,6411460.463990031,2477.4138906164676
4233,KAFIN,"город Москва, улица Земляной Вал, дом 29, строение 1",Басманный район,Центральный административный округ,кафе,55.75882862283858,37.6606572690089,1907650.908001016,6414360.717939527,2593.8803039212294
4234,BB&Burgers,"город Москва, улица Новый Арбат, дом 17, сооружение 1",район Арбат,Центральный административный округ,кафе,55.75246,37.590156,1903602.2962333849,6412197.787324257,2011.1934620273898
4235,Кафе-бар «Бигус»,"город Москва, Русаковская улица, дом 13",Красносельский район,Центральный административный округ,кафе,55.783991563217455,37.67334978419687,1907485.4982335402,6417338.63130355,4808.688081505711
4236,Ресторан «ЭКСПОМИЛ»,"город Москва, Краснопресненская набережная, дом 14, сооружение 1",Пресненский район,Центральный административный округ,ресторан,55.7518717136215,37.5446888433526,1900859.7760901498,6411184.636122787,4933.647213186516
4237,Дорогая я перезвоню,"город Москва, Большой Спасоглинищевский переулок, дом 9, строение 1",Басманный район,Центральный административный округ,ресторан,55.7545102094481,37.636710070236,1906356.0753269214,6413393.251317502,991.2053917917096
4238,Пицца Экспресс,"город Москва, улица Знаменка, дом 7, строение 3",район Хамовники,Центральный административный округ,ресторан,55.7490741468183,37.607363872558,1904774.0208984758,6412192.789708937,1040.7365067796745
4239,Кафе «Conversation»,"город Москва, Большая Никитская улица, дом 23/14/9",Пресненский район,Центральный административный округ,кафе,55.757363,37.599198,1903970.1128515906,6412915.395588242,1486.6227168157955
4240,Ресторан «Zotman Pizza Pie»,"город Москва, Большая Никитская улица, дом 23/14/9",Пресненский район,Центральный административный округ,ресторан,55.757306,37.599082,1903965.1763592833,6412906.825145752,1491.9475694087794
4241,Кафе «Sagah»,"город Москва, Большая Никитская улица, дом 23/14/9",Пресненский район,Центральный административный округ,кафе,55.75703797387272,37.59925126412945,1903985.4068630622,6412881.475006288,1473.2108685101437
4242,Ресторан «Lucky Izakaya Bar»,"город Москва, Большая Никитская улица, дом 23/14/9",Пресненский район,Центральный административный округ,кафе,55.7573447332084,37.5992717968056,1903975.2760269153,6412914.970225615,1481.4828292803038
4243,ФА-СОЛЬ-КА,"город Москва, Ленинский проспект, дом 2, сооружение 1",район Якиманка,Центральный административный округ,кафе,55.72961,37.61114,1905725.8634210106,6410173.763584309,2818.750784055713
4244,Александровский зал ( закрытое),"город Москва, Ленинский проспект, дом 2, сооружение 1",район Якиманка,Центральный административный округ,ресторан,55.7295587053817,37.611128198932,1905727.0488381765,6410167.9872685615,2824.6142703530054
4245,Цитрин,"город Москва, Зубовский бульвар, дом 2, строение 7",район Хамовники,Центральный административный округ,кафе,55.73628322698455,37.59415806284044,1904445.4366804874,6410537.696090801,2642.4149230177222
4246,Пепе Неро,"город Москва, Кадашёвская набережная, дом 26",район Якиманка,Центральный административный округ,ресторан,55.74476670006544,37.622259854153555,1905839.5426304748,6412040.358141375,1014.6906453734204
4247,Центр системы питания,"город Москва, Селезнёвская улица, дом 9",Тверской район,Центральный административный округ,кафе,55.7799274096298,37.6034095871522,1903388.8524449645,6415435.629384136,3209.824664982481
4248,АРТ-КАФЕ,"город Москва, Лесная улица, дом 59, строение 1",Тверской район,Центральный административный округ,кафе,55.78197733186282,37.59341264081446,1902705.55603015,6415447.559642222,3694.953241077699
4249,Ресторан « ЛА Маре»,"город Москва, Малая Грузинская улица, дом 23, строение 1",Пресненский район,Центральный административный округ,ресторан,55.76603798030914,37.571825139347965,1901984.8418329733,6413278.344867711,3483.3534118328116
4250,"Lookin Rooms, Диско 90-х","город Москва, Настасьинский переулок, дом 4, строение 2",Тверской район,Центральный административный округ,ресторан,55.7669289097129,37.6048052778212,1903955.9932923273,6414063.7828914365,1850.3348077433075
4251,Кофешоп Coffeeshop Company,"город Москва, Лаврушинский переулок, дом 17, строение 5",район Якиманка,Центральный административный округ,кафе,55.7409863564171,37.6224192606046,1905989.592429493,6411636.227689784,1445.6153371433063
4252,Кафе Урюк,"город Москва, Валовая улица, дом 3, строение 1",район Замоскворечье,Центральный административный округ,кафе,55.72970128204675,37.627553201754004,1906720.8318998485,6410527.393641941,2759.399124303982
4253,Одуван,"город Москва, Гоголевский бульвар, дом 31, строение 1",район Арбат,Центральный административный округ,ресторан,55.75062251352206,37.599826829868476,1904258.3643294845,6412201.98476272,1427.3462531553873
4254,Романов,"город Москва, Неглинная улица, дом 17, строение 1",Тверской район,Центральный административный округ,ресторан,55.7634975426897,37.61965480150012,1904985.7235331363,6414004.693080601,1127.636428646292
4255,Starbucks,"город Москва, улица Гашека, дом 6",Пресненский район,Центральный административный округ,кафе,55.76840811945151,37.590486779215546,1903031.0492728592,6413923.793619911,2601.716634726719
4256,Никола Тесла,"город Москва, Краснопролетарская улица, дом 4",Тверской район,Центральный административный округ,кафе,55.7736480895171,37.6087998858018,1903949.345671995,6414871.57442629,2418.26116074826
4257,Sadu,"город Москва, улица Большая Полянка, дом 17, строение 1",район Якиманка,Центральный административный округ,ресторан,55.7392261928176,37.6179560648018,1905783.5360083387,6411353.029880276,1659.2536719970578
4258,Орко Покровка Менеджмент,"город Москва, улица Покровка, дом 40, строение 2",Басманный район,Центральный административный округ,ресторан,55.7619417176562,37.6531573759137,1907079.3772301,6414538.930527022,2251.5031985605806
4259,Starbucks,"город Москва, Стремянный переулок, дом 38",район Замоскворечье,Центральный административный округ,кафе,55.727255086200564,37.62675283760332,1906762.97870307,6410246.951601933,3029.311663274331
4260,Венская кофейня Coffee Shop,"город Москва, Стремянный переулок, дом 38",район Замоскворечье,Центральный административный округ,кафе,55.72723413744275,37.62675792278991,1906764.0658626503,6410244.800116363,3031.7216651695985
4261,Starbucks,"город Москва, улица Земляной Вал, дом 9",Басманный район,Центральный административный округ,кафе,55.7618451352441,37.6582750307144,1907393.9404851121,6414635.839426229,2549.8175529056443
4262,Кафе «Вейк ап»,"город Москва, Столярный переулок, дом 3, корпус 5",Пресненский район,Центральный административный округ,кафе,55.7635808955308,37.56961192243101,1901941.3615089392,6412967.247580808,3514.012496003569
4263,Лангуст,"город Москва, Гончарная улица, дом 21",Таганский район,Центральный административный округ,ресторан,55.7434659788152,37.6493325458587,1907533.8479818688,6412467.525110979,2140.622671619103
4264,Восточная ночь,"город Москва, улица Радио, дом 14",Басманный район,Центральный административный округ,кафе,55.76294734760987,37.67966818381213,1908652.7908651766,6415203.505323984,3894.8418028518386
4265,Азбука вкуса,"город Москва, Бауманская улица, дом 32, строение 2",Басманный район,Центральный административный округ,кафе,55.772428125274374,37.67835648204004,1908220.099534703,6416197.626596847,4242.656925818041
4266,KFC,"город Москва, Спартаковская улица, дом 24",Басманный район,Центральный административный округ,кафе,55.77246576219649,37.676684,1908117.108030579,6416166.581168748,4152.397138241918
4267,Avenue 6,"город Москва, Большой Кисловский переулок, дом 6",район Арбат,Центральный административный округ,кафе,55.754483994180276,37.60666093373276,1904530.555272624,6412761.202756976,950.2134670147054
4268,Оранж три,"город Москва, Тверской бульвар, дом 26",Тверской район,Центральный административный округ,ресторан,55.76299814420203,37.60451343732514,1904084.1126347487,6413633.9935570285,1519.4260632843375
4269,КАФЕ ПУШКИНЪ,"город Москва, Тверской бульвар, дом 26А",Тверской район,Центральный административный округ,ресторан,55.763667012060274,37.60505473332843,1904092.1894838586,6413717.413028949,1550.0720424180352
4270,Октоберфест,"город Москва, улица Земляной Вал, дом 7, строение 1",Басманный район,Центральный административный округ,кафе,55.762690223243,37.6578351484365,1907335.7778283916,6414717.688558338,2560.719450587543
4271,Хинкальная,"город Москва, улица Земляной Вал, дом 7, строение 1",Басманный район,Центральный административный округ,кафе,55.762466880338,37.657609842879,1907330.395001908,6414688.894014953,2537.2815659682997
4272,Прайм стар,"город Москва, Неглинная улица, дом 14, строение 1А",Мещанский район,Центральный административный округ,кафе,55.76423456310304,37.62071843460451,1905022.9912245385,6414106.397704008,1206.9902892704351
4273,"Пиццерия ""Академия""","город Москва, Бутиковский переулок, дом 7",район Хамовники,Центральный административный округ,кафе,55.7378002864207,37.6021081872944,1904872.686639607,6410867.5697034,2190.836961546607
4274,Goodman,"город Москва, Трубная площадь, дом 2",Мещанский район,Центральный административный округ,ресторан,55.766535278393654,37.62249239089264,1905045.3488064657,6414391.510198613,1470.3279671983069
4275,Кофемания,"город Москва, Трубная площадь, дом 2",Мещанский район,Центральный административный округ,кафе,55.7667562579246,37.6220464828473,1905010.0478326678,6414405.991791186,1494.377284576237
4276,Азбука вкуса,"город Москва, Трубная площадь, дом 2",Мещанский район,Центральный административный округ,кафе,55.76641433939078,37.62172861797592,1905003.4308705155,6414362.484896932,1454.9464372373707
4277,Кафе «Самарканд»,"город Москва, Дубининская улица, дом 43",район Замоскворечье,Центральный административный округ,кафе,55.723839277928185,37.63688081580929,1907505.9317120316,6410091.046689268,3542.3242143647435
4278,Буржуа кафе,"город Москва, Летниковская улица, дом 10, строение 4",район Замоскворечье,Центральный административный округ,кафе,55.724949893734795,37.642825896400126,1907826.3187627983,6410335.408172065,3551.43966986591
4279,LUCE,"город Москва, 1-я Тверская-Ямская улица, дом 21",Тверской район,Центральный административный округ,кафе,55.7747374332296,37.5872884202217,1902602.016391393,6414539.179102874,3251.786243913273
4280,Starbucks,"город Москва, Серебряническая набережная, дом 29",Таганский район,Центральный административный округ,кафе,55.7504406927264,37.6527121292185,1907479.9851920311,6413290.10021116,2048.3180781365295
4281,Нью Йорк,"город Москва, Серебряническая набережная, дом 29",Таганский район,Центральный административный округ,кафе,55.750635171214775,37.65291313783958,1907484.9720820233,6413315.275306132,2057.206216239916
4282,Вилла паста,"город Москва, улица Большая Дмитровка, дом 32, строение 1",Тверской район,Центральный административный округ,ресторан,55.765446495725136,37.610998487348844,1904387.346281845,6414033.578270471,1500.5698573421398
4283,Менза,"город Москва, улица Большая Дмитровка, дом 32, строение 1",Тверской район,Центральный административный округ,кафе,55.765459706155525,37.61098964354607,1904386.318542666,6414034.817085068,1502.1715469685548
4284,Кафе «Тай чай»,"город Москва, Таганская улица, дом 3",Таганский район,Центральный административный округ,кафе,55.74123697255863,37.658607330800585,1908180.6164726873,6412421.831570192,2781.737168176229
4285,Кафе «1808»,"город Москва, Таганская улица, дом 3",Таганский район,Центральный административный округ,кафе,55.74123697255863,37.658607330800585,1908180.6164726873,6412421.831570192,2781.737168176229
4286,KFC,"город Москва, Верхняя Красносельская улица, дом 3А",Красносельский район,Центральный административный округ,кафе,55.78551645591007,37.66546575512249,1906949.997076321,6417337.581924039,4607.25561026686
4287,Фреш Смуси Бар,"город Москва, Верхняя Красносельская улица, дом 3А",Красносельский район,Центральный административный округ,кафе,55.78551645591007,37.66546575512249,1906949.997076321,6417337.581924039,4607.25561026686
4288,Тарабин,"город Москва, Верхняя Красносельская улица, дом 3А",Красносельский район,Центральный административный округ,кафе,55.78551645591007,37.66546575512249,1906949.997076321,6417337.581924039,4607.25561026686
4289,Суши маркет,"город Москва, Верхняя Красносельская улица, дом 3А",Красносельский район,Центральный административный округ,кафе,55.78551645591007,37.66546575512249,1906949.997076321,6417337.581924039,4607.25561026686
4290,Чайная ложка,"город Москва, Верхняя Красносельская улица, дом 3А",Красносельский район,Центральный административный округ,кафе,55.78551645591007,37.66546575512249,1906949.997076321,6417337.581924039,4607.25561026686
4291,Starbucks,"город Москва, Верхняя Красносельская улица, дом 3А",Красносельский район,Центральный административный округ,кафе,55.78551645591007,37.66546575512249,1906949.997076321,6417337.581924039,4607.25561026686
4292,Обжорный ряд,"город Москва, Верхняя Красносельская улица, дом 3А",Красносельский район,Центральный административный округ,кафе,55.78551645591007,37.66546575512249,1906949.997076321,6417337.581924039,4607.25561026686
4293,Крошка Картошка,"город Москва, Верхняя Красносельская улица, дом 3А",Красносельский район,Центральный административный округ,кафе,55.78551645591007,37.66546575512249,1906949.997076321,6417337.581924039,4607.25561026686
4294,Шоколадница,"город Москва, Верхняя Красносельская улица, дом 3А",Красносельский район,Центральный административный округ,кафе,55.78551645591007,37.66546575512249,1906949.997076321,6417337.581924039,4607.25561026686
4295,Il Patio,"город Москва, Верхняя Красносельская улица, дом 3А",Красносельский район,Центральный административный округ,ресторан,55.78551645591007,37.66546575512249,1906949.997076321,6417337.581924039,4607.25561026686
4296,Кафе,"город Москва, Большой Саввинский переулок, дом 11",район Хамовники,Центральный административный округ,кафе,55.7343649999999,37.567522,1902896.4005594766,6409774.028018092,4101.62317530816
4297,Кафе «Данкин Донатс»,"город Москва, Летниковская улица, дом 11/10, строение 11",Даниловский район,Южный административный округ,кафе,55.72527678279468,37.645112516880076,1907953.265883604,6410418.594728912,3577.4051318733323
4298,Ресторан «Sixty»,"город Москва, Пресненская набережная, дом 12",Пресненский район,Центральный административный округ,ресторан,55.74969424587381,37.53757939242923,1900508.0332326,6410801.5516519705,5405.501468692941
4299,Пилигрим,"город Москва, проспект Мира, дом 6",Мещанский район,Центральный административный округ,кафе,55.77344179089312,37.63269454649435,1905408.636031961,6415349.512802298,2370.4690769025137
4300,Брассерия Ламбик,"город Москва, улица Воронцово Поле, дом 11/32, строение 2",Басманный район,Центральный административный округ,кафе,55.7544800217182,37.6540800558162,1907412.9280406197,6413754.1187154995,2105.262281934288
4301,Мимино,"город Москва, проспект Мира, дом 75, строение 1",Мещанский район,Центральный административный округ,кафе,55.7897852535624,37.6343357830588,1904900.9774770674,6417145.261028148,4202.482898916577
4302,Ребрышки и крылышки,"город Москва, Николоямская улица, дом 23",Таганский район,Центральный административный округ,кафе,55.74724091971165,37.65469334006342,1907719.3972357411,6412986.798728132,2264.0563570301856
4303,Кафе «Buro canteen»,"город Москва, Рочдельская улица, дом 15, строение 13",Пресненский район,Центральный административный округ,кафе,55.7559718534488,37.56505161553265,1901946.0039436643,6412051.742965483,3629.913076546753
4304,Караокетеатр «Синематограф»,"город Москва, Рочдельская улица, дом 15, строение 10",Пресненский район,Центральный административный округ,кафе,55.75626176435835,37.564312771084985,1901890.3516585033,6412067.565798825,3679.7912182503333
4305,Блэк Маркет,"город Москва, Усачёва улица, дом 2, строение 1",район Хамовники,Центральный административный округ,кафе,55.7308885162538,37.5764354692524,1903567.3746771181,6409585.5278926,3883.7527356560636
4306,Хлеб насущный,"город Москва, Пресненская набережная, дом 10",Пресненский район,Центральный административный округ,кафе,55.747125594579,37.5367709623405,1900553.8732721473,6410507.751561271,5489.449932006601
4307,Goodman,"город Москва, Пресненская набережная, дом 10",Пресненский район,Центральный административный округ,ресторан,55.74707642498013,37.53661486518963,1900546.1990818458,6410499.19412528,5500.156923038916
4308,Starbucks,"город Москва, Пресненская набережная, дом 10",Пресненский район,Центральный административный округ,кафе,55.74707642498013,37.53661486518963,1900546.1990818458,6410499.19412528,5500.156923038916
4309,Lets Rok bar,"город Москва, улица Кузнецкий Мост, дом 4/3, строение 1",Тверской район,Центральный административный округ,кафе,55.7607801191359,37.6161669032032,1904874.6506475848,6413638.787216528,878.5607592681632
4310,Куба Либре,"город Москва, улица Кузнецкий Мост, дом 4/3, строение 1",Тверской район,Центральный административный округ,кафе,55.7608724161632,37.6164265464846,1904887.0036962007,6413654.170308808,882.1536097355353
4311,Блексмит,"город Москва, улица Бутырский Вал, дом 5",Тверской район,Центральный административный округ,кафе,55.77861928467728,37.58471326839845,1902301.6379862118,6414903.788726686,3694.4265242454903
4312,Тирс Групп,"город Москва, улица Бутырский Вал, дом 5",Тверской район,Центральный административный округ,кафе,55.77861928467728,37.58471326839845,1902301.6379862118,6414903.788726686,3694.4265242454903
4313,Ресторан «Bamboobar»,"город Москва, Пресненская набережная, дом 8, строение 1",Пресненский район,Центральный административный округ,ресторан,55.74723074933846,37.53903845406498,1900687.8749640665,6410566.3921385845,5343.40272487486
4314,Кафе «Хадсон дели»,"город Москва, Пресненская набережная, дом 8, строение 1",Пресненский район,Центральный административный округ,кафе,55.7472306940647,37.53903856461251,1900687.883731094,6410566.388485646,5343.3965524725445
4315,Ресторан «Tutto Bene»,"город Москва, Пресненская набережная, дом 8, строение 1",Пресненский район,Центральный административный округ,ресторан,55.747226,37.538458,1900652.752150441,6410553.770449244,5380.44191099703
4316,Ресторан Березка,"город Москва, Пресненская набережная, дом 8, строение 1",Пресненский район,Центральный административный округ,кафе,55.74723074933846,37.53903845406498,1900687.8749640665,6410566.3921385845,5343.40272487486
4317,Кафе «Simplewine»,"город Москва, Пресненская набережная, дом 8, строение 1",Пресненский район,Центральный административный округ,кафе,55.7472306940647,37.53903856461251,1900687.883731094,6410566.388485646,5343.3965524725445
4318,Остерия Бьянка,"город Москва, улица Бутырский Вал, дом 10",Тверской район,Центральный административный округ,ресторан,55.7781994048772,37.5859652314992,1902393.262440574,6414884.691818433,3606.4021593684975
4319,Starbucks,"город Москва, улица Бутырский Вал, дом 10",Тверской район,Центральный административный округ,кафе,55.7782954680399,37.585892164879,1902385.2617792056,6414893.519539078,3617.86026505226
4323,Бурбон Стрит,"город Москва, улица Земляной Вал, дом 75",Таганский район,Центральный административный округ,кафе,55.7461261791284,37.6563760267328,1907863.1414902434,6412901.953158263,2409.0374312330136
4324,Колковна,"город Москва, Лубянский проезд, дом 15, строение 2",Басманный район,Центральный административный округ,ресторан,55.7562489832717,37.6329227911071,1906061.2839808916,6413501.30268676,799.6415178831217
4325,"Стейкхаус ""Бизон""","город Москва, Лубянский проезд, дом 15, строение 2",Басманный район,Центральный административный округ,ресторан,55.7568225201357,37.6321395860746,1905992.3752023054,6413546.710301581,781.0992942087349
4326,ЛяМур,"город Москва, Лубянский проезд, дом 15, строение 2",Басманный район,Центральный административный округ,кафе,55.75658633192001,37.632555146053186,1906026.4064356897,6413529.9597917935,793.1607069615809
4327,НЕМЕЦКАЯ СЛОБОДА,"город Москва, Бауманская улица, дом 23",Басманный район,Центральный административный округ,ресторан,55.774365762748985,37.67840800000001,1908151.081313255,6416407.506484573,4360.980786108699
4328,Патиссон,"город Москва, Нижний Кисловский переулок, дом 7, строение 1",район Арбат,Центральный административный округ,кафе,55.75370701083317,37.603397128320495,1904360.9850006308,6412609.1607618565,1155.333156953235
4329,Хинкальный дом «Тбилисо»,"город Москва, проспект Мира, дом 78, сооружение 1",Мещанский район,Центральный административный округ,ресторан,55.791627,37.635139,1904881.2973080669,6417360.565201436,4418.510586629676
4330,Теплица,"город Москва, Орликов переулок, дом 2",Красносельский район,Центральный административный округ,ресторан,55.77022999809589,37.647305890514566,1906415.6591591432,6415309.498853248,2520.131769509363
4331,Ribambelle,"город Москва, Ботанический переулок, дом 5",Мещанский район,Центральный административный округ,ресторан,55.77794079918352,37.637661281403744,1905543.148230784,6415938.4180381745,2960.2161584743108
4332,ДаблБи,"город Москва, Цветной бульвар, дом 15, строение 1",Тверской район,Центральный административный округ,кафе,55.77115550205578,37.620064988127346,1904726.2873533324,6414838.661456838,1996.9983024531466
4333,HAND,"город Москва, Цветной бульвар, дом 15, строение 1",Тверской район,Центральный административный округ,ресторан,55.77115550205578,37.620064988127346,1904726.2873533324,6414838.661456838,1996.9983024531466
4334,COLORS,"город Москва, Цветной бульвар, дом 15, строение 1",Тверской район,Центральный административный округ,ресторан,55.77115550205578,37.620064988127346,1904726.2873533324,6414838.661456838,1996.9983024531466
4335,Ресторан «Сэнкчуэри»,"город Москва, улица Симоновский Вал, дом 2",Таганский район,Центральный административный округ,ресторан,55.72920332067703,37.66067716756513,1908754.0038336862,6411168.329594125,3763.1705898128253
4336,Бар «Лобби»,"город Москва, улица Симоновский Вал, дом 2",Таганский район,Центральный административный округ,кафе,55.72920332067703,37.66067716756513,1908754.0038336862,6411168.329594125,3763.1705898128253
4337,Бар Московский,"город Москва, улица Охотный Ряд, дом 2",Тверской район,Центральный административный округ,кафе,55.757091313058176,37.61712680047832,1905069.934050618,6413261.2864708975,477.4398188364438
4338,Starbucks,"город Москва, улица Охотный Ряд, дом 2",Тверской район,Центральный административный округ,кафе,55.75726642035303,37.617339991398836,1905076.3909828293,6413284.6233658455,486.52820134255285
4339,Страна которой нет,"город Москва, улица Охотный Ряд, дом 2",Тверской район,Центральный административный округ,ресторан,55.75726642035303,37.617339991398836,1905076.3909828293,6413284.6233658455,486.52820134255285
4340,Ресторан «Боттега Сицилиана»,"город Москва, улица Охотный Ряд, дом 2",Тверской район,Центральный административный округ,ресторан,55.75726642035303,37.617339991398836,1905076.3909828293,6413284.6233658455,486.52820134255285
4341,Goodman,"город Москва, улица Охотный Ряд, дом 2",Тверской район,Центральный административный округ,ресторан,55.75726642035303,37.617339991398836,1905076.3909828293,6413284.6233658455,486.52820134255285
4342,Кулинарная студия Юлии Высоцкой,"город Москва, улица Охотный Ряд, дом 2",Тверской район,Центральный административный округ,ресторан,55.75726642035303,37.617339991398836,1905076.3909828293,6413284.6233658455,486.52820134255285
4343,Jamies italian,"город Москва, улица Охотный Ряд, дом 2",Тверской район,Центральный административный округ,ресторан,55.75726642035303,37.617339991398836,1905076.3909828293,6413284.6233658455,486.52820134255285
4344,Peshi,"город Москва, улица Охотный Ряд, дом 2",Тверской район,Центральный административный округ,ресторан,55.757091313058176,37.61712680047832,1905069.934050618,6413261.2864708975,477.4398188364438
4345,Momento eat,"город Москва, Космодамианская набережная, дом 52, строение 7",район Замоскворечье,Центральный административный округ,ресторан,55.7345497310941,37.64581537810522,1907651.4028534861,6411432.788701944,2686.0687138592443
4346,Беллиссима,"город Москва, Ольховская улица, дом 23",Красносельский район,Центральный административный округ,ресторан,55.77470177499998,37.667852025,1907497.408872546,6416222.224338334,3832.1310233226836
4347,Ресторан «Бистро»,"город Москва, Кожевническая улица, дом 8, строение 3",район Замоскворечье,Центральный административный округ,ресторан,55.72925837334927,37.64379727758687,1907725.3077496618,6410820.159528518,3132.964293475334
4348,ШПАТЕН-ХАУС,"город Москва, 2-я Тверская-Ямская улица, дом 2",Тверской район,Центральный административный округ,ресторан,55.7707467946903,37.5967165101049,1903322.8494861214,6414306.126532369,2511.4730163717945
4349,Софра,"город Москва, улица Маросейка, дом 2/15, строение 1",Басманный район,Центральный административный округ,кафе,55.7572088981102,37.6321395860764,1905978.021284048,6413588.353862162,802.421674157464
4350,Тап и Баррель Паб,"город Москва, улица Большая Дмитровка, дом 13",Тверской район,Центральный административный округ,ресторан,55.76222022120087,37.613125974652704,1904636.3855221793,6413730.358802308,1111.0760071144175
4351,САДОВОЕ КОЛЬЦО,"город Москва, проспект Мира, дом 14, строение 2",Мещанский район,Центральный административный округ,ресторан,55.7749373332153,37.633122531274644,1905379.0648081512,6415519.658101405,2541.2993004453465
4352,Византий,"город Москва, Трифоновская улица, дом 57, строение 3",Мещанский район,Центральный административный округ,ресторан,55.7899495727602,37.631286643607,1904709.7241745866,6417099.125503581,4186.554935070053
4353,Мясной ресторан 4560,"город Москва, улица Щепкина, дом 31",Мещанский район,Центральный административный округ,ресторан,55.77911912535509,37.62861069947023,1904949.6274753017,6415875.867209001,2940.183180761444
4354,Ясмин,"город Москва, улица Бутырский Вал, дом 5, строение 2",Тверской район,Центральный административный округ,ресторан,55.77878571399066,37.584128527214055,1902259.9447968,6414909.509583902,3733.0352733897917
4355,One more pab,"город Москва, улица Бутырский Вал, дом 5, строение 2",Тверской район,Центральный административный округ,кафе,55.7785885279997,37.5850695838894,1902324.4243078437,6414907.919096174,3677.1587564275305
4356,Бифхаус,"город Москва, улица Бутырский Вал, дом 5, строение 2",Тверской район,Центральный административный округ,ресторан,55.7785729015946,37.5849621930483,1902318.4797550857,6414903.9906568425,3680.165744221281
4357,Прайм стар,"город Москва, Летниковская улица, дом 2, строение 1",район Замоскворечье,Центральный административный округ,кафе,55.72869181723431,37.64487832192797,1907812.1136324063,6410781.764624941,3222.4806072233837
4358,Ресторан Торро Гриль,"город Москва, Летниковская улица, дом 2, строение 1",район Замоскворечье,Центральный административный округ,ресторан,55.72869181723431,37.64487832192797,1907812.1136324063,6410781.764624941,3222.4806072233837
4359,Starbucks,"город Москва, Летниковская улица, дом 2, строение 1",район Замоскворечье,Центральный административный округ,кафе,55.728621,37.644791,1907809.4341096312,6410772.300565334,3226.987309798456
4360,Кофе Стайл,"город Москва, Летниковская улица, дом 2, строение 1",район Замоскворечье,Центральный административный округ,кафе,55.72871950939174,37.64487091524315,1907810.6340468612,6410784.594022082,3219.469031368241
4361,Ресторан «Бостон»,"город Москва, Летниковская улица, дом 2, строение 1",район Замоскворечье,Центральный административный округ,ресторан,55.72871950939174,37.64487091524315,1907810.6340468612,6410784.594022082,3219.469031368241
4362,Прайм стар,"город Москва, улица Маши Порываевой, дом 34",Красносельский район,Центральный административный округ,кафе,55.772372132999955,37.64840125400002,1906402.5537920422,6415563.31550556,2751.9577343548012
4363,КРУЖКА,"город Москва, Мясницкая улица, дом 32, строение 1",Басманный район,Центральный административный округ,кафе,55.7656358153674,37.6389631258077,1906079.5597222932,6414639.540794219,1773.5152349529963
4364,Прайм стар,"город Москва, улица Сергея Макеева, дом 13",Пресненский район,Центральный административный округ,кафе,55.76335742368956,37.55121670212187,1900831.575821014,6412559.106278926,4642.848943929888
4365,Варвара,"город Москва, улица Петровка, дом 23/10, строение 5",Тверской район,Центральный административный округ,кафе,55.76622093647895,37.61497139992196,1904600.0162340857,6414200.1936772615,1490.5312379213367
4366,КИТЕЖ,"город Москва, улица Петровка, дом 23/10, строение 5",Тверской район,Центральный административный округ,ресторан,55.7660936297965,37.6151103238741,1904613.1840631273,6414189.379803407,1474.125873164996
4367,Чайхона №1,"город Москва, Олимпийский проспект, дом 14",Мещанский район,Центральный административный округ,кафе,55.778776,37.623548,1904654.860537562,6415732.8953680545,2867.39446413937
4368,Ланчер,"город Москва, Олимпийский проспект, дом 14",Мещанский район,Центральный административный округ,кафе,55.77835,37.623375,1904660.1749522595,6415683.360984443,2818.3593701986406
4369,Simit House,"город Москва, Олимпийский проспект, дом 14",Мещанский район,Центральный административный округ,кафе,55.77835,37.623375,1904660.1749522595,6415683.360984443,2818.3593701986406
4370,The Terrace,"город Москва, Новинский бульвар, дом 8, строение 2",район Арбат,Центральный административный округ,ресторан,55.75040959897037,37.58401140210112,1903304.7432465784,6411848.2939558625,2429.9706031423307
4371,Mery,"город Москва, Новинский бульвар, дом 8, строение 2",район Арбат,Центральный административный округ,ресторан,55.75040959897037,37.58401140210112,1903304.7432465784,6411848.2939558625,2429.9706031423307
4372,OVO,"город Москва, Новинский бульвар, дом 8, строение 2",район Арбат,Центральный административный округ,ресторан,55.75040959897037,37.58401140210112,1903304.7432465784,6411848.2939558625,2429.9706031423307
4373,Лобби бар,"город Москва, Новинский бульвар, дом 8, строение 2",район Арбат,Центральный административный округ,ресторан,55.75040959897037,37.58401140210112,1903304.7432465784,6411848.2939558625,2429.9706031423307
4374,Tehnikum,"город Москва, улица Большая Дмитровка, дом 7/5, строение 2",Тверской район,Центральный административный округ,ресторан,55.76082627206302,37.61473565730438,1904785.954812533,6413613.803424316,922.1871062613318
4375,Ваби-саби,"город Москва, улица Воздвиженка, дом 9, строение 2",район Арбат,Центральный административный округ,кафе,55.752587164307414,37.60380698330511,1904427.4459140429,6412497.0278141955,1135.5067557812902
4376,Burger King,"город Москва, улица Воздвиженка, дом 9, строение 2",район Арбат,Центральный административный округ,кафе,55.752587164307414,37.60380698330511,1904427.4459140429,6412497.0278141955,1135.5067557812902
4377,Шоколадница,"город Москва, улица Воздвиженка, дом 9, строение 2",район Арбат,Центральный административный округ,кафе,55.752617454331904,37.60381632457179,1904426.890012275,6412500.488227951,1134.5446536026361
4378,Караоке-клуб Энгельс,"город Москва, улица Фридриха Энгельса, дом 21",Басманный район,Центральный административный округ,кафе,55.77282206141401,37.68315535051811,1908496.9191153361,6416340.807486165,4533.154208077825
4379,О-ХАРА,"город Москва, улица Фридриха Энгельса, дом 20, строение 2",Басманный район,Центральный административный округ,кафе,55.7723168971816,37.6829084383069,1908500.734977296,6416281.188627562,4491.711733575457
4380,Ресторан RFR,"город Москва, Краснопресненская набережная, дом 12",Пресненский район,Центральный административный округ,ресторан,55.754858971417725,37.556551670869105,1901470.4685882998,6411754.283894078,4168.988534741982
4381,Ресторан Континенталь,"город Москва, Краснопресненская набережная, дом 12",Пресненский район,Центральный административный округ,ресторан,55.754858971417725,37.556551670869105,1901470.4685882998,6411754.283894078,4168.988534741982
4382,Кофейня Кофе Коста,"город Москва, Краснопресненская набережная, дом 12",Пресненский район,Центральный административный округ,кафе,55.754858971417725,37.556551670869105,1901470.4685882998,6411754.283894078,4168.988534741982
4383,Мини-кофейня,"город Москва, Краснопресненская набережная, дом 12",Пресненский район,Центральный административный округ,кафе,55.754858971417725,37.556551670869105,1901470.4685882998,6411754.283894078,4168.988534741982
4384,Ресторан «Фьюжен Плаза»,"город Москва, Краснопресненская набережная, дом 12",Пресненский район,Центральный административный округ,ресторан,55.754858971417725,37.556551670869105,1901470.4685882998,6411754.283894078,4168.988534741982
4385,Кафе «Coffeport»,"город Москва, Краснопресненская набережная, дом 12",Пресненский район,Центральный административный округ,кафе,55.7550907276281,37.5571986661981,1901501.22299877,6411792.775920912,4128.373158387092
4386,Кафе «КИТАЙСКИЙ САД»,"город Москва, Краснопресненская набережная, дом 12",Пресненский район,Центральный административный округ,кафе,55.7550958467894,37.5568982587883,1901482.7702407385,6411787.056087965,4147.691300502689
4387,Ресторан «ЮДЖУНГ»,"город Москва, Краснопресненская набережная, дом 12",Пресненский район,Центральный административный округ,ресторан,55.7545403971552,37.556640766723,1901487.6788732435,6411721.799872225,4162.241582277901
4388,Сабрина,"город Москва, Валовая улица, дом 32/75, строение 2",район Замоскворечье,Центральный административный округ,кафе,55.730240809289484,37.626271955827704,1906622.8673802023,6410558.70203489,2687.633415493866
4389,Гранд Виктория,"город Москва, улица Щипок, дом 16, строение 1",район Замоскворечье,Центральный административный округ,ресторан,55.7246133870394,37.63318891506919,1907252.590400214,6410097.0922110565,3396.816444045662
4390,Вареничная №1,"город Москва, улица Большая Дмитровка, дом 5/6, строение 5",Тверской район,Центральный административный округ,ресторан,55.760107934183026,37.61530337416844,1904847.1236721033,6413548.260974969,832.7225452554076
4391,CHEHONTE,"город Москва, Тверская улица, дом 22",Тверской район,Центральный административный округ,ресторан,55.76766734042199,37.60108806669101,1903702.717405642,6414065.621471736,2061.8877647878617
4392,Кофемания,"город Москва, Тверская улица, дом 22",Тверской район,Центральный административный округ,кафе,55.76757945513196,37.60099620168974,1903700.3958134714,6414054.227163094,2057.888012059539
4393,ПРОБКА,"город Москва, Цветной бульвар, дом 2",Мещанский район,Центральный административный округ,ресторан,55.76817895441223,37.62345719450108,1905042.9288386337,6414588.865079151,1661.3657377131876
4394,Хлеб насущный,"город Москва, Зубовский бульвар, дом 11А",район Хамовники,Центральный административный округ,кафе,55.735541950491125,37.59268927302165,1904383.5876520902,6410427.062644109,2768.3275821787665
4395,Систерс,"город Москва, улица Покровка, дом 6",Басманный район,Центральный административный округ,кафе,55.75868435830589,37.64209291097179,1906528.1053833878,6413955.93208369,1450.5895554920723
4396,YOKO,"город Москва, улица Новый Арбат, дом 32",район Арбат,Центральный административный округ,ресторан,55.753181854769934,37.5805288783916,1902990.2728570881,6412074.342169143,2626.0115052184074
4397,Гнездо глухаря,"город Москва, Цветной бульвар, дом 30, строение 1",Мещанский район,Центральный административный округ,кафе,55.7722255132642,37.6225751032586,1904839.0509102813,6415006.532245129,2118.6483598136333
4398,Кафе Компот,"город Москва, 2-й Сыромятнический переулок, дом 1",Таганский район,Центральный административный округ,кафе,55.753804955948844,37.662021923050084,1907920.7202296213,6413847.946414622,2613.8533696701943
4399,Даблби,"город Москва, 2-й Сыромятнический переулок, дом 1",Басманный район,Центральный административный округ,кафе,55.75350227679904,37.664176273404856,1908062.9154536535,6413860.525048721,2752.377476685783
4400,Арт-кафе Рукав,"город Москва, улица Земляной Вал, дом 59, строение 2",Таганский район,Центральный административный округ,кафе,55.74865907875959,37.65755132547608,1907840.3907507337,6413199.585521378,2395.1706963705215
4401,Ресторан КИМЧИ,"город Москва, Стремянный переулок, дом 26",район Замоскворечье,Центральный административный округ,кафе,55.7275964332529,37.63112564555532,1907016.2941035782,6410375.381227876,3036.114995541863
4402,Пекарня Konigsbaker,"город Москва, Стремянный переулок, дом 26",район Замоскворечье,Центральный административный округ,кафе,55.7275720812561,37.630268193930625,1906965.041561074,6410354.786235965,3027.920835142835
4403,Жаровня,"город Москва, Стремянный переулок, дом 26",район Замоскворечье,Центральный административный округ,кафе,55.7275720812561,37.630268193930625,1906965.041561074,6410354.786235965,3027.920835142835
4404,Рыбы нет,"город Москва, Никольская улица, дом 12",Тверской район,Центральный административный округ,ресторан,55.758780368839716,37.62559468635682,1905521.8753089318,6413620.640880808,644.5786424805596
4405,Фарш,"город Москва, Никольская улица, дом 12",Тверской район,Центральный административный округ,ресторан,55.758780368839716,37.62559468635682,1905521.8753089318,6413620.640880808,644.5786424805596
4406,MOJO бар,"город Москва, Валовая улица, дом 26",район Замоскворечье,Центральный административный округ,кафе,55.73061656035967,37.628230305403584,1906728.0288112322,6410640.237375619,2663.0571744148724
4407,Ресторан «Montis Friends»,"город Москва, Валовая улица, дом 26",район Замоскворечье,Центральный административный округ,ресторан,55.73061656035967,37.628230305403584,1906728.0288112322,6410640.237375619,2663.0571744148724
4408,Кафе пекарня «Хлеб насущий»,"город Москва, Садовая-Кудринская улица, дом 1",Пресненский район,Центральный административный округ,кафе,55.759734,37.584586,1902994.0404522163,6412865.439010901,2463.9538314865877
4409,Кафе «Bread and Meat»,"город Москва, Пресненская набережная, дом 6, строение 2",Пресненский район,Центральный административный округ,кафе,55.74809755255746,37.54048972209954,1900744.0658243883,6410690.122924193,5238.080715034137
4410,Шатер,"город Москва, Чистопрудный бульвар, дом 12А, строение 6",Басманный район,Центральный административный округ,кафе,55.76069903185066,37.64465363406384,1906608.836288784,6414226.733194634,1698.8540083540595
4415,Чипсайд,"город Москва, Лесная улица, дом 9",Тверской район,Центральный административный округ,ресторан,55.778611817176,37.5880540237075,1902504.8628211252,6414972.797587476,3560.7034420525624
4416,Халяль,"город Москва, Нижняя Красносельская улица, дом 32/29, строение 2",Красносельский район,Центральный административный округ,кафе,55.77607884705783,37.67003164467133,1907578.5426313907,6416416.345036993,4039.7786254431157
4417,Халяль,"город Москва, Нижняя Красносельская улица, дом 32/29, строение 2",Красносельский район,Центральный административный округ,кафе,55.77607884705783,37.67003164467133,1907578.5426313907,6416416.345036993,4039.7786254431157
4418,Лапы и Хвосты,"город Москва, Большая Серпуховская улица, дом 50/2, строение 1",район Замоскворечье,Центральный административный округ,кафе,55.721543260907794,37.626979625870604,1906988.8518138847,6409636.029553879,3678.374892620822
4419,Ресторан Таун Хаус,"город Москва, улица Бахрушина, дом 11",район Замоскворечье,Центральный административный округ,ресторан,55.7360734630376,37.63548377134047,1906966.4929278041,6411380.4215181535,2200.1386622790137
4420,Starbucks,"город Москва, Мясницкая улица, дом 11",Красносельский район,Центральный административный округ,кафе,55.76205545010051,37.63253944830327,1905822.2667610627,6414119.084888367,1197.192687540143
4421,Sos.cafe,"город Москва, Мясницкая улица, дом 11",Красносельский район,Центральный административный округ,кафе,55.76205545010051,37.63253944830327,1905822.2667610627,6414119.084888367,1197.192687540143
4422,Burger King,"город Москва, Мясницкая улица, дом 11",Красносельский район,Центральный административный округ,кафе,55.76205545010051,37.63253944830327,1905822.2667610627,6414119.084888367,1197.192687540143
4423,Хинкальная,"город Москва, Тверская улица, дом 30/2, строение 5-6",Тверской район,Центральный административный округ,кафе,55.7695821374705,37.5972556151263,1903398.8087320493,6414191.863578499,2387.297276567058
4424,Чебуречная «Советские времена»,"город Москва, Верхняя Красносельская улица, дом 2/1, строение 4",Красносельский район,Центральный административный округ,кафе,55.785857605601926,37.659040621862545,1906547.1524136376,6417239.621009694,4397.797490879855
4425,Венская кофейня-кофе шоп,"город Москва, Известковый переулок, дом 1",Таганский район,Центральный административный округ,кафе,55.744876860683696,37.65608303312119,1907891.7881794632,6412761.163147523,2446.1992890783517
4426,Изя гриль,"город Москва, улица Льва Толстого, дом 16",район Хамовники,Центральный административный округ,кафе,55.73421814376399,37.58816428606061,1904157.4387758186,6410189.711268401,3076.9342647012145
4427,Starbucks,"город Москва, улица Льва Толстого, дом 16",район Хамовники,Центральный административный округ,кафе,55.73421814376399,37.58816428606061,1904157.4387758186,6410189.711268401,3076.9342647012145
4428,CORREAS,"город Москва, улица Льва Толстого, дом 16",район Хамовники,Центральный административный округ,ресторан,55.734112999,37.5888989999999,1904206.0249260457,6410193.743031086,3053.077872906356
4429,Чайхона №1,"город Москва, Садовая-Самотёчная улица, дом 20, строение 1",Тверской район,Центральный административный округ,ресторан,55.7733241547174,37.6195556079401,1904614.8093838291,6415061.73576769,2245.484719894312
4430,Glenuill,"город Москва, Садовая-Самотёчная улица, дом 20, строение 1",Тверской район,Центральный административный округ,ресторан,55.7733130509803,37.6193133695468,1904600.5052832419,6415055.468664563,2245.0819184087172
4431,Север-Юг,"город Москва, Страстной бульвар, дом 2",Тверской район,Центральный административный округ,ресторан,55.765063,37.607053,1904161.8212701585,6413909.687968574,1593.2562226001235
4432,No Security Grill & Bar,"город Москва, Пречистенская набережная, дом 5",район Хамовники,Центральный административный округ,ресторан,55.73582848970087,37.599231752489594,1904770.8802785417,6410594.828558282,2480.963499237537
4433,POINTCoffe&Food,"город Москва, Садовническая набережная, дом 75",район Замоскворечье,Центральный административный округ,кафе,55.73582080664721,37.64340710006341,1907457.7126132275,6411519.288168398,2478.240524373949
4434,"Стейкхаус ""Бизон""","город Москва, Садовническая набережная, дом 75",район Замоскворечье,Центральный административный округ,ресторан,55.73582080664721,37.64340710006341,1907457.7126132275,6411519.288168398,2478.240524373949
4435,СЕМИФРЕДО,"город Москва, улица Тимура Фрунзе, дом 11, строение 55",район Хамовники,Центральный административный округ,ресторан,55.73527127485259,37.585302486758,1903944.3389291666,6410243.390919789,3125.6163858075956
4436,White Cafe,"город Москва, улица Новый Арбат, дом 36",район Арбат,Центральный административный округ,ресторан,55.75369794593533,37.577104281590216,1902762.95428575,6412058.405772163,2845.598529599625
4437,Ресторан «Ruski»,"город Москва, 1-й Красногвардейский проезд, дом 21, строение 2",Пресненский район,Центральный административный округ,ресторан,55.750534,37.534611,1900296.4759659264,6410830.171406008,5588.706425135929
4438,Еврокафе,"город Москва, Верхняя Сыромятническая улица, дом 7, строение 10",Басманный район,Центральный административный округ,кафе,55.7546309601347,37.6614078508443,1907852.6722300972,6413924.082570825,2576.697447154688
4439,Ресторан «Meat&Fisht»,"город Москва, Пресненская набережная, дом 2",Пресненский район,Центральный административный округ,ресторан,55.7490566076941,37.539465830833834,1900646.3287130322,6410772.159742017,5291.415707680748
4440,Ресторан «Kabuki»,"город Москва, Пресненская набережная, дом 2",Пресненский район,Центральный административный округ,ресторан,55.7490566076941,37.539465830833834,1900646.3287130322,6410772.159742017,5291.415707680748
4441,Ресторан «Viet Cafe»,"город Москва, Пресненская набережная, дом 2",Пресненский район,Центральный административный округ,ресторан,55.7490566076941,37.539465830833834,1900646.3287130322,6410772.159742017,5291.415707680748
4442,Макдоналдс,"город Москва, Пресненская набережная, дом 2",Пресненский район,Центральный административный округ,ресторан,55.7490566076941,37.539465830833834,1900646.3287130322,6410772.159742017,5291.415707680748
4443,Ресторан «Saltenas»,"город Москва, Пресненская набережная, дом 2",Пресненский район,Центральный административный округ,ресторан,55.7490566076941,37.539465830833834,1900646.3287130322,6410772.159742017,5291.415707680748
4444,Ресторан «MC TRADERS»,"город Москва, Пресненская набережная, дом 2, сооружение 1",Пресненский район,Центральный административный округ,ресторан,55.75474275704743,37.57035099999999,1902313.691210619,6412029.935280312,3282.0294690895967
4445,Il Patio,"город Москва, Пресненская набережная, дом 2",Пресненский район,Центральный административный округ,ресторан,55.7490566076941,37.539465830833834,1900646.3287130322,6410772.159742017,5291.415707680748
4446,Галата,"город Москва, Пресненская набережная, дом 2",Пресненский район,Центральный административный округ,кафе,55.74904096521795,37.53947052910406,1900647.1930051064,6410770.571300411,5291.293143872517
4447,Sushilka,"город Москва, Пресненская набережная, дом 2",Пресненский район,Центральный административный округ,кафе,55.74904096521795,37.53947052910406,1900647.1930051064,6410770.571300411,5291.293143872517
4448,Чайхона №1,"город Москва, Пресненская набережная, дом 2",Пресненский район,Центральный административный округ,ресторан,55.74904096521795,37.53947052910406,1900647.1930051064,6410770.571300411,5291.293143872517
4449,Starbucks,"город Москва, Пресненская набережная, дом 2",Пресненский район,Центральный административный округ,кафе,55.74904096521795,37.53947052910406,1900647.1930051064,6410770.571300411,5291.293143872517
4450,Шоколадница,"город Москва, Пресненская набережная, дом 2",Пресненский район,Центральный административный округ,кафе,55.74904096521795,37.53947052910406,1900647.1930051064,6410770.571300411,5291.293143872517
4451,Кафе «Russkii»,"город Москва, Пресненская набережная, дом 2",Пресненский район,Центральный административный округ,кафе,55.74904096521795,37.53947052910406,1900647.1930051064,6410770.571300411,5291.293143872517
4452,Ресторан «Croydon»,"город Москва, Пресненская набережная, дом 2",Пресненский район,Центральный административный округ,ресторан,55.74904096521795,37.53947052910406,1900647.1930051064,6410770.571300411,5291.293143872517
4453,UPSIDE DOWN CAKE,"город Москва, Пресненская набережная, дом 2",Пресненский район,Центральный административный округ,кафе,55.74904096521795,37.53947052910406,1900647.1930051064,6410770.571300411,5291.293143872517
4454,Кафе «Ploft»,"город Москва, Пресненская набережная, дом 2",Пресненский район,Центральный административный округ,кафе,55.74904096521795,37.53947052910406,1900647.1930051064,6410770.571300411,5291.293143872517
4482,Vnukovo Village,"город Москва, поселение Московский, деревня Картмазово, Киевская улица, владение 2",район Дорогомилово,Западный административный округ,ресторан,55.740052552767494,37.548501049160514,1901528.9137764454,6409989.960762756,4935.006736918889
4517,Эгриси,"город Москва, поселение Вороновское, село Вороново, дом 31, строение 1",Таганский район,Центральный административный округ,кафе,55.753447109921794,37.6522596813171,1907340.697152244,6413604.624925023,1986.277926476859
4619,Шоколадница,"Николоямская улица, дом 28/60, строение 1",Таганский район,Центральный административный округ,кафе,55.7469021625301,37.6546540485454,1907729.6053691863,6412949.465339619,2274.4511093781207
4620,ДжонДжоли,"Николоямская улица, дом 28/60, строение 1",Таганский район,Центральный административный округ,ресторан,55.75111544497896,37.64461239983343,1906962.5607023246,6413192.994309302,1522.2530139260577
4623,Пампа Грин,"город Москва, Мясницкая улица, дом 13, строение 3",Красносельский район,Центральный административный округ,кафе,55.76259293221386,37.634429037312614,1905917.1234898244,6414216.597447908,1320.4666807090855
4627,Прайм стар,"город Москва, улица Сретенка, дом 27, строение 1",Мещанский район,Центральный административный округ,кафе,55.77131093188946,37.63211179516557,1905452.4071321543,6415107.653595411,2128.1515243059735
4628,Кафе «Пион»,"город Москва, Митьковский проезд, дом 10",район Сокольники,Восточный административный округ,кафе,55.797909,37.669564,1906737.5230303959,6418758.928284481,5919.941277574678
4630,Кафе «Музыкальный клуб Форте»,"Большая Бронная улица, дом 20/1/27, строение 2",Пресненский район,Центральный административный округ,кафе,55.762630986019104,37.60047069424738,1903852.0449541644,6413509.85027103,1688.7458526282817
4631,Ресторан «2545»,"2-я Брестская улица, дом 1, строение 1",Пресненский район,Центральный административный округ,ресторан,55.7613924207441,37.5836260477246,1902874.2179578617,6413024.14358746,2581.5206524851847
4634,Кафе «Чайхона Ош Сити»,"город Москва, Грузинский переулок, дом 8",Пресненский район,Центральный административный округ,кафе,55.772398774903934,37.581103117560204,1902312.9118902066,6414157.836205768,3356.098975425555
4637,Кофейня,"город Москва, Волочаевская улица, дом 40Б",район Лефортово,Юго-Восточный административный округ,кафе,55.75248584749193,37.678115101498186,1908947.8970430787,6414043.535203879,3651.031175775973
4640,Лукоморье,"город Москва, улица Малая Якиманка, дом 24",район Якиманка,Центральный административный округ,кафе,55.73761808846515,37.61707506423211,1905789.650999918,6411161.244611934,1848.73551393934
4641,Кафе «Кафе ГАРАЖ»,"город Москва, улица Крымский Вал, дом 9, строение 32",район Якиманка,Центральный административный округ,кафе,55.72777985534743,37.60158669134594,1905212.6210528398,6409776.495575566,3212.1927537053334
4642,Клуб «ANGELS»,"город Москва, Садовая-Черногрязская улица, дом 8, строение 2",Басманный район,Центральный административный округ,ресторан,55.76695955983155,37.651202027824894,1906773.9713809004,6415038.71103402,2445.2174889005714
4643,Кафе «Skuratov»,"Калашный переулок, дом 8А/5, строение 3",Пресненский район,Центральный административный округ,кафе,55.75484,37.601591,1904209.1627618687,6412693.499074334,1278.5883105229136
4644,KU Рамен Изакая Бар,"город Москва, Смоленская улица, дом 8",район Арбат,Центральный административный округ,ресторан,55.74627053345271,37.58031397398428,1903233.3335065925,6411324.8184961155,2770.4428281974115
4645,Crystal,"город Москва, Шубинский переулок, дом 2/3",район Арбат,Центральный административный округ,ресторан,55.74659941236822,37.57973017245393,1903185.6479521506,6411348.068699624,2795.1996031836466
4646,Чебуречная,"Солянский тупик, дом 1/4, строение 1",Таганский район,Центральный административный округ,кафе,55.753823417387125,37.63601003287905,1906339.044685079,6413304.561194462,941.5804567493857
4647,Ресторан «Бирхоф»,"улица Земляной Вал, дом 58/23, строение 1А",Таганский район,Центральный административный округ,кафе,55.7473127934167,37.6549705492083,1907733.576007495,6413000.359091446,2278.318829223933
4648,Про Мясо,"город Москва, Покровский бульвар, дом 6/20, строение 1",Басманный район,Центральный административный округ,ресторан,55.75758551581172,37.64629161688438,1906824.1184389621,6413925.51031799,1663.8652547752129
4650,Шаурма на углях-Чайхана баракат,"Таганская площадь, дом 88, строение 4",Таганский район,Центральный административный округ,кафе,55.7459842660978,37.6425197349621,1907026.056418998,6412596.099809849,1616.8207227297294
4651,Кафе «Фиалка»,"город Москва, Песочная аллея, дом 5",район Сокольники,Восточный административный округ,кафе,55.79391591286465,37.67013594627026,1906920.8973016022,6418340.641878833,5557.843049790769
4656,Кафе «THE Бассейн»,"город Москва, Митьковский проезд, дом 1",район Сокольники,Восточный административный округ,кафе,55.79366789947071,37.664467289789755,1906585.9983146265,6418195.042790663,5336.684682348535
4657,Кафе «Крафтед»,"город Москва, проезд Сокольнического Круга, дом 5",район Сокольники,Восточный административный округ,кафе,55.794914488744915,37.67896388546904,1907419.6163885428,6418633.428392932,5985.414932625267
4658,Кафе «Шашлычная»,"город Москва, 2-й Лучевой просек, дом 2",район Сокольники,Восточный административный округ,кафе,55.79567461359299,37.67461140793578,1907127.0999899881,6418624.024677439,5886.879621442503
4660,Кафе «Тетя Мотя»,"город Москва, проезд Сокольнического Круга, дом 7",район Сокольники,Восточный административный округ,кафе,55.794914488744915,37.67896388546904,1907419.6163885428,6418633.428392932,5985.414932625267
4667,Кафе «Zoo Парк-Кафе»,"город Москва, Большая Грузинская улица, дом 1, строение 2",Пресненский район,Центральный административный округ,кафе,55.7611756575462,37.57662527912268,1902456.7455728194,6412854.479102362,3001.212344430104
4668,Кафе,"улица Ленинская Слобода, дом 26, строение 5",Даниловский район,Южный административный округ,кафе,55.711353431356194,37.65309443579637,1908956.3514930743,6409085.337036157,5236.557097326718
4669,Loft Hall,"улица Ленинская Слобода, дом 26, строение 11",Даниловский район,Южный административный округ,кафе,55.70862285197719,37.6510202324042,1908931.6167639818,6408747.497247589,5476.70470334785
4670,Ресторан «Суфле» при гостинице,"Дербеневская улица, дом 11А, строение 17",Даниловский район,Южный административный округ,ресторан,55.722509888550555,37.64970062648338,1908335.1945095703,6410216.607296642,3990.875599312579
4678,Ресторан «АУРУ»,"город Москва, улица Ленинская Слобода, дом 26",Даниловский район,Южный административный округ,ресторан,55.70994903547632,37.65428934409813,1909081.2663610717,6408959.041685317,5413.99745923683
4682,МСК Московская сеть кальянных,"город Москва, Болотная набережная, дом 3, строение 2",район Якиманка,Центральный административный округ,кафе,55.73996943452662,37.60943954601556,1905238.058475877,6411254.832149639,1738.3066813822313
4683,Мясной Бар №7,"город Москва, улица Машкова, дом 28/20, строение 1",Басманный район,Центральный административный округ,кафе,55.76463054437207,37.65485424200006,1907082.486613808,6414864.28596046,2489.9734188767566
4684,Pho Point,"город Москва, улица Сретенка, дом 1",Мещанский район,Центральный административный округ,кафе,55.766591712910085,37.630691425166944,1905541.4423513035,6414569.28389872,1592.1090472564981
4685,Бункер 42 на Таганке,"5-й Котельнический переулок, дом 11",Таганский район,Центральный административный округ,ресторан,55.74174775744237,37.64929574613782,1907595.484103672,6412281.568380808,2251.061306484287
4686,Rollfix,"город Москва, улица Земляной Вал, дом 29, строение 1",Басманный район,Центральный административный округ,кафе,55.75882862283858,37.6606572690089,1907650.908001016,6414360.717939527,2593.8803039212294
4687,Coffe in time,"город Москва, Новорязанская улица, дом 18, строение 2",Красносельский район,Центральный административный округ,кафе,55.772186081447316,37.6619835077818,1907234.5515951258,6415828.03107107,3358.5197346502
4688,Остериа Марио,"город Москва, улица Земляной Вал, дом 9",Басманный район,Центральный административный округ,ресторан,55.761595517082704,37.65859378872759,1907422.5944785515,6414615.623514321,2558.6963862857165
4689,Кондитерская кафе Пушкинъ,"город Москва, Тверской бульвар, дом 26",Тверской район,Центральный административный округ,кафе,55.76299814420203,37.60451343732514,1904084.1126347487,6413633.9935570285,1519.4260632843375
4690,Ресторан «Веранда 32.05»,"город Москва, улица Каретный Ряд, дом 3, строение 3",Тверской район,Центральный административный округ,ресторан,55.770388136344174,37.608672290851494,1904062.587474485,6414517.535867907,2074.930473196899
4691,Азбука вкуса,"город Москва, Пятницкая улица, дом 13, строение 1",район Замоскворечье,Центральный административный округ,кафе,55.74377724435678,37.62844543090596,1906252.370001921,6412063.277882786,1214.37522598318
4692,Чайхана,"город Москва, улица Фридриха Энгельса, дом 20, строение 1",Басманный район,Центральный административный округ,кафе,55.77236848487944,37.68313733126997,1908512.7169836122,6416291.552726035,4507.454140480766
4693,Кафе «Тетя Мотя»,"город Москва, улица Крымский Вал, дом 9, строение 52",район Якиманка,Центральный административный округ,кафе,55.72563246948734,37.59598281572073,1904951.336836034,6409427.737646161,3587.3495690636037
4694,Кафе «Travelers coffee»,"город Москва, улица Каретный Ряд, дом 3, строение 16",Тверской район,Центральный административный округ,кафе,55.770388136344174,37.608672290851494,1904062.587474485,6414517.535867907,2074.930473196899
4695,Кафе «Бургер Клаб»,"город Москва, улица Каретный Ряд, дом 3, строение 15А",Тверской район,Центральный административный округ,кафе,55.77126848163616,37.60744919292841,1903955.6013108941,6414586.834431271,2198.3550174579605
4703,Coffeeshop Company,"город Москва, улица Большая Полянка, дом 30",район Якиманка,Центральный административный округ,кафе,55.7341988532192,37.61887096420586,1906025.7866357153,6410830.297591266,2223.6194846961653
4705,Кафе «ТО ДА СЁ»,"город Москва, улица Ленинская Слобода, дом 26",Даниловский район,Южный административный округ,кафе,55.709458743927826,37.65263099999999,1908998.5734613426,6408871.394591583,5425.032504054965
4708,KFC,"город Москва, улица Красная Пресня, дом 4",Пресненский район,Центральный административный округ,кафе,55.76129206410016,37.575965918352416,1902412.3555707948,6412853.25086146,3045.615042246318
4710,Якитория,"1-я Тверская-Ямская улица, дом 29/66, корпус 1",Тверской район,Центральный административный округ,кафе,55.77592651255512,37.58508653214911,1902424.1526357413,6414621.334101517,3447.285762526101
4711,Шоколадница,"улица Ленинская Слобода, дом 26",Даниловский район,Южный административный округ,кафе,55.70994903547632,37.65428934409813,1909081.2663610717,6408959.041685317,5413.99745923683
4713,Burger King,"город Москва, улица Новый Арбат, дом 17",район Арбат,Центральный административный округ,кафе,55.75207593723354,37.5909276980574,1903663.4503017394,6412172.524037832,1965.2304675068006
4716,БУРГЕР КИНГ,"город Москва, улица Красная Пресня, дом 4",Пресненский район,Центральный административный округ,ресторан,55.76131,37.575894,1902407.3197007044,6412853.681683793,3050.6287911620616
4717,Ача-чача,"город Москва, Пятницкая улица, дом 82/34, строение 2",район Замоскворечье,Центральный административный округ,ресторан,55.73054824198327,37.625451858942085,1906561.5709429374,6410574.656982115,2647.075492252987
4720,ТАКЭ ДО,"город Москва, Кутузовский проспект, дом 17",район Дорогомилово,Западный административный округ,ресторан,55.746970630989495,37.556718266003784,1901772.6148694651,6410907.347670582,4225.6821604172765
4722,Steak it Easy,"город Москва, Лесная улица, дом 9",Тверской район,Центральный административный округ,ресторан,55.7790683840367,37.58852522376116,1902516.5567141282,6415031.858116594,3584.5053223854593
4723,Сибирь Сибирь,"город Москва, Смоленская улица, дом 8",район Арбат,Центральный административный округ,ресторан,55.74627053345271,37.58031397398428,1903233.3335065925,6411324.8184961155,2770.4428281974115
4724,Кафе,"город Москва, улица Большая Полянка, дом 51А/9",район Якиманка,Центральный административный округ,кафе,55.73220208837503,37.620823288941104,1906218.648561124,6410655.959121339,2445.706848798814
4726,Пломбир,"город Москва, Манежная площадь, дом 1, строение 2",Тверской район,Центральный административный округ,кафе,55.755780495666365,37.61460393991687,1904965.251219236,6413067.187605465,497.8833080098616
4728,Пекарня Франсуа,"город Москва, улица Малая Полянка, дом 5",район Якиманка,Центральный административный округ,кафе,55.73516315936373,37.61729262178025,1905894.0016957587,6410901.184630864,2124.1056607477476
4729,Мой АШАН,"город Москва, Тверская улица, дом 4",Тверской район,Центральный административный округ,кафе,55.75841185863304,37.61341616193109,1904795.3838271585,6413325.948318605,745.3740073846664
4735,Варка,"город Москва, Цветной бульвар, дом 7, строение 1",Тверской район,Центральный административный округ,кафе,55.76931853367291,37.6206572465441,1904830.4860221415,6414653.070893826,1786.4165413997173
4736,Рыба моя,"город Москва, 1-я Тверская-Ямская улица, дом 21",Тверской район,Центральный административный округ,кафе,55.774569265198764,37.58712287301067,1902598.194018471,6414517.592355077,3244.8529678885643
4739,Мандариновый гусь,"город Москва, улица Петровка, дом 17, строение 1",Тверской район,Центральный административный округ,кафе,55.7645023092319,37.61645798789383,1904754.1541834464,6414046.070039456,1276.417699876907
4745,Донер и пекарня,"город Москва, Садовая-Каретная улица, дом 20, строение 1",Тверской район,Центральный административный округ,кафе,55.77262661337279,37.61032580560065,1904079.965647954,6414793.401717671,2276.381752613323
4750,Флориста-Бариста,"город Москва, улица Крымский Вал, дом 8",район Якиманка,Центральный административный округ,кафе,55.73137895143221,37.608768356659084,1905515.9710984046,6410314.790997951,2665.4025147208163
4751,Тирольские пироги,"город Москва, улица Шаболовка, дом 25, корпус 2",район Якиманка,Центральный административный округ,кафе,55.7223745230944,37.610962891042696,1905983.5466853697,6409390.111228702,3628.047713667004
4752,COFIX,"город Москва, площадь Киевского Вокзала, дом 1",район Дорогомилово,Западный административный округ,кафе,55.743081347626315,37.56634043396508,1902501.7519810963,6410689.017801403,3737.657598187212
4753,Cofix-Bright,"город Москва, Тверская улица, дом 27, строение 2",Тверской район,Центральный административный округ,кафе,55.7686472337689,37.59755043503548,1903451.4030698559,6414097.257222385,2294.599281222598
4754,Кофе Хаус,"город Москва, Тверская улица, дом 19А",Тверской район,Центральный административный округ,кафе,55.76581113676809,37.60276822339601,1903873.6829474836,6413900.689777305,1830.3720986441353
4757,Пирожковпая,"город Москва, Новая Басманная улица, дом 20, строение 1",Басманный район,Центральный административный округ,кафе,55.76955344718399,37.66145796480219,1907300.5741227036,6415533.301232644,3150.670103808888
4761,Шеф Хаус,"город Москва, Трубниковский переулок, дом 8/15",район Арбат,Центральный административный округ,кафе,55.75130243613377,37.58722883282261,1903467.2564244703,6412011.803405277,2211.101801308566
4765,Перелетный кабак,"город Москва, Мансуровский переулок, дом 10, строение 2",район Хамовники,Центральный административный округ,кафе,55.74029256497033,37.59380204450518,1904275.126091315,6410962.443514787,2336.9784178571117
4766,Рубим Бургер,"город Москва, улица Нижняя Масловка, дом 5",район Беговой,Северный административный округ,кафе,55.79167732528849,37.58324680007789,1901728.4064099356,6416280.657186374,4978.72872980917
4767,Кафе «Волконский»,"город Москва, переулок Маяковского, дом 3",Таганский район,Центральный административный округ,кафе,55.7395135917676,37.66051941623323,1908360.9661775846,6412276.213185517,2989.516384146577
4769,CUPS & HUGS,"город Москва, Орликов переулок, дом 6",Красносельский район,Центральный административный округ,кафе,55.77094640139403,37.64875870621461,1906477.2819497609,6415417.156557916,2643.1967376132234
4773,Лепим и варим,"город Москва, Столешников переулок, дом 9, строение 1",Тверской район,Центральный административный округ,кафе,55.76317231184283,37.615078299387946,1904719.687580582,6413873.840551048,1158.033132420748
4775,Гриль и Гирос,"город Москва, 1-й Хорошёвский проезд, дом 12, корпус 1",Хорошёвский район,Северный административный округ,кафе,55.775356971656734,37.546013119119536,1900071.2202711266,6413744.142798613,5438.15718638402
4776,Оджалеши,"город Москва, Таганская улица, дом 31/22",Таганский район,Центральный административный округ,ресторан,55.739599321380695,37.6697714710486,1908920.308852163,6412479.623229552,3500.8288325706258
4778,Кафе «Tilda Food & Bar»,"город Москва, Большой Палашёвский переулок, дом 14/7, строение 1",Пресненский район,Центральный административный округ,кафе,55.76459699319531,37.600765378437444,1903797.017758076,6413727.926722583,1819.3985147725562
4779,Ресторан «Токио»,"город Москва, Большая Никитская улица, дом 22/2",Пресненский район,Центральный административный округ,ресторан,55.75715399351031,37.602464715139696,1904176.426485833,6412961.202469355,1279.0570872766655
4784,Шоколадница,"город Москва, улица Шаболовка, дом 10, корпус 1",район Якиманка,Центральный административный округ,кафе,55.7236650899649,37.6103794625955,1905900.169575781,6409517.011322649,3490.948068083865
4786,Шкварка,"город Москва, Большая Сухаревская площадь, дом 1/2, строение 1",Мещанский район,Центральный административный округ,ресторан,55.77307482835193,37.632948363633844,1905437.6904308652,6415315.279409889,2335.842076695117
4787,Даблби,"город Москва, Каланчёвская улица, дом 17, строение 1",Красносельский район,Центральный административный округ,кафе,55.772922825491825,37.65210017126995,1906606.7738762596,6415700.196709973,2954.308567577852
4789,Кафе «МитПоинт»,"город Москва, Брюсов переулок, дом 11, строение 1",Пресненский район,Центральный административный округ,кафе,55.758876600468604,37.60588511113476,1904320.4081973415,6413218.440464908,1159.8230241657616
4792,Вокруг света,"город Москва, Никольская улица, дом 10",Тверской район,Центральный административный округ,ресторан,55.75799498387997,37.62451717953683,1905485.5563467985,6413513.426141732,534.7756548513482
4793,Завтраки,"город Москва, Никольская улица, дом 10",Тверской район,Центральный административный округ,ресторан,55.75799498387997,37.62451717953683,1905485.5563467985,6413513.426141732,534.7756548513482
4795,Shefshows by Novikov,"город Москва, улица Большая Якиманка, дом 22",район Якиманка,Центральный административный округ,кафе,55.73827606739123,37.614656671090884,1905618.1602307493,6411181.527263939,1805.3329476716174
4796,Il pizzaolo,"город Москва, Никольская улица, дом 11-13, строение 1",Тверской район,Центральный административный округ,ресторан,55.75679863846026,37.62173497445916,1905360.8844686497,6413326.221334902,359.3564635953158
4801,Кафе-столовая «Лапауза»,"город Москва, Дербеневская улица, дом 20, строение 10",Даниловский район,Южный административный округ,кафе,55.72170687125904,37.647694796741376,1908243.017290108,6410087.980019386,4016.464343212695
4809,Лепим и Варим,"город Москва, проспект Мира, дом 26, строение 1",Мещанский район,Центральный административный округ,кафе,55.7776821179525,37.63324479684794,1905284.4995371862,6415818.0353752505,2843.6684979239344
4810,ГлавПивТорг,"город Москва, улица Кузнецкий Мост, дом 21/5",Мещанский район,Центральный административный округ,ресторан,55.76263333733777,37.62672945679975,1905447.7344635418,6414059.679839562,1080.2025941036316
4811,Грузинские Каникулы,"город Москва, улица Кузнецкий Мост, дом 21/5",Мещанский район,Центральный административный округ,ресторан,55.76263333733777,37.62672945679975,1905447.7344635418,6414059.679839562,1080.2025941036316
4812,Страна Души,"город Москва, улица Кузнецкий Мост, дом 21/5",Мещанский район,Центральный административный округ,ресторан,55.76263333733777,37.62672945679975,1905447.7344635418,6414059.679839562,1080.2025941036316
4814,Cofix,"город Москва, улица Солянка, дом 2/6, строение 1",Таганский район,Центральный административный округ,кафе,55.753983490217266,37.63659212092262,1906368.4773685315,6413334.010760934,979.5262905421214
4815,Lambic,"город Москва, Верхняя Радищевская улица, дом 15, строение 1",Таганский район,Центральный административный округ,кафе,55.743447646882295,37.65220624162943,1907709.2411357174,6412525.81531496,2299.0969788259777
4816,Dominos Pizza,"город Москва, Николоямская улица, дом 62",Таганский район,Центральный административный округ,кафе,55.74632315407919,37.667609935104075,1908538.7233938742,6413158.885327427,3088.5842854402094
4824,Ресторан «Линкольн»,"город Москва, Большой Дровяной переулок, дом 8, строение 1",Таганский район,Центральный административный округ,ресторан,55.744097611112124,37.65692590279894,1907972.007647232,6412694.860797964,2532.7009871016025
4831,Кофейня,"город Москва, Берсеневская набережная, дом 6, строение 3",район Якиманка,Центральный административный округ,кафе,55.74060657524243,37.6092602379144,1905203.5135466708,6411319.756987047,1678.744600700481
4832,Сыроварня,"город Москва, Берсеневский переулок, дом 2, строение 1",район Якиманка,Центральный административный округ,ресторан,55.7408088772308,37.60986736497456,1905232.9260639495,6411354.272225307,1640.3817405336154
4833,Silver Panda,"город Москва, Берсеневский переулок, дом 2, строение 1",район Якиманка,Центральный административный округ,кафе,55.7408088772308,37.60986736497456,1905232.9260639495,6411354.272225307,1640.3817405336154
4841,Too Much,"город Москва, Малый Гнездниковский переулок, дом 12",Тверской район,Центральный административный округ,ресторан,55.76248553528397,37.60675688899282,1904239.4741281872,6413625.677494089,1376.9170542833954
4848,Кафе «Елисей»,"город Москва, Дубининская улица, дом 90",Даниловский район,Южный административный округ,кафе,55.71562576192685,37.632737383664015,1907558.9043569409,6409118.8648511255,4396.528784245145
4850,Кафе при гостинице «Вояджер»,"город Москва, Дербеневская набережная, дом 7, строение 21",Даниловский район,Южный административный округ,кафе,55.72463361723823,37.65033091325205,1908294.5993085443,6410458.728471847,3796.7922666882914
4851,КАФЕ-КАРАОКЕ «La La Land»,"город Москва, 2-й Донской проезд, дом 10",Донской район,Южный административный округ,кафе,55.710583799420135,37.59283619069517,1905317.7421571263,6407739.614561861,5241.696205768432
4853,Кафе «Новая Азия»,"город Москва, 2-я Рощинская улица, дом 1А",Даниловский район,Южный административный округ,кафе,55.70929216202558,37.618505383508854,1906927.9439919218,6408137.875372123,5060.621913300035
4858,Домашний ресторан «Friends and Family»,"город Москва, улица Ленинская Слобода, дом 26",Даниловский район,Южный административный округ,ресторан,55.70994903547632,37.65428934409813,1909081.2663610717,6408959.041685317,5413.99745923683
4860,Starbucks,"город Москва, Автозаводская улица, дом 18",Даниловский район,Южный административный округ,кафе,55.70491685642642,37.63740862501336,1908240.8918960306,6408062.494603349,5651.213275527052
4861,Кафе Синдбад,"город Москва, Люсиновская улица, дом 62",Даниловский район,Южный административный округ,кафе,55.71774799822281,37.62195264255483,1906823.891164213,6409121.595650581,4093.452747577141
4863,Япоша,"город Москва, Верхняя Красносельская улица, дом 3А",Красносельский район,Центральный административный округ,кафе,55.78551645591007,37.66546575512249,1906949.997076321,6417337.581924039,4607.25561026686
4864,Нью-Йорк Стейк-Хаус,"город Москва, улица Новый Арбат, дом 32",район Арбат,Центральный административный округ,ресторан,55.753181854769934,37.5805288783916,1902990.2728570881,6412074.342169143,2626.0115052184074
4865,КМ 20,"город Москва, Столешников переулок, дом 2, строение 1",Тверской район,Центральный административный округ,ресторан,55.76127946168121,37.611617664090275,1904579.639992861,6413597.392703815,1071.7550737074519
4884,Грузинская кухня ЭZО Хинкальная,"город Москва, улица Арбат, дом 31",район Арбат,Центральный административный округ,ресторан,55.749689,37.592959,1903875.4496722561,6411957.704559476,1881.533331246608
4888,KFC,"город Москва, Пятницкая улица, дом 11/23, строение 1",район Замоскворечье,Центральный административный округ,кафе,55.74403985002528,37.6280721671553,1906219.922592981,6412083.762792663,1177.6755643247209
4891,Шеф Кебаб & Steak,"город Москва, Смоленская-Сенная площадь, дом 23/25",район Хамовники,Центральный административный округ,ресторан,55.74406074350932,37.58293079995016,1903474.348903932,6411141.307341934,2702.469818390839
4892,Роут 66,"город Москва, улица Щепкина, дом 25/20",Мещанский район,Центральный административный округ,кафе,55.77793261866596,37.628481193033416,1904985.8414769296,6415745.279717684,2805.3440854653277
4893,Донер Хаус,"город Москва, Ладожская улица, дом 7",Басманный район,Центральный административный округ,кафе,55.771659101349755,37.68304640592274,1908533.6130914849,6416213.202085814,4464.58173519785
4894,Kozlovna,"город Москва, Мясницкая улица, дом 22, строение 1",Басманный район,Центральный административный округ,ресторан,55.7620712031242,37.634411073338235,1905935.417076408,6414159.990611078,1274.3666085768675
4895,Трапезная,"город Москва, 3-я улица Ямского Поля, дом 28",район Беговой,Северный административный округ,кафе,55.783519,37.579637,1901811.6288778533,6415325.8730478715,4333.8400959989
4896,Ресторан «Verde»,"город Москва, Садовая-Кудринская улица, дом 21, строение 5",Пресненский район,Центральный административный округ,ресторан,55.76540636697007,37.58933592410633,1903072.4224386476,6413576.172591015,2456.4953845205364
4897,Ресторан 800 Contemporary Steak,"город Москва, Большой Патриарший переулок, дом 6, строение 1",Пресненский район,Центральный административный округ,ресторан,55.762671255142145,37.592278533656746,1903352.677045574,6413342.871107411,2133.841650387776
4898,Кафе «Steak and Beer,"город Москва, улица Сергея Макеева, дом 4",Пресненский район,Центральный административный округ,кафе,55.75905762205655,37.55060421350628,1900953.4923939402,6412082.7802828215,4590.300557391989
4901,Кафе-бар «Дружба»,"город Москва, улица Шаболовка, дом 34, строение 3",Донской район,Южный административный округ,кафе,55.71806991264364,37.607666142465106,1905942.6499445844,6408857.0571981985,4151.147697815988
4903,Кафе,"город Москва, Павелецкая набережная, дом 2, строение 1",Даниловский район,Южный административный округ,кафе,55.71565876036593,37.646056095361864,1908368.0761102992,6409401.716046551,4613.515524564184
4904,Кафе,"город Москва, Павелецкая набережная, дом 2, строение 1",Даниловский район,Южный административный округ,кафе,55.71565876036593,37.646056095361864,1908368.0761102992,6409401.716046551,4613.515524564184
4905,Lari Georgian Kitchen,"город Москва, улица Щепкина, дом 33",Мещанский район,Центральный административный округ,ресторан,55.77967495835919,37.628705991445074,1904934.7652310578,6415937.767239529,3003.719691751162
4908,Пиццаменто,"город Москва, Тверская улица, дом 12, строение 2",Тверской район,Центральный административный округ,кафе,55.76383891347662,37.607569745014914,1904238.649536352,6413788.560351778,1461.1428477466063
4911,Бистро Халяль,"город Москва, улица 10-летия Октября, дом 11",район Хамовники,Центральный административный округ,кафе,55.725280983600996,37.56361803510364,1902995.247689054,6408713.121067571,4924.849295285122
4912,Лиля Брик,"город Москва, Большой Лёвшинский переулок, владение 19, строение 2",район Хамовники,Центральный административный округ,кафе,55.741281302120015,37.585569514327894,1903737.8261922814,6410896.8552394835,2699.504284181294
4913,Городское кафе и бар PS,"город Москва, Новодевичий проезд, дом 4",район Хамовники,Центральный административный округ,кафе,55.72898217033401,37.558683193157975,1902557.991616103,6409009.057168516,4915.195800419166
4915,"Хачапури, Одесса -мама","город Москва, улица Шаболовка, дом 14, строение 2",район Якиманка,Центральный административный округ,ресторан,55.72304648628362,37.609778595304256,1905886.5638416312,6409437.747022412,3567.910645291846
4916,Dizengof99,"город Москва, Покровский бульвар, дом 8, строение 1",Басманный район,Центральный административный округ,кафе,55.757291514643384,37.64658495476751,1906852.8750443866,6413899.973670425,1673.4195860749803
4917,НАМ,"город Москва, Саввинская набережная, дом 19, строение 1А",район Хамовники,Центральный административный округ,кафе,55.73395122674164,37.564573442171636,1902732.3644883116,6409667.81564294,4287.417045232592
4918,Кафе «Делимарше»,"город Москва, улица Сергея Макеева, дом 13",Пресненский район,Центральный административный округ,кафе,55.76332226957355,37.55117364385713,1900830.25984676,6412554.417903261,4644.586261142702
4922,Ресторан Magura Asian Bistro,"город Москва, Пресненская набережная, дом 10",Пресненский район,Центральный административный округ,ресторан,55.7470713950673,37.53671435797079,1900552.4355092908,6410500.727289631,5493.899418094378
4923,Столешников,"город Москва, Дмитровский переулок, дом 3, строение 4",Тверской район,Центральный административный округ,кафе,55.76210259862403,37.61532697606709,1904774.5108348744,6413763.747939551,1038.5489565342982
4925,Здравствуй Рыба,"город Москва, Кутузовский проспект, дом 12, строение 2",район Дорогомилово,Западный административный округ,ресторан,55.750583213873504,37.55760789728868,1901692.9754624518,6411315.384062843,4113.973441971939
4926,Кулинарная лавка братьев Караваевых,"город Москва, Пресненская набережная, дом 4, строение 1",Пресненский район,Центральный административный округ,кафе,55.748899519647395,37.54311141215693,1900873.8215330217,6410831.285959369,5060.164860353361
4927,Кафе «Хинкальная»,"город Москва, Пресненская набережная, дом 4, строение 1",Пресненский район,Центральный административный округ,кафе,55.748899519647395,37.54311141215693,1900873.8215330217,6410831.285959369,5060.164860353361
4928,Папа Джонс,"город Москва, Пресненская набережная, дом 4, строение 1",Пресненский район,Центральный административный округ,кафе,55.748899519647395,37.54311141215693,1900873.8215330217,6410831.285959369,5060.164860353361
4929,Кулинария Добрынинская,"город Москва, Пресненская набережная, дом 4, строение 1",Пресненский район,Центральный административный округ,кафе,55.748899519647395,37.54311141215693,1900873.8215330217,6410831.285959369,5060.164860353361
4930,Кафе KFS,"город Москва, Пресненская набережная, дом 4, строение 1",Пресненский район,Центральный административный округ,кафе,55.748899519647395,37.54311141215693,1900873.8215330217,6410831.285959369,5060.164860353361
4931,Кафе Порт,"город Москва, Пресненская набережная, дом 4, строение 1",Пресненский район,Центральный административный округ,кафе,55.748899519647395,37.54311141215693,1900873.8215330217,6410831.285959369,5060.164860353361
4932,Кафе «Hudson Deli»,"город Москва, 1-й Красногвардейский проезд, дом 21, строение 2",Пресненский район,Центральный административный округ,кафе,55.749444,37.534072,1900304.0091173004,6410701.411806883,5632.587729099508
4933,Банкетный зал «Кристалл BallRoom»,"город Москва, 1-й Красногвардейский проезд, дом 21, строение 2",Пресненский район,Центральный административный округ,кафе,55.749444,37.534072,1900304.0091173004,6410701.411806883,5632.587729099508
4934,ПРАВDА Кофе,"город Москва, Пресненская набережная, дом 2, сооружение 1",Пресненский район,Центральный административный округ,кафе,55.74842,37.536548,1900492.4428905046,6410642.655636459,5485.556842219771
4935,Кафе Суп,"город Москва, Пресненская набережная, дом 2, сооружение 1",Пресненский район,Центральный административный округ,кафе,55.74842,37.536548,1900492.4428905046,6410642.655636459,5485.556842219771
4936,Круглый кот,"город Москва, Бауманская улица, дом 9",Басманный район,Центральный административный округ,кафе,55.77651495708193,37.676895485822435,1907979.1921360088,6416607.359262561,4419.400283217729
4937,Горыныч,"город Москва, Рождественский бульвар, дом 1",Мещанский район,Центральный административный округ,ресторан,55.766743660496424,37.624146071463095,1905138.0916226066,6414448.593114693,1502.9561045139064
4938,Миша фишер,"город Москва, Пресненская набережная, дом 6, строение 2",Пресненский район,Центральный административный округ,кафе,55.74809755255746,37.54048972209954,1900744.0658243883,6410690.122924193,5238.080715034137
4940,FOOD STORE еда&бар,"город Москва, улица Рождественка, дом 6/9/20, строение 1",Мещанский район,Центральный административный округ,кафе,55.761430248518444,37.62380624834166,1905314.773770698,6413868.796446738,900.3350914000227
4941,Чайхона №1,"город Москва, Цветной бульвар, дом 2",Мещанский район,Центральный административный округ,ресторан,55.76817895441223,37.62345719450108,1905042.9288386337,6414588.865079151,1661.3657377131876
4942,TOKYO-JAPAN,"город Москва, проспект Мира, дом 12, строение 1",Мещанский район,Центральный административный округ,ресторан,55.7746635622458,37.632603289504516,1905357.6952039073,6415479.277733087,2501.6804636371685
4944,Прайм стар,"город Москва, Пресненская набережная, дом 8, строение 1",Пресненский район,Центральный административный округ,кафе,55.74723074933846,37.53903845406498,1900687.8749640665,6410566.3921385845,5343.40272487486
4945,Кафе «Кофе порт»,"город Москва, Пресненская набережная, дом 8, строение 1",Пресненский район,Центральный административный округ,кафе,55.74723074933846,37.53903845406498,1900687.8749640665,6410566.3921385845,5343.40272487486
4946,Ресторан Базара нет,"город Москва, Пресненская набережная, дом 8, строение 1",Пресненский район,Центральный административный округ,ресторан,55.74723074933846,37.53903845406498,1900687.8749640665,6410566.3921385845,5343.40272487486
4947,Хлеб насущный,"город Москва, Пресненская набережная, дом 8, строение 1",Пресненский район,Центральный административный округ,кафе,55.74723074933846,37.53903845406498,1900687.8749640665,6410566.3921385845,5343.40272487486
4948,Кафе ДаблБи,"город Москва, Пресненская набережная, дом 8, строение 1",Пресненский район,Центральный административный округ,кафе,55.74723074933846,37.53903845406498,1900687.8749640665,6410566.3921385845,5343.40272487486
4949,Кафе Фреш Салат Бар,"город Москва, Пресненская набережная, дом 8, строение 1",Пресненский район,Центральный административный округ,кафе,55.74723074933846,37.53903845406498,1900687.8749640665,6410566.3921385845,5343.40272487486
4950,Кафе Pit Stop,"город Москва, Пресненская набережная, дом 8, строение 1",Пресненский район,Центральный административный округ,кафе,55.74723074933846,37.53903845406498,1900687.8749640665,6410566.3921385845,5343.40272487486
4951,Кафе Здоровая еда,"город Москва, Пресненская набережная, дом 8, строение 1",Пресненский район,Центральный административный округ,кафе,55.74723074933846,37.53903845406498,1900687.8749640665,6410566.3921385845,5343.40272487486
4952,Ресторан Фреш Сити,"город Москва, Пресненская набережная, дом 8, строение 1",Пресненский район,Центральный административный округ,ресторан,55.74723074933846,37.53903845406498,1900687.8749640665,6410566.3921385845,5343.40272487486
4953,Ресторан Buba by Sumosan,"город Москва, Пресненская набережная, дом 8, строение 1",Пресненский район,Центральный административный округ,ресторан,55.74723074933846,37.53903845406498,1900687.8749640665,6410566.3921385845,5343.40272487486
4954,Ресторан «CUT»,"город Москва, Большая Никитская улица, дом 14/2, строение 7",Пресненский район,Центральный административный округ,ресторан,55.75678227742513,37.60534624717723,1904365.3652070952,6412981.4225174,1089.9891112256587
4955,Паб «Three Tuns»,"город Москва, 2-я Брестская улица, дом 39, строение 2",Пресненский район,Центральный административный округ,кафе,55.77420755366547,37.58459940443779,1902458.2882285365,6414425.866432744,3327.815950025296
4957,Ресторан «Insight»,"город Москва, 1-й Красногвардейский проезд, дом 21, строение 2",Пресненский район,Центральный административный округ,ресторан,55.749497,37.534182,1900308.7381625595,6410709.42026241,5625.026324401838
4959,Сварня,"город Москва, проспект Мира, дом 74, строение 1",Мещанский район,Центральный административный округ,ресторан,55.78953104490375,37.63529490087756,1904968.663959985,6417137.949315115,4186.8284404595215
4960,Ресторан Море Мяса,"город Москва, 1-й Красногвардейский проезд, дом 15",Пресненский район,Центральный административный округ,ресторан,55.750514508580736,37.539420340523336,1900589.636204476,6410928.390820499,5280.365712600999
4961,Кафе «Dream coffee»,"город Москва, 1-й Красногвардейский проезд, дом 15",Пресненский район,Центральный административный округ,кафе,55.750514508580736,37.539420340523336,1900589.636204476,6410928.390820499,5280.365712600999
4962,Ресторан Paul,"город Москва, Пресненская набережная, дом 10",Пресненский район,Центральный административный округ,ресторан,55.7470713950673,37.53671435797079,1900552.4355092908,6410500.727289631,5493.899418094378
4963,Кафе Ваби-Саби,"город Москва, Пресненская набережная, дом 10",Пресненский район,Центральный административный округ,кафе,55.7470713950673,37.53671435797079,1900552.4355092908,6410500.727289631,5493.899418094378
4964,Ресторан Il Fornetto,"город Москва, Пресненская набережная, дом 10",Пресненский район,Центральный административный округ,ресторан,55.7470713950673,37.53671435797079,1900552.4355092908,6410500.727289631,5493.899418094378
4965,Кафе Dunkin Donuts,"город Москва, Пресненская набережная, дом 10",Пресненский район,Центральный административный округ,кафе,55.7470713950673,37.53671435797079,1900552.4355092908,6410500.727289631,5493.899418094378
4966,Кафе «Healthy food»,"город Москва, Пресненская набережная, дом 10",Пресненский район,Центральный административный округ,кафе,55.7470713950673,37.53671435797079,1900552.4355092908,6410500.727289631,5493.899418094378
4967,Кафе Tim-Tim,"город Москва, Пресненская набережная, дом 10",Пресненский район,Центральный административный округ,кафе,55.7470713950673,37.53671435797079,1900552.4355092908,6410500.727289631,5493.899418094378
4968,Ресторан Столичный вкус,"город Москва, Пресненская набережная, дом 10",Пресненский район,Центральный административный округ,кафе,55.7470713950673,37.53671435797079,1900552.4355092908,6410500.727289631,5493.899418094378
4969,Ресторан «Chef's kitchen by Sodexo»,"город Москва, Пресненская набережная, дом 10",Пресненский район,Центральный административный округ,ресторан,55.7470713950673,37.53671435797079,1900552.4355092908,6410500.727289631,5493.899418094378
4970,Даблби,"город Москва, Пресненская набережная, дом 10",Пресненский район,Центральный административный округ,кафе,55.7470713950673,37.53671435797079,1900552.4355092908,6410500.727289631,5493.899418094378
4971,Кафе Prime,"город Москва, Пресненская набережная, дом 10",Пресненский район,Центральный административный округ,кафе,55.7470713950673,37.53671435797079,1900552.4355092908,6410500.727289631,5493.899418094378
4972,Burger Heroes,"город Москва, улица Новый Арбат, дом 17",район Арбат,Центральный административный округ,кафе,55.75207024403551,37.59098916248665,1903667.3980363111,6412173.1956259785,1961.3553987010027
4974,Кофе пью,"город Москва, Пресненская набережная, дом 6, строение 2",Пресненский район,Центральный административный округ,кафе,55.74809755255746,37.54048972209954,1900744.0658243883,6410690.122924193,5238.080715034137
4975,Кафе «Duck it»,"город Москва, Пресненская набережная, дом 6, строение 2",Пресненский район,Центральный административный округ,кафе,55.74809755255746,37.54048972209954,1900744.0658243883,6410690.122924193,5238.080715034137
4976,Зеленая точка,"город Москва, Пресненская набережная, дом 6, строение 2",Пресненский район,Центральный административный округ,кафе,55.74809755255746,37.54048972209954,1900744.0658243883,6410690.122924193,5238.080715034137
4977,Кафе «Кофе бин»,"город Москва, Пресненская набережная, дом 6, строение 2",Пресненский район,Центральный административный округ,кафе,55.74809755255746,37.54048972209954,1900744.0658243883,6410690.122924193,5238.080715034137
4978,Live Stars,"город Москва, Берсеневский переулок, дом 5, строение 2",район Якиманка,Центральный административный округ,ресторан,55.74135371075519,37.61008547526038,1905225.9722350612,6411417.566051541,1578.691186546967
4981,Ресторан «Mollusca»,"город Москва, Большой Козихинский переулок, дом 19/6",Пресненский район,Центральный административный округ,ресторан,55.76410605159404,37.59514923203589,1903473.9284533113,6413557.554761062,2064.021396240511
4984,Оке Поке кафе,"город Москва, Валовая улица, дом 35",район Замоскворечье,Центральный административный округ,кафе,55.72926417709484,37.626388528202966,1906666.2206147744,6410455.875063976,2799.0900013491914
4985,Кафе Prime,"город Москва, улица Красная Пресня, дом 44, строение 1",Пресненский район,Центральный административный округ,кафе,55.762895390268596,37.56496804159648,1901684.5029217084,6412796.365425643,3775.2943329986724
4987,Мята Lounge,"город Москва, улица Казакова, дом 8, строение 2",Басманный район,Центральный административный округ,кафе,55.762471219378234,37.66026333286926,1907491.4670451926,6414745.013217864,2694.9553471493537
4991,TGI FRIDAYS,"город Москва, Комсомольская площадь, дом 3",Красносельский район,Центральный административный округ,ресторан,55.77600976322711,37.655480000000004,1906697.2629638587,6416103.72279521,3362.0059002530816
4992,IL Patio,"город Москва, Комсомольская площадь, дом 3",Красносельский район,Центральный административный округ,ресторан,55.77664446351874,37.655003923361946,1906644.7376954178,6416162.141448989,3397.6193530781006
4994,BURO TSUM,"город Москва, улица Петровка, дом 2, строение 1",Тверской район,Центральный административный округ,ресторан,55.761190758919824,37.61958599999998,1905067.1943045203,6413754.622397353,866.8767189753863
4995,Кафе «Папаха»,"город Москва, Таганская улица, дом 25-27",Таганский район,Центральный административный округ,кафе,55.73978603616668,37.66604811953489,1908686.982436762,6412421.594905697,3279.434995086632
4996,Modus Friends,"город Москва, 1-й переулок Тружеников, дом 4",район Хамовники,Центральный административный округ,ресторан,55.739235,37.5744956,1903140.182343959,6410444.7665848,3432.915346008845
4998,Коленки Пчелы,"город Москва, Чистопрудный бульвар, дом 12, корпус 4",Басманный район,Центральный административный округ,кафе,55.7616151392701,37.64288879794732,1906467.5379477362,6414288.477174279,1654.6690308341722
4999,CASA LEONE,"город Москва, Лубянский проезд, дом 15, строение 2",Басманный район,Центральный административный округ,кафе,55.756652439345714,37.63271936441587,1906033.9313380392,6413540.525115873,805.9143198210595
5001,Ресторан География,"город Москва, Рочдельская улица, дом 15, строение 16",Пресненский район,Центральный административный округ,ресторан,55.75524036041218,37.564292485612384,1901926.944728734,6411957.032062436,3673.5693004753393
5002,Ресторан Gabriel,"город Москва, Рочдельская улица, дом 15, строение 17-18",Пресненский район,Центральный административный округ,ресторан,55.75540032269478,37.563397216403224,1901866.5945957683,6411955.579843242,3731.970676728194
5003,Кофе на вынос,"город Москва, Рочдельская улица, дом 15, строение 31",Пресненский район,Центральный административный округ,кафе,55.7550734336349,37.561450253223406,1901760.336392827,6411879.6826873105,3855.224008324322
5004,Правда кофе,"город Москва, Рочдельская улица, дом 15, строение 1",Пресненский район,Центральный административный округ,кафе,55.75689873925286,37.566137523965274,1901977.6891936145,6412174.342499341,3569.653792161802
5005,Кафе Дабелби,"город Москва, Рочдельская улица, дом 15, строение 1",Пресненский район,Центральный административный округ,кафе,55.75689873925286,37.566137523965274,1901977.6891936145,6412174.342499341,3569.653792161802
5006,Кафе Cacao,"город Москва, Рочдельская улица, дом 15, строение 21",Пресненский район,Центральный административный округ,кафе,55.75539059451174,37.562820711010154,1901831.907215586,6411942.491912411,3768.9190716730045
5007,Ресторан «Hite»,"город Москва, Рочдельская улица, дом 15, строение 27",Пресненский район,Центральный административный округ,ресторан,55.755016501654566,37.56043603486699,1901700.7858051043,6411852.367195446,3920.103272405345
5010,Шеф бургер,"город Москва, Садовая-Кудринская улица, дом 3Б",Пресненский район,Центральный административный округ,ресторан,55.76015834385881,37.5848053544948,1902991.6427181766,6412915.766052015,2464.5342501299383
5012,Tasty Joys,"город Москва, Пестовский переулок, дом 3, строение 1",Таганский район,Центральный административный округ,кафе,55.745312970707786,37.659205724605506,1908065.4064686957,6412873.671074553,2612.1986279125604
5013,Пицца Ресторантс,"город Москва, Шарикоподшипниковская улица, дом 11, строение 5",Южнопортовый район,Юго-Восточный административный округ,ресторан,55.718580310611,37.67681473084839,1910130.7846881412,6410362.2485857345,5358.14253319122
5015,Замечательные люди,"город Москва, улица Ильинка, дом 13",Тверской район,Центральный административный округ,ресторан,55.755873521416746,37.627966870628576,1905774.0142360053,6413357.020166115,494.02792643082745
5016,МИРАМАР,"город Москва, Никольская улица, дом 10/2, строение 2Б",Тверской район,Центральный административный округ,ресторан,55.75830501444082,37.625147908495634,1905512.3761106732,6413560.050178749,583.3398802364984
5018,Прайм стар,"город Москва, улица Шаболовка, дом 29, корпус 2",район Якиманка,Центральный административный округ,кафе,55.721710187685076,37.61065838785857,1905989.6679864896,6409312.1224757,3706.100504289922
5019,КАФЕ ХАЙП,"город Москва, Красноказарменная улица, дом 19",район Лефортово,Юго-Восточный административный округ,кафе,55.754222825629725,37.709994136248135,1910820.5270167575,6414900.486824688,5698.707817688836
5021,Пельменная лавка,"город Москва, Пятницкая улица, дом 2/38, строение 1",район Замоскворечье,Центральный административный округ,кафе,55.74544087420535,37.62649238761175,1906071.843069448,6412201.676907017,992.509757489007
5022,Френч Кебаб,"город Москва, Нижняя Сыромятническая улица, дом 10, строение 4",Басманный район,Центральный административный округ,кафе,55.752721313740686,37.670479638555406,1908475.0747155936,6413908.633373956,3159.430749950733
5023,Геогриевское подворье,"город Москва, Рождественский бульвар, дом 1",Мещанский район,Центральный административный округ,кафе,55.766743660496424,37.624146071463095,1905138.0916226066,6414448.593114693,1502.9561045139064
5028,Ванильное небо,"город Москва, Большой Толмачёвский переулок, дом 4, строение 1",район Якиманка,Центральный административный округ,кафе,55.74063924203892,37.62287151366264,1906029.9801309458,6411608.28599255,1486.7534728204819
5030,Castle DiSH,"город Москва, Большой Харитоньевский переулок, дом 25",Басманный район,Центральный административный округ,ресторан,55.766695351223795,37.65168130666126,1906812.9157826775,6415020.284935929,2451.0740696326707
5031,Burger Heroes,"город Москва, улица Маросейка, дом 4/2, строение 1",Басманный район,Центральный административный округ,кафе,55.75738205307424,37.633700971249574,1906066.4840579138,6413639.726842336,899.6530881619409
5032,Za Gorami,"город Москва, Бакунинская улица, дом 14, строение 1",Басманный район,Центральный административный округ,кафе,55.773847058155056,37.68241125506255,1908413.549851622,6416435.638749374,4549.263396472045
5033,Five,"город Москва, Якиманский переулок, дом 6, строение 1",район Якиманка,Центральный административный округ,кафе,55.73383459909261,37.61030176151187,1905518.1266569018,6410611.595816091,2368.740227286895
5035,Italy,"город Москва, Большая Грузинская улица, дом 69",Тверской район,Центральный административный округ,ресторан,55.7742981473701,37.5861550846188,1902549.4474606013,6414468.1423908975,3265.0158938336754
5036,Мосдонер,"город Москва, Новослободская улица, дом 46",Тверской район,Центральный административный округ,кафе,55.7856361236163,37.59585938939832,1902718.4442440837,6415893.069850871,3997.440786654382
5038,Кафе «Раковая на Таганке»,"город Москва, Краснохолмская набережная, дом 1, строение 3",Таганский район,Центральный административный округ,кафе,55.73561540932788,37.64994112264496,1907862.6861344643,6411634.170701401,2757.74846208953
5039,Кабачок Дым Коромыслом,"город Москва, Краснопрудная улица, дом 3-5, строение 1",Красносельский район,Центральный административный округ,кафе,55.778419083092075,37.658814607428006,1906810.1738947767,6416433.278881463,3710.00011250429
5040,MОS Gastronomic Smart и Casual,"город Москва, Трубецкая улица, дом 10",район Хамовники,Центральный административный округ,ресторан,55.72705604536447,37.57544673185605,1903649.1941249017,6409151.697392814,4232.530307757014
5045,Практика,"город Москва, улица Малая Дмитровка, дом 6, строение 1",Тверской район,Центральный административный округ,ресторан,55.76781608212982,37.607031710163895,1904058.3596285167,6414205.984809636,1858.9901436819282
5047,Пита и сувлаки,"город Москва, улица Покровка, дом 1/13/6, строение 2",Басманный район,Центральный административный округ,кафе,55.758664901939795,37.639054898899,1906344.199984803,6413890.168811694,1272.5406947588776
5048,Кафе Вьетнамской кухни «Дядюшка Хо»,"город Москва, Партийный переулок, дом 1, корпус 12",Даниловский район,Южный административный округ,кафе,55.72147742985092,37.635246315236095,1907494.2262184364,6409802.204302654,3775.2138445020455
5052,Бар «Mr. Чо»,"город Москва, Большая Грузинская улица, дом 62",Пресненский район,Центральный административный округ,ресторан,55.772646125012656,37.585724004507526,1902584.5076280448,6414281.060370127,3152.110360603184
5053,Кафе «Волконский»,"город Москва, Рочдельская улица, дом 11/5",Пресненский район,Центральный административный округ,кафе,55.756424600876855,37.57012403388516,1902237.5918942057,6412206.49796405,3309.308485820422
5054,Чайхана «Бухара»,"город Москва, улица Щепкина, дом 25/20",Мещанский район,Центральный административный округ,кафе,55.77793261866596,37.628481193033416,1904985.8414769296,6415745.279717684,2805.3440854653277
5057,Рыба мечты,"город Москва, Садовническая улица, дом 57, строение 1",район Замоскворечье,Центральный административный округ,ресторан,55.740514765514924,37.640928182146986,1907132.5462872179,6411973.235712149,1955.9025157109402
5060,Гриль-бар «Жаровня»,"город Москва, Малая Бронная улица, дом 24, строение 3",Пресненский район,Центральный административный округ,ресторан,55.763507491967815,37.59523374562611,1903501.2646802275,6413494.80319159,2020.8891260636758
5063,Макдоналдс,"город Москва, улица Шаболовка, дом 34, строение 4",Донской район,Южный административный округ,ресторан,55.718481646936354,37.60757836772262,1905922.0359920256,6408899.603257011,4106.5051231335965
5066,Хинкали-Гали,"город Москва, улица 1905 Года, дом 7, строение 1",Пресненский район,Центральный административный округ,кафе,55.762167600574394,37.558899534683235,1901342.6028211354,6412591.200901503,4131.039865752994
5069,TOKYO,"город Москва, Рождественский бульвар, дом 1",Мещанский район,Центральный административный округ,кафе,55.766743660496424,37.624146071463095,1905138.0916226066,6414448.593114693,1502.9561045139064
5070,Burger & Pizzetta,"город Москва, площадь Киевского Вокзала, дом 2",район Дорогомилово,Западный административный округ,кафе,55.744564619172145,37.565979606812064,1902424.8798478777,6410841.384355545,3708.816706977998
5071,Том-Ям,"город Москва, Рождественский бульвар, дом 1",Мещанский район,Центральный административный округ,кафе,55.766743660496424,37.624146071463095,1905138.0916226066,6414448.593114693,1502.9561045139064
5072,Точка Дзы,"город Москва, площадь Киевского Вокзала, дом 2",район Дорогомилово,Западный административный округ,кафе,55.744564619172145,37.565979606812064,1902424.8798478777,6410841.384355545,3708.816706977998
5073,Вегетарианская кухня,"город Москва, Рождественский бульвар, дом 1",Мещанский район,Центральный административный округ,кафе,55.766743660496424,37.624146071463095,1905138.0916226066,6414448.593114693,1502.9561045139064
5074,DUCKIT,"город Москва, Рождественский бульвар, дом 1",Мещанский район,Центральный административный округ,кафе,55.766743660496424,37.624146071463095,1905138.0916226066,6414448.593114693,1502.9561045139064
5075,Вьетнамская кухня,"город Москва, Рождественский бульвар, дом 1",Мещанский район,Центральный административный округ,кафе,55.766743660496424,37.624146071463095,1905138.0916226066,6414448.593114693,1502.9561045139064
5076,Бруно,"город Москва, площадь Киевского Вокзала, дом 2",район Дорогомилово,Западный административный округ,кафе,55.744564619172145,37.565979606812064,1902424.8798478777,6410841.384355545,3708.816706977998
5077,Кимчи,"город Москва, площадь Киевского Вокзала, дом 2",район Дорогомилово,Западный административный округ,кафе,55.744564619172145,37.565979606812064,1902424.8798478777,6410841.384355545,3708.816706977998
5078,JD Burgers,"город Москва, площадь Киевского Вокзала, дом 2",район Дорогомилово,Западный административный округ,кафе,55.744564619172145,37.565979606812064,1902424.8798478777,6410841.384355545,3708.816706977998
5079,У Дяди Макса,"город Москва, площадь Киевского Вокзала, дом 2",район Дорогомилово,Западный административный округ,кафе,55.744564619172145,37.565979606812064,1902424.8798478777,6410841.384355545,3708.816706977998
5080,Bolognetta,"город Москва, площадь Киевского Вокзала, дом 2",район Дорогомилово,Западный административный округ,кафе,55.744564619172145,37.565979606812064,1902424.8798478777,6410841.384355545,3708.816706977998
5081,Pie Factore,"город Москва, площадь Киевского Вокзала, дом 2",район Дорогомилово,Западный административный округ,кафе,55.744564619172145,37.565979606812064,1902424.8798478777,6410841.384355545,3708.816706977998
5082,Космик,"город Москва, площадь Киевского Вокзала, дом 2",район Дорогомилово,Западный административный округ,кафе,55.744564619172145,37.565979606812064,1902424.8798478777,6410841.384355545,3708.816706977998
5084,CITO,"город Москва, Рождественский бульвар, дом 1",Мещанский район,Центральный административный округ,кафе,55.766743660496424,37.624146071463095,1905138.0916226066,6414448.593114693,1502.9561045139064
5085,Camera Obscura,"город Москва, Рождественский бульвар, дом 1",Мещанский район,Центральный административный округ,кафе,55.766743660496424,37.624146071463095,1905138.0916226066,6414448.593114693,1502.9561045139064
5086,"Tocador, Buffalos","город Москва, Рождественский бульвар, дом 1",Мещанский район,Центральный административный округ,кафе,55.766743660496424,37.624146071463095,1905138.0916226066,6414448.593114693,1502.9561045139064
5087,Pinzeria by Bontempi,"город Москва, Рождественский бульвар, дом 1",Мещанский район,Центральный административный округ,кафе,55.766743660496424,37.624146071463095,1905138.0916226066,6414448.593114693,1502.9561045139064
5088,Джимми Ли,"город Москва, Рождественский бульвар, дом 1",Мещанский район,Центральный административный округ,кафе,55.766743660496424,37.624146071463095,1905138.0916226066,6414448.593114693,1502.9561045139064
5089,Vitamin & Smoothei Bar Macadamia,"город Москва, Рождественский бульвар, дом 1",Мещанский район,Центральный административный округ,кафе,55.766743660496424,37.624146071463095,1905138.0916226066,6414448.593114693,1502.9561045139064
5090,ШАРЛИМА,"город Москва, Рождественский бульвар, дом 1",Мещанский район,Центральный административный округ,кафе,55.766743660496424,37.624146071463095,1905138.0916226066,6414448.593114693,1502.9561045139064
5091,Папа Джонс,"город Москва, Шарикоподшипниковская улица, дом 4, корпус 4А",Южнопортовый район,Юго-Восточный административный округ,ресторан,55.72101174836131,37.667862702041994,1909495.7420072483,6410436.300693942,4774.162746684323
5092,Cash&Curry,"город Москва, Рождественский бульвар, дом 1",Мещанский район,Центральный административный округ,кафе,55.766743660496424,37.624146071463095,1905138.0916226066,6414448.593114693,1502.9561045139064
5093,Plov.com,"город Москва, Рождественский бульвар, дом 1",Мещанский район,Центральный административный округ,кафе,55.766743660496424,37.624146071463095,1905138.0916226066,6414448.593114693,1502.9561045139064
5094,Лаваш&Хачапури,"город Москва, Рождественский бульвар, дом 1",Мещанский район,Центральный административный округ,кафе,55.766743660496424,37.624146071463095,1905138.0916226066,6414448.593114693,1502.9561045139064
5095,XX by Urban Taste,"город Москва, Рождественский бульвар, дом 1",Мещанский район,Центральный административный округ,кафе,55.766743660496424,37.624146071463095,1905138.0916226066,6414448.593114693,1502.9561045139064
5096,Ели пельмени,"город Москва, Рождественский бульвар, дом 1",Мещанский район,Центральный административный округ,кафе,55.766743660496424,37.624146071463095,1905138.0916226066,6414448.593114693,1502.9561045139064
5097,Thali&Dosa,"город Москва, Рождественский бульвар, дом 1",Мещанский район,Центральный административный округ,кафе,55.766743660496424,37.624146071463095,1905138.0916226066,6414448.593114693,1502.9561045139064
5099,Китайский ресторан,"город Москва, Яузская улица, дом 5",Таганский район,Центральный административный округ,ресторан,55.74952367102789,37.64508963354041,1907050.7350628225,6413031.442654426,1596.2276526550097
5103,Black Star Burger Prime,"город Москва, площадь Киевского Вокзала, дом 2",район Дорогомилово,Западный административный округ,кафе,55.744564619172145,37.565979606812064,1902424.8798478777,6410841.384355545,3708.816706977998
5104,Black Star Burger,"город Москва, площадь Киевского Вокзала, дом 2",район Дорогомилово,Западный административный округ,кафе,55.744564619172145,37.565979606812064,1902424.8798478777,6410841.384355545,3708.816706977998
5105,K-Town Korean Noodle Bar,"город Москва, Рождественский бульвар, дом 1",Мещанский район,Центральный административный округ,кафе,55.766743660496424,37.624146071463095,1905138.0916226066,6414448.593114693,1502.9561045139064
5106,Ваби-Саби,"город Москва, площадь Киевского Вокзала, дом 2",район Дорогомилово,Западный административный округ,кафе,55.744564619172145,37.565979606812064,1902424.8798478777,6410841.384355545,3708.816706977998
5107,Вареничная (Хинкальная),"город Москва, площадь Киевского Вокзала, дом 2",район Дорогомилово,Западный административный округ,кафе,55.744564619172145,37.565979606812064,1902424.8798478777,6410841.384355545,3708.816706977998
5108,Воккер,"город Москва, площадь Киевского Вокзала, дом 2",район Дорогомилово,Западный административный округ,кафе,55.744564619172145,37.565979606812064,1902424.8798478777,6410841.384355545,3708.816706977998
5114,Додо Пицца,"город Москва, Энергетическая улица, дом 14, корпус 1",район Лефортово,Юго-Восточный административный округ,кафе,55.7588532749388,37.70889617813424,1910581.1797264265,6415376.348931199,5658.5305973233935
5118,Кафе «Юдашкин Плейз»,"город Москва, Вознесенский переулок, дом 6/3, строение 1",Пресненский район,Центральный административный округ,кафе,55.757620393558895,37.60463360249528,1904290.951995733,6413056.851291346,1166.9667621010499
5120,Лаки Чан,"город Москва, улица Кузнецкий Мост, дом 19, строение 1",Мещанский район,Центральный административный округ,ресторан,55.76232286458677,37.62575171912976,1905399.8497877866,6414005.741831785,1027.737528835052
5122,Cevicheria.Tartaria,"город Москва, Пречистенская набережная, дом 15, строение 1",район Хамовники,Центральный административный округ,ресторан,55.73842641203832,37.60488117369907,1905018.1001908781,6410993.094819492,2033.9644940299377
5123,Кофейня,"город Москва, Краснопресненская набережная, дом 16, строение 1",Пресненский район,Центральный административный округ,кафе,55.74825082671422,37.543926589677255,1900947.3901293986,6410778.359283265,5016.648727357485
5124,Кофе с собой,"город Москва, Краснопресненская набережная, дом 16, строение 1",Пресненский район,Центральный административный округ,кафе,55.74825082671422,37.543926589677255,1900947.3901293986,6410778.359283265,5016.648727357485
5125,Subway,"город Москва, Краснопресненская набережная, дом 16, строение 1",Пресненский район,Центральный административный округ,кафе,55.74825082671422,37.543926589677255,1900947.3901293986,6410778.359283265,5016.648727357485
5126,Маэстро Рестро,"город Москва, улица Сретенка, дом 34/1, строение 1",Красносельский район,Центральный административный округ,ресторан,55.77137388871043,37.63270421940363,1905486.0593268161,6415126.846773974,2147.5622039783575
5127,Каморра,"город Москва, Большой Спасоглинищевский переулок, дом 9/1, строение 10",Басманный район,Центральный административный округ,кафе,55.75498267410897,37.63729431886256,1906374.030492269,6413456.415358464,1035.0909881977684
5128,Доктор Ватсон,"город Москва, Большая Почтовая улица, дом 20, строение 1",Басманный район,Центральный административный округ,ресторан,55.77698406554511,37.69550621855032,1909092.0063006678,6417048.629063093,5457.382871647673
5129,Столовая КУХНЯ,"город Москва, Большая Почтовая улица, дом 18",Басманный район,Центральный административный округ,кафе,55.77600875992088,37.69698495764723,1909218.158641848,6416974.597086879,5488.121443636003
5132,Абрамовъ,"город Москва, улица Большая Полянка, дом 27",район Якиманка,Центральный административный округ,ресторан,55.737908275743536,37.61889019947689,1905889.263112263,6411230.536038513,1801.9899055800977
5134,О Ле,"город Москва, Малая Пироговская улица, дом 13, строение 3",район Хамовники,Центральный административный округ,кафе,55.72870967066116,37.56965044824682,1903235.3106305287,6409208.818795536,4375.68899908109
5137,МосКальян,"город Москва, Большой Спасоглинищевский переулок, дом 3, строение 5",Басманный район,Центральный административный округ,кафе,55.75644217793486,37.63516008815909,1906190.0847384976,6413568.998772772,941.984728729205
5139,Кафе «Приходите еще»,"город Москва, Никитский бульвар, дом 25",Пресненский район,Центральный административный округ,кафе,55.75690962818502,37.59809062556342,1903919.6196062951,6412843.363700501,1541.755535535124
5143,ДОСТОЕВСКИЙ,"город Москва, Октябрьская улица, дом 26, строение 1",район Марьина Роща,Северо-Восточный административный округ,кафе,55.78867435678417,37.613888752641614,1903700.6242878658,6416597.572578395,4021.130562509386
5146,Кафе «Little White»,"город Москва, улица Красина, дом 7, строение 1",Пресненский район,Центральный административный округ,кафе,55.7671326703508,37.5881513582311,1902936.4269382255,6413737.491577659,2630.5002647932292
5147,Шоколадница,"город Москва, проспект Мира, дом 77, корпус 1",Мещанский район,Центральный административный округ,кафе,55.78994653781263,37.63429892286436,1904892.74512968,6417161.870818962,4220.037735858393
5151,Поль Бейкери,"город Москва, Олимпийский проспект, дом 16, строение 5",Мещанский район,Центральный административный округ,кафе,55.783967021664765,37.62444615274583,1904516.5932688103,6416311.163365161,3461.39026033388
5153,Волконский,"город Москва, 3-я Тверская-Ямская улица, дом 42/8",Тверской район,Центральный административный округ,кафе,55.77427504293536,37.59310001238654,1902972.2495467535,6414610.8162303055,2971.0234193025585
5154,Штолле,"город Москва, Садовая-Самотёчная улица, дом 7, строение 1",Тверской район,Центральный административный округ,кафе,55.77394113410702,37.61597555845273,1904374.406373173,6415053.305098245,2338.60970479016
5170,Ресторан «Scrocchiarella на Никитском»,"город Москва, Никитский бульвар, дом 12",Пресненский район,Центральный административный округ,ресторан,55.7555186638306,37.60058175898243,1904122.6388178195,6412745.539446039,1353.0948115988654
5171,Lambic,"город Москва, Гоголевский бульвар, дом 33/1",район Арбат,Центральный административный округ,кафе,55.75078722934865,37.59958837883629,1904237.7581886367,6412214.751429107,1437.8396593569219
5172,Chipl,"город Москва, улица Земляной Вал, дом 39/1, строение 1",Басманный район,Центральный административный округ,кафе,55.7552503096903,37.657799338870014,1907610.3256196051,6413915.137363684,2349.3229177519197
5174,Кафе Мастер и Маргарита,"город Москва, Пятницкая улица, дом 5, строение 1",район Замоскворечье,Центральный административный округ,кафе,55.74518302208084,37.62731663002991,1906131.5313855298,6412191.150741612,1038.6138560294912
5176,Черновар бар,"город Москва, Сущёвская улица, дом 27, строение 7",Тверской район,Центральный административный округ,ресторан,55.782858727356384,37.599785540364294,1903059.9520243742,6415675.793594397,3606.6495599573955
5178,Кафе-бутик «Leonidas»,"город Москва, Пятницкая улица, дом 53/18, строение 1",район Замоскворечье,Центральный административный округ,кафе,55.73480609082689,37.62797980469012,1906557.2175203557,6411086.565012356,2190.2795853096677
5180,Fish Me,"город Москва, улица Новый Арбат, дом 21",район Арбат,Центральный административный округ,ресторан,55.751993247677646,37.5854989850008,1903336.4817191574,6412050.104819593,2313.7409053903534
5181,Комменти ресторан,"город Москва, Космодамианская набережная, дом 22, строение 1",район Замоскворечье,Центральный административный округ,ресторан,55.743305261657696,37.641125951686426,1907040.8766998742,6412278.141616631,1733.7231388620655
5183,Кафе R.F.Lounge,"город Москва, Красногвардейский бульвар, дом 3, строение 1",Пресненский район,Центральный административный округ,кафе,55.75895519976572,37.54290303005416,1900489.1260785768,6411911.044745821,5079.863341943756
5185,Кальянная,"город Москва, улица Новый Арбат, дом 31/12",район Арбат,Центральный административный округ,кафе,55.75195157125709,37.5756367077943,1902738.4417497925,6411839.480264031,2946.3976479284584
5187,Simple greece,"город Москва, Пятницкая улица, дом 10, строение 1",район Замоскворечье,Центральный административный округ,кафе,55.7437645313903,37.62769713464409,1906207.3452332565,6412046.231118379,1198.5371713612997
5188,COFIX,"город Москва, Пятницкая улица, дом 31, строение 2",район Замоскворечье,Центральный административный округ,кафе,55.740375,37.628783,1906399.2500927595,6411703.641541948,1587.0626047086218
5190,Аленка,"город Москва, Страстной бульвар, дом 2",Тверской район,Центральный административный округ,кафе,55.765063,37.607053,1904161.8212701585,6413909.687968574,1593.2562226001235
5192,Кафе-мороженное «Gelateria 17»,"город Москва, Духовской переулок, дом 17",Донской район,Южный административный округ,кафе,55.704149,37.615857,1906957.5926960958,6407527.968748146,5654.729260700834
5193,Ресторан «LureMe»,"город Москва, Малая Бронная улица, дом 19",Пресненский район,Центральный административный округ,ресторан,55.76235,37.5951,1903536.0664502906,6413367.239862662,1958.0598699442887
5197,Галерея,"город Москва, Ветошный переулок, дом 9",Тверской район,Центральный административный округ,кафе,55.755606,37.621875,1905413.680353907,6413200.607159263,224.99586046000528
5198,Клюква кухня и бар,"город Москва, Страстной бульвар, дом 7, строение 3",Тверской район,Центральный административный округ,ресторан,55.76759,37.607763,1904111.1857648327,6414196.9162559025,1813.5260946340156
5199,Проссеко,"город Москва, Пятницкая улица, дом 24",район Замоскворечье,Центральный административный округ,кафе,55.741262,37.628271,1906335.176170516,6411788.519623773,1480.72060412573
5202,Royal Arbat,"город Москва, улица Новый Арбат, дом 21",район Арбат,Центральный административный округ,ресторан,55.75204,37.586158,1903374.8132502134,6412068.921981809,2271.079902268714
5203,БИРЕТТА,"город Москва, Сущёвская улица, дом 19, строение 4",Тверской район,Центральный административный округ,кафе,55.781848,37.600747,1903155.8536099305,6415586.957454058,3476.5656455576623
5205,Капоне,"город Москва, Доброслободская улица, дом 3",Басманный район,Центральный административный округ,ресторан,55.769195,37.671804,1907942.4296367546,6415711.712882279,3694.6605818641174
5207,Table One,"город Москва, Пречистенская набережная, дом 15, строение 2",район Хамовники,Центральный административный округ,ресторан,55.73903326272965,37.60546088497064,1905030.8419665617,6411070.642084938,1955.495725440128
5208,"Ресторан «Крафт, лофт и компот»","город Москва, Пресненская набережная, дом 4, строение 1",Пресненский район,Центральный административный округ,ресторан,55.748899519647395,37.54311141215693,1900873.8215330217,6410831.285959369,5060.164860353361
5209,Стрит. Еда.,"город Москва, улица Нижняя Масловка, дом 5, корпус 1",район Беговой,Северный административный округ,кафе,55.79136845547675,37.584270580796044,1901802.0308504647,6416268.752511282,4915.883956549442
5211,ЧЕЧЕВИЦА,"город Москва, проезд Завода Серп и Молот, дом 3, корпус 2",район Лефортово,Юго-Восточный административный округ,ресторан,55.75619819952594,37.69532398093949,1909855.4471599,6414805.013411615,4763.750212109011
5212,La Provincia,"город Москва, Калужская площадь, дом 1, корпус 2",район Якиманка,Центральный административный округ,ресторан,55.72789095561973,37.613814298877045,1905952.3266545753,6410044.46121971,2976.820442321624
5214,Кафе,"город Москва, улица Бахрушина, дом 21, строение 4",район Замоскворечье,Центральный административный округ,кафе,55.734027780909365,37.63654558041054,1907107.0604568874,6411182.186265207,2441.0018800570792
5215,Колбасный цех,"город Москва, Кутузовский проспект, дом 12, строение 1",район Дорогомилово,Западный административный округ,ресторан,55.75084029216527,37.55923996581612,1901782.6912089614,6411377.176457202,4006.9808858498886
5216,Кофе и пирожок,"город Москва, Никольская улица, дом 25",Тверской район,Центральный административный округ,кафе,55.759095208218326,37.6248310792614,1905463.7741101969,6413638.5834235335,659.1331151850809
5217,Кафе «Франсуа пекарня»,"город Москва, Никитский бульвар, дом 8",Пресненский район,Центральный административный округ,кафе,55.75429976671383,37.60132801011492,1904213.2171649497,6412629.765295713,1290.4331643422843
5218,Китайская забегаловка,"город Москва, Кутузовский проспект, дом 12, строение 1",район Дорогомилово,Западный административный округ,ресторан,55.75084029216527,37.55923996581612,1901782.6912089614,6411377.176457202,4006.9808858498886
5219,Кафе «Холст и Масло»,"город Москва, Дербеневская набережная, дом 7, строение 31",Даниловский район,Южный административный округ,кафе,55.72314216517484,37.65125503536775,1908406.2513308614,6410317.3641049,3974.266290296724
5220,ЩЕПКА,"город Москва, Усачёва улица, дом 26",район Хамовники,Центральный административный округ,кафе,55.7275122197661,37.56773012702285,1903162.8238705287,6409039.593501074,4558.353180230183
5221,ЛАКСА,"город Москва, Усачёва улица, дом 26",район Хамовники,Центральный административный округ,кафе,55.7275122197661,37.56773012702285,1903162.8238705287,6409039.593501074,4558.353180230183
5222,КОВЕ,"город Москва, Усачёва улица, дом 26",район Хамовники,Центральный административный округ,кафе,55.7275122197661,37.56773012702285,1903162.8238705287,6409039.593501074,4558.353180230183
5223,ТОМ ЯНГ,"город Москва, Усачёва улица, дом 26",район Хамовники,Центральный административный округ,кафе,55.7275122197661,37.56773012702285,1903162.8238705287,6409039.593501074,4558.353180230183
5224,COFFE NOBE,"город Москва, Усачёва улица, дом 26",район Хамовники,Центральный административный округ,кафе,55.7275122197661,37.56773012702285,1903162.8238705287,6409039.593501074,4558.353180230183
5225,Любовь и Сладости,"город Москва, Усачёва улица, дом 26",район Хамовники,Центральный административный округ,кафе,55.7275122197661,37.56773012702285,1903162.8238705287,6409039.593501074,4558.353180230183
5226,СЕУЛ,"город Москва, Усачёва улица, дом 26",район Хамовники,Центральный административный округ,кафе,55.7275122197661,37.56773012702285,1903162.8238705287,6409039.593501074,4558.353180230183
5227,Каши от Аркаши,"город Москва, Усачёва улица, дом 26",район Хамовники,Центральный административный округ,кафе,55.7275122197661,37.56773012702285,1903162.8238705287,6409039.593501074,4558.353180230183
5228,Рёберная НА УСАЧЕВСКОЙ,"город Москва, Усачёва улица, дом 26",район Хамовники,Центральный административный округ,кафе,55.7275122197661,37.56773012702285,1903162.8238705287,6409039.593501074,4558.353180230183
5229,Баран-Баран,"город Москва, Усачёва улица, дом 26",район Хамовники,Центральный административный округ,кафе,55.7275122197661,37.56773012702285,1903162.8238705287,6409039.593501074,4558.353180230183
5230,ТАЖИНЕРИЯ,"город Москва, Усачёва улица, дом 26",район Хамовники,Центральный административный округ,кафе,55.7275122197661,37.56773012702285,1903162.8238705287,6409039.593501074,4558.353180230183
5231,Алмаз,"город Москва, Усачёва улица, дом 26",район Хамовники,Центральный административный округ,кафе,55.7275122197661,37.56773012702285,1903162.8238705287,6409039.593501074,4558.353180230183
5232,TGI Fraydas,"город Москва, Комсомольский проспект, дом 28",район Хамовники,Центральный административный округ,ресторан,55.72698955102239,37.57973078046537,1903912.2944165238,6409234.093952391,4050.8179291763017
5233,Шикари,"город Москва, Комсомольский проспект, дом 28",район Хамовники,Центральный административный округ,кафе,55.72698955102239,37.57973078046537,1903912.2944165238,6409234.093952391,4050.8179291763017
5234,Сахалин,"город Москва, Смоленская улица, дом 8",район Арбат,Центральный административный округ,ресторан,55.74627053345271,37.58031397398428,1903233.3335065925,6411324.8184961155,2770.4428281974115
5235,Бар-ресторан Луч,"город Москва, Большая Пироговская улица, дом 27, строение 1",район Хамовники,Центральный административный округ,ресторан,55.73011776988344,37.5677227756118,1903065.8932326378,6409320.339941302,4370.240110316304
5237,Осетинские пироги,"город Москва, Луков переулок, дом 8",Красносельский район,Центральный административный округ,кафе,55.76790319358711,37.634026091548904,1905695.3291124026,6414780.477973678,1816.8917335841595
5238,Мистер Донер 24,"город Москва, Новослободская улица, дом 36/1, строение 1",Тверской район,Центральный административный округ,кафе,55.784310105938474,37.5970730355072,1902841.3503881276,6415775.517329859,3827.62297640757
5242,Ketch Up,"город Москва, улица Покровка, дом 10, строение 2",Басманный район,Центральный административный округ,кафе,55.758996710364976,37.64419066098883,1906643.9799586958,6414033.562602202,1588.6705864848698
5244,Кухня Полли,"город Москва, Фрунзенская набережная, дом 36/2",район Хамовники,Центральный административный округ,кафе,55.72228337665211,37.58448697759508,1904376.0497011151,6408826.207590416,4291.243035277651
5245,Диемме,"город Москва, 3-я Фрунзенская улица, дом 1",район Хамовники,Центральный административный округ,кафе,55.71940665343233,37.58106144113965,1904274.2017363743,6408444.44094005,4686.354167634377
5249,BLINДАЖ,"город Москва, Оболенский переулок, дом 9А",район Хамовники,Центральный административный округ,кафе,55.73105449441809,37.57956357731925,1903751.514879947,6409668.816307418,3723.4012410147857
5250,She and Him,"город Москва, Усачёва улица, дом 2, строение 3",район Хамовники,Центральный административный округ,кафе,55.73037020517876,37.573968158580435,1903436.480193034,6409478.076720532,4041.761952075099
5253,HEALTHY Food,"Таганская улица, дом 19, корпус 1",Таганский район,Центральный административный округ,кафе,55.74024641137462,37.663507626641675,1908515.3945721213,6412417.895278282,3111.151099871954
5254,Кафе Сан Мишель,"город Москва, Воронцовская улица, дом 21, строение 1",Таганский район,Центральный административный округ,кафе,55.73691484032363,37.659362536283375,1908387.2728415492,6411971.859718682,3100.242465459795
5262,Craft & Draft,"город Москва, улица Арбат, дом 6/2",район Арбат,Центральный административный округ,кафе,55.75171555227067,37.597493060865006,1904075.9444302642,6412270.986284711,1550.7303085279773
5263,Ligeros Club,"город Москва, Никольская улица, дом 25",Тверской район,Центральный административный округ,ресторан,55.759095208218326,37.6248310792614,1905463.7741101969,6413638.5834235335,659.1331151850809
5264,Food Store,"город Москва, Новая Басманная улица, дом 16, строение 8",Басманный район,Центральный административный округ,кафе,55.76918018343333,37.65941366451814,1907190.267829286,6415450.202677588,3018.9869431323295
5271,VANI,"город Москва, Орликов переулок, дом 6",Красносельский район,Центральный административный округ,ресторан,55.77094640139403,37.64875870621461,1906477.2819497609,6415417.156557916,2643.1967376132234
5276,Даблби,"город Москва, Якиманская набережная, дом 2",район Якиманка,Центральный административный округ,кафе,55.73952249084413,37.611993525708,1905409.9530279918,6411260.1212734375,1719.9821105948267
5277,Фрешмаркет77,"город Москва, улица Ефремова, дом 10, корпус 1",район Хамовники,Центральный административный округ,кафе,55.726029943148085,37.5756023827848,1903696.6733076533,6409044.3309744205,4310.283118557736
5278,Pinsapositana,"город Москва, 3-я улица Ямского Поля, дом 9",район Беговой,Северный административный округ,кафе,55.781626,37.580894,1901958.1576339093,6415148.084858423,4114.986671427167
5279,Ракия Бар,"город Москва, Рождественский бульвар, дом 20, строение 1",Мещанский район,Центральный административный округ,ресторан,55.76625802517682,37.6299922672842,1905511.3570188014,6414518.676631274,1540.1910736604545
5284,Азбука вкуса,"город Москва, Никольская улица, дом 10",Тверской район,Центральный административный округ,кафе,55.75799498387997,37.62451717953683,1905485.5563467985,6413513.426141732,534.7756548513482
5287,KFC,"город Москва, Манежная площадь, дом 1, строение 2",Тверской район,Центральный административный округ,ресторан,55.755780495666365,37.61460393991687,1904965.251219236,6413067.187605465,497.8833080098616
5288,КофеПорт,"город Москва, Неглинная улица, дом 16/2, строение 4",Мещанский район,Центральный административный округ,кафе,55.76510346672519,37.62049043031435,1904976.8712872162,6414195.275936571,1306.5395252423377
5289,Little Garden Kitchen&Bar,"город Москва, Большой Кисельный переулок, дом 17/15, строение 1",Мещанский район,Центральный административный округ,ресторан,55.764721524993064,37.629439640158616,1905534.856729491,6414341.501601627,1364.3159716215443
5290,ПЕКАРНЯ ФРАНСУА,"город Москва, Комсомольский проспект, дом 24, строение 1",район Хамовники,Центральный административный округ,ресторан,55.728294675216176,37.58025394667298,1903895.76700919,6409385.730952526,3917.590179257557
5292,Prosecco Bar Pr11,"город Москва, улица Сретенка, дом 7",Мещанский район,Центральный административный округ,ресторан,55.76744198927265,37.631401306160534,1905552.9858551272,6414675.792415216,1699.0957191365371
5294,Кафе «Брусника»,"город Москва, Большая Бронная улица, дом 7",Пресненский район,Центральный административный округ,кафе,55.76111927830354,37.598441945628466,1903784.8253537843,6413304.471427083,1701.8416901729577
5295,Винный Базар Танцы,"город Москва, Пречистенская набережная, дом 15, строение 2",район Хамовники,Центральный административный округ,кафе,55.73903326272965,37.60546088497064,1905030.8419665617,6411070.642084938,1955.495725440128
5296,Кофе Бюро,"город Москва, Славянская площадь, дом 2/5/4, строение 3",Таганский район,Центральный административный округ,кафе,55.753143605322954,37.634804733109036,1906291.0412846222,6413206.036557485,865.8478372667652
5297,Кафе «Nude. Coffee & Wine Bar»,"город Москва, улица Спиридоновка, дом 24/1",Пресненский район,Центральный административный округ,кафе,55.76168926139207,37.59233364160276,1903392.442260526,6413238.17271398,2079.0643664481054
5298,Ресторан «Паприколли»,"город Москва, улица Красина, дом 27, строение 1",Пресненский район,Центральный административный округ,ресторан,55.769536367589886,37.58496918594111,1902653.9373555041,6413930.079365289,2958.2969522458397
5299,Кафе «Советская чебуречная»,"город Москва, улица Красина, дом 27, строение 1",Пресненский район,Центральный административный округ,кафе,55.769536367589886,37.58496918594111,1902653.9373555041,6413930.079365289,2958.2969522458397
5300,Vinari bar & kitchen,"город Москва, Большой Черкасский переулок, дом 15-17, строение 1",Тверской район,Центральный административный округ,ресторан,55.75662120966719,37.62712643299658,1905695.162400179,6413420.003978223,501.5464686195458
5301,Арма Craft,"город Москва, Нижний Сусальный переулок, дом 5, строение 9",Басманный район,Центральный административный округ,кафе,55.7607590038882,37.66364558996489,1907760.6840966975,6414631.437996674,2836.0956857172205
5302,Прага,"город Москва, улица Арбат, дом 2/1",район Арбат,Центральный административный округ,кафе,55.75239608289382,37.599508839885125,1904173.246644872,6412386.508719762,1412.60018744938
5304,"Ешь хинкали, пей вино","город Москва, улица Остоженка, дом 19, строение 1",район Хамовники,Центральный административный округ,ресторан,55.74089035076381,37.598448689028075,1904535.5313548981,6411124.08959819,2070.901781116664
5307,Surf,"город Москва, Никольская улица, дом 8/1, строение 1",Тверской район,Центральный административный округ,кафе,55.75696843947344,37.62257524626984,1905405.6504856623,6413362.1177813625,385.82836218829914
5313,Сладкое Нескладкое,"город Москва, Нижний Сусальный переулок, дом 5, сооружение 2",Басманный район,Центральный административный округ,кафе,55.760410447511525,37.66231863263302,1907693.0188880968,6414566.038528688,2743.0351338450623
5314,Мясо - огонь,"город Москва, Садовая-Спасская улица, дом 19, корпус 1",Красносельский район,Центральный административный округ,ресторан,55.76958987259665,37.64742832190917,1906446.8973413333,6415243.078052208,2471.219923146202
5315,Ron Бар Вино Еда,"город Москва, улица Большие Каменщики, дом 2",Таганский район,Центральный административный округ,кафе,55.73876910939566,37.65281414252233,1907920.145750405,6412034.329274571,2639.8031355528874
5316,Лермонтов,"город Москва, Садовая-Спасская улица, дом 21/1",Красносельский район,Центральный административный округ,ресторан,55.76943256345488,37.64920100690065,1906560.441974631,6415263.280834409,2537.0964878595805
5317,Кафе «Столешников»,"город Москва, Дербеневская набережная, дом 7, строение 22",Даниловский район,Южный административный округ,кафе,55.72216564352773,37.651536047200764,1908459.643903629,6410218.008514053,4080.640143385772
5318,Ноян Тун,"город Москва, Никольская улица, дом 10",Тверской район,Центральный административный округ,ресторан,55.75799498387997,37.62451717953683,1905485.5563467985,6413513.426141732,534.7756548513482
5319,KFC,"город Москва, Шарикоподшипниковская улица, дом 13, строение 1",Южнопортовый район,Юго-Восточный административный округ,ресторан,55.71738921619919,37.677720446799576,1910230.2086554784,6410252.904937467,5498.50826206307
5320,Сыто Пьяно,"город Москва, Комсомольский проспект, дом 28",район Хамовники,Центральный административный округ,кафе,55.72698955102239,37.57973078046537,1903912.2944165238,6409234.093952391,4050.8179291763017
5321,Чайхана,"город Москва, Комсомольская площадь, дом 6, сооружение 1",Красносельский район,Центральный административный округ,кафе,55.775545,37.659419,1906953.8082289249,6416136.22619635,3494.318748391129
5322,Суши Wok,"город Москва, Комсомольский проспект, дом 28",район Хамовники,Центральный административный округ,кафе,55.72698955102239,37.57973078046537,1903912.2944165238,6409234.093952391,4050.8179291763017
5324,Пица Паоло,"город Москва, Фрунзенская набережная, дом 30, строение 2",район Хамовники,Центральный административный округ,кафе,55.72565673467119,37.58347701531874,1904189.5974792095,6409168.74716431,4015.470656996243
5325,Экспресс кафе,"город Москва, Комсомольская площадь, дом 3",Красносельский район,Центральный административный округ,кафе,55.77664446351874,37.655003923361946,1906644.7376954178,6416162.141448989,3397.6193530781006
5326,Столовужки,"город Москва, Новолужнецкий проезд, дом 9, строение 6",район Хамовники,Центральный административный округ,кафе,55.72032502707622,37.55912604658168,1902905.3681682372,6408084.960841069,5518.964990115661
5327,Point58,"город Москва, Новолужнецкий проезд, дом 9, строение 3",район Хамовники,Центральный административный округ,кафе,55.72032502707622,37.55912604658168,1902905.3681682372,6408084.960841069,5518.964990115661
5329,Соти Эл,"город Москва, Новолужнецкий проезд, дом 9, строение 5",район Хамовники,Центральный административный округ,кафе,55.72032502707622,37.55912604658168,1902905.3681682372,6408084.960841069,5518.964990115661
5330,Ля Музон,"город Москва, Большой Саввинский переулок, дом 12, строение 8",район Хамовники,Центральный административный округ,кафе,55.73258038203852,37.562287595524424,1902644.0686262033,6409472.273362234,4494.88434389679
5331,Кафе,"город Москва, Большой Саввинский переулок, дом 12, строение 1",район Хамовники,Центральный административный округ,кафе,55.73274719826827,37.564900165410215,1902796.820147469,6409544.837419589,4343.354720934999
5332,Мегобари,"город Москва, улица Маросейка, дом 15",Басманный район,Центральный административный округ,кафе,55.757942694896094,37.63671361266317,1906228.7481428387,6413763.271887142,1101.1051486679428
5333,Файн Фуд,"город Москва, улица Сергия Радонежского, дом 29-31, строение 1",Таганский район,Центральный административный округ,кафе,55.74691082477326,37.679411271341664,1909234.2207666945,6413469.956059647,3810.562623709462
5337,Miles,"город Москва, Гоголевский бульвар, дом 2",район Хамовники,Центральный административный округ,кафе,55.74507767028034,37.60272151706263,1904640.038171591,6411664.857953274,1546.9428503632043
5339,Кафе Дачный сезон,"город Москва, Пятницкая улица, дом 56, строение 4",район Замоскворечье,Центральный административный округ,кафе,55.733785902903605,37.62732503164254,1906555.2801453914,6410962.883301341,2297.0851143877962
5347,Кальянная Нуар,"город Москва, Большая Серпуховская улица, дом 5",район Замоскворечье,Центральный административный округ,кафе,55.72888925513116,37.62582545433535,1906645.8917682194,6410403.6648707,2837.662986238409
5349,Антикафе Happy people,"город Москва, Климентовский переулок, дом 6",район Замоскворечье,Центральный административный округ,кафе,55.74121442086157,37.630108839659464,1906448.6926503351,6411821.896909848,1525.3782561906385
5354,MASHUP,"город Москва, Лужнецкая набережная, дом 2/4, строение 51",район Хамовники,Центральный административный округ,кафе,55.713430066794125,37.57207193671901,1903948.502134163,6407612.150466974,5574.861750830593
5356,EATALY,"город Москва, Киевская улица, дом 2",район Дорогомилово,Западный административный округ,ресторан,55.7387,37.546,1901426.8336115247,6409791.933592856,5137.07808792899
5358,SALON,"город Москва, Кутузовский проспект, дом 12, строение 2",район Дорогомилово,Западный административный округ,ресторан,55.750583213873504,37.55760789728868,1901692.9754624518,6411315.384062843,4113.973441971939
5359,Кофейня Stories,"город Москва, Садовая-Кудринская улица, владение 21А",Пресненский район,Центральный административный округ,кафе,55.765220426016825,37.58903783267922,1903061.2016278598,6413549.898128149,2461.1599618959203
5360,Кафе МореПива,"город Москва, Баррикадная улица, дом 2/1, строение 1",Пресненский район,Центральный административный округ,кафе,55.759571999735165,37.583047980336865,1902906.5616107893,6412815.82915175,2554.0409456177504
5361,Chilling Time,"город Москва, улица Большая Полянка, дом 51А/9",район Якиманка,Центральный административный округ,кафе,55.73220208837503,37.620823288941104,1906218.648561124,6410655.959121339,2445.706848798814
5363,Кофейня,"город Москва, Воронцовская улица, дом 19А, строение 1",Таганский район,Центральный административный округ,кафе,55.738097975312954,37.65812738867901,1908268.1700821896,6412073.45739286,2955.1417345882132
5364,ВашЛаваш,"город Москва, улица Сергия Радонежского, дом 29-31, строение 1",Таганский район,Центральный административный округ,кафе,55.74691082477326,37.679411271341664,1909234.2207666945,6413469.956059647,3810.562623709462
5367,Eshak,"город Москва, улица Новый Арбат, дом 21",район Арбат,Центральный административный округ,ресторан,55.751993247677646,37.5854989850008,1903336.4817191574,6412050.104819593,2313.7409053903534
5368,Мята Лаунж,"город Москва, Страстной бульвар, дом 11, строение 1",Тверской район,Центральный административный округ,кафе,55.76761306158248,37.60939908561789,1904209.7444585704,6414233.633306746,1767.5915140089528
5369,Кошерная пицца,"город Москва, Большой Спасоглинищевский переулок, дом 10, строение 3",Басманный район,Центральный административный округ,кафе,55.755692610376336,37.63518894106562,1906219.6883939898,6413488.816007788,918.4812299221261
5372,BUZfood,"город Москва, Цветной бульвар, дом 2",Мещанский район,Центральный административный округ,ресторан,55.76817895441223,37.62345719450108,1905042.9288386337,6414588.865079151,1661.3657377131876
5376,WOW,"город Москва, Кутузовский проспект, дом 12, строение 1",район Дорогомилово,Западный административный округ,кафе,55.75084029216527,37.55923996581612,1901782.6912089614,6411377.176457202,4006.9808858498886
5378,Телебистро,"город Москва, Никитский переулок, дом 7, строение 2",Тверской район,Центральный административный округ,кафе,55.75747795306053,37.61011084591957,1904629.150468458,6413156.1091533555,844.8664707615235
5379,Кафест,"город Москва, проспект Мира, дом 79",Мещанский район,Центральный административный округ,кафе,55.79085308287033,37.634164552336024,1904850.8941596034,6417256.755617073,4319.751208311961
5381,Гринсайд,"город Москва, Наставнический переулок, дом 17, строение 1",Таганский район,Центральный административный округ,кафе,55.74921612778656,37.66555170583066,1908305.9763782464,6413427.468326564,2885.606988711086
5384,Бауман,"город Москва, улица Фридриха Энгельса, дом 20, строение 1",Басманный район,Центральный административный округ,кафе,55.77236848487944,37.68313733126997,1908512.7169836122,6416291.552726035,4507.454140480766
5386,Point 242,"город Москва, проспект Мира, дом 61",Мещанский район,Центральный административный округ,кафе,55.785980202817825,37.63446844750871,1905050.4469786792,6416737.966113411,3780.209679568573
5387,Музыкальный ресторан ЦДРИ,"город Москва, Пушечная улица, дом 9/6, строение 1",Мещанский район,Центральный административный округ,ресторан,55.76105339197291,37.62445168012257,1905367.993273965,6413841.693730524,866.6040616859879
5389,Магадан,"город Москва, Берсеневский переулок, дом 3/10, строение 8",район Якиманка,Центральный административный округ,ресторан,55.741807674206136,37.6096745148004,1905184.1376213033,6411457.896587448,1545.5895419269693
5390,КоржовЪ,"город Москва, проспект Мира, дом 62, строение 1",Мещанский район,Центральный административный округ,кафе,55.78558101567029,37.63558359576424,1905133.0029965818,6416718.298739413,3752.664995840099
5391,Лето близко,"город Москва, Цветной бульвар, дом 26, строение 1",Мещанский район,Центральный административный округ,кафе,55.7713089973076,37.6223661456081,1904860.394062095,6414903.37672868,2013.7679986846636
5392,Ешь Хлеб,"город Москва, Берсеневский переулок, дом 5, строение 1",район Якиманка,Центральный административный округ,кафе,55.74098547691736,37.610346312168325,1905255.4973545799,6411383.333997213,1608.6333200769125
5393,Улетные крылья,"город Москва, улица Новый Арбат, дом 21",район Арбат,Центральный административный округ,кафе,55.751993247677646,37.5854989850008,1903336.4817191574,6412050.104819593,2313.7409053903534
5394,Фудмаркет. Дмитриев Ю.М.,"город Москва, улица Новый Арбат, дом 21",район Арбат,Центральный административный округ,кафе,55.751993247677646,37.5854989850008,1903336.4817191574,6412050.104819593,2313.7409053903534
5395,Фудмаркет. Косорев и ко,"город Москва, улица Новый Арбат, дом 21",район Арбат,Центральный административный округ,кафе,55.751993247677646,37.5854989850008,1903336.4817191574,6412050.104819593,2313.7409053903534
5396,Фудмаркет. Тонорян А.Г.,"город Москва, улица Новый Арбат, дом 21",район Арбат,Центральный административный округ,кафе,55.751993247677646,37.5854989850008,1903336.4817191574,6412050.104819593,2313.7409053903534
5397,Фудмаркет. Орлов В.А.,"город Москва, улица Новый Арбат, дом 21",район Арбат,Центральный административный округ,кафе,55.751993247677646,37.5854989850008,1903336.4817191574,6412050.104819593,2313.7409053903534
5398,Фудмаркет. Назимов Р.В.,"город Москва, улица Новый Арбат, дом 21",район Арбат,Центральный административный округ,кафе,55.751993247677646,37.5854989850008,1903336.4817191574,6412050.104819593,2313.7409053903534
5399,Грузинская кухня LAZURI,"город Москва, улица Новый Арбат, дом 21",район Арбат,Центральный административный округ,кафе,55.751993247677646,37.5854989850008,1903336.4817191574,6412050.104819593,2313.7409053903534
5400,Фудмаркет. Якубов Р.Я.,"город Москва, улица Новый Арбат, дом 21",район Арбат,Центральный административный округ,кафе,55.751993247677646,37.5854989850008,1903336.4817191574,6412050.104819593,2313.7409053903534
5401,"Фудмаркет. Тардатьян Ф.Г,","город Москва, улица Новый Арбат, дом 21",район Арбат,Центральный административный округ,кафе,55.751993247677646,37.5854989850008,1903336.4817191574,6412050.104819593,2313.7409053903534
5402,Фудмаркет. Транспортные технологии,"город Москва, улица Новый Арбат, дом 21",район Арбат,Центральный административный округ,кафе,55.751993247677646,37.5854989850008,1903336.4817191574,6412050.104819593,2313.7409053903534
5403,Фудмаркет. Дмитриев Е.Н.,"город Москва, улица Новый Арбат, дом 21",район Арбат,Центральный административный округ,кафе,55.751993247677646,37.5854989850008,1903336.4817191574,6412050.104819593,2313.7409053903534
5404,Фудмаркет. Аргашокова О.В.,"город Москва, улица Новый Арбат, дом 21",район Арбат,Центральный административный округ,кафе,55.751993247677646,37.5854989850008,1903336.4817191574,6412050.104819593,2313.7409053903534
5405,Вьетнамская кухня NGON,"город Москва, улица Новый Арбат, дом 21",район Арбат,Центральный административный округ,кафе,55.751993247677646,37.5854989850008,1903336.4817191574,6412050.104819593,2313.7409053903534
5406,"Фудмаркет. Коноплина Е.А,","город Москва, улица Новый Арбат, дом 21",район Арбат,Центральный административный округ,кафе,55.751993247677646,37.5854989850008,1903336.4817191574,6412050.104819593,2313.7409053903534
5407,Фудмаркет. Магрус,"город Москва, улица Новый Арбат, дом 21",район Арбат,Центральный административный округ,кафе,55.751993247677646,37.5854989850008,1903336.4817191574,6412050.104819593,2313.7409053903534
5408,Стендап,"город Москва, улица Новый Арбат, дом 21",район Арбат,Центральный административный округ,кафе,55.751993247677646,37.5854989850008,1903336.4817191574,6412050.104819593,2313.7409053903534
5409,Кафе 42 Coffee Shop,"город Москва, Малая Бронная улица, дом 28",Пресненский район,Центральный административный округ,кафе,55.76369260381454,37.59416154508778,1903429.2381616875,6413492.335993993,2090.0087035381457
5410,СОЛ,"город Москва, улица Солянка, дом 1/2, строение 1",Басманный район,Центральный административный округ,кафе,55.754161361200474,37.637947157328284,1906444.2289662268,6413381.576136787,1067.4916033848097
5411,Кафе Пиццерия,"город Москва, 2-я Звенигородская улица, дом 12, строение 5",Пресненский район,Центральный административный округ,кафе,55.76178836725686,37.55683859699523,1901231.3738993162,6412507.294594931,4250.291536320934
5415,Кафе «Вареничная №1»,"город Москва, Верхняя Радищевская улица, дом 19/3, строение 1",Таганский район,Центральный административный округ,кафе,55.74309770866144,37.65317823082761,1907781.345729474,6412508.486444751,2373.2049087346736
5416,Гамбринус,"город Москва, Марксистская улица, дом 20, строение 1",Таганский район,Центральный административный округ,ресторан,55.738455430766166,37.65970164084584,1908350.5976799473,6412145.011852205,3013.1082333936897
5417,Baristo Coffee,"город Москва, Таганская улица, дом 32/1, строение 1",Таганский район,Центральный административный округ,кафе,55.739399838354466,37.665016434668004,1908638.622250998,6412358.321331934,3243.3121222723057
5418,Хлеб насущный,"город Москва, Летниковская улица, дом 2, строение 2",район Замоскворечье,Центральный административный округ,кафе,55.72818777575019,37.64464202657271,1907816.4721747823,6410722.482536195,3266.3484025121643
5419,DONER KEBAB,"город Москва, Пушечная улица, дом 9/6, строение 1",Мещанский район,Центральный административный округ,кафе,55.76105339197291,37.62445168012257,1905367.993273965,6413841.693730524,866.6040616859879
5420,Суши стор,"город Москва, Сокольническая площадь, дом 9А",район Сокольники,Восточный административный округ,кафе,55.79037148253573,37.67980471001739,1907639.8569156013,6418161.543216957,5623.663244252272
5421,Officina,"город Москва, Большой Спасоглинищевский переулок, дом 9/1, строение 16А",Басманный район,Центральный административный округ,ресторан,55.75445536236881,37.63693459718489,1906371.7601830175,6413392.044813529,1004.9838981510933
5423,Sky Фо Вьетнамская кухня,"город Москва, улица Ленинская Слобода, владение 26, строение 2",Даниловский район,Южный административный округ,кафе,55.71213726865046,37.65672608813011,1909148.20090446,6409246.036639549,5251.276771085236
5424,МэйбиКофе,"город Москва, Нижний Сусальный переулок, дом 5, сооружение 2",Басманный район,Центральный административный округ,кафе,55.760444,37.662344,1907693.312107662,6414570.186549185,2745.6753717789256
5425,Double Pizza,"город Москва, Театральный проезд, дом 5, строение 1",Мещанский район,Центральный административный округ,кафе,55.760132758612535,37.62455799999999,1905408.6452372167,6413744.69331308,766.6133952962913
5426,HookahXV,"город Москва, Новинский бульвар, дом 15",район Арбат,Центральный административный округ,кафе,55.754602169494795,37.582686710993706,1903068.8119661408,6412272.54996933,2489.0481106232514
5428,Рестобар 1-7,"город Москва, Татарская улица, дом 1/7",район Замоскворечье,Центральный административный округ,ресторан,55.73553559400788,37.637579752596956,1907113.9369053924,6411366.380989511,2313.6698118907416
5431,Vietexpress,"город Москва, 1-я Тверская-Ямская улица, дом 29, строение 1",Тверской район,Центральный административный округ,кафе,55.77592651255512,37.58508653214911,1902424.1526357413,6414621.334101517,3447.285762526101
5433,Римон,"город Москва, Большой Спасоглинищевский переулок, дом 10, строение 1",Басманный район,Центральный административный округ,ресторан,55.755391757235834,37.63498200000001,1906218.2887145374,6413452.054542287,897.427089229647
5434,Москальян,"город Москва, улица Арбат, дом 6/2",район Арбат,Центральный административный округ,кафе,55.75171555227067,37.597493060865006,1904075.9444302642,6412270.986284711,1550.7303085279773
5435,Кrispy Кreme,"город Москва, улица Арбат, дом 6/2",район Арбат,Центральный административный округ,кафе,55.75171555227067,37.597493060865006,1904075.9444302642,6412270.986284711,1550.7303085279773
5436,Shishas бар,"город Москва, Страстной бульвар, дом 8А",Тверской район,Центральный административный округ,кафе,55.76629953577607,37.610806576828736,1904344.0225085313,6414121.506766358,1593.4944955675962
5437,Кафе «Pinsa Maestrello»,"город Москва, Мытная улица, дом 74",Даниловский район,Южный административный округ,кафе,55.71231298395674,37.62048114432144,1906936.0773179566,6408504.903235266,4713.23652968955
5438,Кафе Georgian street food,"город Москва, Мытная улица, дом 74",Даниловский район,Южный административный округ,кафе,55.71231298395674,37.62048114432144,1906936.0773179566,6408504.903235266,4713.23652968955
5439,МосКальян,"город Москва, Комсомольский проспект, дом 28",район Хамовники,Центральный административный округ,кафе,55.72698955102239,37.57973078046537,1903912.2944165238,6409234.093952391,4050.8179291763017
5440,ТИБЕТ,"город Москва, Сретенский бульвар, дом 6/1, строение 2",Красносельский район,Центральный административный округ,ресторан,55.76570362929067,37.63469495940715,1905817.6992208469,6414557.4288723,1618.99401139528
5443,СЛИВКИ ГУРМЭ,"город Москва, Мясницкая улица, дом 13, строение 1",Красносельский район,Центральный административный округ,ресторан,55.7620943628327,37.63315763011689,1905858.387002273,6414136.228476966,1224.927739697003
5445,Чихо,"город Москва, Кривоколенный переулок, дом 12, строение 10",Басманный район,Центральный административный округ,кафе,55.76183092805769,37.63602125345382,1906042.1927547932,6414167.828238328,1325.3284751879673
5446,Розетка и кофе,"город Москва, Мясницкая улица, дом 24/7, строение 3",Басманный район,Центральный административный округ,кафе,55.76305634747901,37.636702226267104,1906038.0380964857,6414314.1668953365,1456.3128457434914
5447,Соло,"город Москва, Мясницкая улица, дом 24/7, строение 3",Басманный район,Центральный административный округ,кафе,55.76305634747901,37.636702226267104,1906038.0380964857,6414314.1668953365,1456.3128457434914
5448,Па-Паэлья,"город Москва, Мясницкая улица, дом 22, строение 1",Басманный район,Центральный административный округ,кафе,55.7620712031242,37.634411073338235,1905935.417076408,6414159.990611078,1274.3666085768675
5451,Жаровня,"город Москва, 3-я улица Ямского Поля, дом 9",район Беговой,Северный административный округ,кафе,55.781626,37.580894,1901958.1576339093,6415148.084858423,4114.986671427167
5452,Кафе «Капитан Морган»,"город Москва, Дербеневская набережная, дом 7, строение 21",Даниловский район,Южный административный округ,кафе,55.72463361723823,37.65033091325205,1908294.5993085443,6410458.728471847,3796.7922666882914
5454,ПИПЛ ЭНД ПАСТА,"город Москва, Цветной бульвар, дом 25, строение 1",Тверской район,Центральный административный округ,кафе,55.77286550659512,37.62065265882141,1904698.4894371668,6415035.266393299,2190.6621054751345
5462,Ресторан Le restaurant,"город Москва, 2-я Звенигородская улица, дом 13, строение 1",Пресненский район,Центральный административный округ,ресторан,55.76263245295749,37.55457181979774,1901062.3432892966,6412550.974517435,4413.860971940528
5469,Кулинарная лавка «Печка»,"город Москва, Протопоповский переулок, дом 20",Мещанский район,Центральный административный округ,кафе,55.77981369551514,37.63894827580185,1905551.7064422849,6416167.222526384,3189.1743073336615
5480,HERITAGE,"город Москва, Ленинградский проспект, дом 36, строение 33",район Аэропорт,Северный административный округ,ресторан,55.790654650045674,37.560080900912006,1900359.4288067135,6415686.737070087,5770.402924986736
5482,Кондитерская-пекарня Волконский,"город Москва, улица Кузнецкий Мост, дом 21/5",Мещанский район,Центральный административный округ,кафе,55.76263333733777,37.62672945679975,1905447.7344635418,6414059.679839562,1080.2025941036316
5483,Ресторан «ASSUNTA MADRE»,"город Москва, Поварская улица, дом 52/55, строение 2",Пресненский район,Центральный административный округ,ресторан,55.75755400976435,37.58674314222924,1903205.9735089382,6412675.539828565,2269.823939158957
5485,Кафе «Bocconcino»,"город Москва, Большой Патриарший переулок, дом 4",Пресненский район,Центральный административный округ,кафе,55.7624594460658,37.591895873365644,1903337.2753112568,6413312.039010273,2144.022152130549
5486,The Mad Cook,"город Москва, Цветной бульвар, дом 2",Мещанский район,Центральный административный округ,ресторан,55.76817895441223,37.62345719450108,1905042.9288386337,6414588.865079151,1661.3657377131876
5487,Кафе Уорлд Чесс Рус Москва,"город Москва, Кудринская площадь, дом 1",Пресненский район,Центральный административный округ,кафе,55.7591481052136,37.5808294018644,1902787.4217083484,6412723.767122653,2680.15984778043
5489,ОчаG,"город Москва, улица Ефремова, дом 12, строение 2",район Хамовники,Центральный административный округ,кафе,55.7246038539466,37.5735976921151,1903627.526082096,6408848.681997408,4517.149677750352
5491,Суши Wok,"город Москва, Бауманская улица, дом 50/12, строение 1",Басманный район,Центральный административный округ,кафе,55.769576827987564,37.678997547193326,1908365.2070137062,6415903.826457729,4125.398614709623
5492,Суши Wok,"город Москва, Бауманская улица, дом 33/2, строение 3",Басманный район,Центральный административный округ,кафе,55.772781932658944,37.67883194698646,1908235.8061178995,6416245.731986661,4289.424919902269
5495,Кулинарная лавка братьев Караваевых,"город Москва, Большой Сухаревский переулок, дом 2/24",Мещанский район,Центральный административный округ,кафе,55.77036436862423,37.62572297677075,1905099.423419365,6414871.846348526,1925.5245396281994
5496,Кулинарная лавка братьев Караваевых,"город Москва, Неглинная улица, дом 16А, строение 1",Мещанский район,Центральный административный округ,кафе,55.764861588719434,37.6203723102736,1904978.675213446,6414166.733166805,1279.3491290842192
5497,Кулинарная лавка братьев Караваевых,"город Москва, проспект Мира, дом 26, строение 1",Мещанский район,Центральный административный округ,кафе,55.7776821179525,37.63324479684794,1905284.4995371862,6415818.0353752505,2843.6684979239344
5498,Кулинарная лавка братьев Караваевых,"город Москва, улица Щепкина, дом 33",Мещанский район,Центральный административный округ,кафе,55.77967495835919,37.628705991445074,1904934.7652310578,6415937.767239529,3003.719691751162
5499,Папа Джонс,"город Москва, улица Большая Молчановка, дом 34, строение 2",район Арбат,Центральный административный округ,ресторан,55.75378245952555,37.58844275530033,1903449.11378212,6412304.519339367,2116.7424867051755
5506,Burger King,"город Москва, Новослободская улица, дом 24, строение 1",Тверской район,Центральный административный округ,кафе,55.782824236525585,37.59846902977444,1902981.2675857958,6415644.549857396,3636.42209388429
5515,Азбука вкуса,"город Москва, Олимпийский проспект, дом 30, строение 1",Мещанский район,Центральный административный округ,кафе,55.791458993907604,37.62292761653646,1904146.078712457,6417086.822577196,4310.94690139093
5517,Шоколадница,"город Москва, Сокольническая площадь, дом 4А",район Сокольники,Восточный административный округ,кафе,55.789959306052886,37.678531534061115,1907577.9107009482,6418090.414145147,5534.135357648108
5518,Кофейня 47,"город Москва, Каланчёвская улица, дом 47",Красносельский район,Центральный административный округ,кафе,55.77884994210828,37.645772651483085,1906002.0274230787,6416206.337942299,3272.8137609520722
5520,Кафе «David B»,"город Москва, Богословский переулок, дом 16/6, строение 1",Пресненский район,Центральный административный округ,кафе,55.76361256739948,37.5982423520547,1903680.2088547426,6413569.047294392,1870.4803099869946
5523,Кафе «Циники»,"город Москва, Богословский переулок, дом 8/15, строение 1",Пресненский район,Центральный административный округ,кафе,55.762503830900954,37.599801293387976,1903816.0799537278,6413482.142983873,1714.6022120410707
5524,Ресторан «Montifiori»,"город Москва, Малая Бронная улица, дом 21/13, строение 2",Пресненский район,Центральный административный округ,ресторан,55.76281175939072,37.594634000000006,1903490.6195160083,6413407.268551126,2010.7607085697832
5525,Кафе «Мясо Сыр Вино»,"город Москва, Малая Бронная улица, дом 21/13, строение 2",Пресненский район,Центральный административный округ,кафе,55.76281175939072,37.594634000000006,1903490.6195160083,6413407.268551126,2010.7607085697832
5527,Gournest гнездо гурмана,"город Москва, Бродников переулок, дом 10, корпус 2",район Якиманка,Центральный административный округ,ресторан,55.73707875192356,37.61621100000002,1905757.1222455585,6411085.015568715,1918.372156784668
5535,Сыто Пьяно,"город Москва, Тверская улица, дом 17",Тверской район,Центральный административный округ,кафе,55.763816759682676,37.606159000000005,1904153.7400225075,6413756.656374152,1515.9686747132569
5536,Пекарня «Молон Лаве»,"город Москва, Большая Грузинская улица, дом 39",Пресненский район,Центральный административный округ,кафе,55.77056418329307,37.58133670450087,1902395.1099056075,6413964.960943666,3214.997776799148
5537,Кафе «ФорТутти»,"город Москва, Малая Грузинская улица, дом 38",Пресненский район,Центральный административный округ,кафе,55.768364761004314,37.572829000000006,1901959.6373892468,6413550.133594312,3541.9829268453177
5538,Дринкит,"город Москва, улица Грузинский Вал, дом 18/15",Пресненский район,Центральный административный округ,кафе,55.77315563859975,37.57870119600164,1902138.9162279412,6414189.2367027085,3530.184606596318
5539,Blush,"город Москва, Даев переулок, дом 2",Красносельский район,Центральный административный округ,кафе,55.770349389433285,37.63427029105289,1905619.2708558806,6415049.233320902,2076.2100552056563
5540,Ночной Баку,"город Москва, Даниловская набережная, дом 2, корпус 4",Даниловский район,Южный административный округ,кафе,55.70817049146551,37.64200419657526,1908399.7313427061,6408509.5877448125,5352.524480134146
5543,ДАБЛ КАПС,"город Москва, Большая Дорогомиловская улица, дом 8",район Дорогомилово,Западный административный округ,кафе,55.74621476222149,37.56540873934326,1902329.0568514552,6411007.352943299,3696.363823792144
5544,Кафе «Компот»,"город Москва, Дубининская улица, дом 57, корпус 2",Даниловский район,Южный административный округ,кафе,55.72011006739515,37.635194247347286,1907541.845609642,6409653.728135779,3926.097143598922
5546,Ресторан китайской кухни «Хао и»,"город Москва, Духовской переулок, дом 14",Даниловский район,Южный административный округ,ресторан,55.70550347691891,37.61514904981011,1906864.2447976365,6407659.146961679,5503.742119682647
5547,Ресторан «Москва-Дели»,"город Москва, Ермолаевский переулок, дом 7",Пресненский район,Центральный административный округ,ресторан,55.7642589941082,37.59048650284671,1903184.8906199164,6413476.548951373,2324.2313384256736
5548,Кафе «Фреш»,"город Москва, Ермолаевский переулок, дом 10/7",Пресненский район,Центральный административный округ,кафе,55.763692051076866,37.590596663464964,1903212.608448744,6413417.740277233,2285.1591633217336
5549,Кафе «Кофе Бюро»,"город Москва, Ермолаевский переулок, дом 18А",Пресненский район,Центральный административный округ,кафе,55.765697825545104,37.593610741996514,1903321.3967997092,6413696.962570545,2251.3360765091966
5550,Мустафа Кебаб,"город Москва, Большая Татарская улица, дом 24",район Замоскворечье,Центральный административный округ,кафе,55.73988801626737,37.63284273546451,1906664.1952049474,6411736.218036976,1734.0878377023816
5551,Детское Кафе «Ежеминутка»,"город Москва, улица Анатолия Живова, дом 10",Пресненский район,Центральный административный округ,кафе,55.76016508725843,37.55186821401718,1900989.3386179917,6412228.551781824,4528.709590461567
5553,МАРРАКЕШ,"город Москва, Киевская улица, дом 22",район Дорогомилово,Западный административный округ,кафе,55.73808375221487,37.54375200000001,1901312.8949690724,6409678.575075805,5296.799784659574
5554,Coffee Bo,"город Москва, Мясницкая улица, дом 32, строение 2",Басманный район,Центральный административный округ,кафе,55.76540017630813,37.639617530576466,1906128.0798035627,6414627.856608728,1780.3448575149084
5558,Кафе «Breakfast Club»,"город Москва, Малый Козихинский переулок, дом 10, строение 1",Пресненский район,Центральный административный округ,кафе,55.764349698360355,37.59636768696252,1903538.9393398024,6413609.297157955,2017.2454444410869
5559,SurfCoffee,"город Москва, Конный переулок, дом 12",район Якиманка,Центральный административный округ,кафе,55.721469802071034,37.61182698584709,1906069.68628287,6409310.681506691,3719.901225530791
5560,Кафе Лефортово,"город Москва, Красноказарменная улица, дом 9",район Лефортово,Юго-Восточный административный округ,кафе,55.75799475799162,37.698164,1909961.0796187834,6415058.278013575,4962.144359135943
5562,Кальянная «Шале»,"город Москва, улица Красина, дом 7, строение 3",Пресненский район,Центральный административный округ,кафе,55.76673697237058,37.58766306353862,1902921.425503262,6413684.631718011,2630.2075257312704
5563,Кафе на Крутицком,"город Москва, 3-й Крутицкий переулок, дом 13",Южнопортовый район,Юго-Восточный административный округ,кафе,55.73068355216566,37.66345240814813,1908867.7357262233,6411386.107279631,3766.0684874439867
5564,SOHO,"город Москва, Кутузовский проспект, дом 18",район Дорогомилово,Западный административный округ,кафе,55.74683526553334,37.55228204871305,1901507.8616040219,6410800.1363565065,4509.138410346753
5571,ВЕРАНДА 18,"город Москва, Лесная улица, дом 20, строение 1",Тверской район,Центральный административный округ,ресторан,55.78044984130314,37.592009405683704,1902676.974987,6415253.58507463,3590.3797241646366
5572,ВЕРАНДА 17.1,"город Москва, Лесная улица, дом 20, строение 1",Тверской район,Центральный административный округ,ресторан,55.78044984130314,37.592009405683704,1902676.974987,6415253.58507463,3590.3797241646366
5573,ВЕРАНДА 17,"город Москва, Лесная улица, дом 20, строение 1",Тверской район,Центральный административный округ,ресторан,55.78044984130314,37.592009405683704,1902676.974987,6415253.58507463,3590.3797241646366
5574,ВЕРАНДА 16.1,"город Москва, Лесная улица, дом 20, строение 1",Тверской район,Центральный административный округ,ресторан,55.78044984130314,37.592009405683704,1902676.974987,6415253.58507463,3590.3797241646366
5575,ВЕРАНДА 16,"город Москва, Лесная улица, дом 20, строение 1",Тверской район,Центральный административный округ,ресторан,55.78044984130314,37.592009405683704,1902676.974987,6415253.58507463,3590.3797241646366
5576,ВЕРАНДА 15.1,"город Москва, Лесная улица, дом 20, строение 1",Тверской район,Центральный административный округ,ресторан,55.78044984130314,37.592009405683704,1902676.974987,6415253.58507463,3590.3797241646366
5577,ВЕРАНДА 15,"город Москва, Лесная улица, дом 20, строение 1",Тверской район,Центральный административный округ,ресторан,55.78044984130314,37.592009405683704,1902676.974987,6415253.58507463,3590.3797241646366
5583,Вьетнамская кухня,"город Москва, Люсиновская улица, дом 11/12, строение 1",район Замоскворечье,Центральный административный округ,кафе,55.72817158053637,37.62358277650041,1906536.1208653594,6410279.319823198,2908.445488274521
5584,Red Black Family,"город Москва, улица Макаренко, дом 9, строение 2",Басманный район,Центральный административный округ,кафе,55.762028421228294,37.64876793693375,1906809.428357071,6414456.248101844,2003.5702866010126
5585,Мольберт,"город Москва, Мантулинская улица, дом 12",Пресненский район,Центральный административный округ,кафе,55.75687696138854,37.553698439000435,1901222.3074393675,6411912.2730155755,4365.507278033457
5587,Ничего лишнего,"город Москва, проспект Мира, дом 3, корпус 1",Мещанский район,Центральный административный округ,кафе,55.77355587594885,37.63191308597208,1905356.924094247,6415345.441759686,2367.984193635536
5589,Кафе «Мармилатте»,"город Москва, Большой Патриарший переулок, дом 8, строение 1",Пресненский район,Центральный административный округ,кафе,55.76276709985466,37.592751898200014,1903377.8914940506,6413363.099874399,2112.579106836379
5590,Даблби,"город Москва, Большой Патриарший переулок, дом 8, строение 1",Пресненский район,Центральный административный округ,кафе,55.76276709985466,37.592751898200014,1903377.8914940506,6413363.099874399,2112.579106836379
5591,Кафе «Акита»,"город Москва, Большой Патриарший переулок, дом 8, строение 1",Пресненский район,Центральный административный округ,кафе,55.76276709985466,37.592751898200014,1903377.8914940506,6413363.099874399,2112.579106836379
5596,Кафе «Хинкальная»,"город Москва, Нижегородская улица, дом 1А",Таганский район,Центральный административный округ,кафе,55.73924575255172,37.67501700000001,1909252.3919981488,6412551.642678471,3821.0696626319404
5597,Казан,"город Москва, Новорязанская улица, дом 16/11, строение 1",Красносельский район,Центральный административный округ,кафе,55.772040656165515,37.66065848503178,1907159.4725334353,6415784.570877501,3282.137141860624
5600,Арт Буланже,"город Москва, Новокузнецкая улица, дом 43/16, строение 2",район Замоскворечье,Центральный административный округ,кафе,55.73186110450448,37.63589561618071,1907148.0197724989,6410935.029058669,2654.241942321426
5601,Кафе «Du-Du»,"город Москва, улица Орджоникидзе, дом 9, корпус 1",Донской район,Южный административный округ,кафе,55.70989962072834,37.59790479515772,1905651.6015934476,6407771.940669675,5211.259985383489
5602,Кафе Black Code,"город Москва, Садовническая улица, дом 42, строение 1",район Замоскворечье,Центральный административный округ,кафе,55.74485508281937,37.63669697525921,1906714.0169458452,6412352.350746847,1406.2564488766525
5603,Кафе «Masters & Margaritas»,"город Москва, Большой Козихинский переулок, дом 12/2",Пресненский район,Центральный административный округ,кафе,55.763206968494934,37.59702511315094,1903621.2786447536,6413499.871163896,1906.4651203284373
5604,Прайм стар,"город Москва, улица Остоженка, дом 40/1",район Хамовники,Центральный административный округ,кафе,55.737947022654424,37.59500872611938,1904435.4812285202,6410734.844047107,2465.489093747884
5608,Линдфорс,"город Москва, Малая Пироговская улица, дом 16",район Хамовники,Центральный административный округ,кафе,55.72827374937246,37.56663199999999,1903067.8160002506,6409098.746274562,4556.381517407929
5609,My gelato КАФЕ,"город Москва, Малая Пироговская улица, дом 21",район Хамовники,Центральный административный округ,кафе,55.727133749042316,37.566898,1903126.2112338715,6408981.402355294,4627.063569962884
5610,РАИСА ЗАХАРНА,"город Москва, улица Можайский Вал, дом 6",район Дорогомилово,Западный административный округ,кафе,55.744893754189505,37.556943000000004,1901863.1616218782,6410688.136846781,4260.774597666402
5612,Bistrof & Boutigue №7,"город Москва, Подколокольный переулок, дом 16/2, строение 1",Таганский район,Центральный административный округ,кафе,55.75269375645267,37.645551999999995,1906961.0066602877,6413382.795823914,1558.7296961171498
5613,Кафе,"город Москва, Подъёмная улица, дом 1",Нижегородский район,Юго-Восточный административный округ,кафе,55.73759354691246,37.70445028793423,1911103.4069548883,6412992.012366557,5648.068175251722
5614,Cofix,"город Москва, улица Пресненский Вал, дом 8, корпус 3",Пресненский район,Центральный административный округ,кафе,55.76476607564952,37.5645846627464,1901591.9166551528,6412990.02056945,3863.4502880742566
5615,Кафе «Хлеб и Масло»,"город Москва, улица Пресненский Вал, дом 23",Пресненский район,Центральный административный округ,кафе,55.771785,37.569981,1901659.8516233605,6413859.340361206,3896.144212163802
5617,BREAC CAFE,"город Москва, Пятницкая улица, дом 57, строение 2",район Замоскворечье,Центральный административный округ,кафе,55.733799113333994,37.62788738695118,1906588.9908000617,6410976.089985578,2301.913041856855
5618,Sweet Market,"город Москва, Рождественский бульвар, дом 5/7, строение 1",Мещанский район,Центральный административный округ,кафе,55.766984543574374,37.62486623337741,1905172.9035331102,6414489.634329647,1536.3172765526983
5621,Кафе «Время есть»,"город Москва, Большая Садовая улица, дом 1",Пресненский район,Центральный административный округ,кафе,55.766363045334714,37.59067249907372,1903118.1716626717,6413707.235948159,2447.857941857308
5623,Кальянная «Euphoria»,"город Москва, Малый Кисловский переулок, дом 7",Пресненский район,Центральный административный округ,кафе,55.75577762143046,37.60238788460313,1904222.8184295807,6412811.23656903,1243.967250618963
5624,Black Swan pub&shop,"город Москва, улица Солянка, дом 1/2, строение 1",Басманный район,Центральный административный округ,кафе,55.754161361200474,37.637947157328284,1906444.2289662268,6413381.576136787,1067.4916033848097
5625,Bambule,"город Москва, улица Солянка, дом 1/2, строение 1",Басманный район,Центральный административный округ,кафе,55.754161361200474,37.637947157328284,1906444.2289662268,6413381.576136787,1067.4916033848097
5626,Pizza Napoleana,"город Москва, улица Солянка, дом 1/2, строение 1",Басманный район,Центральный административный округ,кафе,55.754161361200474,37.637947157328284,1906444.2289662268,6413381.576136787,1067.4916033848097
5628,Пицца 22 сантиметра,"город Москва, улица Солянка, дом 1/2, строение 1",Басманный район,Центральный административный округ,кафе,55.754161361200474,37.637947157328284,1906444.2289662268,6413381.576136787,1067.4916033848097
5629,Кальянная Smoke Lounge,"город Москва, Спиридоньевский переулок, дом 6",Пресненский район,Центральный административный округ,кафе,55.76205091765159,37.59434179284299,1903501.0783001592,6413319.146528123,1983.5687861001848
5630,Ламбик,"город Москва, Страстной бульвар, дом 7, строение 1",Тверской район,Центральный административный округ,кафе,55.76720480953711,37.608231924747315,1904153.974901601,6414165.209490074,1760.5343625677715
5631,Кафе «Джон Донн»,"город Москва, Никитский бульвар, дом 12",Пресненский район,Центральный административный округ,кафе,55.7555186638306,37.60058175898243,1904122.6388178195,6412745.539446039,1353.0948115988654
5632,Кафе «FAVORITE CAKE»,"город Москва, Большая Никитская улица, дом 23/14/9",Пресненский район,Центральный административный округ,кафе,55.75728175778459,37.59914600000001,1903969.9657095135,6412905.550760322,1487.2267485800694
5634,Пьяный Краб и Счастливая Курица,"город Москва, Большой Сухаревский переулок, дом 6",Мещанский район,Центральный административный округ,кафе,55.770435063772624,37.62683215545942,1905164.1861875288,6414902.690612675,1945.1026253975333
5635,ХЛЕБНАЯ ЛАВКА,"город Москва, улица Сущёвский Вал, дом 3/5А",район Марьина Роща,Северо-Восточный административный округ,кафе,55.792874886731084,37.590155578801806,1902103.5357157707,6416554.08428541,4900.234694509897
5636,BEER BEER bar,"город Москва, улица Сущёвский Вал, дом 41",район Марьина Роща,Северо-Восточный административный округ,кафе,55.79346996410997,37.60819444913308,1903176.807188302,6416995.324509313,4617.205086846377
5637,Ресторан «Remy Kitchen bakery»,"город Москва, Тверской бульвар, дом 9",Пресненский район,Центральный административный округ,кафе,55.75953187098009,37.59913646051474,1903885.9200664437,6413147.891371098,1578.440002574691
5638,Кафе «Кофе»,"город Москва, Тверской бульвар, дом 20, строение 4",Пресненский район,Центральный административный округ,кафе,55.76093355844537,37.603099534357284,1904074.7866801666,6413381.877681957,1438.0079394530298
5639,Гиблинг,"город Москва, 1-й Тверской-Ямской переулок, дом 14",Тверской район,Центральный административный округ,кафе,55.772827533516974,37.598133352185556,1903331.7481655402,6414560.030883678,2647.217559216842
5640,Time Club Убежище,"город Москва, Архангельский переулок, дом 7, строение 1",Басманный район,Центральный административный округ,кафе,55.76126299009855,37.63763032809405,1906161.0783003294,6414140.331141668,1358.516882586607
5641,Ресторан «Nегодники»,"город Москва, улица Спиридоновка, дом 26",Пресненский район,Центральный административный округ,ресторан,55.76212034150334,37.591772889233376,1903342.375826797,6413272.914954004,2133.25124984471
5642,Ресторан «Ra Family»,"город Москва, Трёхпрудный переулок, дом 11/13, строение 2",Пресненский район,Центральный административный округ,ресторан,55.76538657896137,37.59571263754611,1903460.6725151103,6413707.364000665,2123.3296452295262
5644,Кафе «Есть Бургер»,"город Москва, улица 1905 Года, дом 11, строение 1",Пресненский район,Центральный административный округ,кафе,55.76485639298531,37.56049722292741,1901340.1484577814,6412914.413861959,4115.718906845353
5645,Кафе «СушиWok»,"город Москва, улица 1905 Года, дом 4",Пресненский район,Центральный административный округ,кафе,55.76533489798893,37.56150541644319,1901383.7038620794,6412987.04620584,4071.6557532918027
5649,Мята Lounge,"город Москва, Новинский бульвар, дом 10, строение 1",район Арбат,Центральный административный округ,кафе,55.75316675658995,37.585141,1903271.2183667067,6412169.1209909795,2329.627283338028
5650,ABC Coffee Roasters,"город Москва, улица Покровка, дом 7/9-11, корпус 1",Басманный район,Центральный административный округ,кафе,55.75954259409095,37.64209694595681,1906496.4519545992,6414048.513362332,1492.2025955454126
5651,ОКофеМой,"город Москва, улица Покровка, дом 7/9-11, корпус 1",Басманный район,Центральный административный округ,кафе,55.75954259409095,37.64209694595681,1906496.4519545992,6414048.513362332,1492.2025955454126
5652,Сыто Пьяно,"город Москва, улица Покровка, дом 4, строение 1",Басманный район,Центральный административный округ,кафе,55.758519476657995,37.64107150702562,1906472.159974591,6413916.75569547,1382.8729917271437
5653,Pushka,"город Москва, улица Покровка, дом 40, строение 1",Басманный район,Центральный административный округ,ресторан,55.76199675915396,37.652375,1907029.7894690395,6414528.45817125,2208.644390860426
5654,Кальянная До-Зари,"город Москва, Чистопрудный бульвар, дом 23, строение 1",Басманный район,Центральный административный округ,кафе,55.760321456746155,37.646763212667096,1906751.0686980467,6414230.2591511635,1800.9076331194383
5655,Караоке Song Vape BAR STEAK HOUSE,"Николоямская улица, дом 28/60, строение 1",Таганский район,Центральный административный округ,ресторан,55.746927,37.654727,1907733.1165224428,6412953.672276321,2277.910365418294
5658,Гастропаб «ЮКОН»,"город Москва, Шмитовский проезд, дом 10/7",Пресненский район,Центральный административный округ,ресторан,55.7591020068917,37.55270964657698,1901079.8370179168,6412131.507293371,4456.931172070108
5659,"Кафе «Может, кофе»","город Москва, Шмитовский проезд, дом 12",Пресненский район,Центральный административный округ,кафе,55.7590729328901,37.55208742977835,1901043.089253562,6412115.386345659,4496.083586152326
5662,Питербургер,"город Москва, улица Фридриха Энгельса, дом 3-5, строение 1",Басманный район,Центральный административный округ,кафе,55.7719333145094,37.67978132921382,1908325.0725742814,6416174.21225763,4294.3512559961755
5663,Ресторан «Shiba»,"город Москва, Большой Палашёвский переулок, дом 1/14, строение 1",Пресненский район,Центральный административный округ,ресторан,55.76362461708075,37.59704727793164,1903607.1341502795,6413545.352887713,1932.8984424848823
5664,Твое кафе,"город Москва, Энергетическая улица, дом 14, корпус 1",район Лефортово,Юго-Восточный административный округ,кафе,55.7588532749388,37.70889617813424,1910581.1797264265,6415376.348931199,5658.5305973233935
5669,Березка,"город Москва, улица Сокольнический Вал, дом 8",район Сокольники,Восточный административный округ,кафе,55.79214726285818,37.660415722645745,1906396.616863777,6417946.234198423,5055.134630647134
5670,One price coffee,"город Москва, Сокольническая площадь, дом 4, корпус 1-2",район Сокольники,Восточный административный округ,кафе,55.789959306052886,37.678531534061115,1907577.9107009482,6418090.414145147,5534.135357648108
5671,Coffe-like,"город Москва, Сокольническая площадь, дом 4, корпус 1-2",район Сокольники,Восточный административный округ,кафе,55.789959306052886,37.678531534061115,1907577.9107009482,6418090.414145147,5534.135357648108
5672,Токмакоff,"город Москва, Токмаков переулок, дом 12/20",Басманный район,Центральный административный округ,кафе,55.76522276009119,37.670120999999995,1907988.0296846605,6415248.33609088,3400.3016958082203
5683,RIX RESTAURANT,"город Москва, Кутузовский проспект, дом 24",район Дорогомилово,Западный административный округ,ресторан,55.74468775412974,37.543663,1901063.1776414537,6410388.716920651,5099.350879150253
5684,ШАНТИМЕЛЬ,"город Москва, улица Раевского, дом 3",район Дорогомилово,Западный административный округ,кафе,55.74501975422605,37.553099,1901624.7341901301,6410621.462574204,4498.221594666129
5687,Кофе с собой,"город Москва, улица Казакова, дом 8, строение 6",Басманный район,Центральный административный округ,кафе,55.76225175922803,37.660675000000005,1907524.6450106555,6414729.996875006,2710.386665842898
5688,Matreshka Coffee,"город Москва, улица Казакова, дом 8, строение 6",Басманный район,Центральный административный округ,кафе,55.76225175922803,37.660675000000005,1907524.6450106555,6414729.996875006,2710.386665842898
5689,Point Coffe and Food,"город Москва, Новослободская улица, дом 11",Тверской район,Центральный административный округ,кафе,55.78011455063062,37.59955178760233,1903147.5709477786,6415375.127176338,3326.389359603002
5691,Шанделир,"город Москва, 1-я улица Машиностроения, дом 10",Южнопортовый район,Юго-Восточный административный округ,ресторан,55.71416174528791,37.671607999999985,1909978.4179236332,6409776.6769071845,5542.221732968732
5719,Jpan bistro,"город Москва, Трубная улица, дом 21",Мещанский район,Центральный административный округ,кафе,55.770617522478524,37.62516543027987,1905056.1464380578,6414887.456912539,1949.2689610321736
5720,Так сказала моя мама,"город Москва, Большой Симоновский переулок, дом 2",Таганский район,Центральный административный округ,кафе,55.729260584299965,37.660702538224335,1908753.417286824,6411175.033707097,3759.4339883880634
5721,Кафе «Diem»,"город Москва, улица Пресненский Вал, дом 14, корпус 1",Пресненский район,Центральный административный округ,кафе,55.76636824106884,37.5657032379755,1901600.556781997,6413186.091492907,3860.32762567068
5741,Владивосток,"город Москва, улица Гиляровского, дом 65, строение 1",Мещанский район,Центральный административный округ,ресторан,55.789259374337405,37.632746338014314,1904824.0077640575,6417055.304861367,4124.408819323481
5743,Кафе «Наш Двор»,"город Москва, улица 1905 Года, дом 10, строение 1",Пресненский район,Центральный административный округ,кафе,55.76802065034265,37.55857872573775,1901106.3816448003,6413215.475539833,4355.368083973002
5745,Пиццерия,"город Москва, 1-й переулок Тружеников, дом 4",район Хамовники,Центральный административный округ,кафе,55.73923875254972,37.575026000000015,1903172.3015185462,6410456.256358995,3402.807897649358
5746,Соло караоке клуб,"город Москва, Новокузнецкая улица, дом 40, строение 2",район Замоскворечье,Центральный административный округ,ресторан,55.73196396898545,37.63440278227314,1907053.4052419155,6410914.825800188,2610.875077636441
5747,ДАБЛБИ кофейня,"город Москва, улица Бахрушина, дом 12, строение 2",район Замоскворечье,Центральный административный округ,кафе,55.73559468166514,37.634823581463685,1906944.1304735185,6411314.979685926,2233.1818160841076
5748,Банкетная площадка кафе,"город Москва, Шлюзовая набережная, дом 2/1, строение 1",район Замоскворечье,Центральный административный округ,кафе,55.73288175070729,37.64157999999998,1907455.813577775,6411164.203787096,2701.3254642215866
5749,"Кафе Мокко, Family bakery","город Москва, Ленинский проспект, дом 29",Донской район,Южный административный округ,кафе,55.71412845084412,37.59079769415668,1905062.2931844702,6408079.087315602,4916.155050602585
5751,Рачевня «Поплавок»,"город Москва, Мясницкая улица, дом 7, строение 1",Красносельский район,Центральный административный округ,ресторан,55.760894811534484,37.631542420088486,1905804.7969894635,6413973.108162144,1053.2617783599176
5753,Crafted,"город Москва, Дружинниковская улица, дом 15",Пресненский район,Центральный административный округ,кафе,55.759699758486775,37.574379,1902374.9002016964,6412648.448394841,3098.1906090226244
5754,Перуанский ресторан «Lima»,"город Москва, Дружинниковская улица, дом 15",Пресненский район,Центральный административный округ,кафе,55.759699758486775,37.574379,1902374.9002016964,6412648.448394841,3098.1906090226244
5755,Кафе «Пальчики оближешь»,"город Москва, Дружинниковская улица, дом 15",Пресненский район,Центральный административный округ,кафе,55.759699758486775,37.574379,1902374.9002016964,6412648.448394841,3098.1906090226244
5756,Кафе «Шпинат»,"город Москва, Брюсов переулок, дом 11, строение 1",Пресненский район,Центральный административный округ,кафе,55.758876600468604,37.60588511113476,1904320.4081973415,6413218.440464908,1159.8230241657616
5757,Ресторан «ДНК»,"город Москва, Рочдельская улица, дом 15, строение 1",Пресненский район,Центральный административный округ,ресторан,55.75689873925286,37.566137523965274,1901977.6891936145,6412174.342499341,3569.653792161802
5758,Кафе «Cookery кулинария»,"город Москва, Большая Никитская улица, дом 24/1, строение 6",Пресненский район,Центральный административный округ,кафе,55.75720970946776,37.60206447779059,1904150.0319773501,6412958.835024318,1305.4842846884267
5759,Ресторан «Дюжина»,"город Москва, Брюсов переулок, дом 2/14, строение 6",Пресненский район,Центральный административный округ,ресторан,55.7566587576037,37.60578000000001,1904396.3130727857,6412977.184141333,1059.042098408592
5760,Кафе «ММОМА»,"город Москва, Ермолаевский переулок, дом 17, строение 1",Пресненский район,Центральный административный округ,кафе,55.76556476019058,37.59217900000001,1903239.3246133088,6413652.68412214,2316.020617487392
5761,Кафе «LESS SUGAR BAR»,"город Москва, Малая Бронная улица, дом 24, строение 4",Пресненский район,Центральный административный округ,кафе,55.7632756737877,37.59527470348769,1903512.3517745498,6413470.671934263,2004.1202949805572
5762,Кафе «lemon lounge»,"город Москва, 2-я Брестская улица, дом 39, строение 2",Пресненский район,Центральный административный округ,кафе,55.77420755366547,37.58459940443779,1902458.2882285365,6414425.866432744,3327.815950025296
5763,Кафе-столовая,"город Москва, Старая Басманная улица, дом 20, строение 1",Басманный район,Центральный административный округ,кафе,55.76654976047683,37.664151,1907575.9386280868,6415266.091593797,3118.5521156916816
5764,Кальян бар «Garage Lounge»,"город Москва, Малый Златоустинский переулок, дом 3, строение 3",Басманный район,Центральный административный округ,кафе,55.75844143009855,37.63375884288395,1906030.6422243845,6413755.11740176,965.678050102323
5770,Кондитерская пекарня,"город Москва, Пятницкая улица, дом 66, строение 1",район Замоскворечье,Центральный административный округ,кафе,55.73234077025722,37.62665704816457,1906568.3156011102,6410793.120802184,2453.3565866570616
5771,Джаз клуб ЭССЕ,"город Москва, Пятницкая улица, дом 27, строение 3А",район Замоскворечье,Центральный административный округ,ресторан,55.74108364312811,37.628860094708344,1906377.6199363696,6411781.637603199,1511.7741733147725
5772,Санапиро караоке,"город Москва, Раушская набережная, дом 4/5, строение 1",район Замоскворечье,Центральный административный округ,ресторан,55.748400231707265,37.62686028980698,1905984.3081075216,6412528.354106785,695.219549519618
5781,ФАУЛЗ,"город Москва, Садовая-Спасская улица, дом 20, строение 1",Красносельский район,Центральный административный округ,ресторан,55.76955376134991,37.645002999999996,1906300.8940910425,6415188.3556644535,2365.156560159294
5782,Кафе-кулинария «Время Есть»,"город Москва, Мясницкая улица, дом 7, строение 10",Красносельский район,Центральный административный округ,кафе,55.76116913524166,37.62989631202415,1905694.571081094,6413968.194595163,1017.2189261742517
5783,Суши Сами,"город Москва, Нижняя Красносельская улица, дом 5, строение 1",Красносельский район,Центральный административный округ,кафе,55.77917699698946,37.66713690220341,1907287.418794045,6416689.483493783,4137.682136292809
5785,TESTA,"город Москва, Лесная улица, дом 55, строение 1",Тверской район,Центральный административный округ,ресторан,55.78170063138365,37.59301461441605,1902691.6424171804,6415409.415151769,3680.0219855855516
5786,Майкл Коллинз,"город Москва, Цветной бульвар, дом 21, строение 2",Тверской район,Центральный административный округ,кафе,55.77204054561798,37.6200691336599,1904693.6735983307,6414934.13799018,2097.7961185477725
5787,Мята,"город Москва, улица Сущёвский Вал, дом 16, строение 1",район Марьина Роща,Северо-Восточный административный округ,кафе,55.7922847679641,37.60254400000002,1902877.6963749474,6416749.428157795,4566.906951070646
5788,Виктория,"город Москва, Лесная улица, дом 61, строение 4",Тверской район,Центральный административный округ,кафе,55.78279770511727,37.59387439786659,1902703.1735422437,6415545.636629273,3762.9145407157157
5789,ВЕРАНДА 1.1,"город Москва, Лесная улица, дом 20, строение 3",Тверской район,Центральный административный округ,ресторан,55.78019187863109,37.59299477113358,1902746.3989947082,6415246.377089249,3532.2999455126
5790,ВЕРАНДА 3.1,"город Москва, Лесная улица, дом 20, строение 3",Тверской район,Центральный административный округ,ресторан,55.78019187863109,37.59299477113358,1902746.3989947082,6415246.377089249,3532.2999455126
5791,ВЕРАНДА 14,"город Москва, Лесная улица, дом 20, строение 6",Тверской район,Центральный административный округ,ресторан,55.77972359927442,37.59087889132086,1902635.2364373978,6415151.675414944,3559.6886830988765
5792,ВЕРАНДА 14.1,"город Москва, Лесная улица, дом 20, строение 6",Тверской район,Центральный административный округ,ресторан,55.77972359927442,37.59087889132086,1902635.2364373978,6415151.675414944,3559.6886830988765
5793,ВЕРАНДА 13,"город Москва, Лесная улица, дом 20, строение 6",Тверской район,Центральный административный округ,ресторан,55.77972359927442,37.59087889132086,1902635.2364373978,6415151.675414944,3559.6886830988765
5794,ВЕРАНДА 13.1,"город Москва, Лесная улица, дом 20, строение 6",Тверской район,Центральный административный округ,ресторан,55.77972359927442,37.59087889132086,1902635.2364373978,6415151.675414944,3559.6886830988765
5795,ВЕРАНДА 7,"город Москва, Лесная улица, дом 20, строение 4",Тверской район,Центральный административный округ,ресторан,55.77948879631088,37.59183440893639,1902701.9891912478,6415146.338880237,3503.738453442275
5796,ВЕРАНДА 4,"город Москва, Лесная улица, дом 20, строение 4",Тверской район,Центральный административный округ,ресторан,55.77948879631088,37.59183440893639,1902701.9891912478,6415146.338880237,3503.738453442275
5797,ВЕРАНДА 7.1,"город Москва, Лесная улица, дом 20, строение 4",Тверской район,Центральный административный округ,ресторан,55.77948879631088,37.59183440893639,1902701.9891912478,6415146.338880237,3503.738453442275
5798,ВЕРАНДА 5,"город Москва, Лесная улица, дом 20, строение 4",Тверской район,Центральный административный округ,ресторан,55.77948879631088,37.59183440893639,1902701.9891912478,6415146.338880237,3503.738453442275
5799,ВЕРАНДА 6,"город Москва, Лесная улица, дом 20, строение 4",Тверской район,Центральный административный округ,ресторан,55.77948879631088,37.59183440893639,1902701.9891912478,6415146.338880237,3503.738453442275
5800,ВЕРАНДА 9,"город Москва, Лесная улица, дом 20, строение 5",Тверской район,Центральный административный округ,ресторан,55.77922171346722,37.59110982512069,1902667.8786440997,6415102.405258606,3503.8151366117913
5801,ВЕРАНДА 8,"город Москва, Лесная улица, дом 20, строение 5",Тверской район,Центральный административный округ,ресторан,55.77922171346722,37.59110982512069,1902667.8786440997,6415102.405258606,3503.8151366117913
5802,ВЕРАНДА 12.1,"город Москва, Лесная улица, дом 20, строение 5",Тверской район,Центральный административный округ,ресторан,55.77922171346722,37.59110982512069,1902667.8786440997,6415102.405258606,3503.8151366117913
5803,ВЕРАНДА 11,"город Москва, Лесная улица, дом 20, строение 5",Тверской район,Центральный административный округ,ресторан,55.77922171346722,37.59110982512069,1902667.8786440997,6415102.405258606,3503.8151366117913
5804,ВЕРНАДА 10,"город Москва, Лесная улица, дом 20, строение 5",Тверской район,Центральный административный округ,ресторан,55.77922171346722,37.59110982512069,1902667.8786440997,6415102.405258606,3503.8151366117913
5805,ВЕРАНДА 10.1,"город Москва, Лесная улица, дом 20, строение 5",Тверской район,Центральный административный округ,ресторан,55.77922171346722,37.59110982512069,1902667.8786440997,6415102.405258606,3503.8151366117913
5806,ВЕРАНДА 12,"город Москва, Лесная улица, дом 20, строение 5",Тверской район,Центральный административный округ,ресторан,55.77922171346722,37.59110982512069,1902667.8786440997,6415102.405258606,3503.8151366117913
5812,Качаторе,"город Москва, Берсеневская набережная, дом 16, строение 9",район Якиманка,Центральный административный округ,ресторан,55.74309428168787,37.610284350275165,1905173.477447817,6411609.346193476,1398.8517910016278
5813,Dominos Pizza,"город Москва, улица Большая Полянка, дом 51А/9",район Якиманка,Центральный административный округ,кафе,55.73220208837503,37.620823288941104,1906218.648561124,6410655.959121339,2445.706848798814
5814,Кафе «Дафеншо»,"город Москва, Ленинский проспект, дом 15",Донской район,Южный административный округ,ресторан,55.7202689242024,37.60011353489953,1905401.5364247125,6408935.99633046,4043.8658908279176
5817,Hookah Place,"город Москва, улица Розанова, дом 4",Хорошёвский район,Северный административный округ,ресторан,55.772919762328506,37.542584999999995,1899953.1024174471,6413409.894105549,5519.057252041715
5818,Таксо Пицца,"город Москва, улица Розанова, дом 4",Хорошёвский район,Северный административный округ,кафе,55.772919762328506,37.542584999999995,1899953.1024174471,6413409.894105549,5519.057252041715
5819,Кафе «Emivi»,"город Москва, Малый Конюшковский переулок, дом 2",Пресненский район,Центральный административный округ,кафе,55.75822575805871,37.58017800000001,1902782.0110308717,6412610.727914079,2698.6572936268412
5821,Healthy food,"город Москва, 3-я Рыбинская улица, дом 18, строение 2",район Сокольники,Восточный административный округ,кафе,55.790859494627334,37.65901961783097,1906359.7720078973,6417778.195131486,4883.176213856726
5826,Кафе Китайской кухни QILIXIANG,"город Москва, Большая Спасская улица, дом 8, строение 1А",Красносельский район,Центральный административный округ,кафе,55.775773846409805,37.64303245446857,1905949.9505352206,6415817.40928923,2880.6827136937595
5827,Чичико,"город Москва, Мясницкая улица, дом 37, строение 3",Красносельский район,Центральный административный округ,кафе,55.766969509109664,37.64077463162139,1906140.058003417,6414821.235781879,1964.8910914738176
5831,Чайхона,"город Москва, Каланчёвская улица, дом 14, строение 1",Красносельский район,Центральный административный округ,кафе,55.777011763518544,37.64909,1906271.8682778052,6416077.760073027,3204.0424183480495
5840,Голубка,"город Москва, улица Малая Дмитровка, дом 3",Тверской район,Центральный административный округ,кафе,55.767170760657294,37.60610499999998,1904025.9966242693,6414117.041060651,1826.7591266125319
5841,Московский,"город Москва, Моховая улица, дом 15/1, строение 1",Тверской район,Центральный административный округ,ресторан,55.75677442855017,37.61365107544217,1904870.4405421594,6413154.374025515,610.4929468451237
5843,Золотая лошадь,"город Москва, Беговая улица, дом 22",район Беговой,Северный административный округ,ресторан,55.77879483416227,37.55944298636346,1900759.9203604488,6414394.972464017,4904.144661562462
5844,Кофейня «Соловей»,"город Москва, 2-я Рощинская улица, дом 4",Даниловский район,Южный административный округ,кафе,55.70971815695026,37.616899293652054,1906814.387440007,6408150.146496173,5016.9383663548315
5845,Хинкальная,"город Москва, Столешников переулок, дом 6, строение 5",Тверской район,Центральный административный округ,кафе,55.76201565298805,37.61218322527742,1904586.6857569392,6413688.57914561,1121.3249053584989
5847,Кафе,"город Москва, Пятницкая улица, дом 2/38, строение 1",район Замоскворечье,Центральный административный округ,ресторан,55.74544087420535,37.62649238761175,1906071.843069448,6412201.676907017,992.509757489007
5850,Кафе Louis Vuitton,"город Москва, Красная площадь, дом 3",Тверской район,Центральный административный округ,кафе,55.754660757023636,37.621529,1905427.747854202,6413091.480590348,115.32890322321342
5851,Тайская кухня «Том-Ям»,"город Москва, улица Маросейка, дом 4/2, строение 1",Басманный район,Центральный административный округ,кафе,55.75737875781276,37.63404400000001,1906087.4545035227,6413646.558329124,918.9744883982138
5852,Пита-пита,"город Москва, улица Маросейка, дом 4/2, строение 1",Басманный район,Центральный административный округ,кафе,55.75737875781276,37.63404400000001,1906087.4545035227,6413646.558329124,918.9744883982138
5853,Лапша Тянем-Потянем,"город Москва, улица Маросейка, дом 4/2, строение 1",Басманный район,Центральный административный округ,кафе,55.75737875781276,37.63404400000001,1906087.4545035227,6413646.558329124,918.9744883982138
5854,"Суши, мидии, устрицы","город Москва, улица Маросейка, дом 4/2, строение 1",Басманный район,Центральный административный округ,кафе,55.75737875781276,37.63404400000001,1906087.4545035227,6413646.558329124,918.9744883982138
5855,Венахи,"город Москва, улица Маросейка, дом 4/2, строение 1",Басманный район,Центральный административный округ,кафе,55.75737875781276,37.63404400000001,1906087.4545035227,6413646.558329124,918.9744883982138
5856,Копченый цех,"город Москва, улица Маросейка, дом 4/2, строение 1",Басманный район,Центральный административный округ,кафе,55.75737875781276,37.63404400000001,1906087.4545035227,6413646.558329124,918.9744883982138
5857,Сибирская кухня «Некрайний север»,"город Москва, улица Маросейка, дом 4/2, строение 1",Басманный район,Центральный административный округ,кафе,55.75737875781276,37.63404400000001,1906087.4545035227,6413646.558329124,918.9744883982138
5858,Bob's Your Uncle,"город Москва, улица Маросейка, дом 4/2, строение 1",Басманный район,Центральный административный округ,кафе,55.75737875781276,37.63404400000001,1906087.4545035227,6413646.558329124,918.9744883982138
5859,Раменная,"город Москва, улица Маросейка, дом 4/2, строение 1",Басманный район,Центральный административный округ,кафе,55.75737875781276,37.63404400000001,1906087.4545035227,6413646.558329124,918.9744883982138
5860,Pho Viet,"город Москва, улица Маросейка, дом 4/2, строение 1",Басманный район,Центральный административный округ,кафе,55.75737875781276,37.63404400000001,1906087.4545035227,6413646.558329124,918.9744883982138
5861,Buffalo's & Tacodor,"город Москва, улица Маросейка, дом 4/2, строение 1",Басманный район,Центральный административный округ,кафе,55.75737875781276,37.63404400000001,1906087.4545035227,6413646.558329124,918.9744883982138
5862,Soul Seoul,"город Москва, улица Маросейка, дом 4/2, строение 1",Басманный район,Центральный административный округ,кафе,55.75737875781276,37.63404400000001,1906087.4545035227,6413646.558329124,918.9744883982138
5863,Жарим-шпарим,"город Москва, улица Маросейка, дом 4/2, строение 1",Басманный район,Центральный административный округ,кафе,55.75737875781276,37.63404400000001,1906087.4545035227,6413646.558329124,918.9744883982138
5864,Poutinerie,"город Москва, улица Маросейка, дом 4/2, строение 1",Басманный район,Центральный административный округ,кафе,55.75737875781276,37.63404400000001,1906087.4545035227,6413646.558329124,918.9744883982138
5865,MixSalad,"город Москва, улица Маросейка, дом 4/2, строение 1",Басманный район,Центральный административный округ,кафе,55.75737875781276,37.63404400000001,1906087.4545035227,6413646.558329124,918.9744883982138
5866,Аргентинская кухня «El Guacho»,"город Москва, улица Маросейка, дом 4/2, строение 1",Басманный район,Центральный административный округ,кафе,55.75737875781276,37.63404400000001,1906087.4545035227,6413646.558329124,918.9744883982138
5867,Thali&Dosa,"город Москва, улица Маросейка, дом 4/2, строение 1",Басманный район,Центральный административный округ,кафе,55.75737875781276,37.63404400000001,1906087.4545035227,6413646.558329124,918.9744883982138
5868,Кухня из сезонных продуктов,"город Москва, улица Маросейка, дом 4/2, строение 1",Басманный район,Центральный административный округ,кафе,55.75737875781276,37.63404400000001,1906087.4545035227,6413646.558329124,918.9744883982138
5869,LunchJoy Ресторан Китайской Кухни,"город Москва, улица Казакова, дом 8, строение 2",Басманный район,Центральный административный округ,кафе,55.76262875933756,37.661589,1907566.156926419,6414789.796696074,2780.7650074093012
5870,Шашлычок 24,"город Москва, улица Сергия Радонежского, дом 29-31, строение 4",Таганский район,Центральный административный округ,кафе,55.74691082477326,37.679411271341664,1909234.2207666945,6413469.956059647,3810.562623709462
5882,Кафе «Баязет»,"город Москва, улица Ленинская Слобода, дом 5",Даниловский район,Южный административный округ,кафе,55.71231342614688,37.662819634059936,1909512.4341090505,6409392.932065099,5415.109339288094
5887,Город-Сад,"Садовая-Сухаревская улица, дом 2/34, строение 2",Мещанский район,Центральный административный округ,кафе,55.77327790417304,37.6220235587983,1904766.458930601,6415108.411413258,2237.5926432803835
5888,Донер,"город Москва, улица Щепкина, дом 47, строение 1",Мещанский район,Центральный административный округ,кафе,55.78135937114426,37.628966773079256,1904888.0242142864,6416124.764147528,3196.01662046656
5892,Таксим,"город Москва, улица Арбат, дом 21, строение 1",район Арбат,Центральный административный округ,кафе,55.75062422700885,37.59577382560652,1904011.8993843738,6412117.388291538,1681.3092981789525
5893,Таксим,"город Москва, улица Новый Арбат, дом 15",район Арбат,Центральный административный округ,кафе,55.75206206351795,37.59235447981303,1903750.7037286037,6412200.8649351075,1874.0615894993493
5894,Любовь и Сладости,"город Москва, улица Новый Арбат, дом 15",район Арбат,Центральный административный округ,кафе,55.75205875626837,37.592665999999994,1903769.7647066156,6412207.023105897,1854.1665374744118
5895,Нар,"город Москва, улица Новый Арбат, дом 21, строение 2",район Арбат,Центральный административный округ,ресторан,55.75159781914629,37.586045918928356,1903384.390690631,6412018.913309009,2282.896852833093
5899,Dominos Pizza,"город Москва, улица Талалихина, дом 37",Таганский район,Центральный административный округ,кафе,55.72912521884381,37.680610877913644,1909969.2270347872,6411578.43269388,4726.3160339682245
5901,Broms,"город Москва, улица Александра Солженицына, дом 3",Таганский район,Центральный административный округ,ресторан,55.74219193743649,37.6556185123807,1907963.3880216298,6412462.052350715,2560.8588106017837
5902,Кафе «Без повода»,"город Москва, Таганская улица, дом 13, строение 2",Таганский район,Центральный административный округ,кафе,55.74077560242287,37.66045292189115,1908309.9860602599,6412410.829916613,2910.7254006936996
5903,Суши маркет Тапошими,"город Москва, улица Рогожский Вал, дом 5, строение 1",Таганский район,Центральный административный округ,кафе,55.74466145881248,37.68009600277113,1909359.581624838,6413241.929419967,3913.0386002390355
5904,Кафе,"город Москва, улица Рогожский Вал, дом 5, строение 1",Таганский район,Центральный административный округ,кафе,55.74466145881248,37.68009600277113,1909359.581624838,6413241.929419967,3913.0386002390355
5905,PLPB пицца,"город Москва, улица Рогожский Вал, дом 5, строение 1",Таганский район,Центральный административный округ,кафе,55.74439443124259,37.67911594360291,1909309.9448839072,6413192.572555197,3860.4766034382496
5906,Свой ключ,"город Москва, улица Солянка, дом 4, строение 4",Таганский район,Центральный административный округ,кафе,55.753713643685245,37.63720355933663,1906415.6683391868,6413317.739597375,1018.1402194162922
5910,Кафе «Хинкальная»,"город Москва, Большая Тульская улица, дом 50",Донской район,Южный административный округ,кафе,55.7045754856395,37.62109816538595,1907260.7954485468,6407683.764721019,5595.0406112236415
5912,Ливингстон,"город Москва, Турчанинов переулок, дом 3, строение 1",район Хамовники,Центральный административный округ,кафе,55.7362418822066,37.59697575367673,1904618.3408938074,6410592.187664829,2529.7961288630613
5934,Идола турецкий донер,"город Москва, Пятницкая улица, дом 24",район Замоскворечье,Центральный административный округ,кафе,55.74130875314985,37.628304000000014,1906335.4464218712,6411794.250267226,1476.2763131979327
5935,Своя тема,"город Москва, Маленковская улица, дом 32, строение 3",район Сокольники,Восточный административный округ,кафе,55.78654698002784,37.674452938044894,1907457.3413279005,6417637.14135513,5069.6689692870505
5937,La Casa Cubana,"город Москва, улица Большая Полянка, дом 65/74, строение 1",район Якиманка,Центральный административный округ,ресторан,55.730471079804104,37.623733784432716,1906459.935662798,6410530.3448187,2647.181199168165
5941,Дулганов Эрик Ержанович,"город Москва, улица Сущёвский Вал, дом 5, строение 20",район Марьина Роща,Северо-Восточный административный округ,кафе,55.793922932633095,37.59331209783172,1902256.3325667416,6416733.010766324,4931.788883222802
5942,HAMM'S FOOD,"город Москва, улица Сущёвский Вал, дом 5, строение 21",район Марьина Роща,Северо-Восточный административный округ,кафе,55.79332547848222,37.59268269544334,1902240.2770084972,6416655.4613596145,4883.581980204996
5943,Печь и Гриль,"город Москва, Большая Новодмитровская улица, дом 14, строение 4",Бутырский район,Северо-Восточный административный округ,кафе,55.800445181902205,37.58728886013391,1901648.6944332302,6417310.144846173,5765.85603514621
5944,Каменев Василий Владимирович,"город Москва, улица Сущёвский Вал, дом 5, строение 1А",район Марьина Роща,Северо-Восточный административный округ,кафе,55.794127768500935,37.59287900000001,1902222.4355637536,6416746.0373996375,4963.720961504505
5945,Каменев Василий Владимирович,"город Москва, улица Сущёвский Вал, дом 5, строение 1",район Марьина Роща,Северо-Восточный административный округ,кафе,55.795682186099114,37.592137972466475,1902119.7782413205,6416898.091528141,5146.006593535205
5946,Печорин Александр Александрович,"город Москва, улица Сущёвский Вал, дом 5, строение 1",район Марьина Роща,Северо-Восточный административный округ,кафе,55.79693093105024,37.593871689451994,1902178.7208094485,6417068.915739784,5240.191176866419
5947,Гацоева Анжела Камалдиновна,"город Москва, улица Сущёвский Вал, дом 5, строение 5",район Марьина Роща,Северо-Восточный административный округ,кафе,55.793285768255664,37.589770999999985,1902064.9428163273,6416590.334745136,4953.077486236181
5948,Кафе «Прибой»,"город Москва, улица Сущёвский Вал, дом 5, строение 1",район Марьина Роща,Северо-Восточный административный округ,кафе,55.79693093105024,37.593871689451994,1902178.7208094485,6417068.915739784,5240.191176866419
5949,Каменев Василий Владимирович,"город Москва, улица Сущёвский Вал, дом 5, строение 6",район Марьина Роща,Северо-Восточный административный округ,кафе,55.794749768682124,37.59132000000001,1902104.6986091346,6416780.499172861,5066.995741067443
5950,Каменев Василий Владимирович,"город Москва, улица Сущёвский Вал, дом 5, строение 6",район Марьина Роща,Северо-Восточный административный округ,кафе,55.794749768682124,37.59132000000001,1902104.6986091346,6416780.499172861,5066.995741067443
5951,Провинчи,"город Москва, улица Сущёвский Вал, дом 43, строение 2",район Марьина Роща,Северо-Восточный административный округ,кафе,55.793794,37.610107,1903280.906180893,6417070.248277958,4632.753523806974
5952,БАРБЕКЮ РЕСТОРАН,"город Москва, Шереметьевская улица, дом 19, корпус 2, строение 2",район Марьина Роща,Северо-Восточный административный округ,ресторан,55.79917675948992,37.61430933073709,1903336.184118065,6417738.278570847,5209.30029432876
5953,Пиво.Бургеры.Кофе.,"город Москва, Большая Новодмитровская улица, дом 12, строение 16",Бутырский район,Северо-Восточный административный округ,кафе,55.79771305485771,37.58524201725656,1901625.7467962108,6416972.9049228355,5532.913418715445
5955,Вино и гады,"город Москва, проспект Мира, дом 102, корпус 1",Алексеевский район,Северо-Восточный административный округ,кафе,55.801083,37.636708,1904625.0679386256,6418412.473375961,5496.046553602443
5959,Pho Viet,"город Москва, Шереметьевская улица, дом 20",район Марьина Роща,Северо-Восточный административный округ,кафе,55.803469,37.618848,1903452.2924524052,6418295.811925243,5681.142391045897
5960,Rolls,"город Москва, Шереметьевская улица, дом 20",район Марьина Роща,Северо-Восточный административный округ,кафе,55.803469,37.618848,1903452.2924524052,6418295.811925243,5681.142391045897
5963,Каменев Василий Владимирович,"город Москва, улица Сущёвский Вал, дом 5, строение 12",район Марьина Роща,Северо-Восточный административный округ,кафе,55.79512676879197,37.591362,1902093.264565493,6416822.011261654,5105.731815187803
5964,Ибрагимов Магомед Сулейманович,"город Москва, улица Сущёвский Вал, дом 5, строение 12",район Марьина Роща,Северо-Восточный административный округ,кафе,55.79512676879197,37.591362,1902093.264565493,6416822.011261654,5105.731815187803
5965,Ибрагимов Магомед Сулейманович,"город Москва, улица Сущёвский Вал, дом 5, строение 12",район Марьина Роща,Северо-Восточный административный округ,кафе,55.79512676879197,37.591362,1902093.264565493,6416822.011261654,5105.731815187803
5968,Ланч кафе,"город Москва, проспект Мира, дом 102, строение 4",Алексеевский район,Северо-Восточный административный округ,кафе,55.80221177085677,37.638655,1904701.2884457277,6418574.885099171,5645.963267139079
5972,Кафе,"город Москва, улица Сущёвский Вал, дом 18",район Марьина Роща,Северо-Восточный административный округ,кафе,55.79199188829826,37.603380159273925,1902939.3398301576,6416735.34471278,4520.6923194147275
5979,Ванильное небо,"город Москва, улица Двинцев, дом 12, корпус 1, строение 1",район Марьина Роща,Северо-Восточный административный округ,кафе,55.7961942422795,37.59985573804878,1902569.3848095562,6417114.590587086,5042.593622178361
5984,Баскет Ланч,"город Москва, Складочная улица, дом 1, строение 50",Бутырский район,Северо-Восточный административный округ,кафе,55.79619076910197,37.591524,1902063.6329792675,6416940.078056537,5214.394325315687
6000,Кебаб,"город Москва, 2-я Рыбинская улица, дом 13",район Сокольники,Восточный административный округ,кафе,55.78940916624682,37.656780532790904,1906277.7847902803,6417574.967774418,4668.47736995957
6001,Gotham lounge,"город Москва, 2-я Рыбинская улица, дом 13",район Сокольники,Восточный административный округ,кафе,55.78940916624682,37.656780532790904,1906277.7847902803,6417574.967774418,4668.47736995957
6005,Булочная Фокина,"город Москва, Старая Басманная улица, дом 6, строение 3",Басманный район,Центральный административный округ,кафе,55.76430907214138,37.65763429140082,1907263.3588565663,6414887.937957737,2628.879279865273
6006,Бильярдный клуб 15-ый шар,"город Москва, улица Казакова, дом 8А, строение 3",Басманный район,Центральный административный округ,кафе,55.76084575881963,37.661719,1907640.3874383536,6414600.373020337,2720.586910844871
6026,Даблби,"город Москва, Таганская улица, дом 17-23",Таганский район,Центральный административный округ,кафе,55.74019274054656,37.6631252427194,1908494.1420519475,6412404.086769048,3092.7893989128884
6033,Price Coffee,"город Москва, Волгоградский проспект, дом 32, корпус 2",Южнопортовый район,Юго-Восточный административный округ,кафе,55.723797988424,37.68999780072126,1910738.465280915,6411201.547718017,5574.263019556586
6034,Шаш Бургер,"город Москва, Танковый проезд, дом 4, строение 39",район Лефортово,Юго-Восточный административный округ,кафе,55.755353837456475,37.6821357153325,1909085.465418151,6414437.018690366,3911.7857312840397
6037,Столовая циам им Баранова,"город Москва, Авиамоторная улица, дом 2, строение 12",район Лефортово,Юго-Восточный административный округ,кафе,55.758947295617,37.711132720581006,1910713.5644889676,6415433.4996412005,5802.661977269593
6078,Red Food,"город Москва, Болотная набережная, дом 9, строение 1",район Якиманка,Центральный административный округ,кафе,55.740843478609136,37.61121731619363,1905313.731350029,6411386.261421791,1599.5245696324287
6079,Кафе при отеле Графский,"город Москва, улица Льва Толстого, дом 23, строение 5",район Хамовники,Центральный административный округ,кафе,55.734667353670936,37.58543149573091,1903974.5684338405,6410180.985485222,3166.1377617261583
6083,Папоротник,"город Москва, Поварская улица, дом 10, строение 1",район Арбат,Центральный административный округ,кафе,55.75353675669735,37.598244999999984,1904054.1076189724,6412483.026410028,1486.599370125851
6085,ЛАНЧ БОКС,"город Москва, Брянская улица, дом 5",район Дорогомилово,Западный административный округ,ресторан,55.74409775395863,37.561486,1902168.901931552,6410697.19375001,4001.212162699326
6086,СТАР ДОГС,"город Москва, Киевская улица, дом 8А",район Дорогомилово,Западный административный округ,кафе,55.74199175334789,37.555885,1901906.2392891813,6410353.184815313,4415.173670605231
6094,Большевик Лофт-Евент Холл,"город Москва, Ленинградский проспект, дом 15, строение 1",район Беговой,Северный административный округ,ресторан,55.78154884961861,37.57206989158962,1901424.98834913,6414955.458979734,4488.678412022231
6101,Хинкальная,"город Москва, Новослободская улица, дом 65, строение 4",Тверской район,Центральный административный округ,кафе,55.78823868895021,37.591156420906536,1902336.2754885827,6416075.287306187,4394.60075725837
6102,Выше крыши,"город Москва, 3-я улица Ямского Поля, дом 2, корпус 12",район Беговой,Северный административный округ,кафе,55.781398,37.583499,1902124.8509923143,6415177.933907132,3990.6559278459363
6116,Ресторан«Most lounge bar»,"город Москва, Краснопресненская набережная, дом 16, строение 1",Пресненский район,Центральный административный округ,кафе,55.74815475513549,37.543985,1900954.4962960207,6410769.220514911,5014.28572265628
6117,Экспресс-кафе «Donar»,"город Москва, Краснопресненская набережная, дом 16, строение 1",Пресненский район,Центральный административный округ,кафе,55.74815475513549,37.543985,1900954.4962960207,6410769.220514911,5014.28572265628
6118,Кафе «Русские традиции»,"город Москва, Краснопресненская набережная, дом 16, строение 1",Пресненский район,Центральный административный округ,кафе,55.74815475513549,37.543985,1900954.4962960207,6410769.220514911,5014.28572265628
6119,Кафе «Кафе»,"город Москва, Краснопресненская набережная, дом 16, строение 1",Пресненский район,Центральный административный округ,кафе,55.74815475513549,37.543985,1900954.4962960207,6410769.220514911,5014.28572265628
6120,Кафе «Линдфорс»,"город Москва, Большая Садовая улица, дом 5",Пресненский район,Центральный административный округ,кафе,55.7687207611078,37.59369000000002,1903214.0991184087,6414024.461441269,2472.8835655774324
6122,Горячая Выпечка 24,"город Москва, улица Орджоникидзе, дом 10",Донской район,Южный административный округ,кафе,55.710310360093246,37.59280258424464,1905325.832112408,6407709.433287437,5271.662169933126
6123,Кафе CRAZY NOODLE,"город Москва, улица Шаболовка, дом 34, строение 3",Донской район,Южный административный округ,кафе,55.71806991264364,37.607666142465106,1905942.6499445844,6408857.0571981985,4151.147697815988
6124,Кафе Шашлык,"город Москва, улица Вавилова, дом 5",Донской район,Южный административный округ,кафе,55.70524346911748,37.59037374436139,1905365.786316008,6407112.366549179,5867.821169409838
6125,Кафе «Гурман»,"город Москва, Павелецкая набережная, дом 2, строение 7",Даниловский район,Южный административный округ,кафе,55.7169620605254,37.644176566178174,1908205.2897969505,6409502.768833882,4432.814297741957
6126,Кафе-кулинария «Кулинариум»,"город Москва, улица Ленинская Слобода, дом 19, строение 2",Даниловский район,Южный административный округ,кафе,55.707005652093166,37.649077635852,1908873.4946957822,6408532.424564874,5608.940332835481
6127,Ресторан «САНДЫК»,"город Москва, Партийный переулок, дом 1, корпус 11",Даниловский район,Южный административный округ,ресторан,55.72103474224851,37.63027001796495,1907207.9178143728,6409650.175801707,3762.4342793072433
6128,Офис-Мучачос,"город Москва, Партийный переулок, дом 1, корпус 12",Даниловский район,Южный административный округ,кафе,55.72147742985092,37.635246315236095,1907494.2262184364,6409802.204302654,3775.2138445020455
6131,Кафе Шаурма,"город Москва, улица Орджоникидзе, дом 11, строение 4",Донской район,Южный административный округ,кафе,55.708559674061156,37.592439490867164,1905368.6223040577,6407513.102374428,5467.08972658126
6132,Кафе «СолоЛаки»,"город Москва, улица Орджоникидзе, дом 11, строение 40",Донской район,Южный административный округ,кафе,55.70768883585715,37.59796559630176,1905737.2660088942,6407534.883686001,5451.914040863119
6135,Кафе «ПРОФИТРОЛИ»,"город Москва, 5-й Донской проезд, дом 21Б, строение 25",Донской район,Южный административный округ,кафе,55.706956071523884,37.59836710494752,1905788.872054893,6407464.293958998,5525.285351070024
6140,Кафе 7 Сендвичей,"город Москва, 2-й Донской проезд, дом 4, строение 9",Донской район,Южный административный округ,кафе,55.71268481058945,37.59432123100155,1905330.2445562845,6407997.189697411,4983.884923520498
6142,Кафейня «Brooklyn»,"город Москва, Автозаводская улица, дом 23, корпус 7",Даниловский район,Южный административный округ,кафе,55.70349029576585,37.64000417057882,1908451.8589458643,6407963.161959851,5843.178814877097
6145,Кафе «Сэр Хинкаль»,"город Москва, Автозаводская улица, дом 17, корпус 1",Даниловский район,Южный административный округ,кафе,55.704493956832714,37.65381526099589,1909255.178581942,6408361.11869465,5980.64888655729
6149,Кафе «ПЛОВ+»,"город Москва, улица Вавилова, дом 5Б, строение 4",Академический район,Юго-Западный административный округ,кафе,55.70470880596626,37.58912499941027,1905309.5840497464,6407028.595145997,5952.694009500582
6154,PUBLIC CAFE,"город Москва, Ленинский проспект, дом 15А",Донской район,Южный административный округ,кафе,55.72084642452328,37.600703803460654,1905416.0363154495,6409010.605309285,3969.093531125874
6155,FRIDAYS,"город Москва, Большая Тульская улица, дом 13",Даниловский район,Южный административный округ,ресторан,55.708772743729476,37.622107,1907166.4207880886,6408157.352315722,5116.727681183138
6167,Pizza Rim,"город Москва, улица Ленинская Слобода, дом 26",Даниловский район,Южный административный округ,кафе,55.70994903547632,37.65428934409813,1909081.2663610717,6408959.041685317,5413.99745923683
6168,Чихо,"город Москва, улица Ленинская Слобода, дом 26",Даниловский район,Южный административный округ,кафе,55.70994903547632,37.65428934409813,1909081.2663610717,6408959.041685317,5413.99745923683
6169,ЯвТай,"город Москва, улица Ленинская Слобода, дом 26",Даниловский район,Южный административный округ,кафе,55.70994903547632,37.65428934409813,1909081.2663610717,6408959.041685317,5413.99745923683
6170,Дагестанская лавка,"город Москва, улица Ленинская Слобода, дом 26",Даниловский район,Южный административный округ,кафе,55.70994903547632,37.65428934409813,1909081.2663610717,6408959.041685317,5413.99745923683
6171,SuMakh,"город Москва, улица Ленинская Слобода, дом 26",Даниловский район,Южный административный округ,кафе,55.70994903547632,37.65428934409813,1909081.2663610717,6408959.041685317,5413.99745923683
6172,Дай краба,"город Москва, улица Ленинская Слобода, дом 26",Даниловский район,Южный административный округ,кафе,55.70994903547632,37.65428934409813,1909081.2663610717,6408959.041685317,5413.99745923683
6173,Москва Париж,"город Москва, улица Ленинская Слобода, дом 26",Даниловский район,Южный административный округ,кафе,55.70994903547632,37.65428934409813,1909081.2663610717,6408959.041685317,5413.99745923683
6174,Сегодня Мидии,"город Москва, улица Ленинская Слобода, дом 26",Даниловский район,Южный административный округ,кафе,55.70994903547632,37.65428934409813,1909081.2663610717,6408959.041685317,5413.99745923683
6175,DuckIt,"город Москва, улица Ленинская Слобода, дом 26",Даниловский район,Южный административный округ,кафе,55.70994903547632,37.65428934409813,1909081.2663610717,6408959.041685317,5413.99745923683
6176,Армянский переулок,"город Москва, улица Ленинская Слобода, дом 26",Даниловский район,Южный административный округ,кафе,55.70994903547632,37.65428934409813,1909081.2663610717,6408959.041685317,5413.99745923683
6177,Cola Burger,"город Москва, улица Ленинская Слобода, дом 26",Даниловский район,Южный административный округ,кафе,55.70994903547632,37.65428934409813,1909081.2663610717,6408959.041685317,5413.99745923683
6178,Кухня Кипра,"город Москва, улица Ленинская Слобода, дом 26",Даниловский район,Южный административный округ,кафе,55.70994903547632,37.65428934409813,1909081.2663610717,6408959.041685317,5413.99745923683
6179,BO,"город Москва, улица Ленинская Слобода, дом 26",Даниловский район,Южный административный округ,кафе,55.70994903547632,37.65428934409813,1909081.2663610717,6408959.041685317,5413.99745923683
6180,Уахтанг,"город Москва, улица Ленинская Слобода, дом 26",Даниловский район,Южный административный округ,кафе,55.70994903547632,37.65428934409813,1909081.2663610717,6408959.041685317,5413.99745923683
6181,Seafood Factory,"город Москва, улица Ленинская Слобода, дом 26",Даниловский район,Южный административный округ,кафе,55.70994903547632,37.65428934409813,1909081.2663610717,6408959.041685317,5413.99745923683
6182,Индеич,"город Москва, улица Ленинская Слобода, дом 26",Даниловский район,Южный административный округ,кафе,55.70994903547632,37.65428934409813,1909081.2663610717,6408959.041685317,5413.99745923683
6183,Плов.Ком,"город Москва, улица Ленинская Слобода, дом 26",Даниловский район,Южный административный округ,кафе,55.70994903547632,37.65428934409813,1909081.2663610717,6408959.041685317,5413.99745923683
6184,Лепим и варим,"город Москва, улица Ленинская Слобода, дом 26",Даниловский район,Южный административный округ,кафе,55.70994903547632,37.65428934409813,1909081.2663610717,6408959.041685317,5413.99745923683
6185,YO,"город Москва, улица Ленинская Слобода, дом 26",Даниловский район,Южный административный округ,кафе,55.70994903547632,37.65428934409813,1909081.2663610717,6408959.041685317,5413.99745923683
6186,ПастаМесто,"город Москва, улица Ленинская Слобода, дом 26",Даниловский район,Южный административный округ,кафе,55.70994903547632,37.65428934409813,1909081.2663610717,6408959.041685317,5413.99745923683
6187,Человек и Пароход,"город Москва, улица Ленинская Слобода, дом 26",Даниловский район,Южный административный округ,кафе,55.70994903547632,37.65428934409813,1909081.2663610717,6408959.041685317,5413.99745923683
6188,Bananas,"город Москва, улица Ленинская Слобода, дом 26",Даниловский район,Южный административный округ,кафе,55.70994903547632,37.65428934409813,1909081.2663610717,6408959.041685317,5413.99745923683
6189,Прайм стар,"город Москва, улица Ленинская Слобода, дом 26",Даниловский район,Южный административный округ,кафе,55.70994903547632,37.65428934409813,1909081.2663610717,6408959.041685317,5413.99745923683
6190,IQOS,"город Москва, улица Ленинская Слобода, дом 26",Даниловский район,Южный административный округ,кафе,55.70994903547632,37.65428934409813,1909081.2663610717,6408959.041685317,5413.99745923683
6191,Пломбир,"город Москва, улица Ленинская Слобода, дом 26",Даниловский район,Южный административный округ,кафе,55.70994903547632,37.65428934409813,1909081.2663610717,6408959.041685317,5413.99745923683
6192,KURKUMA,"город Москва, улица Ленинская Слобода, дом 26",Даниловский район,Южный административный округ,кафе,55.70994903547632,37.65428934409813,1909081.2663610717,6408959.041685317,5413.99745923683
6193,Ramen+NOODLES,"город Москва, улица Ленинская Слобода, дом 26",Даниловский район,Южный административный округ,кафе,55.70994903547632,37.65428934409813,1909081.2663610717,6408959.041685317,5413.99745923683
6194,Миксалат,"город Москва, улица Ленинская Слобода, дом 26",Даниловский район,Южный административный округ,кафе,55.70994903547632,37.65428934409813,1909081.2663610717,6408959.041685317,5413.99745923683
6204,Кофейня «Cofix»,"город Москва, Автозаводская улица, дом 18",Даниловский район,Южный административный округ,кафе,55.70491685642642,37.63740862501336,1908240.8918960306,6408062.494603349,5651.213275527052
6205,Кафе «Gvido Gelato»,"город Москва, Автозаводская улица, дом 18",Даниловский район,Южный административный округ,кафе,55.70491685642642,37.63740862501336,1908240.8918960306,6408062.494603349,5651.213275527052
6206,Кафе мороженного «Tutti Frutti»,"город Москва, Автозаводская улица, дом 18",Даниловский район,Южный административный округ,кафе,55.70491685642642,37.63740862501336,1908240.8918960306,6408062.494603349,5651.213275527052
6207,Ресторан «Телега»,"город Москва, Автозаводская улица, дом 18",Даниловский район,Южный административный округ,ресторан,55.70491685642642,37.63740862501336,1908240.8918960306,6408062.494603349,5651.213275527052
6208,Ресторан «Лед и пламя»,"город Москва, Автозаводская улица, дом 18",Даниловский район,Южный административный округ,ресторан,55.70491685642642,37.63740862501336,1908240.8918960306,6408062.494603349,5651.213275527052
6209,Ресторан «Meat&Fish»,"город Москва, Автозаводская улица, дом 18",Даниловский район,Южный административный округ,ресторан,55.70491685642642,37.63740862501336,1908240.8918960306,6408062.494603349,5651.213275527052
6210,BB&Burgers,"город Москва, Автозаводская улица, дом 18",Даниловский район,Южный административный округ,ресторан,55.70491685642642,37.63740862501336,1908240.8918960306,6408062.494603349,5651.213275527052
6211,Ресторан «Хруст»,"город Москва, Автозаводская улица, дом 18",Даниловский район,Южный административный округ,ресторан,55.70491685642642,37.63740862501336,1908240.8918960306,6408062.494603349,5651.213275527052
6212,Ресторан «Pho Bo»,"город Москва, Автозаводская улица, дом 18",Даниловский район,Южный административный округ,ресторан,55.70491685642642,37.63740862501336,1908240.8918960306,6408062.494603349,5651.213275527052
6213,Ресторан «Dim Sum & Co»,"город Москва, Автозаводская улица, дом 18",Даниловский район,Южный административный округ,ресторан,55.70491685642642,37.63740862501336,1908240.8918960306,6408062.494603349,5651.213275527052
6214,Ресторан «Sbarro»,"город Москва, Автозаводская улица, дом 18",Даниловский район,Южный административный округ,ресторан,55.70491685642642,37.63740862501336,1908240.8918960306,6408062.494603349,5651.213275527052
6215,Ресторан «Saltenas»,"город Москва, Автозаводская улица, дом 18",Даниловский район,Южный административный округ,ресторан,55.70491685642642,37.63740862501336,1908240.8918960306,6408062.494603349,5651.213275527052
6216,Ресторан «Суши Make»,"город Москва, Автозаводская улица, дом 18",Даниловский район,Южный административный округ,ресторан,55.70491685642642,37.63740862501336,1908240.8918960306,6408062.494603349,5651.213275527052
6217,Ресторан «Баварская кухня»,"город Москва, Автозаводская улица, дом 18",Даниловский район,Южный административный округ,ресторан,55.70491685642642,37.63740862501336,1908240.8918960306,6408062.494603349,5651.213275527052
6218,Ресторан «Хинкальная»,"город Москва, Автозаводская улица, дом 18",Даниловский район,Южный административный округ,ресторан,55.70491685642642,37.63740862501336,1908240.8918960306,6408062.494603349,5651.213275527052
6220,Вьетнамская кухня,"город Москва, Дербеневская улица, дом 3",Даниловский район,Южный административный округ,кафе,55.72547278357357,37.65141206814068,1908329.1717302972,6410571.855157171,3749.0811805366484
6221,Бакинский Прибой,"город Москва, Дубининская улица, дом 55",Даниловский район,Южный административный округ,ресторан,55.72146731475151,37.63579087239166,1907527.7313268704,6409812.530313963,3784.7690133434
6223,ОМ Кафе,"город Москва, Павловская улица, дом 18, строение 2",Даниловский район,Южный административный округ,кафе,55.711892295313724,37.62660514609706,1907324.372983584,6408587.890156639,4772.7885132890115
6225,Кафе «Кофе & Молоко»,"улица Сергея Макеева, дом 9, строение 2",Пресненский район,Центральный административный округ,кафе,55.76165278070564,37.550793526159325,1900868.9481670267,6412366.505151891,4627.188522297256
6226,Кафе «Огонек»,"город Москва, Большая Декабрьская улица, дом 3, строение 1",Пресненский район,Центральный административный округ,кафе,55.764921229114364,37.557658141143165,1901165.194589128,6412862.134752896,4291.763225336949
6227,Ресторан «Добрыня»,"город Москва, Большая Декабрьская улица, дом 3, строение 1",Пресненский район,Центральный административный округ,ресторан,55.7653642024571,37.5584753976894,1901198.4637915555,6412926.948510712,4257.21325219436
6228,Кафк «Качевник»,"город Москва, Большая Декабрьская улица, дом 3, строение 12",Пресненский район,Центральный административный округ,кафе,55.76602371967718,37.55651176320911,1901054.7015856607,6412957.056862883,4400.708294556223
6229,Кафе Мысли Кофе,"город Москва, Духовской переулок, дом 17, строение 11",Донской район,Южный административный округ,кафе,55.70449406738025,37.61525959734473,1906908.4254989198,6407552.650314422,5618.021259758341
6231,Кафе «Чебуречная»,"город Москва, 2-я Брестская улица, дом 41, строение 1",Пресненский район,Центральный административный округ,кафе,55.77430483549594,37.5843947809512,1902442.2492462897,6414432.076481472,3344.9601637939195
6232,Ресторан «DIDI»,"город Москва, Тверской бульвар, дом 14, строение 1",Пресненский район,Центральный административный округ,ресторан,55.75954182025821,37.6009840967347,1903997.8486424992,6413187.611280497,1472.2861367578546
6233,Friends,"город Москва, Воронцовская улица, дом 35Б, корпус 1",Таганский район,Центральный административный округ,кафе,55.73444075115903,37.66314400000001,1908709.233218941,6411784.566601294,3466.3546464461274
6234,Прайм стар,"город Москва, Марксистская улица, дом 16",Таганский район,Центральный административный округ,кафе,55.73910130473721,37.658503692486875,1908253.7387720677,6412189.4863893315,2907.764261031469
6235,РЕСТО КЛАБ,"город Москва, Большая Серпуховская улица, дом 17, строение 1",район Замоскворечье,Центральный административный округ,кафе,55.72697418491508,37.62601388260812,1906728.458221161,6410201.189768724,3056.1132868526124
6236,Regent,"город Москва, Плотников переулок, дом 12",район Хамовники,Центральный административный округ,ресторан,55.7462237165718,37.58893994283731,1903759.5686449565,6411500.113975482,2250.395185927054
6238,Кафе «Healthy Beat»,"город Москва, Большой Кисловский переулок, дом 9",Пресненский район,Центральный административный округ,кафе,55.755071,37.606161,1904478.3853327832,6412814.014212936,990.8844563720929
6239,Ресторан «Де Пари»,"город Москва, Большая Бронная улица, дом 23, строение 3",Пресненский район,Центральный административный округ,ресторан,55.76356635853,37.60076554425874,1903835.2631773667,6413616.839930297,1740.9442217764838
6240,Ресторан,"город Москва, Пятницкая улица, дом 46, строение 1",район Замоскворечье,Центральный административный округ,ресторан,55.73702475190791,37.627729,1906459.5747102727,6411320.451102301,1939.3088632193255
6241,Кафе «93 С»,"город Москва, улица Красная Пресня, дом 6/2, строение 1",Пресненский район,Центральный административный округ,кафе,55.76147775900322,37.574725,1902330.0509019317,6412847.342022839,3128.0949009289734
6242,Burger First,"город Москва, Нижняя Сыромятническая улица, дом 10, строение 11",Басманный район,Центральный административный округ,кафе,55.7531517565856,37.666701,1908229.4024541473,6413875.724583434,2915.229590313677
6243,Кафе «Мансарда»,"город Москва, Тишинская площадь, дом 1, строение 1",Пресненский район,Центральный административный округ,кафе,55.76913376122783,37.58368800000001,1902591.011287716,6413859.906217653,2996.5912630418147
6244,Кафе «Осетинские пироги»,"город Москва, Тишинская площадь, дом 1, строение 1",Пресненский район,Центральный административный округ,кафе,55.76912236707272,37.58318423017329,1902560.8216576683,6413848.150233992,3022.0614884493625
6245,Ресторан «Karas»,"город Москва, Тишинская площадь, дом 1, строение 1",Пресненский район,Центральный административный округ,ресторан,55.76912236707272,37.58318423017329,1902560.8216576683,6413848.150233992,3022.0614884493625
6246,Эклерная,"город Москва, Спартаковская улица, дом 16",Басманный район,Центральный административный округ,кафе,55.77210438681923,37.67645196911352,1908116.4683250252,6416122.769709303,4118.453031514811
6247,Нейтанс,"город Москва, Комсомольская площадь, дом 5, строение 2",Красносельский район,Центральный административный округ,кафе,55.77756676367998,37.65555500000001,1906643.9028446884,6416273.087377658,3501.4771678529187
6248,Вайн энд Краб,"город Москва, Никольская улица, дом 19-21/1",Тверской район,Центральный административный округ,кафе,55.75840775811157,37.623948000000006,1905435.6343346774,6413545.996472247,566.8354331212641
6249,"ДжонДжоли, Песто","город Москва, Малая Сухаревская площадь, дом 12",Мещанский район,Центральный административный округ,ресторан,55.77234076216014,37.63159499999998,1905382.7477778867,6415207.820629665,2229.499042087675
6250,Облепиха,"город Москва, улица Земляной Вал, дом 33",Басманный район,Центральный административный округ,кафе,55.757222588255544,37.658957766485344,1907607.3694597487,6414151.988518231,2450.69298849466
6251,Вареничная 1,"город Москва, Комсомольская площадь, дом 2А",Красносельский район,Центральный административный округ,кафе,55.774993712457956,37.6570051101075,1906827.6944322623,6416026.202017097,3341.510161920331
6252,Бутер клаб,"город Москва, Нижний Сусальный переулок, дом 5, строение 1",Басманный район,Центральный административный округ,кафе,55.761076758886716,37.66286700000001,1907701.5514718338,6414649.348731169,2798.890904838269
6253,Хинкальная на Арме,"город Москва, Нижний Сусальный переулок, дом 5, строение 2",Басманный район,Центральный административный округ,кафе,55.76041275869386,37.66237,1907696.0542770529,6414567.365131999,2746.2786634812082
6254,Goodman,"город Москва, Новинский бульвар, дом 31",Пресненский район,Центральный административный округ,ресторан,55.75782037404903,37.58259556455141,1902943.9882929404,6412617.5555838505,2537.3130609267605
6255,Maxi Pizza,"город Москва, улица 10-летия Октября, дом 13, сооружение 1",район Хамовники,Центральный административный округ,кафе,55.724319,37.565333,1903135.2106234296,6408645.2429154115,4916.185414480774
6256,Укроп и Кинза,"город Москва, Комсомольская площадь, дом 6, сооружение 1",Красносельский район,Центральный административный округ,кафе,55.776492,37.660224,1906967.471352397,6416255.1599183595,3607.8281567369118
6257,Kalyan4you,"город Москва, Комсомольская площадь, дом 6, сооружение 1",Красносельский район,Центральный административный округ,кафе,55.776492,37.660224,1906967.471352397,6416255.1599183595,3607.8281567369118
6258,Чайхона тандыр хаус,"город Москва, Комсомольская площадь, дом 6, сооружение 1",Красносельский район,Центральный административный округ,кафе,55.77696776350574,37.65548799999998,1906662.1144248853,6416207.1307710875,3445.845019156831
6259,Fried chicken,"город Москва, Комсомольская площадь, дом 6, сооружение 1",Красносельский район,Центральный административный округ,кафе,55.77696776350574,37.65548799999998,1906662.1144248853,6416207.1307710875,3445.845019156831
6260,Kebab grill,"город Москва, Комсомольская площадь, дом 6, сооружение 1",Красносельский район,Центральный административный округ,кафе,55.77696776350574,37.65548799999998,1906662.1144248853,6416207.1307710875,3445.845019156831
6261,Картоха,"город Москва, Комсомольская площадь, дом 6, сооружение 1",Красносельский район,Центральный административный округ,кафе,55.77696776350574,37.65548799999998,1906662.1144248853,6416207.1307710875,3445.845019156831
6262,Ресторан «Чайка»,"город Москва, Краснопресненская набережная, дом 12А",Пресненский район,Центральный административный округ,ресторан,55.752778756477326,37.55645599999998,1901541.6608055674,6411528.027272059,4174.178806301073
6263,Кафе «Буркина Фасоль»,"город Москва, улица Пресненский Вал, дом 6, строение 2",Пресненский район,Центральный административный округ,кафе,55.76452077067019,37.56462119870659,1901603.2226301543,6412964.339530886,3852.159848825092
6264,Ресторан «Terraneo»,"город Москва, Вознесенский переулок, дом 7",Пресненский район,Центральный административный округ,ресторан,55.75808673833371,37.603809746993484,1904223.5745177565,6413089.881376983,1236.7135720209233
6265,Домашний компот,"город Москва, улица Арбат, дом 10",район Арбат,Центральный административный округ,кафе,55.75145792124122,37.59657452139981,1904029.6584589041,6412224.002427649,1613.5013669129746
6266,Семейное кафе Ути-пути,"город Москва, Бакунинская улица, дом 69, строение 1",Басманный район,Центральный административный округ,кафе,55.778950208722186,37.69075422222693,1908730.157326415,6417160.692327881,5310.996207556804
6267,Pub no pub,"город Москва, 1-й Казачий переулок, дом 13",район Якиманка,Центральный административный округ,ресторан,55.73482035145886,37.619846988389064,1906062.0765118615,6410917.730710512,2149.191340345625
6268,Кафе,"город Москва, Садовнический проезд, дом 6",район Замоскворечье,Центральный административный округ,кафе,55.74157325815896,37.62920378699349,1906380.3341691222,6411841.611278166,1466.4211342943279
6269,Столица,"город Москва, улица Новый Арбат, дом 36, строение 3",район Арбат,Центральный административный округ,кафе,55.75315775658734,37.575596000000004,1902691.2755479761,6411968.656004428,2943.116716578165
6270,Пельменники,"город Москва, улица Рогожский Вал, дом 5, строение 3",Таганский район,Центральный административный округ,кафе,55.74464775411815,37.679582999999994,1909328.9067776643,6413229.679870246,3881.6246141803117
6271,Кафе «French Bistro»,"город Москва, Столярный переулок, дом 3, корпус 2",Пресненский район,Центральный административный округ,кафе,55.763612954315846,37.56777141652703,1901828.3113632163,6412932.263302292,3627.3489004392886
6272,Паб «Хищник»,"город Москва, Большая Никитская улица, дом 23/14/9",район Арбат,Центральный административный округ,кафе,55.75114,37.5997,1904231.458995285,6412255.112342435,1422.202187279545
6273,Cafetera,"город Москва, Романов переулок, дом 4, строение 2",район Арбат,Центральный административный округ,кафе,55.75448819498659,37.60944916365107,1904699.8852646672,6412820.003932586,772.121264219456
6274,Ресторан «Lao Lee»,"город Москва, Столярный переулок, дом 3, корпус 5",Пресненский район,Центральный административный округ,ресторан,55.7635808955308,37.56961192243101,1901941.3615089392,6412967.247580808,3514.012496003569
6275,Лодка,"город Москва, Новинский бульвар, дом 8",район Арбат,Центральный административный округ,ресторан,55.75140875607972,37.584965,1903325.683823938,6411975.935307118,2354.281114270279
6276,Ресторан «Panorama 360»,"город Москва, Пресненская набережная, дом 12",Пресненский район,Центральный административный округ,ресторан,55.74976275560206,37.538391000000004,1900554.8512941191,6410825.868673082,5352.855213514295
6277,Кафе «Блэк Капс»,"город Москва, Пресненская набережная, дом 12",Пресненский район,Центральный административный округ,кафе,55.74976275560206,37.538391000000004,1900554.8512941191,6410825.868673082,5352.855213514295
6278,Кафе «Тандем Кафе»,"город Москва, Пресненская набережная, дом 12",Пресненский район,Центральный административный округ,кафе,55.74976275560206,37.538391000000004,1900554.8512941191,6410825.868673082,5352.855213514295
6279,Ресторан «Авиатор»,"город Москва, Пресненская набережная, дом 12",Пресненский район,Центральный административный округ,кафе,55.74976275560206,37.538391000000004,1900554.8512941191,6410825.868673082,5352.855213514295
6280,Кальянная «Облако 54»,"город Москва, Пресненская набережная, дом 12",Пресненский район,Центральный административный округ,кафе,55.74976275560206,37.538391000000004,1900554.8512941191,6410825.868673082,5352.855213514295
6281,Гладиатор,"город Москва, Верхняя Сыромятническая улица, дом 9, строение 2",Басманный район,Центральный административный округ,ресторан,55.7544437964108,37.6623305307457,1907915.7112823008,6413923.2684141435,2635.157634795809
6282,МОСКВИЧ,"город Москва, Усачёва улица, дом 2, строение 1",район Хамовники,Центральный административный округ,ресторан,55.73089375013135,37.576497,1903570.9238564204,6409587.378383417,3880.4108989273413
6283,Кафе «Soul in bowl»,"город Москва, Пресненская набережная, дом 8, строение 1",Пресненский район,Центральный административный округ,кафе,55.7470285,37.539257200000065,1900708.6580450165,6410549.150602719,5332.703596852286
6284,Ресторан «Столичный вкус»,"город Москва, Пресненская набережная, дом 10",Пресненский район,Центральный административный округ,ресторан,55.7470713950673,37.53671435797079,1900552.4355092908,6410500.727289631,5493.899418094378
6285,Кафе «ПАСТА ДЕЛИ и ТРЭВЭЛЕРС КОФЕ»,"город Москва, Пресненская набережная, дом 10",Пресненский район,Центральный административный округ,кафе,55.7470713950673,37.53671435797079,1900552.4355092908,6410500.727289631,5493.899418094378
6286,Миядзаки,"город Москва, Нижний Кисловский переулок, дом 7, строение 1",район Арбат,Центральный административный округ,кафе,55.75370701083317,37.603397128320495,1904360.9850006308,6412609.1607618565,1155.333156953235
6287,Винфуд,"город Москва, улица Охотный Ряд, дом 2",Тверской район,Центральный административный округ,ресторан,55.757091313058176,37.61712680047832,1905069.934050618,6413261.2864708975,477.4398188364438
6288,Кафе «Правда кофе»,"город Москва, 1-й Красногвардейский проезд, дом 15",Пресненский район,Центральный административный округ,кафе,55.7507783,37.539807999999994,1900603.4506117485,6410964.918160337,5253.523554925427
6289,Ресторан «ABC Kitchen»,"город Москва, Пресненская набережная, дом 6, строение 2",Пресненский район,Центральный административный округ,ресторан,55.74821310000001,37.5404585,1900737.8930841137,6410701.928994207,5238.489569878077
6290,BB&Burgers,"город Москва, Пресненская набережная, дом 6, строение 2",Пресненский район,Центральный административный округ,ресторан,55.74821310000001,37.5404585,1900737.8930841137,6410701.928994207,5238.489569878077
6291,Суши «Зеленая точка»,"город Москва, Пресненская набережная, дом 6, строение 2",Пресненский район,Центральный административный округ,кафе,55.74821310000001,37.5404585,1900737.8930841137,6410701.928994207,5238.489569878077
6292,Кафе «Курительная комната Babylon Vape Shop»,"город Москва, Пресненская набережная, дом 6, строение 2",Пресненский район,Центральный административный округ,кафе,55.74821310000001,37.5404585,1900737.8930841137,6410701.928994207,5238.489569878077
6293,Кафе «Кофе Порт»,"город Москва, Пресненская набережная, дом 6, строение 2",Пресненский район,Центральный административный округ,кафе,55.74821310000001,37.5404585,1900737.8930841137,6410701.928994207,5238.489569878077
6294,Кальянная «Небо Лаунж»,"город Москва, Пресненская набережная, дом 6, строение 2",Пресненский район,Центральный административный округ,кафе,55.74820775515087,37.54018400000001,1900721.3984838743,6410695.62570662,5256.0843236778555
6295,Даблби,"город Москва, Пресненская набережная, дом 6, строение 2",Пресненский район,Центральный административный округ,кафе,55.74820775515087,37.54018400000001,1900721.3984838743,6410695.62570662,5256.0843236778555
6296,Кафе «II Gorno»,"город Москва, Пресненская набережная, дом 6, строение 2",Пресненский район,Центральный административный округ,кафе,55.74820775515087,37.54018400000001,1900721.3984838743,6410695.62570662,5256.0843236778555
6297,Шардени,"город Москва, проспект Мира, дом 64",Мещанский район,Центральный административный округ,кафе,55.786069193583195,37.63575875833285,1905125.4964637794,6416774.5784220295,3809.382381461875
6298,Ресто-Буфет,"город Москва, Садовническая набережная, дом 75",район Замоскворечье,Центральный административный округ,кафе,55.73582080664721,37.64340710006341,1907457.7126132275,6411519.288168398,2478.240524373949
6299,Даблби,"город Москва, Пресненская набережная, дом 10, строение 2",Пресненский район,Центральный административный округ,кафе,55.74783075504149,37.534299,1900377.470310767,6410532.214967272,5636.853110961356
6300,Кафе «Зелёная точка»,"город Москва, Пресненская набережная, дом 10, строение 2",Пресненский район,Центральный административный округ,кафе,55.7470713950673,37.53671435797079,1900552.4355092908,6410500.727289631,5493.899418094378
6301,Кофейня «Кофепорт»,"город Москва, Пресненская набережная, дом 10, строение 2",Пресненский район,Центральный административный округ,кафе,55.7470713950673,37.53671435797079,1900552.4355092908,6410500.727289631,5493.899418094378
6302,Прайм стар,"город Москва, Пресненская набережная, дом 10, строение 2",Пресненский район,Центральный административный округ,кафе,55.7470713950673,37.53671435797079,1900552.4355092908,6410500.727289631,5493.899418094378
6303,Кафе «Traveler's coffee»,"город Москва, Пресненская набережная, дом 10, строение 2",Пресненский район,Центральный административный округ,кафе,55.74783075504149,37.534299,1900377.470310767,6410532.214967272,5636.853110961356
6304,Ресторан «City Voice»,"город Москва, 1-й Красногвардейский проезд, дом 21, строение 2",Пресненский район,Центральный административный округ,ресторан,55.74974975559826,37.533770999999994,1900274.3989905117,6410728.098770139,5648.9916460875165
6305,Кафе «Encore Fitness»,"город Москва, 1-й Красногвардейский проезд, дом 21, строение 2",Пресненский район,Центральный административный округ,кафе,55.7499812,37.53484000000003,1900330.844050718,6410775.348137556,5578.430937881926
6306,Ресторан «На свежем воздухе»,"город Москва, 1-й Красногвардейский проезд, дом 21, строение 2",Пресненский район,Центральный административный округ,ресторан,55.74974975559826,37.533770999999994,1900274.3989905117,6410728.098770139,5648.9916460875165
6307,Кафе «Dомино'с пицца»,"город Москва, Большая Садовая улица, дом 14, строение 10",Пресненский район,Центральный административный округ,кафе,55.76732576070234,37.597661,1903507.141358378,6413957.130040312,2179.743016935028
6308,Паулхауз ресторан,"город Москва, улица Коровий Вал, дом 5",район Якиманка,Центральный административный округ,ресторан,55.72952844097636,37.62019980084582,1906279.9734485657,6410354.706805307,2751.2834063888686
6309,Кафе «DOBROSCO»,"город Москва, Пресненская набережная, дом 2",Пресненский район,Центральный административный округ,кафе,55.749197755438104,37.540006000000005,1900673.954579907,6410798.646633911,5255.274173925237
6310,Кафе «Сofix»,"город Москва, Пресненская набережная, дом 2",Пресненский район,Центральный административный округ,кафе,55.749197755438104,37.540006000000005,1900673.954579907,6410798.646633911,5255.274173925237
6334,Кафе «One bucks coffee»,"город Москва, Пресненская набережная, дом 4, строение 1",Пресненский район,Центральный административный округ,кафе,55.7489662,37.5432141,1900877.5989376623,6410840.617562006,5052.787797996546
6335,Кафе «M-city»,"город Москва, Пресненская набережная, дом 2",Пресненский район,Центральный административный округ,кафе,55.749197755438104,37.540006000000005,1900673.954579907,6410798.646633911,5255.274173925237
6336,Кафе «Три правила»,"город Москва, Пресненская набережная, дом 2",Пресненский район,Центральный административный округ,кафе,55.749197755438104,37.540006000000005,1900673.954579907,6410798.646633911,5255.274173925237
6337,Кафе «Три правила»,"город Москва, Пресненская набережная, дом 2",Пресненский район,Центральный административный округ,кафе,55.749197755438104,37.540006000000005,1900673.954579907,6410798.646633911,5255.274173925237
6338,Ресторан «Radeberger»,"город Москва, Пресненская набережная, дом 2",Пресненский район,Центральный административный округ,ресторан,55.749197755438104,37.540006000000005,1900673.954579907,6410798.646633911,5255.274173925237
6339,Кафе «Эдоко»,"город Москва, Пресненская набережная, дом 2",Пресненский район,Центральный административный округ,кафе,55.749197755438104,37.540006000000005,1900673.954579907,6410798.646633911,5255.274173925237
6340,Ресторан «Zafferano»,"город Москва, Пресненская набережная, дом 2",Пресненский район,Центральный административный округ,ресторан,55.749197755438104,37.540006000000005,1900673.954579907,6410798.646633911,5255.274173925237
6341,Ресторан «FORTE BELLO»,"город Москва, Пресненская набережная, дом 2",Пресненский район,Центральный административный округ,ресторан,55.749197755438104,37.540006000000005,1900673.954579907,6410798.646633911,5255.274173925237
6342,Ресторан «Steak It Easy»,"город Москва, Пресненская набережная, дом 2",Пресненский район,Центральный административный округ,ресторан,55.749197755438104,37.540006000000005,1900673.954579907,6410798.646633911,5255.274173925237
6343,Кафе «Georgian House»,"город Москва, Пресненская набережная, дом 2",Пресненский район,Центральный административный округ,кафе,55.749197755438104,37.540006000000005,1900673.954579907,6410798.646633911,5255.274173925237
6344,Ресторан «Osteria Mario»,"город Москва, Пресненская набережная, дом 2",Пресненский район,Центральный административный округ,ресторан,55.749197755438104,37.540006000000005,1900673.954579907,6410798.646633911,5255.274173925237
6345,Кафе «Пепебьянко»,"город Москва, Пресненская набережная, дом 2",Пресненский район,Центральный административный округ,кафе,55.749197755438104,37.540006000000005,1900673.954579907,6410798.646633911,5255.274173925237
6346,Кафе «Левон'c»,"город Москва, Пресненская набережная, дом 2",Пресненский район,Центральный административный округ,кафе,55.749197755438104,37.540006000000005,1900673.954579907,6410798.646633911,5255.274173925237
6347,Кафе «бургерная Farш»,"город Москва, Пресненская набережная, дом 2",Пресненский район,Центральный административный округ,кафе,55.749197755438104,37.540006000000005,1900673.954579907,6410798.646633911,5255.274173925237
6348,Ресторан «TGI Fridays»,"город Москва, Пресненская набережная, дом 2",Пресненский район,Центральный административный округ,ресторан,55.749197755438104,37.540006000000005,1900673.954579907,6410798.646633911,5255.274173925237
6349,Кафе «The House»,"город Москва, Пресненская набережная, дом 2",Пресненский район,Центральный административный округ,кафе,55.749197755438104,37.540006000000005,1900673.954579907,6410798.646633911,5255.274173925237
6350,Кафе «Кальянная Москальян»,"город Москва, Пресненская набережная, дом 2",Пресненский район,Центральный административный округ,кафе,55.749197755438104,37.540006000000005,1900673.954579907,6410798.646633911,5255.274173925237
6351,Ресторан «Cosmik»,"город Москва, Пресненская набережная, дом 2",Пресненский район,Центральный административный округ,ресторан,55.749197755438104,37.540006000000005,1900673.954579907,6410798.646633911,5255.274173925237
6363,Чайхона Баракат,"город Москва, Новодмитровская улица, дом 2, корпус 2",Бутырский район,Северо-Восточный административный округ,кафе,55.79768105134644,37.584569390782136,1901586.0938719788,6416955.404462315,5547.877698084773
6364,Кофейня,"город Москва, Новодмитровская улица, дом 2, корпус 1",Бутырский район,Северо-Восточный административный округ,кафе,55.79768105134644,37.584569390782136,1901586.0938719788,6416955.404462315,5547.877698084773
6375,Кафе «CORREAS»,"город Москва, улица Красина, дом 3, строение 1",Пресненский район,Центральный административный округ,кафе,55.76643876044456,37.588958000000005,1903011.175115857,6413679.555679746,2542.4547040487487
6385,DIM SUM,"город Москва, Театральный проезд, владение 5, строение 1",Мещанский район,Центральный административный округ,кафе,55.76016939861228,37.624886242481175,1905427.2328716186,6413755.516072871,776.521273459524
6391,Пекарня 24,"город Москва, улица Покровка, владение 17, строение 1",Басманный район,Центральный административный округ,кафе,55.75949743542306,37.6456679629678,1906715.1438099954,6414118.493058256,1698.343205118585
6397,Саяны,"город Москва, Донская улица, владение 8, корпус 2",район Якиманка,Центральный административный округ,кафе,55.72333529171783,37.60669995701249,1905688.546812122,6409404.420206704,3582.6811801294198
6402,Кафе «Littles Kids Play Cafe»,"город Москва, улица Сергея Макеева, дом 9, корпус 1",Пресненский район,Центральный административный округ,кафе,55.76148093456307,37.54971364256734,1900809.6675903022,6412325.443454891,4691.5013406007065
6406,ID Cafe здоровое питание,"город Москва, 1-й Стрелецкий проезд, дом 14",район Марьина Роща,Северо-Восточный административный округ,кафе,55.798637,37.608993,1903033.4728907568,6417568.914463526,5189.23779273989
6407,Пан Запекан,"город Москва, 1-й Стрелецкий проезд, дом 14",район Марьина Роща,Северо-Восточный административный округ,кафе,55.798637,37.608993,1903033.4728907568,6417568.914463526,5189.23779273989
6408,Кофемания,"город Москва, Красная площадь, дом 3",Тверской район,Центральный административный округ,кафе,55.754660757023636,37.621529,1905427.747854202,6413091.480590348,115.32890322321342
6409,Кулинарная лавка братьев Караваевых,"город Москва, улица Коровий Вал, дом 1А, строение 1",район Замоскворечье,Центральный административный округ,кафе,55.72925992101475,37.62196474750988,1906397.296890155,6410362.734664702,2781.140290637585
6417,Кофе Хаус,"город Москва, Пресненская набережная, дом 2",Пресненский район,Центральный административный округ,кафе,55.749197755438104,37.540006000000005,1900673.954579907,6410798.646633911,5255.274173925237
6420,Хлеб насущный,"город Москва, Комсомольский проспект, дом 28",район Хамовники,Центральный административный округ,кафе,55.72698955102239,37.57973078046537,1903912.2944165238,6409234.093952391,4050.8179291763017
6422,Хлеб насущный,"город Москва, улица Солянка, дом 1/2, строение 1",Басманный район,Центральный административный округ,кафе,55.753910756805915,37.63759299999999,1906432.014922232,6413347.144923477,1043.5655230946015
6425,Корчма Тарас Бульба,"город Москва, Велозаводская улица, дом 6",Даниловский район,Южный административный округ,ресторан,55.712288497677825,37.664949829778394,1909642.978361603,6409434.968366096,5486.341486212699
6430,Subway,"город Москва, улица Маши Порываевой, дом 38",Красносельский район,Центральный административный округ,кафе,55.77383196841658,37.65024529418648,1906460.2887589398,6415759.292318088,2955.8618214899775
6433,Кулинарная лавка братьев Караваевых,"город Москва, Милютинский переулок, дом 19/4, строение 2",Красносельский район,Центральный административный округ,кафе,55.76600680590438,37.63212688490405,1905650.3935274165,6414536.310174583,1568.9761234494356
6434,Dominos Pizza,"город Москва, Тихвинская улица, дом 3, корпус 1",Тверской район,Центральный административный округ,кафе,55.785880986405495,37.60102621534539,1903023.1643553504,6416027.483734019,3899.4511915637486
6450,Прайм стар,"город Москва, Пресненская набережная, дом 2",Пресненский район,Центральный административный округ,кафе,55.749197755438104,37.540006000000005,1900673.954579907,6410798.646633911,5255.274173925237
6452,Прайм стар,"город Москва, Таганская улица, дом 1, строение 1",Таганский район,Центральный административный округ,кафе,55.74181336740416,37.65549232236992,1907969.7928614183,6412418.604843824,2576.2409947649744
6453,Прайм стар,"город Москва, 2-й Сыромятнический переулок, дом 1",Басманный район,Центральный административный округ,кафе,55.75350227679904,37.664176273404856,1908062.9154536535,6413860.525048721,2752.377476685783
6456,Dominos Pizza,"город Москва, Солдатская улица, дом 6А",район Лефортово,Юго-Восточный административный округ,кафе,55.764714781593455,37.701174985578355,1909893.5833582073,6415845.664143525,5283.253290982048
6463,Прайм стар,"город Москва, 3-я улица Ямского Поля, дом 2, корпус 13",район Беговой,Северный административный округ,кафе,55.781448,37.5827,1902074.4620367945,6415166.629501502,4026.6535341750778
6464,КАФЕ-ПЕКАРЕЯ «ВОЛКОНСКИЙ»,"город Москва, улица Орджоникидзе, дом 9, корпус 1",Донской район,Южный административный округ,кафе,55.70989962072834,37.59790479515772,1905651.6015934476,6407771.940669675,5211.259985383489
6472,Зю Кафе,"город Москва, Пресненская набережная, дом 2",Пресненский район,Центральный административный округ,кафе,55.749197755438104,37.540006000000005,1900673.954579907,6410798.646633911,5255.274173925237
6474,Гурман,"Киевская улица, дом 7",район Дорогомилово,Западный административный округ,ресторан,55.742278753431115,37.560478999999994,1902175.0075145783,6410480.061421706,4124.060841742785
6477,Ваби-Саби,"город Москва, улица Маросейка, дом 7/8, строение 1",Басманный район,Центральный административный округ,кафе,55.7576465933246,37.632974729220855,1906012.5176070386,6413653.023900168,874.1062406665721
6479,Хинкальная,"город Москва, улица Красная Пресня, дом 28",Пресненский район,Центральный административный округ,кафе,55.76251499620195,37.56873649650431,1901927.6397001762,6412834.060072479,3530.7099121606034
6480,Ресторан «Хинкальная»,"город Москва, Автозаводская улица, дом 18",Даниловский район,Южный административный округ,ресторан,55.70491685642642,37.63740862501336,1908240.8918960306,6408062.494603349,5651.213275527052
6488,Магбургер,"город Москва, Нижегородская улица, дом 27Б",Нижегородский район,Юго-Восточный административный округ,кафе,55.73476828357005,37.70746530611982,1911392.009960016,6412750.960991869,5941.054806134524
6490,Грузинские каникулы Барбарис,"город Москва, Большая Тульская улица, дом 13",Даниловский район,Южный административный округ,ресторан,55.70869603444511,37.62208065659993,1907167.6646049907,6408148.531390191,5125.457024883588
6491,Бакинский бульвар,"город Москва, улица Земляной Вал, дом 18, строение 4",Басманный район,Центральный административный округ,кафе,55.7601549043,37.6568641887726,1907371.0776856425,6414424.095410565,2399.342934138742
6493,ТАШИР ПИЦЦА,"город Москва, Пресненская набережная, дом 2",Пресненский район,Центральный административный округ,кафе,55.749197755438104,37.540006000000005,1900673.954579907,6410798.646633911,5255.274173925237
6494,"Суши тун, Хруст pizza, Кофе тун","город Москва, Большая Тульская улица, дом 13",Даниловский район,Южный административный округ,кафе,55.708772743729476,37.622107,1907166.4207880886,6408157.352315722,5116.727681183138
6496,Блины и пироги,"город Москва, Павелецкая площадь, дом 1",район Замоскворечье,Центральный административный округ,кафе,55.73156124431681,37.640970134936374,1907467.7886636325,6411009.089662678,2816.457328144822
6497,Кафе при АЗС Лукойл,"город Москва, Малая Тульская улица, дом 57",Донской район,Южный административный округ,кафе,55.701479712479866,37.61733225307142,1907146.437363835,6407271.133940373,5953.591988396236
6499,Starbucks,"город Москва, Пресненская набережная, дом 2",Пресненский район,Центральный административный округ,кафе,55.749197755438104,37.540006000000005,1900673.954579907,6410798.646633911,5255.274173925237
6500,Starbucks,"город Москва, Шереметьевская улица, дом 20",район Марьина Роща,Северо-Восточный административный округ,кафе,55.80332177118038,37.61819700000001,1903418.2448767999,6418266.325766705,5665.711891174094
6513,Dunkin Donuts,"город Москва, Пресненская набережная, дом 2",Пресненский район,Центральный административный округ,кафе,55.749197755438104,37.540006000000005,1900673.954579907,6410798.646633911,5255.274173925237
6514,Subway,"город Москва, Сокольническая площадь, дом 9А",район Сокольники,Восточный административный округ,кафе,55.79037148253573,37.67980471001739,1907639.8569156013,6418161.543216957,5623.663244252272
6515,Subway,"город Москва, Дубининская улица, дом 55, корпус 1, строение 2",Даниловский район,Южный административный округ,кафе,55.72177087828158,37.63651855153832,1907560.7254582148,6409860.506246706,3763.0761902200506
6516,Subway,"город Москва, Ладожская улица, дом 5",Басманный район,Центральный административный округ,кафе,55.77163726821167,37.682592166102964,1908506.8345307028,6416201.313592458,4437.521620713711
6517,Планета суши,"город Москва, Автозаводская улица, дом 18",Даниловский район,Южный административный округ,ресторан,55.70491685642642,37.63740862501336,1908240.8918960306,6408062.494603349,5651.213275527052
6520,Burger King,"город Москва, Пресненская набережная, дом 2",Пресненский район,Центральный административный округ,кафе,55.749197755438104,37.540006000000005,1900673.954579907,6410798.646633911,5255.274173925237
6524,Il Patio,"город Москва, Комсомольская площадь, дом 5, строение 2",Красносельский район,Центральный административный округ,кафе,55.77756676367998,37.65555500000001,1906643.9028446884,6416273.087377658,3501.4771678529187
6525,Il Patio,"город Москва, Таганская улица, дом 1, строение 1",Таганский район,Центральный административный округ,кафе,55.74181336740416,37.65549232236992,1907969.7928614183,6412418.604843824,2576.2409947649744
6526,Il Patio,"город Москва, Автозаводская улица, дом 18",Даниловский район,Южный административный округ,ресторан,55.70491685642642,37.63740862501336,1908240.8918960306,6408062.494603349,5651.213275527052
6528,KFC,"город Москва, Ленинградский проспект, дом 36",район Аэропорт,Северный административный округ,ресторан,55.7911737676405,37.566679,1900740.9175366217,6415880.405661842,5535.4428971000125
6537,Starbucks,"город Москва, улица Коровий Вал, дом 5",район Якиманка,Центральный административный округ,кафе,55.72952844097636,37.62019980084582,1906279.9734485657,6410354.706805307,2751.2834063888686
6539,Даблби,"город Москва, Пресненская набережная, дом 2",Пресненский район,Центральный административный округ,кафе,55.749197755438104,37.540006000000005,1900673.954579907,6410798.646633911,5255.274173925237
6560,Шоколадница,"город Москва, Бауманская улица, дом 35/1",Басманный район,Центральный административный округ,кафе,55.771751761988895,37.67904699999999,1908287.2276238983,6416139.23505122,4243.04320089692
6561,Шоколадница,"город Москва, Валовая улица, дом 6",район Замоскворечье,Центральный административный округ,кафе,55.73108025199366,37.63389514799414,1907055.3558175804,6410808.934414274,2696.550203820848
6562,Шоколадница,"город Москва, Автозаводская улица, дом 9/1",Даниловский район,Южный административный округ,кафе,55.70713709311183,37.65883229503355,1909462.2619928534,6408751.313170701,5825.197100198447
6566,Ресторан «Сибирь»,"город Москва, Большая Никитская улица, дом 58",Пресненский район,Центральный административный округ,ресторан,55.75863234569085,37.58653862929018,1903153.56566243,6412787.503227016,2309.780851810347
6567,Ресторан «Арго»,"город Москва, улица Сергея Макеева, дом 11/9, строение 3",Пресненский район,Центральный административный округ,ресторан,55.763249759517954,37.55030300000001,1900780.024086386,6412528.431914021,4697.037695948062
6568,Местная Религиозная Организация Ортодоксального Иудаизма «Московская Еврейская Религиозная Община»,"город Москва, Большой Спасоглинищевский переулок, дом 10, строение 1",Басманный район,Центральный административный округ,ресторан,55.75538175723296,37.63514599999999,1906228.6280918326,6413454.412946402,907.4653398916953
6570,Ресторан «Казбек»,"город Москва, Рочдельская улица, дом 15, строение 27",Пресненский район,Центральный административный округ,ресторан,55.754979757116246,37.560427999999995,1901701.6578601059,6411848.238207155,3920.4574947359965
6571,Кафе «Хинкальная»,"город Москва, Пресненская набережная, дом 2",Пресненский район,Центральный административный округ,ресторан,55.749197755438104,37.540006000000005,1900673.954579907,6410798.646633911,5255.274173925237
6572,Ресторан «Yaffa»,"город Москва, Пресненская набережная, дом 2",Пресненский район,Центральный административный округ,ресторан,55.749197755438104,37.540006000000005,1900673.954579907,6410798.646633911,5255.274173925237
6573,Ресторан «Meat up»,"город Москва, Пресненская набережная, дом 2",Пресненский район,Центральный административный округ,ресторан,55.749197755438104,37.540006000000005,1900673.954579907,6410798.646633911,5255.274173925237
6574,Корейское бистро «Инсам»,"город Москва, Пресненская набережная, дом 2",Пресненский район,Центральный административный округ,ресторан,55.749197755438104,37.540006000000005,1900673.954579907,6410798.646633911,5255.274173925237
6578,Ресторан «Дичь»,"город Москва, Большая Никитская улица, дом 60, строение 1",Пресненский район,Центральный административный округ,ресторан,55.75876175821437,37.58583800000001,1903106.181598448,6412786.807107687,2357.0610239108496
6582,Кафе «Фейна»,"город Москва, Мерзляковский переулок, дом 15",Пресненский район,Центральный административный округ,кафе,55.756786757640874,37.59650000000002,1903827.4919898638,6412796.85059594,1638.0758743202093
6586,БРУСНИКА,"город Москва, Украинский бульвар, дом 5",район Дорогомилово,Западный административный округ,кафе,55.748311755181035,37.56651199999999,1902318.483486768,6411256.4632897265,3578.9408613333503
6587,Кафе «Кафейня»,"город Москва, Электрический переулок, дом 8, строение 2",Пресненский район,Центральный административный округ,кафе,55.77168676197,37.57691500000001,1902084.8248793862,6413993.5845554825,3519.775059469546
6588,Кафе «Моё кафе»,"город Москва, Пресненская набережная, дом 2",Пресненский район,Центральный административный округ,кафе,55.749197755438104,37.540006000000005,1900673.954579907,6410798.646633911,5255.274173925237
6589,Арарат,"город Москва, улица Арбат, дом 32",район Арбат,Центральный административный округ,кафе,55.749220755444796,37.589814000000004,1903701.601442314,6411841.460833892,2090.6424193944436
6591,Brooklyn Burgers Bar,"город Москва, улица Арбат, дом 9, строение 1",район Арбат,Центральный административный округ,кафе,55.75153675611686,37.598173,1904123.9114399748,6412265.936253597,1510.600783698314
6594,Шоколадница,"город Москва, Садовая-Кудринская улица, дом 3А",Пресненский район,Центральный административный округ,кафе,55.760116758607886,37.584539,1902976.9949851534,6412905.715980625,2479.45584840899
6595,Кафе «Anadolu»,"город Москва, Пресненская набережная, дом 2",Пресненский район,Центральный административный округ,кафе,55.749197755438104,37.540006000000005,1900673.954579907,6410798.646633911,5255.274173925237
6596,Кафе «Bowler fresh bar»,"город Москва, Пресненская набережная, дом 2",Пресненский район,Центральный административный округ,кафе,55.749197755438104,37.540006000000005,1900673.954579907,6410798.646633911,5255.274173925237
6597,ЧАЙХОНА,"город Москва, улица Сущёвский Вал, дом 5, строение 20",район Марьина Роща,Северо-Восточный административный округ,кафе,55.79384876841965,37.593565000000005,1902274.4404678184,6416730.302568284,4917.996671680194
6599,Френдс. В гостях у Моники,"город Москва, улица Покровка, дом 20/1, строение 1",Басманный район,Центральный административный округ,кафе,55.758662758185615,37.64732099999998,1906846.629760545,6414063.187823593,1763.5255728030734
6601,Идола турецкий донер,"город Москва, улица Коровий Вал, владение 11, сооружение 1",район Якиманка,Центральный административный округ,кафе,55.728989749579824,37.617887,1906159.2873102343,6410248.197271137,2820.5604193333065
6606,PHO U Вьетнамская еда,"город Москва, Ладожская улица, дом 7",Басманный район,Центральный административный округ,кафе,55.771624761951976,37.68263900000001,1908510.145092207,6416200.949106335,4439.534306016045
6607,Ресторан «Дед Пихто»,"город Москва, Пресненская набережная, дом 4, строение 1",Пресненский район,Центральный административный округ,кафе,55.748880755346136,37.54321100000001,1900880.5714729514,6410831.340955987,5054.0308239879
6608,Мосдонер,"город Москва, Ладожская улица, дом 4/6, строение 6",Басманный район,Центральный административный округ,кафе,55.771281761852265,37.681160000000006,1908433.0795218374,6416132.940645198,4337.167212198181
6610,FARШ,"город Москва, улица Кузнецкий Мост, дом 18/7",Мещанский район,Центральный административный округ,кафе,55.76183375910661,37.622589,1905225.8153882872,6413886.799543148,935.8805208588088
6611,Ибрагимов Магомед Сулейманович,"город Москва, улица Сущёвский Вал, дом 5, строение 1А",район Марьина Роща,Северо-Восточный административный округ,кафе,55.794127768500935,37.59287900000001,1902222.4355637536,6416746.0373996375,4963.720961504505
6614,Brioche,"город Москва, Садовая-Черногрязская улица, дом 22, строение 1",Басманный район,Центральный административный округ,кафе,55.764408759854696,37.65511700000001,1907106.700327887,6414845.893957025,2492.059445919908
6615,Wine and dine,"город Москва, Сретенский бульвар, дом 6/1, строение 1",Красносельский район,Центральный административный округ,кафе,55.76609176034374,37.633204,1905712.6844885147,6414568.0280340705,1609.2320977215
6616,MosInYaz кафе,"город Москва, Ладожская улица, дом 9",Басманный район,Центральный административный округ,кафе,55.771669761965065,37.68352900000001,1908562.529979227,6416224.482097083,4492.708895415166
6617,Зелёный Лис,"город Москва, Малая Сухаревская площадь, дом 2/4",Мещанский район,Центральный административный округ,кафе,55.77289276232065,37.62861,1905180.8981940704,6415204.8019218,2242.158689956425
6618,Рамен Клаб,"город Москва, Мясницкая улица, дом 16",Басманный район,Центральный административный округ,кафе,55.7609217588417,37.63252300000001,1905863.3863163951,6413996.553285513,1095.8469398659197
6620,Каменев Василий Владимирович,"город Москва, улица Сущёвский Вал, дом 5, строение 12",район Марьина Роща,Северо-Восточный административный округ,кафе,55.79512676879197,37.591362,1902093.264565493,6416822.011261654,5105.731815187803
6633,OverSalad,"город Москва, Большой Сухаревский переулок, дом 25, строение 1",Мещанский район,Центральный административный округ,кафе,55.77086276173044,37.63211499999999,1905469.2535370747,6415059.4188387,2079.961181373625
6636,Ресторан «Архитектор»,"город Москва, Гранатный переулок, дом 7, строение 1",Пресненский район,Центральный административный округ,кафе,55.7593286744023,37.5901977129166,1903350.1561359533,6412939.060553553,2105.5849448954473
6637,Luciano,"город Москва, улица Земляной Вал, дом 33",Басманный район,Центральный административный округ,кафе,55.75724575777414,37.65915,1907618.1900054885,6414158.517574065,2463.318546605991
6638,Dominos Pizza,"город Москва, Новокузнецкая улица, дом 6",район Замоскворечье,Центральный административный округ,кафе,55.738521752341846,37.62998900000001,1906541.4121094546,6411529.15823878,1811.912894533053
6642,Starbucks,"город Москва, Климентовский переулок, дом 12, строение 1",район Замоскворечье,Центральный административный округ,кафе,55.74110475309069,37.62715399999999,1906273.0964628,6411748.169484596,1478.1373191877105
6643,KFC,"город Москва, Пресненская набережная, дом 2",Пресненский район,Центральный административный округ,кафе,55.749197755438104,37.540006000000005,1900673.954579907,6410798.646633911,5255.274173925237
6646,Мята Lounge Шаболовка,"город Москва, улица Серпуховский Вал, дом 21, корпус 1",Даниловский район,Южный административный округ,кафе,55.71090374434566,37.61030800000001,1906369.2500376662,6408139.881981395,4925.154902564943
6649,Il Massimo,"город Москва, Автозаводская улица, дом 4",Даниловский район,Южный административный округ,кафе,55.710012744088004,37.66269900000001,1909590.6468200493,6409142.430523719,5641.257992685786
6650,Раковарня,"город Москва, улица Арбат, дом 13",район Арбат,Центральный административный округ,ресторан,55.751278756041984,37.597411999999984,1904087.2166884902,6412222.207327739,1563.7437035390121
6653,Кафе «Surf Coffee»,"город Москва, Малая Бронная улица, дом 16",Пресненский район,Центральный административный округ,кафе,55.761562759027896,37.596229,1903633.8806007504,6413305.992656755,1850.5013172622794
6654,Кафе «Cream dream»,"город Москва, Малая Бронная улица, дом 20А",Пресненский район,Центральный административный округ,кафе,55.76251577003469,37.59553305307611,1903556.2370395758,6413394.164170901,1943.8577604066745
6655,Оптимист,"город Москва, улица Арбат, дом 6/2",район Арбат,Центральный административный округ,ресторан,55.75193075623121,37.597339999999996,1904058.6577818478,6412290.982023381,1557.1830856321078
6659,Кафе «Mid»,"город Москва, Кудринская площадь, дом 1",Пресненский район,Центральный административный округ,кафе,55.759024758290735,37.580816,1902791.1787027325,6412710.190703784,2677.751374892241
6661,Ресторан «Патара»,"город Москва, Ермолаевский переулок, дом 7",Пресненский район,Центральный административный округ,ресторан,55.7642596237941,37.5904809167755,1903184.5277888014,6413476.5000414625,2324.575319546826
6666,Ресторан «Choice. Healthy Social Club»,"город Москва, Малая Никитская улица, дом 16/5",Пресненский район,Центральный административный округ,ресторан,55.75880675822743,37.59118699999999,1903429.6392514429,6412903.486098383,2027.139223257548
6668,Кафе «Coffee Moose»,"город Москва, Большой Кондратьевский переулок, дом 14, строение 1",Пресненский район,Центральный административный округ,кафе,55.7740707626632,37.580679,1902225.1653541562,6414329.202599261,3500.82788079499
6670,Кафе «Экспресс-кофейня»,"город Москва, улица Красная Пресня, дом 44, строение 1",Пресненский район,Центральный административный округ,кафе,55.762837759398266,37.565023,1901689.9777916367,6412791.300440935,3770.0753699313823
6674,Хинкальный Дом АРГО,"город Москва, Ленинский проспект, дом 25",Донской район,Южный административный округ,кафе,55.717295746194566,37.59512799999999,1905208.4086392527,6408511.144527792,4475.178061923605
6676,Лобиани,"город Москва, Люсиновская улица, дом 53",Даниловский район,Южный административный округ,ресторан,55.71864974658635,37.623301,1906872.4596230546,6409247.049497121,3992.419023956263
6677,Catavina,"город Москва, Лялин переулок, дом 8, строение 2",Басманный район,Центральный административный округ,ресторан,55.760147758616895,37.65143299999999,1907041.3027526091,6414309.437869577,2069.7733202765658
6678,Picciotti,"город Москва, улица Макаренко, дом 2/21, строение 1",Басманный район,Центральный административный округ,ресторан,55.760667758767916,37.646426999999996,1906717.7634697945,6414260.533731352,1798.5321849458362
6680,Кафе «Кулинар»,"город Москва, Мантулинская улица, дом 12",Пресненский район,Центральный административный округ,кафе,55.75686175766264,37.553735999999994,1901225.1536468724,6411911.417993226,4362.9567255953225
6681,Croquette cafe,"город Москва, улица Нижняя Масловка, дом 5, корпус 1",район Беговой,Северный административный округ,кафе,55.791378767700195,37.584351000000005,1901806.5321446348,6416271.544092962,4914.409240990717
6682,Масала Хаус,"город Москва, проспект Мира, дом 79",Мещанский район,Центральный административный округ,ресторан,55.7902812592675,37.6341479251328,1904871.1365185073,6417194.78196157,4255.569977725042
6684,Завтрак на обед,"город Москва, улица Большая Молчановка, дом 30/7, строение 1",район Арбат,Центральный административный округ,кафе,55.75358775671215,37.589208,1903502.8525182032,6412299.531427429,2067.515304728517
6689,Remy Burger,"город Москва, улица Большая Дмитровка, дом 12/1, строение 1",Тверской район,Центральный административный округ,кафе,55.761564759028474,37.614686000000006,1904755.523121004,6413692.361282397,998.9628075003785
6691,COFIX,"город Москва, Пятницкая улица, дом 8",район Замоскворечье,Центральный административный округ,кафе,55.744135753969665,37.62751399999999,1906182.4242582747,6412082.4065433,1154.7368513030992
6692,Кафе ХИНКАЛОFF,"город Москва, Пятницкая улица, дом 37",район Замоскворечье,Центральный административный округ,кафе,55.738750752408215,37.62868900000001,1906453.8554073614,6411526.602663746,1762.932332007013
6693,Кафе «AGADIR»,"город Москва, Большая Садовая улица, дом 3, строение 1",Пресненский район,Центральный административный округ,кафе,55.76736676071426,37.592145999999985,1903170.4920977068,6413846.232759921,2443.7279320660014
6696,Кафе «SML deli coffee shop»,"город Москва, Садовая-Кудринская улица, дом 32, строение 2",Пресненский район,Центральный административный округ,кафе,55.7652347600947,37.590591,1903155.0581627246,6413583.91289124,2378.374363317326
6697,Вкусно,"город Москва, Садовая-Триумфальная улица, дом 4-10",Тверской район,Центральный административный округ,кафе,55.770274609793,37.598712071956,1903461.6175295422,6414296.960579899,2389.7010697196183
6699,Ресторан «BIX»,"город Москва, Спиридоньевский переулок, дом 12/9",Пресненский район,Центральный административный округ,ресторан,55.76300275944621,37.596697999999996,1903608.9732822676,6413471.018610248,1910.681344586416
6700,Ресторан «Carne»,"город Москва, Спиридоньевский переулок, дом 12/9",Пресненский район,Центральный административный округ,ресторан,55.76291517827729,37.596369510996844,1903592.2582081454,6413454.708651324,1922.7428797658638
6701,Кафе «Кофе пью и читаю»,"город Москва, Никитский бульвар, дом 12",Пресненский район,Центральный административный округ,кафе,55.75667675760892,37.599555,1904017.2680224197,6412848.892729146,1444.0036951170453
6705,HANG KONG,"улица Льва Толстого, дом 18",район Хамовники,Центральный административный округ,кафе,55.734355751134395,37.58661300000001,1904057.9818631255,6410172.1023878865,3135.9447518763022
6706,BB&Burgers,"улица Льва Толстого, дом 18",район Хамовники,Центральный административный округ,кафе,55.734355751134395,37.58661300000001,1904057.9818631255,6410172.1023878865,3135.9447518763022
6707,Buba by Sumosan,"улица Льва Толстого, дом 18",район Хамовники,Центральный административный округ,кафе,55.734355751134395,37.58661300000001,1904057.9818631255,6410172.1023878865,3135.9447518763022
6708,Ресторан «Дядюшка Хо»,"город Москва, улица Трёхгорный Вал, дом 20",Пресненский район,Центральный административный округ,ресторан,55.76135075896631,37.562222999999996,1901574.8596309407,6412572.532217625,3901.7754980602444
6709,Ресторан «Особое место»,"город Москва, Трёхпрудный переулок, дом 11/13, строение 2",Пресненский район,Центральный административный округ,ресторан,55.765337760124616,37.595721000000005,1903462.9914240264,6413702.276706063,2119.4110978802855
6713,Риверсайд,"город Москва, Фрунзенская набережная, дом 32",район Хамовники,Центральный административный округ,кафе,55.72357474801182,37.58700300000001,1904481.2790068504,6409018.047070974,4079.4560043560487
6714,Логово,"город Москва, улица Хамовнический Вал, дом 2",район Хамовники,Центральный административный округ,ресторан,55.71603174582886,37.576752,1904136.9764443531,6407990.486067361,5160.272937720776
6715,Jis Asian Bistro & Wine,"город Москва, улица Маросейка, дом 6-8, строение 1",Басманный район,Центральный административный округ,ресторан,55.75720075776108,37.634602000000015,1906127.9810869435,6413639.064420743,942.0450335024648
6716,Пян-се,"город Москва, улица Маросейка, дом 6-8, строение 1",Басманный район,Центральный административный округ,кафе,55.75720075776108,37.634602000000015,1906127.9810869435,6413639.064420743,942.0450335024648
6717,Хачапури и Вино,"город Москва, улица Покровка, дом 21-23/25, строение 1",Басманный район,Центральный административный округ,ресторан,55.759864758534704,37.647075,1906786.9940913082,6414187.574930013,1797.9722157555343
6718,Бистро «БАК-БУК»,"город Москва, улица Покровка, дом 2/1, строение 1",Басманный район,Центральный административный округ,кафе,55.75787475795679,37.639219999999995,1906383.5973989305,6413808.46950286,1244.5167633583865
6719,Лавка Мяса и Вина,"город Москва, улица Покровка, дом 4, строение 1",Басманный район,Центральный административный округ,кафе,55.75850275813915,37.640991000000014,1906467.8886767735,6413913.266649771,1377.3676805632815
6721,Кальянная F-lounge,"город Москва, улица Шухова, дом 21",Даниловский район,Южный административный округ,кафе,55.71638574593128,37.608874,1906078.622168447,6408700.80009121,4323.860889695694
6729,Cofix,"город Москва, Краснопрудная улица, дом 13",Красносельский район,Центральный административный округ,кафе,55.780985764674696,37.666942999999996,1907208.3246780175,6416880.3320567645,4276.6072621960475
6730,Ресторан «Караоке»,"город Москва, улица Красная Пресня, дом 23, корпус Б, строение 1",Пресненский район,Центральный административный округ,кафе,55.7617603098005,37.5678787998293,1901903.4638949207,6412734.791420135,3560.308678668144
6731,Кафе «Митос»,"город Москва, Краснопресненская набережная, дом 2/1",Пресненский район,Центральный административный округ,кафе,55.75003375568068,37.53886800000001,1900573.8327068577,6410865.036831262,5319.794040341907
6741,Онегин,"город Москва, улица Малая Полянка, дом 2",район Якиманка,Центральный административный округ,кафе,55.73613275164937,37.61656099999998,1905813.5191167826,6410990.375581628,2021.1173970160405
6751,Greek Freak,"город Москва, улица Рождественка, дом 5/7, строение 2",Мещанский район,Центральный административный округ,кафе,55.76090875883792,37.62288,1905277.8501905687,6413793.194792621,832.8262987324172
6752,Ресторан «BOTTARGA»,"город Москва, Тверской бульвар, дом 15, строение 2",Пресненский район,Центральный административный округ,ресторан,55.7606120141935,37.6002887757196,1903915.8871831053,6413288.422232555,1570.1542182988126
6753,Синий медведь,"город Москва, Комсомольский проспект, дом 13",район Хамовники,Центральный административный округ,ресторан,55.73006774989208,37.589085,1904367.285931648,6409761.554241198,3396.9236810798657
6754,Оливье,"город Москва, Пречистенская набережная, дом 45/1, строение 1",район Хамовники,Центральный административный округ,кафе,55.746325754604875,37.608620000000016,1904952.3708564348,6411922.830144114,1170.2779728463709
6755,Пекарня,"город Москва, Пятницкая улица, дом 31, строение 5",район Замоскворечье,Центральный административный округ,кафе,55.74062475295152,37.62923899999999,1906417.702145024,6411740.11500307,1569.1405118667385
6756,Кафе «Иностранцы»,"город Москва, Тверской бульвар, дом 24, строение 1",Пресненский район,Центральный административный округ,кафе,55.762336103929,37.6037572404711,1904062.720711312,6413546.814217009,1503.7501186421755
6757,Асса,"город Москва, Садовническая улица, дом 76/71, строение 1",район Замоскворечье,Центральный административный округ,ресторан,55.73860675236647,37.64127200000001,1907224.3522702628,6411774.796313828,2140.252461702807
6763,Хлебница,"город Москва, улица Сущёвский Вал, дом 59",район Марьина Роща,Северо-Восточный административный округ,кафе,55.79357576834013,37.61525499999999,1903601.5870093848,6417154.412800754,4567.965581850405
6764,Ресторан «Flat Iron bar & roadhouse»,"Вознесенский переулок, дом 7, строение 1",Пресненский район,Центральный административный округ,ресторан,55.75808673833371,37.603809746993484,1904223.5745177565,6413089.881376983,1236.7135720209233
6766,BB&Burgers,"город Москва, Скатертный переулок, дом 13",Пресненский район,Центральный административный округ,ресторан,55.75576975734559,37.59447100000001,1903741.875686059,6412644.79170414,1745.8624321638074
6767,Ресторан «Real Authentic Wine Salon»,"город Москва, Большая Никитская улица, дом 62, строение 3",Пресненский район,Центральный административный округ,ресторан,55.75887475824718,37.58547399999999,1903079.8675150904,6412791.378989399,2382.922699632512
6768,Ресторан «Никита»,"город Москва, Большая Никитская улица, дом 60, строение 1",Пресненский район,Центральный административный округ,ресторан,55.7587865478452,37.5857393475893,1903099.2662105805,6412787.417089823,2363.9036865641633
6769,Кафе,"город Москва, Большая Грузинская улица, дом 30",Пресненский район,Центральный административный округ,кафе,55.76697276059975,37.57913100000002,1902394.1931540852,6413531.738909827,3110.5723930304885
6770,Кафе «ZOO CANTEEN»,"город Москва, Большая Грузинская улица, дом 3, строение 1",Пресненский район,Центральный административный округ,кафе,55.764118759770426,37.577289,1902388.0208690502,6413185.603420034,3074.248047593698
6771,Песнь Моряка,"город Москва, Бауманская улица, дом 9",Басманный район,Центральный административный округ,ресторан,55.77662376340569,37.676996,1907981.24565638,6416621.1934725735,4431.933776294265
6772,FARRO,"город Москва, улица Покровка, дом 1/13/6, строение 2",Басманный район,Центральный административный округ,кафе,55.75864275817981,37.639614,1906379.0012002098,6413899.498418499,1303.654942724346
6775,"Бар «Borough, раклет-бар»","город Москва, Большая Садовая улица, дом 14, строение 6",Пресненский район,Центральный административный округ,кафе,55.76679064319864,37.59659994733277,1903462.5140503913,6413877.261823164,2185.7205945026426
6776,Кафе -бар «Lobby Winewood»,"город Москва, улица Красная Пресня, дом 30, строение 3",Пресненский район,Центральный административный округ,кафе,55.76266675934859,37.568287,1901894.6975474209,6412841.03195956,3563.346622781789
6777,Папас бар энд Гриль,"город Москва, Никольская улица, дом 10",Тверской район,Центральный административный округ,ресторан,55.75796181961958,37.62443089718606,1905481.5439849303,6413508.044776458,529.1892135262311
6778,Гриль и Сувлаки,"город Москва, Большая Почтовая улица, дом 34, строение 1А",Басманный район,Центральный административный округ,кафе,55.78050076453357,37.69702000000001,1909052.87738415,6417459.35462199,5745.541312218821
6779,K-Grill,"город Москва, Большой Харитоньевский переулок, дом 25",Басманный район,Центральный административный округ,ресторан,55.7665747604841,37.65206000000002,1906840.4084775571,6415015.228063992,2462.2249530736394
6780,Calabash Club,"город Москва, Лубянский проезд, дом 5, строение 1",Басманный район,Центральный административный округ,кафе,55.7587887582222,37.62975999999999,1905774.7109931118,6413708.78390828,796.1399305131563
6781,Залечь на дно,"город Москва, Лубянский проезд, дом 5, строение 1",Басманный район,Центральный административный округ,кафе,55.7587887582222,37.62975999999999,1905774.7109931118,6413708.78390828,796.1399305131563
6782,Высота 5642,"город Москва, Большой Черкасский переулок, дом 15-17, строение 1",Тверской район,Центральный административный округ,ресторан,55.75658875758339,37.627136,1905696.9491827998,6413416.706630072,499.51470277183756
6783,Н.F.C. Халяль,"город Москва, Большая Серпуховская улица, дом 32, строение 1",район Замоскворечье,Центральный административный округ,кафе,55.72520374848344,37.62567199999999,1906773.3942743437,6410003.191955815,3255.0987407532143
6784,Паназиатская кухня «КАНЭ»,"город Москва, Кожевническая улица, дом 18",Даниловский район,Южный административный округ,кафе,55.72876474951467,37.647937,1907995.4406512196,6410853.773177919,3312.2166518011268
6788,СИМПЛ,"город Москва, улица Петровка, дом 15, строение 1",Тверской район,Центральный административный округ,кафе,55.76370275964956,37.61691399999999,1904811.5492845955,6413969.437474297,1180.868669432421
6790,Веранда 1,"город Москва, Лесная улица, дом 20, строение 3",Тверской район,Центральный административный округ,кафе,55.780253764461705,37.59301099999998,1902745.0893952698,6415253.3868006375,3537.8057175567455
6791,Веранда 3,"город Москва, Лесная улица, дом 20, строение 3",Тверской район,Центральный административный округ,кафе,55.780253764461705,37.59301099999998,1902745.0893952698,6415253.3868006375,3537.8057175567455
6792,Веранда 2,"город Москва, Лесная улица, дом 20, строение 3",Тверской район,Центральный административный округ,кафе,55.780253764461705,37.59301099999998,1902745.0893952698,6415253.3868006375,3537.8057175567455
6793,Веранда 13.1,"город Москва, Лесная улица, дом 20, строение 6",Тверской район,Центральный административный округ,кафе,55.779732764310104,37.59099200000001,1902641.767467693,6415155.027445136,3556.5662161780074
6794,Веранда 6.1 КРАБЫКУТАБЫ,"город Москва, Лесная улица, дом 20, строение 4",Тверской район,Центральный административный округ,кафе,55.77947076423387,37.591684999999984,1902693.58189383,6415141.272232149,3507.2238331568933
6795,Веранда 10,"город Москва, Лесная улица, дом 20, строение 5",Тверской район,Центральный административный округ,кафе,55.77916576414515,37.59119499999999,1902675.127814971,6415098.154938497,3495.472980572554
6797,Точка Дзы,"город Москва, Новослободская улица, дом 18",Тверской район,Центральный административный округ,кафе,55.78230376505822,37.59942399999999,1903058.5831047394,6415608.418149488,3557.4841092274964
6798,MEATSTREET,"город Москва, Новослободская улица, дом 18",Тверской район,Центральный административный округ,кафе,55.78230376505822,37.59942399999999,1903058.5831047394,6415608.418149488,3557.4841092274964
6799,Бижу,"город Москва, Сущёвская улица, дом 21",Тверской район,Центральный административный округ,кафе,55.782001764970346,37.600344,1903125.669675994,6415595.104043672,3502.682640827579
6800,Пороселло,"город Москва, Сущёвская улица, дом 21",Тверской район,Центральный административный округ,кафе,55.782001764970346,37.600344,1903125.669675994,6415595.104043672,3502.682640827579
6801,Коптильня,"город Москва, Сущёвская улица, дом 21",Тверской район,Центральный административный округ,ресторан,55.78216476501776,37.60084599999999,1903150.1132941076,6415623.169664551,3507.576936181343
6804,D&D cafe,"город Москва, улица Расковой, дом 24, строение 4",район Беговой,Северный административный округ,кафе,55.78821176677796,37.576023000000006,1901418.1720604731,6415756.223337338,4899.897613427872
6805,Пури Хачапури,"город Москва, Большая Серпуховская улица, дом 46, строение 34",район Замоскворечье,Центральный административный округ,кафе,55.72199374755414,37.62416099999999,1906800.6453189342,6409625.524397184,3613.7227797889955
6807,Чи Ли Сян,"город Москва, Большая Спасская улица, дом 8, строение 1А",Красносельский район,Центральный административный округ,кафе,55.775658763125016,37.642948000000004,1905949.0987300659,6415803.237079976,2866.5751516178593
6815,Караоке клуб Аурум,"город Москва, 3-я улица Ямского Поля, дом 15",район Беговой,Северный административный округ,кафе,55.78252876512371,37.578983,1901808.6098687837,6415205.473346431,4272.431604018655
6816,Под мухой,"город Москва, Страстной бульвар, дом 6, строение 2",Тверской район,Центральный административный округ,кафе,55.765643546705604,37.60926836315819,1904274.8983831992,6414018.614635384,1572.6483758461848
6817,"Кафе, кальян-бар L&M","город Москва, Дербеневская улица, дом 5А",Даниловский район,Южный административный округ,кафе,55.72491774840063,37.65158,1908360.0183096072,6410515.555945465,3808.9530404957895
6822,БАТОНИ,"город Москва, улица Тимура Фрунзе, дом 11, строение 19",район Хамовники,Центральный административный округ,кафе,55.735800751553164,37.586756,1904013.1213357602,6410330.864440925,3015.845354163792
6823,My Gelato,"город Москва, улица Тимура Фрунзе, дом 11, строение 19",район Хамовники,Центральный административный округ,кафе,55.735800751553164,37.586756,1904013.1213357602,6410330.864440925,3015.845354163792
6824,Террин,"город Москва, Зубовский бульвар, дом 4, строение 1",район Хамовники,Центральный административный округ,ресторан,55.73779575213139,37.591502,1904227.8198636833,6410645.183596077,2637.4019321928436
6825,Арбатский базар,"город Москва, Плотников переулок, дом 15",район Хамовники,Центральный административный округ,ресторан,55.74616475455817,37.588357999999985,1903726.3699810503,6411481.589170314,2287.6035857845854
6826,Старый Сычуань,"город Москва, Лубянский проезд, дом 25, строение 2",Басманный район,Центральный административный округ,ресторан,55.754567756996636,37.63479899999998,1906237.7807770192,6413359.410407721,869.7830767127759
6830,Французская Блинная «Крепери Де Пари»,"город Москва, Нижний Сусальный переулок, дом 4, строение 3",Басманный район,Центральный административный округ,кафе,55.761688759064505,37.66275600000001,1907672.0378907449,6414712.97417065,2814.0028425236314
6831,Чайхона «Вкус Востока»,"город Москва, 1-я улица Машиностроения, дом 5",Южнопортовый район,Юго-Восточный административный округ,кафе,55.715166745578635,37.673901000000015,1910080.537816807,6409933.15105713,5538.285378251856
6835,Идола,"город Москва, Карманицкий переулок, дом 9",район Арбат,Центральный административный округ,кафе,55.74821575515319,37.58407700000001,1903390.0465187097,6411613.17413888,2476.357591767624
6836,Silver Panda,"город Москва, улица Новый Арбат, дом 15",район Арбат,Центральный административный округ,кафе,55.75205875626837,37.592665999999994,1903769.7647066156,6412207.023105897,1854.1665374744118
6838,One Price Coffee,"город Москва, улица Арбат, дом 12, строение 1",район Арбат,Центральный административный округ,кафе,55.75114375600281,37.596042999999995,1904008.9965644416,6412179.020090798,1653.0942298704335
6842,The Rooms,"Николоямская улица, дом 38/14/23, строение 3",Таганский район,Центральный административный округ,кафе,55.74704675481403,37.65848,1907956.8067638183,6413045.30162998,2502.319343492322
6849,FABRIKA DELI,"город Москва, Сущёвская улица, дом 21, строение 5",Тверской район,Центральный административный округ,кафе,55.78262476515163,37.600860999999995,1903133.9558842028,6415673.0637549935,3555.8608543864707
6854,Пекинский Сад,"город Москва, Большая Почтовая улица, дом 36, строение 3",Басманный район,Центральный административный округ,ресторан,55.780649764576914,37.696915,1909040.9482195731,6417473.204194742,5748.8986934466875
6856,Шашлычок,"город Москва, Нижняя Красносельская улица, дом 35, строение 52",Басманный район,Центральный административный округ,кафе,55.776892763483914,37.674085999999996,1907794.4911420085,6416589.117059262,4301.264305422602
6862,Пальмира,"город Москва, улица Сущёвский Вал, дом 5, строение 5",район Марьина Роща,Северо-Восточный административный округ,кафе,55.793285768255664,37.589770999999985,1902064.9428163273,6416590.334745136,4953.077486236181
6863,БИЗНЕС ПРОГРЕСО,"город Москва, улица Сущёвский Вал, дом 5, строение 5",район Марьина Роща,Северо-Восточный административный округ,кафе,55.793285768255664,37.589770999999985,1902064.9428163273,6416590.334745136,4953.077486236181
6864,Каменев Василий Владимирович,"город Москва, улица Сущёвский Вал, дом 5, строение 5",район Марьина Роща,Северо-Восточный административный округ,кафе,55.793285768255664,37.589770999999985,1902064.9428163273,6416590.334745136,4953.077486236181
6865,Кафе,"город Москва, улица Сущёвский Вал, дом 5, строение 5",район Марьина Роща,Северо-Восточный административный округ,кафе,55.793285768255664,37.589770999999985,1902064.9428163273,6416590.334745136,4953.077486236181
6866,Каменев Василий Владимирович,"город Москва, улица Сущёвский Вал, дом 5, строение 1",район Марьина Роща,Северо-Восточный административный округ,кафе,55.79438176857494,37.592055000000016,1902162.9790586343,6416756.194316066,5010.300654706041
6867,ТОМ ТЭЙЛОР РУС,"город Москва, улица Сущёвский Вал, дом 5, строение 1",район Марьина Роща,Северо-Восточный административный округ,кафе,55.79438176857494,37.592055000000016,1902162.9790586343,6416756.194316066,5010.300654706041
6868,Печорин Александр Александрович,"город Москва, улица Сущёвский Вал, дом 5, строение 1",район Марьина Роща,Северо-Восточный административный округ,кафе,55.79438176857494,37.592055000000016,1902162.9790586343,6416756.194316066,5010.300654706041
6869,Борисова Надежда Александровна,"город Москва, улица Сущёвский Вал, дом 5, строение 8",район Марьина Роща,Северо-Восточный административный округ,кафе,55.79555276891609,37.59193499999999,1902112.2546937473,6416879.900964588,5137.061362230376
6870,Ибрагимов Магомед Сулейманович,"город Москва, улица Сущёвский Вал, дом 5, строение 8",район Марьина Роща,Северо-Восточный административный округ,кафе,55.79555276891609,37.59193499999999,1902112.2546937473,6416879.900964588,5137.061362230376
6871,Самородинов Сергей Александрович,"город Москва, улица Сущёвский Вал, дом 5, строение 8",район Марьина Роща,Северо-Восточный административный округ,кафе,55.79555276891609,37.59193499999999,1902112.2546937473,6416879.900964588,5137.061362230376
6872,Галерея- АЛЕКС,"город Москва, улица Сущёвский Вал, дом 5, строение 8",район Марьина Роща,Северо-Восточный административный округ,кафе,55.79555276891609,37.59193499999999,1902112.2546937473,6416879.900964588,5137.061362230376
6873,Лотос,"город Москва, улица Сущёвский Вал, дом 5, строение 8",район Марьина Роща,Северо-Восточный административный округ,кафе,55.79555276891609,37.59193499999999,1902112.2546937473,6416879.900964588,5137.061362230376
6874,Савинков Игорь Юрьевич,"город Москва, улица Сущёвский Вал, дом 5, строение 9",район Марьина Роща,Северо-Восточный административный округ,кафе,55.79557076892132,37.59346599999999,1902204.5476861626,6416913.835775048,5103.596617891524
6875,Савинков Игорь Юрьевич,"город Москва, улица Сущёвский Вал, дом 5, строение 9",район Марьина Роща,Северо-Восточный административный округ,кафе,55.79557076892132,37.59346599999999,1902204.5476861626,6416913.835775048,5103.596617891524
6876,РС Петровский,"город Москва, улица Сущёвский Вал, дом 5, строение 9",район Марьина Роща,Северо-Восточный административный округ,кафе,55.79557076892132,37.59346599999999,1902204.5476861626,6416913.835775048,5103.596617891524
6877,Хорошее место,"город Москва, улица Образцова, дом 14",район Марьина Роща,Северо-Восточный административный округ,кафе,55.78773676663967,37.611023,1903561.4038209384,6416436.570945016,3941.871788508685
6878,КОМБИНАТ Рыба и только,"город Москва, улица Тимура Фрунзе, дом 11, строение 13",район Хамовники,Центральный административный округ,ресторан,55.73471075123727,37.58825699999999,1904144.8185784821,6410244.753396631,3032.55024062191
6896,Кафе «ДжиДжиГриль»,"город Москва, 1-й Лучевой просек, дом 1",район Сокольники,Восточный административный округ,кафе,55.79548676889685,37.66932700000001,1906813.310691952,6418492.946937066,5678.212915236323
6898,Хе Пин,"город Москва, Бауманская улица, дом 58/25, строение 6",Басманный район,Центральный административный округ,ресторан,55.76747476074564,37.679314,1908462.700164346,6415683.9493833175,4044.52264561714
6904,Кафе Ковров-пекарня,"город Москва, Ковров переулок, дом 8, строение 2",Таганский район,Центральный административный округ,кафе,55.74060375294545,37.68119300000001,1909577.3300457299,6412827.682394791,4124.7724359099275
6919,Малика,"город Москва, Волгоградский проспект, дом 32, корпус 21",Южнопортовый район,Юго-Восточный административный округ,кафе,55.72411874816932,37.68701899999999,1910545.3426070826,6411173.517209677,5400.887579657131
6971,Travelers Coffee,"город Москва, Садовническая улица, дом 8",район Замоскворечье,Центральный административный округ,кафе,55.74756375496403,37.627541,1906056.7562858865,6412452.454934092,799.6669247127807
6989,Прайм стар,"город Москва, Павелецкая площадь, дом 2, строение 1",район Замоскворечье,Центральный административный округ,кафе,55.73041974999404,37.63471200000001,1907129.572075115,6410754.863261367,2784.248130679471
6990,ПРОГРЕСС,"город Москва, Фрунзенская набережная, дом 30, строение 5",район Хамовники,Центральный административный округ,кафе,55.72515674846984,37.582239,1904132.802565863,6409088.956913982,4109.196533733202
6991,BarBQcafe,"город Москва, Манежная площадь, дом 1, строение 2",Тверской район,Центральный административный округ,ресторан,55.75546775725792,37.615036,1905003.1219108328,6413042.523144839,456.6005062009062
6992,LA VERONA,"город Москва, улица Россолимо, дом 7",район Хамовники,Центральный административный округ,ресторан,55.73570975152678,37.58274599999999,1903772.595119867,6410237.203160708,3217.43489940341
6999,Завод,"город Москва, Кутузовский проспект, дом 12, строение 9",район Дорогомилово,Западный административный округ,ресторан,55.74985675562932,37.55780600000001,1901731.9144917952,6411241.20357955,4109.21894064209
7000,ТБИЛИСИ,"город Москва, Кутузовский проспект, дом 12, строение 1",район Дорогомилово,Западный административный округ,ресторан,55.75087675592531,37.55859700000002,1901742.2477525275,6411367.6819680855,4047.853560510131
7012,Гретель,"город Москва, улица Большая Дмитровка, дом 23, строение 1",Тверской район,Центральный административный округ,кафе,55.76603976032861,37.60971200000001,1904287.151433852,6414070.603183222,1598.4965510182049
7013,Ma Mi ХАНОЙСКАЯ ЛАПША,"город Москва, Вятская улица, дом 27, строение 2",Савёловский район,Северный административный округ,ресторан,55.796769769270675,37.58196999999999,1901462.055174675,6416802.8844451625,5528.53160963395
7014,ХЛЕБ и ВИНО,"город Москва, Вятская улица, дом 27, строение 4",Савёловский район,Северный административный округ,ресторан,55.79620276910547,37.58198400000001,1901483.9285685502,6416742.06197443,5470.744991652727
7015,Eat Market,"город Москва, Вятская улица, дом 27, строение 7",Савёловский район,Северный административный округ,ресторан,55.79626876912469,37.58039699999999,1901385.1188452137,6416716.028843905,5525.252949371109
7016,Хинкали-Gали,"город Москва, улица Правды, дом 24, строение 4",район Беговой,Северный административный округ,кафе,55.789180767060124,37.58339700000001,1901830.0961685886,6416014.697307324,4728.0949821163895
7026,Суши,"город Москва, 1-я Квесисская улица, дом 18",Савёловский район,Северный административный округ,ресторан,55.794282768546076,37.57844200000001,1901340.0350713236,6416461.1320684925,5390.50756928215
7027,Кофе,"город Москва, 1-я Квесисская улица, дом 18",Савёловский район,Северный административный округ,ресторан,55.794282768546076,37.57844200000001,1901340.0350713236,6416461.1320684925,5390.50756928215
7028,Бургеры,"город Москва, 1-я Квесисская улица, дом 18",Савёловский район,Северный административный округ,ресторан,55.794282768546076,37.57844200000001,1901340.0350713236,6416461.1320684925,5390.50756928215
7029,Чинар,"город Москва, 1-я Квесисская улица, дом 18",Савёловский район,Северный административный округ,ресторан,55.794282768546076,37.57844200000001,1901340.0350713236,6416461.1320684925,5390.50756928215
7041,Кафе,"город Москва, Краснопресненская набережная, дом 6",Пресненский район,Центральный административный округ,кафе,55.74820775515087,37.54018400000001,1900721.3984838743,6410695.62570662,5256.0843236778555
7042,Кафе «Делимарше»,"город Москва, улица Гашека, дом 7, строение 1",Пресненский район,Центральный административный округ,кафе,55.76877076112231,37.58882400000001,1902916.5621844728,6413928.124065995,2710.228172807707
7043,Ресторан корпоративного питания,"город Москва, Большой Гнездниковский переулок, дом 1, строение 2",Пресненский район,Центральный административный округ,ресторан,55.76149675900872,37.605348000000006,1904190.5413030821,6413489.623275989,1363.8068987135907
7046,Кафе «АМСТЕРДАМ»,"город Москва, улица Орджоникидзе, дом 11, строение 10",Донской район,Южный административный округ,кафе,55.70647074306401,37.596997,1905723.4668018464,6407383.293462686,5602.629633702164
7047,МСК Московская сеть кальянных на Шаболовке,"город Москва, улица Шаболовка, дом 34, строение 3",Донской район,Южный административный округ,кафе,55.718041746410414,37.607634,1905941.738931631,6408853.347927263,4154.7245966982655
7048,Кафе «Blaks»,"город Москва, улица Ленинская Слобода, дом 19",Даниловский район,Южный административный округ,кафе,55.7087527437237,37.653924999999994,1909103.5612984302,6408822.454280263,5530.8669998780815
7049,Кафе «Белочка»,"город Москва, улица Ленинская Слобода, дом 19",Даниловский район,Южный административный округ,кафе,55.7087527437237,37.653924999999994,1909103.5612984302,6408822.454280263,5530.8669998780815
7050,Bodro coffee,"город Москва, улица Ленинская Слобода, дом 19",Даниловский район,Южный административный округ,кафе,55.7087527437237,37.653924999999994,1909103.5612984302,6408822.454280263,5530.8669998780815
7051,Суши Маркет,"город Москва, улица Ленинская Слобода, дом 19",Даниловский район,Южный административный округ,кафе,55.7087527437237,37.653924999999994,1909103.5612984302,6408822.454280263,5530.8669998780815
7052,Кафе «Силвер Панда»,"город Москва, улица Ленинская Слобода, дом 19",Даниловский район,Южный административный округ,кафе,55.7087527437237,37.653924999999994,1909103.5612984302,6408822.454280263,5530.8669998780815
7053,Кофе Хаус,"город Москва, улица Ленинская Слобода, дом 19",Даниловский район,Южный административный округ,кафе,55.7087527437237,37.653924999999994,1909103.5612984302,6408822.454280263,5530.8669998780815
7054,One bucks coffee,"город Москва, улица Ленинская Слобода, дом 19",Даниловский район,Южный административный округ,кафе,55.7087527437237,37.653924999999994,1909103.5612984302,6408822.454280263,5530.8669998780815
7055,Кафе «Кофетерапия»,"город Москва, улица Ленинская Слобода, дом 19",Даниловский район,Южный административный округ,кафе,55.7087527437237,37.653924999999994,1909103.5612984302,6408822.454280263,5530.8669998780815
7056,Пиццерия Pomodoro Royal,"город Москва, 3-й Павелецкий проезд, дом 4",Даниловский район,Южный административный округ,кафе,55.71264674484972,37.645801,1908464.4756244016,6409071.71312648,4932.104171822895
7061,Город сад,"город Москва, Мытная улица, дом 74",Даниловский район,Южный административный округ,кафе,55.71271374486909,37.62004799999999,1906894.8442701756,6408539.027599362,4667.972559775186
7062,Праун Бар,"город Москва, Мытная улица, дом 74",Даниловский район,Южный административный округ,кафе,55.71271374486909,37.62004799999999,1906894.8442701756,6408539.027599362,4667.972559775186
7063,Батон,"город Москва, Мытная улица, дом 74",Даниловский район,Южный административный округ,кафе,55.71271374486909,37.62004799999999,1906894.8442701756,6408539.027599362,4667.972559775186
7064,Тажин,"город Москва, Мытная улица, дом 74",Даниловский район,Южный административный округ,кафе,55.71271374486909,37.62004799999999,1906894.8442701756,6408539.027599362,4667.972559775186
7065,Фиш базар,"город Москва, Мытная улица, дом 74",Даниловский район,Южный административный округ,кафе,55.71271374486909,37.62004799999999,1906894.8442701756,6408539.027599362,4667.972559775186
7066,Юнайтед Китчен,"город Москва, Мытная улица, дом 74",Даниловский район,Южный административный округ,кафе,55.71271374486909,37.62004799999999,1906894.8442701756,6408539.027599362,4667.972559775186
7067,Щепка,"город Москва, Мытная улица, дом 74",Даниловский район,Южный административный округ,кафе,55.71271374486909,37.62004799999999,1906894.8442701756,6408539.027599362,4667.972559775186
7068,Любовь Пирогова,"город Москва, Мытная улица, дом 74",Даниловский район,Южный административный округ,кафе,55.71271374486909,37.62004799999999,1906894.8442701756,6408539.027599362,4667.972559775186
7069,ЧиП,"город Москва, Мытная улица, дом 74",Даниловский район,Южный административный округ,кафе,55.71271374486909,37.62004799999999,1906894.8442701756,6408539.027599362,4667.972559775186
7070,Вьетнамская кухня,"город Москва, Мытная улица, дом 74",Даниловский район,Южный административный округ,кафе,55.71271374486909,37.62004799999999,1906894.8442701756,6408539.027599362,4667.972559775186
7071,Долма,"город Москва, Мытная улица, дом 74",Даниловский район,Южный административный округ,кафе,55.71271374486909,37.62004799999999,1906894.8442701756,6408539.027599362,4667.972559775186
7072,Плов,"город Москва, Мытная улица, дом 74",Даниловский район,Южный административный округ,кафе,55.71271374486909,37.62004799999999,1906894.8442701756,6408539.027599362,4667.972559775186
7073,Дагестанская лавка,"город Москва, Мытная улица, дом 74",Даниловский район,Южный административный округ,кафе,55.71271374486909,37.62004799999999,1906894.8442701756,6408539.027599362,4667.972559775186
7074,Нон,"город Москва, Мытная улица, дом 74",Даниловский район,Южный административный округ,кафе,55.71271374486909,37.62004799999999,1906894.8442701756,6408539.027599362,4667.972559775186
7075,Блины,"город Москва, Мытная улица, дом 74",Даниловский район,Южный административный округ,кафе,55.71271374486909,37.62004799999999,1906894.8442701756,6408539.027599362,4667.972559775186
7076,Суши бар,"город Москва, Мытная улица, дом 74",Даниловский район,Южный административный округ,кафе,55.71271374486909,37.62004799999999,1906894.8442701756,6408539.027599362,4667.972559775186
7077,Паста,"город Москва, Мытная улица, дом 74",Даниловский район,Южный административный округ,кафе,55.71271374486909,37.62004799999999,1906894.8442701756,6408539.027599362,4667.972559775186
7078,Джуси Лаб,"город Москва, Мытная улица, дом 74",Даниловский район,Южный административный округ,кафе,55.71271374486909,37.62004799999999,1906894.8442701756,6408539.027599362,4667.972559775186
7079,Индийская точка,"город Москва, Мытная улица, дом 74",Даниловский район,Южный административный округ,кафе,55.71271374486909,37.62004799999999,1906894.8442701756,6408539.027599362,4667.972559775186
7080,Фреш,"город Москва, Мытная улица, дом 74",Даниловский район,Южный административный округ,кафе,55.71271374486909,37.62004799999999,1906894.8442701756,6408539.027599362,4667.972559775186
7081,Крабс,"город Москва, Мытная улица, дом 74",Даниловский район,Южный административный округ,кафе,55.71271374486909,37.62004799999999,1906894.8442701756,6408539.027599362,4667.972559775186
7082,Чаудер,"город Москва, Мытная улица, дом 74",Даниловский район,Южный административный округ,кафе,55.71271374486909,37.62004799999999,1906894.8442701756,6408539.027599362,4667.972559775186
7083,Корейская кухня,"город Москва, Мытная улица, дом 74",Даниловский район,Южный административный округ,кафе,55.71271374486909,37.62004799999999,1906894.8442701756,6408539.027599362,4667.972559775186
7084,Три утки,"город Москва, Мытная улица, дом 74",Даниловский район,Южный административный округ,кафе,55.71271374486909,37.62004799999999,1906894.8442701756,6408539.027599362,4667.972559775186
7085,Хумус,"город Москва, Мытная улица, дом 74",Даниловский район,Южный административный округ,кафе,55.71271374486909,37.62004799999999,1906894.8442701756,6408539.027599362,4667.972559775186
7086,Кипрская кухня,"город Москва, Мытная улица, дом 74",Даниловский район,Южный административный округ,кафе,55.71271374486909,37.62004799999999,1906894.8442701756,6408539.027599362,4667.972559775186
7087,Мексиканская кухня,"город Москва, Мытная улица, дом 74",Даниловский район,Южный административный округ,кафе,55.71271374486909,37.62004799999999,1906894.8442701756,6408539.027599362,4667.972559775186
7088,Ребро Адама,"город Москва, Мытная улица, дом 74",Даниловский район,Южный административный округ,кафе,55.71271374486909,37.62004799999999,1906894.8442701756,6408539.027599362,4667.972559775186
7090,Мини-Кафе «Halal Food certified»,"город Москва, улица Мастеркова, дом 8",Даниловский район,Южный административный округ,кафе,55.70744074334439,37.656655,1909318.4691707413,6408738.338855937,5736.8242185467025
7092,Кафе Авилон,"город Москва, Автозаводская улица, дом 23, корпус 5",Даниловский район,Южный административный округ,кафе,55.70338774217296,37.642751999999994,1908622.9206434407,6408009.746541478,5893.384206372938
7093,Кафе,"город Москва, 1-й Кожевнический переулок, дом 6, строение 1",Даниловский район,Южный административный округ,кафе,55.727038749014795,37.64568299999999,1907922.489270132,6410620.468524251,3413.4750757849083
7098,Кафе «Чистая линия»,"город Москва, Большая Тульская улица, дом 13",Даниловский район,Южный административный округ,кафе,55.708772743729476,37.622107,1907166.4207880886,6408157.352315722,5116.727681183138
7099,Фарш,"город Москва, Большая Тульская улица, дом 11",Даниловский район,Южный административный округ,кафе,55.71014874412732,37.62360199999999,1907206.33351399,6408337.007270201,4961.724595190815
7108,Колхида,"город Москва, Кожевническая улица, дом 14, корпус 1",Даниловский район,Южный административный округ,кафе,55.72888674955,37.64691300000002,1907928.6241652977,6410845.445805256,3266.6920474209824
7109,Кафе Задолбало,"город Москва, Дербеневская улица, дом 3",Даниловский район,Южный административный округ,кафе,55.72555774858595,37.651207,1908313.5396881024,6410576.710795816,3733.985667723433
7111,Chinook ресторан,"город Москва, Пятницкая улица, дом 3/4, строение 1",район Замоскворечье,Центральный административный округ,ресторан,55.74557275438646,37.627005999999994,1906098.1720586317,6412226.650510917,989.9522001482015
7112,ВИНОДЕЛЬНЯ,"город Москва, улица Сретенка, дом 15",Мещанский район,Центральный административный округ,кафе,55.76921376125109,37.631743,1905507.9199191034,6414873.90470526,1895.129794274183
7113,Lancheria by Bruno,"город Москва, Нижняя Сыромятническая улица, дом 10, строение 4",Басманный район,Центральный административный округ,кафе,55.752057756268066,37.66996,1908468.1854175772,6413826.217611258,3129.55031264902
7114,Кафе «Поинт»,"город Москва, 2-я Звенигородская улица, дом 13, строение 15",Пресненский район,Центральный административный округ,кафе,55.76279875938693,37.553878,1901014.0147623315,6412554.421643582,4461.633911300144
7115,Кафе «PH&B»,"город Москва, 2-я Звенигородская улица, дом 13, строение 17",Пресненский район,Центральный административный округ,кафе,55.76259875932884,37.552669,1900947.9319943942,6412507.6275172895,4532.053431439147
7116,Кафе «PH&B»,"город Москва, 2-я Звенигородская улица, дом 13, строение 18А",Пресненский район,Центральный административный округ,кафе,55.76268975935527,37.55293899999999,1900960.9748638202,6412523.072846552,4517.494992114844
7117,Кофе «Поинт»,"город Москва, 2-я Звенигородская улица, дом 13, строение 37",Пресненский район,Центральный административный округ,кафе,55.761668759058686,37.55169700000001,1900923.2742326022,6412387.082773655,4570.634271103236
7118,Ресторан «8 Oz»,"город Москва, улица Крымский Вал, дом 9, строение 21",район Якиманка,Центральный административный округ,ресторан,55.72419074819015,37.595848,1904996.5890717031,6409269.499363522,3738.261523432803
7119,Ресторан «Лебединое озеро»,"город Москва, улица Крымский Вал, дом 9, строение 22",район Якиманка,Центральный административный округ,ресторан,55.72404374814761,37.59544299999999,1904977.3988630292,6409245.178113682,3764.788233936034
7120,Кафе «Гирос»,"город Москва, улица Сергея Макеева, дом 11/9, строение 10",Пресненский район,Центральный административный округ,кафе,55.762861759405254,37.551325000000006,1900856.504907418,6412507.931144093,4622.962409329691
7121,Рамен клаб Японская лапшичная,"город Москва, Пятницкая улица, дом 82/34, строение 1",район Замоскворечье,Центральный административный округ,кафе,55.73031374996334,37.62533,1906562.865457354,6410546.828329609,2672.9190246875087
7122,Ресторан «THE TOY»,"город Москва, Рочдельская улица, дом 15, строение 44",Пресненский район,Центральный административный округ,ресторан,55.755944757396406,37.56670999999999,1902047.8235700577,6412083.458222102,3523.3723231168065
7123,Кафе «Кофе Поинт»,"город Москва, 2-я Звенигородская улица, дом 13, строение 41",Пресненский район,Центральный административный округ,кафе,55.761344758964576,37.55302900000001,1901016.2325974854,6412379.953557173,4479.42491048895
7124,Лофт Фарфор,"город Москва, Денисовский переулок, дом 30, строение 10",Басманный район,Центральный административный округ,кафе,55.76675076053523,37.67823800000001,1908424.2888957001,6415583.344709356,3948.995874744987
7125,Ретро-кафе,"город Москва, Комсомольская площадь, дом 2",Красносельский район,Центральный административный округ,кафе,55.77409276266959,37.654910000000015,1906733.9442080078,6415885.183525504,3174.5502503156104
7126,G arbuz,"город Москва, Турчанинов переулок, дом 3, строение 5",район Хамовники,Центральный административный округ,ресторан,55.736921751878064,37.595833,1904523.6290450897,6410641.567200781,2516.755416789603
7127,Кафе SAJ,"город Москва, Большой Факельный переулок, дом 12",Таганский район,Центральный административный округ,кафе,55.74162775324235,37.66396399999999,1908491.757967787,6412576.3431593375,3063.053399220862
7128,Поварская Лавка,"город Москва, набережная Академика Туполева, дом 15, корпус 15",Басманный район,Центральный административный округ,кафе,55.76126475894133,37.68378899999999,1908965.8213003476,6415108.7044618195,4105.713631659393
7129,Сабрина,"Бауманская улица, дом 7, строение 3",Красносельский район,Центральный административный округ,кафе,55.771281761852265,37.659232,1907101.0508730875,6415672.873222746,3156.3523072132793
7130,Limassol,"Бауманская улица, дом 7, строение 3",Красносельский район,Центральный административный округ,кафе,55.771281761852265,37.659232,1907101.0508730875,6415672.873222746,3156.3523072132793
7131,Дым и Вино,"город Москва, Мясницкая улица, дом 24/7, строение 8",Басманный район,Центральный административный округ,кафе,55.76300075944563,37.635698,1905979.080680022,6414287.136388715,1408.6139456797714
7132,Doner Club,"город Москва, Мясницкая улица, дом 24/7, строение 8",Басманный район,Центральный административный округ,кафе,55.76300075944563,37.635698,1905979.080680022,6414287.136388715,1408.6139456797714
7133,True Pho,"город Москва, Мясницкая улица, дом 24/7, строение 8",Басманный район,Центральный административный округ,кафе,55.76300075944563,37.635698,1905979.080680022,6414287.136388715,1408.6139456797714
7134,Русский Аппетит,"город Москва, Мясницкая улица, дом 24/7, строение 8",Басманный район,Центральный административный округ,кафе,55.76300075944563,37.635698,1905979.080680022,6414287.136388715,1408.6139456797714
7135,Прайм стар,"город Москва, улица Балчуг, дом 7",район Замоскворечье,Центральный административный округ,кафе,55.74697475479314,37.626388999999996,1906008.5946519645,6412364.83904663,826.9763444348812
7136,Кафе «Кофе поинт»,"город Москва, 2-я Звенигородская улица, дом 13, строение 43",Пресненский район,Центральный административный округ,кафе,55.762401759271604,37.552028,1900916.2620597063,6412473.012058495,4567.261477507511
7137,Embers Speakeasy,"город Москва, Неглинная улица, дом 10",Мещанский район,Центральный административный округ,ресторан,55.76204375916759,37.62084099999998,1905111.7898463844,6413872.835290949,957.1185851960139
7138,Идола,"город Москва, Смоленская площадь, дом 6",район Арбат,Центральный административный округ,кафе,55.74871575529825,37.58338600000001,1903329.500820348,6411652.627578232,2505.962339342069
7139,Кафе «Leffe»,"город Москва, Столярный переулок, дом 3, корпус 14",Пресненский район,Центральный административный округ,кафе,55.7646727599314,37.56808900000001,1901808.3551248524,6413053.142294322,3647.7408605223713
7140,Кислород,"город Москва, Бауманская улица, дом 58, строение 16",Басманный район,Центральный административный округ,кафе,55.767595760780814,37.67769200000001,1908359.6578928016,6415662.942503738,3954.216821916439
7141,Кафе «Лавка-Добавка»,"город Москва, Баррикадная улица, дом 19, строение 1",Пресненский район,Центральный административный округ,кафе,55.76022675863983,37.58021599999999,1902710.1597530132,6412827.222746445,2749.413309402508
7142,Ресторан «Sono Vino»,"город Москва, улица Красная Пресня, дом 32-34, строение 3",Пресненский район,Центральный административный округ,ресторан,55.76287775940989,37.568155,1901878.858604311,6412861.020793536,3578.456065489587
7143,Кафе «Кальянная Weston Lounge Club»,"город Москва, улица Красная Пресня, дом 32-34, строение 3",Пресненский район,Центральный административный округ,кафе,55.76287775940989,37.568155,1901878.858604311,6412861.020793536,3578.456065489587
7144,Ресторан «ANTON»,"город Москва, Пресненская набережная, дом 8, строение 1",Пресненский район,Центральный административный округ,ресторан,55.74723074933846,37.53903845406498,1900687.8749640665,6410566.3921385845,5343.40272487486
7145,Ресторан «Экспомил»,"город Москва, Краснопресненская набережная, дом 14, сооружение 1",Пресненский район,Центральный административный округ,ресторан,55.75253475640651,37.54816399999999,1901046.5383357804,6411328.638378318,4707.759673571769
7146,Кафе «Экспомил»,"город Москва, Краснопресненская набережная, дом 14, сооружение 1",Пресненский район,Центральный административный округ,ресторан,55.75253475640651,37.54816399999999,1901046.5383357804,6411328.638378318,4707.759673571769
7147,Кафе «Экспомил»,"город Москва, Краснопресненская набережная, дом 14, сооружение 1",Пресненский район,Центральный административный округ,кафе,55.75253475640651,37.54816399999999,1901046.5383357804,6411328.638378318,4707.759673571769
7148,БигБэнг by Френдс,"город Москва, улица Земляной Вал, дом 7",Басманный район,Центральный административный округ,кафе,55.762540759312,37.657704,1907333.3683046312,6414698.830534192,2546.178750302508
7149,Кальянная Проект,"город Москва, Садовническая улица, дом 62, строение 1",район Замоскворечье,Центральный административный округ,кафе,55.74197975334442,37.63926600000001,1906977.0452169229,6412096.290297932,1759.4359794319932
7150,Кафе «Prime Star»,"город Москва, улица Сергея Макеева, дом 13",Пресненский район,Центральный административный округ,кафе,55.76333775954352,37.551441000000004,1900845.9369245367,6412561.667261409,4628.3151122491345
7151,Кафе «Кофепорт»,"город Москва, улица Сергея Макеева, дом 13",Пресненский район,Центральный административный округ,кафе,55.76333775954352,37.551441000000004,1900845.9369245367,6412561.667261409,4628.3151122491345
7152,Ресторан «Макото»,"город Москва, Краснопресненская набережная, дом 12",Пресненский район,Центральный административный округ,ресторан,55.754736757045706,37.557521000000015,1901533.923838769,6411761.345619134,4106.277374102791
7153,Кафе «White Cafe»,"город Москва, Краснопресненская набережная, дом 12",Пресненский район,Центральный административный округ,кафе,55.754736757045706,37.557521000000015,1901533.923838769,6411761.345619134,4106.277374102791
7154,Кафе «Экспресс»,"город Москва, Краснопресненская набережная, дом 12",Пресненский район,Центральный административный округ,кафе,55.754736757045706,37.557521000000015,1901533.923838769,6411761.345619134,4106.277374102791
7155,Кафе «White Cafe»,"город Москва, Краснопресненская набережная, дом 12",Пресненский район,Центральный административный округ,кафе,55.754736757045706,37.557521000000015,1901533.923838769,6411761.345619134,4106.277374102791
7156,Сырная лавка «Бурвиль»,"город Москва, Пресненская набережная, дом 6, строение 2",Пресненский район,Центральный административный округ,кафе,55.74820775515087,37.54018400000001,1900721.3984838743,6410695.62570662,5256.0843236778555
7157,Сити Лайф-Голден Гейт,"город Москва, бульвар Энтузиастов, дом 2",Таганский район,Центральный административный округ,ресторан,55.746423754633305,37.682743,1909454.8752395706,6413487.43211297,4031.646308943473
7158,Милана,"город Москва, Николоямская улица, дом 58",Таганский район,Центральный административный округ,кафе,55.746659,37.664914,1908362.3460655794,6413138.504073621,2911.338493293905
7159,Ресторан «Bocconcino»,"город Москва, Пресненская набережная, дом 10, строение 2",Пресненский район,Центральный административный округ,ресторан,55.74783075504149,37.534299,1900377.470310767,6410532.214967272,5636.853110961356
7160,Кафе «IQ»,"город Москва, Пресненская набережная, дом 10, строение 2",Пресненский район,Центральный административный округ,кафе,55.7546327570155,37.56243699999998,1901836.6429868343,6411852.781484583,3790.061128228132
7161,Кафе «Волконский»,"город Москва, Пресненская набережная, дом 10, строение 2",Пресненский район,Центральный административный округ,кафе,55.74783075504149,37.534299,1900377.470310767,6410532.214967272,5636.853110961356
7162,Кафе «Гутай»,"город Москва, Пресненская набережная, дом 10, строение 2",Пресненский район,Центральный административный округ,кафе,55.7546327570155,37.56243699999998,1901836.6429868343,6411852.781484583,3790.061128228132
7163,REST,"город Москва, Пречистенская набережная, дом 7",район Хамовники,Центральный административный округ,ресторан,55.73685775185951,37.60147099999999,1904868.8946906803,6410752.6354440395,2302.7976393613017
7164,Pizza Hut,"город Москва, бульвар Энтузиастов, дом 2",Таганский район,Центральный административный округ,ресторан,55.746423754633305,37.682743,1909454.8752395706,6413487.43211297,4031.646308943473
7165,J cafe Moscow,"город Москва, Садовническая улица, дом 29",район Замоскворечье,Центральный административный округ,кафе,55.74633575460778,37.635952,1906613.713978858,6412496.326365911,1255.0943176466533
7198,Пекарня-кафе,"город Москва, 1-я Квесисская улица, дом 9",Савёловский район,Северный административный округ,кафе,55.79357876834101,37.58028500000001,1901478.0492095992,6416423.741588827,5261.341493650343
7199,Кухня Кипра,"город Москва, Ленинградский проспект, дом 36",район Аэропорт,Северный административный округ,кафе,55.7911737676405,37.566679,1900740.9175366217,6415880.405661842,5535.4428971000125
7200,РНО,"город Москва, Ленинградский проспект, дом 36",район Аэропорт,Северный административный округ,кафе,55.7911737676405,37.566679,1900740.9175366217,6415880.405661842,5535.4428971000125
7201,Кафе «Домисоль»,"город Москва, Павелецкая набережная, дом 8, строение 6А",Даниловский район,Южный административный округ,кафе,55.709134743834134,37.646841,1908658.261541718,6408714.985132773,5333.361753985606
7203,Cassette Cafe,"город Москва, улица Серпуховский Вал, дом 21, корпус 1",Даниловский район,Южный административный округ,кафе,55.71090374434566,37.61030800000001,1906369.2500376662,6408139.881981395,4925.154902564943
7204,Амстердам чипс компани,"город Москва, Тестовская улица, дом 1",Пресненский район,Центральный административный округ,кафе,55.746357754614166,37.533463,1900381.1001414158,6410355.966111401,5712.354150984917
7227,Кулинарная лавка братьев Караваевых,"город Москва, Шмитовский проезд, дом 10/7",Пресненский район,Центральный административный округ,кафе,55.75910875831513,37.552581,1901071.7668309968,6412129.550058773,4465.226348841941
7228,Кулинарная лавка братьев Караваевых,"город Москва, Тверской бульвар, дом 20, строение 4",Пресненский район,Центральный административный округ,кафе,55.76086275882456,37.603256,1904086.9228582585,6413377.519548192,1425.1373021228821
7229,Кулинарная лавка братьев Караваевых,"город Москва, улица Спиридоновка, дом 25/20, строение 1",Пресненский район,Центральный административный округ,кафе,55.76266175934714,37.58917999999999,1903164.714123479,6413277.065856252,2309.8847939103694
7231,Кофе Хаус,"город Москва, бульвар Энтузиастов, дом 2",Таганский район,Центральный административный округ,кафе,55.746423754633305,37.682743,1909454.8752395706,6413487.43211297,4031.646308943473
7232,Руккола,"город Москва, Верхняя Радищевская улица, дом 19/3, строение 1",Таганский район,Центральный административный округ,кафе,55.74314175368139,37.653206000000004,1907781.3963726559,6412513.815859678,2372.202571094377
7233,Хлеб насущный,"город Москва, улица Шаболовка, дом 30/12",Донской район,Южный административный округ,кафе,55.71911274672033,37.608641,1905963.2832418575,6408989.884341429,4021.822895159312
7234,Корчма Тарас Бульба,"город Москва, Пятницкая улица, дом 14, строение 2",район Замоскворечье,Центральный административный округ,ресторан,55.74297075363178,37.628046000000005,1906258.0359116006,6411967.982941189,1291.3076799574726
7235,Вареничная №1,"город Москва, Мясницкая улица, дом 24/7, строение 1",Басманный район,Центральный административный округ,кафе,55.762689759355275,37.635379,1905971.2522033309,6414246.934679399,1368.405137090667
7236,АндерСон,"город Москва, улица Серпуховский Вал, дом 21, корпус 4",Даниловский район,Южный административный округ,кафе,55.710856744332055,37.607751,1906215.3731877296,6408081.26569971,4956.850892151465
7237,Семейное кафе Андерсон,"город Москва, Таганская улица, дом 36, строение 1",Таганский район,Центральный административный округ,кафе,55.73936275258565,37.66640000000001,1908724.1239492707,6412383.361909735,3322.6873851413116
7239,Андерсон,"город Москва, улица Льва Толстого, дом 23, корпус 1",район Хамовники,Центральный административный округ,кафе,55.735030751330015,37.585034,1903936.922875789,6410211.847907108,3156.8259016489815
7240,АндерСон,"город Москва, набережная Академика Туполева, дом 15",Басманный район,Центральный административный округ,кафе,55.760932758844895,37.68186800000001,1908861.463337379,6415032.59358025,3977.0298622499467
7241,Goodman,"город Москва, Новинский бульвар, дом 31",Пресненский район,Центральный административный округ,ресторан,55.757788999,37.58325,1902984.931321572,6412627.852059274,2495.323747739044
7248,Прайм стар,"город Москва, Усачёва улица, дом 29, корпус 1",район Хамовники,Центральный административный округ,кафе,55.7244347482608,37.563917,1903044.7674377265,6408628.134435062,4974.468716673249
7250,Папа Джонс,"город Москва, Бакунинская улица, дом 23-41",Басманный район,Центральный административный округ,кафе,55.775703763138104,37.684523999999996,1908472.7207317522,6416680.06387492,4774.793486470718
7256,СушиШоп,"город Москва, улица Шаболовка, дом 59, корпус 1",Даниловский район,Южный административный округ,кафе,55.71503574554074,37.608138000000004,1906083.9130721882,6408539.860891725,4483.917944205243
7260,Брусника,"город Москва, улица Плющиха, дом 53/25, строение 1",район Хамовники,Центральный административный округ,кафе,55.738778752416344,37.576510000000006,1903279.5983823456,6410437.68375412,3345.856731175891
7261,Брусника,"город Москва, Чистопрудный бульвар, дом 15, строение 1",Басманный район,Центральный административный округ,кафе,55.76217175920481,37.64482900000001,1906564.7470581257,6414389.130399963,1793.8233680460114
7262,Грабли,"город Москва, улица Арбат, дом 54/2, строение 1",район Арбат,Центральный административный округ,ресторан,55.74761175497794,37.583244,1903361.784986506,6411530.6498595355,2546.0173047108287
7263,Чешская пивная ПИЛЗНЕР,"город Москва, Малый Путинковский переулок, дом 1/2, строение 1",Тверской район,Центральный административный округ,ресторан,55.76645476044921,37.608141,1904176.286033863,6414082.463077958,1688.9434104597126
7264,ПИЛЗНЕР,"город Москва, 1-я Тверская-Ямская улица, дом 7",Тверской район,Центральный административный округ,ресторан,55.77156391992244,37.5927057446043,1903048.8463140756,6414310.3454938205,2749.9838980090763
7265,Прайм стар,"город Москва, Нижний Сусальный переулок, дом 5, строение 2",Басманный район,Центральный административный округ,кафе,55.76041275869386,37.66237,1907696.0542770529,6414567.365131999,2746.2786634812082
7270,Beverly Hills Diner,"город Москва, Никольская улица, дом 10",Тверской район,Центральный административный округ,ресторан,55.75799498387997,37.62451717953683,1905485.5563467985,6413513.426141732,534.7756548513482
7272,Burger King,"город Москва, Большая Серпуховская улица, дом 6/5",район Замоскворечье,Центральный административный округ,ресторан,55.72894274956623,37.62383899999999,1906523.0762725563,6410367.81173144,2821.5192457620888
7273,Burger King,"город Москва, Спартаковская улица, дом 24",Басманный район,Центральный административный округ,кафе,55.77246576219649,37.676684,1908117.108030579,6416166.581168748,4152.397138241918
7274,Джон Джоли,"город Москва, улица Большая Дмитровка, дом 23, строение 1",Тверской район,Центральный административный округ,ресторан,55.765942356691696,37.60969629266473,1904289.812072701,6414059.775897391,1589.173346957458
7277,Хинкальная,"город Москва, Большой Спасоглинищевский переулок, дом 9, строение 1",Басманный район,Центральный административный округ,кафе,55.754609757008815,37.63659399999999,1906345.3216435371,6413401.548237537,984.9700964533176
7282,Французская выпечка,"город Москва, улица Красная Пресня, дом 36, строение 1",Пресненский район,Центральный административный округ,кафе,55.762503759301225,37.566897,1901816.2509977461,6412794.4305001,3643.804732894919
7295,Теремок,"город Москва, Ленинградский проспект, дом 36",район Аэропорт,Северный административный округ,кафе,55.7911737676405,37.566679,1900740.9175366217,6415880.405661842,5535.4428971000125
7299,Макдоналдс,"город Москва, Большая Тульская улица, дом 13",Даниловский район,Южный административный округ,ресторан,55.708772743729476,37.622107,1907166.4207880886,6408157.352315722,5116.727681183138
7302,Бенто WOK,"город Москва, Нижняя Красносельская улица, дом 5, строение 1",Красносельский район,Центральный административный округ,кафе,55.77907976412015,37.667614000000015,1907320.013037375,6416689.012844614,4151.796417271317
7314,Воккер,"город Москва, 7-я Кожуховская улица, дом 7",Южнопортовый район,Юго-Восточный административный округ,кафе,55.709560743957304,37.67065900000001,1910091.8341929535,6409260.861190436,5943.5062414455315
7321,Додо Пицца,"город Москва, 1-я улица Машиностроения, дом 10",Южнопортовый район,Юго-Восточный административный округ,кафе,55.71416174528791,37.671607999999985,1909978.4179236332,6409776.6769071845,5542.221732968732
7325,Мята Lounge,"город Москва, Шмитовский проезд, дом 16, строение 2",Пресненский район,Центральный административный округ,кафе,55.758235758061616,37.546524000000005,1900735.8696654015,6411909.031626237,4839.362643100874
7326,Мята Lounge,"город Москва, улица Арбат, дом 11",район Арбат,Центральный административный округ,кафе,55.75115675600659,37.597915000000015,1904122.3208102265,6412219.5782754375,1534.425334136363
7335,Шоколадница,"город Москва, Большой Спасоглинищевский переулок, дом 9/1, строение 16",Басманный район,Центральный административный округ,кафе,55.75433775692988,37.63696500000001,1906377.9779832328,6413380.00656889,1005.803043462764
7336,Шоколадница,"город Москва, Ленинградский проспект, дом 36",район Аэропорт,Северный административный округ,кафе,55.7911737676405,37.566679,1900740.9175366217,6415880.405661842,5535.4428971000125
7337,Шоколадница,"город Москва, Чистопрудный бульвар, дом 1А",Басманный район,Центральный административный округ,кафе,55.76469575993808,37.640041,1906179.99095311,6414560.811614917,1739.4350019226508
7340,Культ,"город Москва, улица Арбат, дом 6/2",район Арбат,Центральный административный округ,ресторан,55.75193075623121,37.597339999999996,1904058.6577818478,6412290.982023381,1557.1830856321078
7343,Pastoria,"город Москва, Бауманская улица, дом 33/2, строение 1",Басманный район,Центральный административный округ,кафе,55.77282376230058,37.678907,1908238.8073926936,6416251.814784563,4296.002510433752
7349,Кофейня «Чайникофф»,"город Москва, улица Грузинский Вал, дом 18/15",Пресненский район,Центральный административный округ,кафе,55.77317476240265,37.578696,1902137.891708291,6414191.189567236,3531.8166170165646
7353,The бык,"город Москва, Душинская улица, дом 14",район Лефортово,Юго-Восточный административный округ,ресторан,55.746138754550635,37.70484900000001,1910809.1773642648,6413921.213592123,5436.014719799889
7357,Пекарня ПаПан,"город Москва, 2-я Квесисская улица, дом 23",Савёловский район,Северный административный округ,кафе,55.79465276865387,37.575061999999996,1901121.0729914368,6416430.429539483,5540.29478543412
7358,Азия&Гриль,"город Москва, Большой Козловский переулок, дом 3/2",Басманный район,Центральный административный округ,кафе,55.767770760831674,37.646812999999995,1906477.1477526277,6415034.133259825,2294.6821605303867
7359,Сонг,"город Москва, Большая Сухаревская площадь, дом 14/7",Красносельский район,Центральный административный округ,ресторан,55.771781761997616,37.636423000000015,1905696.8260750417,6415248.70028439,2282.0080422329193
7370,Кафе РАНГОЛИ,"город Москва, Люсиновская улица, дом 55",Даниловский район,Южный административный округ,кафе,55.71702874611732,37.62362099999999,1906952.1038876837,6409079.023465526,4177.800088681288
7371,Kombinat Deli,"город Москва, Марксистская улица, дом 1, корпус 1",Таганский район,Центральный административный округ,кафе,55.740434752896434,37.65859199999999,1908209.5184564642,6412335.051144155,2828.5595315731543
7372,Чайхона VIZIR,"город Москва, 2-я улица Марьиной Рощи, дом 22",район Марьина Роща,Северо-Восточный административный округ,кафе,55.80011077024433,37.621158000000015,1903717.2580035126,6417982.218525693,5296.048004039738
7373,Кофейня KofeINCafe,"город Москва, улица Верхняя Масловка, дом 11",район Аэропорт,Северный административный округ,кафе,55.793083768196816,37.56374600000001,1900492.0345209865,6416025.07126297,5823.229854522798
7375,Хан Донер,"город Москва, улица Нижняя Масловка, дом 5",район Беговой,Северный административный округ,кафе,55.79166176778262,37.583287,1901731.4244988402,6416279.820070047,4975.914606009909
7376,Кафе «TigerBunny»,"город Москва, Большой Патриарший переулок, дом 8, строение 1",Пресненский район,Центральный административный округ,кафе,55.76276709985466,37.592751898200014,1903377.8914940506,6413363.099874399,2112.579106836379
7379,Много Лосося,"город Москва, Октябрьская улица, дом 7",район Марьина Роща,Северо-Восточный административный округ,кафе,55.78595676612147,37.613598999999994,1903783.929868729,6416298.614482342,3716.2007096530733
7380,COFFEE BAR,"город Москва, Октябрьская улица, дом 91, корпус 1",район Марьина Роща,Северо-Восточный административный округ,кафе,55.79784376958366,37.612089000000005,1903250.8847420553,6417548.173401671,5072.713058194064
7381,Кафе,"город Москва, Октябрьский переулок, дом 12",район Марьина Роща,Северо-Восточный административный округ,кафе,55.78745676655813,37.61183999999999,1903621.4144931484,6416423.483474878,3901.835844753497
7382,Dodici wine and Kitchen,"город Москва, улица Остоженка, дом 14/2",район Хамовники,Центральный административный округ,ресторан,55.741876753314536,37.599207000000014,1904545.0612883938,6411246.284049982,1957.7237040610285
7386,Кафе «Вьетнамская Кухня»,"город Москва, улица Шаболовка, дом 30/12",Донской район,Южный административный округ,кафе,55.71911274672033,37.608641,1905963.2832418575,6408989.884341429,4021.822895159312
7387,ФРАНЦУЗСКАЯ ПЕКАРНЯ,"город Москва, улица Шаболовка, дом 30/12",Донской район,Южный административный округ,кафе,55.71911274672033,37.608641,1905963.2832418575,6408989.884341429,4021.822895159312
7391,Kaufman кафе,"город Москва, Посланников переулок, дом 9, строение 5",Басманный район,Центральный административный округ,кафе,55.77086176173017,37.683254000000005,1908575.9176345146,6416131.64020526,4435.525663671356
7396,ШейкБери,"город Москва, улица Солянка, дом 1/2, строение 2",Басманный район,Центральный административный округ,кафе,55.75410875686341,37.63887,1906502.2749966865,6413395.24567666,1126.4490633592702
7397,Кондитерская Atelier de Tartelettes,"город Москва, Спиридоньевский переулок, дом 10А",Пресненский район,Центральный административный округ,кафе,55.762620759335235,37.5958,1903568.5666640424,6413411.063393986,1935.511482202649
7398,Pho Fighters,"город Москва, Столешников переулок, дом 7, строение 2",Тверской район,Центральный административный округ,кафе,55.763276759525795,37.61410300000001,1904656.5413055539,6413864.685295151,1192.3276662369958
7401,Мармеландия,"город Москва, Большая Серпуховская улица, дом 31, корпус 10",район Замоскворечье,Центральный административный округ,кафе,55.723314747936556,37.627272000000005,1906940.8652550075,6409833.104840657,3479.4505482407476
7402,Азиатико,"город Москва, Смоленская улица, дом 3",район Хамовники,Центральный административный округ,кафе,55.74527175429913,37.581757,1903358.0919301354,6411247.314994402,2720.1069048869745
7404,Ресторан «Khinka Lee»,"город Москва, Никитский бульвар, дом 25",Пресненский район,Центральный административный округ,ресторан,55.75687975766787,37.598088,1903920.5679630653,6412840.089012464,1541.1036770548953
7406,Caffeine,"город Москва, улица Сущёвский Вал, дом 63",район Марьина Роща,Северо-Восточный административный округ,кафе,55.79330776826206,37.620557999999996,1903933.526315197,6417236.483284823,4520.821499681095
7407,MADEO,"город Москва, улица Сущёвский Вал, дом 3/5А",район Марьина Роща,Северо-Восточный административный округ,кафе,55.792616768060796,37.59081200000002,1902152.9703396359,6416539.980178445,4856.204138005668
7408,Утёс,"город Москва, 4-я Тверская-Ямская улица, дом 6/12",Тверской район,Центральный административный округ,кафе,55.77259676223458,37.597283,1903288.6441296886,6414517.375425777,2657.0046878421963
7409,COFFEE LIKE,"город Москва, Тихвинская улица, дом 20",район Марьина Роща,Северо-Восточный административный округ,кафе,55.79057276746546,37.600729999999984,1902831.074765764,6416526.980103594,4412.643225778386
7412,Мараканд,"город Москва, Новинский бульвар, дом 11",район Арбат,Центральный административный округ,ресторан,55.75347175667848,37.581779999999995,1903055.5884836558,6412131.742779751,2545.1065264022177
7413,Клаштер,"город Москва, улица Покровка, дом 19",Басманный район,Центральный административный округ,кафе,55.759606758459775,37.646602999999985,1906767.902169438,6414149.875139717,1758.5660754237754
7416,"Гастромаркет Столица, Открытая кухня","город Москва, улица Земляной Вал, дом 2",Басманный район,Центральный административный округ,кафе,55.76317475949617,37.656228,1907220.1015815998,6414736.203227467,2490.0463154225345
7417,Точка DZY,"город Москва, улица Земляной Вал, дом 24/30, строение 1",Басманный район,Центральный административный округ,кафе,55.75870875819897,37.657204,1907445.5144395826,6414275.370481293,2374.871297884999
7419,Вкусный кофе,"город Москва, Шарикоподшипниковская улица, дом 32",Южнопортовый район,Юго-Восточный административный округ,кафе,55.7158397457733,37.67666400000001,1910223.5968051406,6410063.719894015,5589.092064371732
7423,IRISH MIST PUB,"город Москва, улица Шухова, дом 19",Даниловский район,Южный административный округ,ресторан,55.716423745942265,37.610062000000006,1906149.5034411284,6408729.774248816,4306.04798360605
7429,Салам Алейкум,"город Москва, улица Щепкина, дом 25/20",Мещанский район,Центральный административный округ,кафе,55.77778876374455,37.628804,1905010.7939170566,6415736.534832717,2792.6422717892387
7433,Ля Фантазия,"город Москва, Большая Серпуховская улица, дом 31, корпус 11",район Замоскворечье,Центральный административный округ,кафе,55.72269874775823,37.627579999999995,1906982.4748281164,6409773.160888198,3551.4418283816785
7449,"Перня, шаурма","город Москва, улица Красная Пресня, дом 23, корпус Б, строение 1",Пресненский район,Центральный административный округ,кафе,55.76426675981343,37.56332499999999,1901533.8502208083,6412909.891272416,3922.1202293070637
7469,Кафе «Фреш Маркет»,"город Москва, Шмитовский проезд, дом 16, строение 1",Пресненский район,Центральный административный округ,кафе,55.758381758104,37.549254000000005,1900896.4266070134,6411981.739605978,4666.834096944558
7470,Корнер,"город Москва, Композиторская улица, дом 17",район Арбат,Центральный административный округ,кафе,55.751237102540806,37.58660086755218,1903431.5007748585,6411991.63157426,2252.0809216817643
7471,Do Do пицца,"город Москва, Сокольническая площадь, дом 9",район Сокольники,Восточный административный округ,кафе,55.79031976739179,37.68080700000001,1907702.6330542997,6418177.002779392,5662.531388759462
7472,Tako Project,"город Москва, Весковский переулок, дом 3",Тверской район,Центральный административный округ,кафе,55.7790607641146,37.598671,1903133.1645217414,6415243.1281216005,3242.9232613202726
7473,Булочная «Батон»,"город Москва, Большой Тишинский переулок, дом 10, строение 1",Пресненский район,Центральный административный округ,кафе,55.76922076125312,37.577378,1902204.3507850077,6413737.435723385,3338.184136341331
7474,КУ РАМЕН ИЗАКАЯ БАР,"город Москва, Большая Грузинская улица, дом 69",Тверской район,Центральный административный округ,кафе,55.77420876270333,37.58569000000001,1902524.504593361,6414448.787921391,3278.515690730801
7475,THE Y,"город Москва, Малая Пироговская улица, дом 8",район Хамовники,Центральный административный округ,ресторан,55.72956474974637,37.569407,1903188.8337379214,6409295.915252953,4325.035809395798
7488,МИНДАЛЬ И КОФЕ,"город Москва, Большая Татарская улица, дом 35, строение 3",район Замоскворечье,Центральный административный округ,кафе,55.73749575204442,37.635598,1906920.603256126,6411536.114702196,2056.7771824273314
7489,Barrister,"город Москва, улица Рождественка, дом 5/7, строение 2",Мещанский район,Центральный административный округ,кафе,55.7610724673326,37.6233846898629,1905302.4418265538,6413821.407216075,855.6766648248074
7490,Ресторан ( закрытая),"город Москва, Донская улица, дом 1",район Якиманка,Центральный административный округ,ресторан,55.72713974904405,37.610811,1905797.505638662,6409900.597101105,3097.8600755230877
7499,Культ кальянная,"город Москва, Валовая улица, дом 30",район Замоскворечье,Центральный административный округ,кафе,55.73028474995494,37.626594999999995,1906640.8846860614,6410570.206934359,2685.18139681302
7502,Кофейня cofix,"город Москва, улица Сущёвский Вал, дом 59",район Марьина Роща,Северо-Восточный административный округ,кафе,55.79357576834013,37.61525499999999,1903601.5870093848,6417154.412800754,4567.965581850405
7504,Кулинария «Городская еда»,"город Москва, улица 1905 Года, дом 7, строение 1",Пресненский район,Центральный административный округ,кафе,55.76257775932273,37.559562,1901367.6817656013,6412649.2474035835,4100.990439910575
7507,Белорусская хата,"город Москва, улица Покровка, дом 9, строение 1",Басманный район,Центральный административный округ,кафе,55.7591769515104,37.643211744888,1906577.7901257016,6414032.4705228545,1539.0270300497402
7508,Гастролавка Бородинского,"город Москва, Бакунинская улица, дом 70, строение 1",Басманный район,Центральный административный округ,кафе,55.778203763865285,37.690851,1908763.8454533715,6417082.292200963,5270.5782306341
7509,На Чили,"город Москва, улица Покровка, дом 17, строение 1",Басманный район,Центральный административный округ,кафе,55.75969175848445,37.645256999999994,1906682.945781903,6414130.821874168,1683.0084793713606
7510,Да Еда. Шаурма,"город Москва, улица Покровка, дом 17, строение 1",Басманный район,Центральный административный округ,кафе,55.75969175848445,37.645256999999994,1906682.945781903,6414130.821874168,1683.0084793713606
7511,Дублинец,"город Москва, Никольская улица, дом 10",Тверской район,Центральный административный округ,ресторан,55.757888757960856,37.62447800000001,1905487.1200610579,6413501.156459841,522.6187370365462
7512,PinzaUno,"город Москва, Мясницкий проезд, дом 4, строение 1",Басманный район,Центральный административный округ,кафе,55.768387761011,37.646995,1906465.2657602208,6415104.442910751,2352.7195836996634
7513,Светлый,"город Москва, Большой Харитоньевский переулок, дом 21, строение 3",Басманный район,Центральный административный округ,ресторан,55.76646176045125,37.65055000000001,1906752.8669276477,6414971.39399546,2377.218683714012
7514,Старик и Море,"город Москва, Чистопрудный бульвар, дом 12А, строение 1",Басманный район,Центральный административный округ,кафе,55.76048175871391,37.64372,1906560.1768691929,6414183.748312345,1634.2706934334824
7517,Кафе DESSERT,"город Москва, Большая Серпуховская улица, дом 32, строение 1",район Замоскворечье,Центральный административный округ,кафе,55.72520374848344,37.62567199999999,1906773.3942743437,6410003.191955815,3255.0987407532143
7520,Замечательные люди,"город Москва, улица Ильинка, дом 13",Тверской район,Центральный административный округ,ресторан,55.75570775732759,37.628068999999996,1905786.3785598131,6413341.29308598,490.3768241444824
7523,Рамен,"город Москва, Цветной бульвар, дом 21, строение 7",Тверской район,Центральный административный округ,ресторан,55.7721507621049,37.619568,1904659.1349969273,6414935.527350469,2111.8687077177374
7524,Джанус,"город Москва, Каланчёвская улица, дом 21/40",Красносельский район,Центральный административный округ,ресторан,55.77399376264081,37.652029000000006,1906562.6226236178,6415814.117909937,3043.202628197066
7525,LALTRO BOSCO,"город Москва, улица Петровка, дом 10",Тверской район,Центральный административный округ,ресторан,55.76282875939564,37.619228999999976,1904984.6801251327,6413923.696196059,1055.0029873310853
7526,Арт бар ПАЛИХА,"город Москва, улица Палиха, дом 14/33, строение 2",Тверской район,Центральный административный округ,кафе,55.784400765668515,37.60038200000001,1903038.9630901115,6415854.471269839,3755.579127387152
7527,Веранда 10.2,"город Москва, Лесная улица, дом 20, строение 5",Тверской район,Центральный административный округ,кафе,55.77916576414515,37.59119499999999,1902675.127814971,6415098.154938497,3495.472980572554
7528,Lao Lee,"город Москва, Миусская площадь, дом 9, строение 8",Тверской район,Центральный административный округ,кафе,55.7789837640922,37.59661200000001,1903010.9445616326,6415191.778438883,3296.860402517095
7530,NOODLE BAR,"город Москва, Сущёвская улица, дом 21",Тверской район,Центральный административный округ,ресторан,55.782001764970346,37.600344,1903125.669675994,6415595.104043672,3502.682640827579
7532,НаЛивки,"город Москва, 1-й Спасоналивковский переулок, дом 8, строение 2",район Якиманка,Центральный административный округ,кафе,55.73335775084522,37.61674400000001,1905927.6447184407,6410695.0898342,2332.725529897928
7548,ДЗ ПД Москоу,"город Москва, Цветной бульвар, дом 21, строение 2",Тверской район,Центральный административный округ,ресторан,55.77198576205694,37.620121999999995,1904698.9198053414,6414929.34005374,2091.4231584917584
7552,Кафе Сообщники,"город Москва, улица Зацепа, дом 26, строение 1",район Замоскворечье,Центральный административный округ,кафе,55.72981374981851,37.632092,1906992.724323715,6410634.631500016,2803.914991396397
7554,Добрые люди,"город Москва, Софийская набережная, дом 30, строение 1",район Якиманка,Центральный административный округ,кафе,55.7479007550618,37.621427000000004,1905672.5442021298,6412360.721754929,655.7924833909788
7555,Кальянная Культ,"город Москва, улица Шаболовка, дом 2",район Якиманка,Центральный административный округ,кафе,55.72680174894617,37.61134899999999,1905842.774520651,6409875.427817308,3128.1600580747577
7557,Кафе,"город Москва, проезд Завода Серп и Молот, дом 5, строение 1",район Лефортово,Юго-Восточный административный округ,кафе,55.750985755956954,37.707992999999995,1910819.5949760282,6414509.605737527,5578.199255854945
7559,Кафе «Presnina»,"город Москва, Столярный переулок, дом 7, строение 1",Пресненский район,Центральный административный округ,кафе,55.76373356167612,37.566217339285274,1901729.389687584,6412912.809391511,3726.559812264339
7562,Дагестанская лавка,"город Москва, Ленинградский проспект, дом 36",район Аэропорт,Северный административный округ,ресторан,55.79106176760789,37.55893900000001,1900274.9986030387,6415706.793782789,5854.4151550575625
7563,FAN FOOD,"город Москва, Ленинградский проспект, дом 36",район Аэропорт,Северный административный округ,ресторан,55.79106176760789,37.55893900000001,1900274.9986030387,6415706.793782789,5854.4151550575625
7565,SERBIЯ,"город Москва, Ленинградский проспект, дом 36",район Аэропорт,Северный административный округ,ресторан,55.79106176760789,37.55893900000001,1900274.9986030387,6415706.793782789,5854.4151550575625
7566,BURGER HEROES,"город Москва, Ленинградский проспект, дом 36",район Аэропорт,Северный административный округ,кафе,55.79106176760789,37.55893900000001,1900274.9986030387,6415706.793782789,5854.4151550575625
7567,Casa di Moska,"город Москва, Благовещенский переулок, дом 3, строение 1",Тверской район,Центральный административный округ,ресторан,55.767641227289,37.5981766818372,1903526.774957465,6414001.917843533,2182.828825845687
7568,Шейк Шак,"город Москва, площадь Тверская Застава, дом 2, строение 2",Тверской район,Центральный административный округ,кафе,55.7753657630398,37.58434900000001,1902400.134296309,6414545.478290018,3433.1667890167537
7569,La Corte di Milano,"город Москва, Пятницкая улица, дом 31, строение 2",район Замоскворечье,Центральный административный округ,ресторан,55.74041675289123,37.628836,1906400.9221911514,6411709.252292118,1583.5534327320438
7570,Art lunch,"город Москва, Дербеневская улица, дом 20, строение 10",Даниловский район,Южный административный округ,кафе,55.72166574745921,37.647923999999996,1908258.489114021,6410088.355370772,4026.948618603035
7571,Гастромаркет Балчуг,"город Москва, улица Балчуг, дом 5",район Замоскворечье,Центральный административный округ,кафе,55.74749375494372,37.626110000000004,1905972.3590129167,6412414.93474831,765.5286823199989
7572,Мясо в лаваше,"город Москва, Пятницкий переулок, дом 8, строение 1",район Замоскворечье,Центральный административный округ,кафе,55.742950753625976,37.629735,1906361.4730877841,6412001.212936603,1333.4571244617234
7576,Кафе «Шинок»,"город Москва, улица 1905 Года, дом 2, строение 1",Пресненский район,Центральный административный округ,кафе,55.7550628429738,37.5603366555383,1901693.0282373389,6411855.287887419,3926.6966970085687
7577,Ресторан «Китайский Самовар»,"город Москва, улица 1905 Года, дом 2, строение 1",Пресненский район,Центральный административный округ,ресторан,55.75636,37.559926,1901620.0340016633,6411986.552223939,3961.7701130450287
7578,Лаваш и Угли,"город Москва, Верхняя Сыромятническая улица, дом 7, строение 1",Басманный район,Центральный административный округ,кафе,55.754662757024214,37.66125199999999,1907842.0174751824,6413924.239890062,2566.8452968324223
7579,Сыроварня,"город Москва, Усачёва улица, дом 26",район Хамовники,Центральный административный округ,ресторан,55.727512749152076,37.56779200000001,1903166.568617672,6409040.943532513,4555.30368625476
7580,Авокадо Поинт,"город Москва, Усачёва улица, дом 26",район Хамовники,Центральный административный округ,кафе,55.727512749152076,37.56779200000001,1903166.568617672,6409040.943532513,4555.30368625476
7581,Узбекская кухня,"город Москва, Усачёва улица, дом 26",район Хамовники,Центральный административный округ,ресторан,55.727512749152076,37.56779200000001,1903166.568617672,6409040.943532513,4555.30368625476
7582,Поке,"город Москва, Усачёва улица, дом 26",район Хамовники,Центральный административный округ,кафе,55.727512749152076,37.56779200000001,1903166.568617672,6409040.943532513,4555.30368625476
7583,Шаурмен,"город Москва, Усачёва улица, дом 26",район Хамовники,Центральный административный округ,кафе,55.727512749152076,37.56779200000001,1903166.568617672,6409040.943532513,4555.30368625476
7584,The Truffel,"город Москва, Усачёва улица, дом 26",район Хамовники,Центральный административный округ,кафе,55.727512749152076,37.56779200000001,1903166.568617672,6409040.943532513,4555.30368625476
7585,Порт Находка,"город Москва, Усачёва улица, дом 26",район Хамовники,Центральный административный округ,ресторан,55.727512749152076,37.56779200000001,1903166.568617672,6409040.943532513,4555.30368625476
7586,Кафе «Багратион»,"город Москва, Сеченовский переулок, дом 7А",район Хамовники,Центральный административный округ,кафе,55.74072075297935,37.59479799999999,1904319.8158554884,6411029.43419599,2256.593989624081
7588,Absolem,"город Москва, улица Маросейка, дом 4/2, строение 1",Басманный район,Центральный административный округ,кафе,55.75737875781276,37.63404400000001,1906087.4545035227,6413646.558329124,918.9744883982138
7589,Chicken Duck,"город Москва, улица Маросейка, дом 4/2, строение 1",Басманный район,Центральный административный округ,ресторан,55.75737875781276,37.63404400000001,1906087.4545035227,6413646.558329124,918.9744883982138
7590,China Street,"город Москва, улица Маросейка, дом 4/2, строение 1",Басманный район,Центральный административный округ,ресторан,55.75737875781276,37.63404400000001,1906087.4545035227,6413646.558329124,918.9744883982138
7591,The ФоRмат Caffe Diemme,"город Москва, улица Покровка, дом 38А",Басманный район,Центральный административный округ,кафе,55.761514759013934,37.651705,1907007.0001701484,6414462.464759211,2146.341626392282
7600,Шаурма на углях- Чайхана Баракат,"Таганская площадь, дом 88, строение 4",Таганский район,Центральный административный округ,кафе,55.74106375307881,37.652145,1907794.1484156996,6412267.603672875,2444.7429227628986
7601,Maxima cafe,"город Москва, улица Мастеркова, дом 4",Даниловский район,Южный административный округ,кафе,55.7086247436867,37.656832,1909285.2259155412,6408869.669633356,5617.7102812214225
7606,Лобби-бар,"город Москва, Театральный проезд, дом 3, строение 3",Мещанский район,Центральный административный округ,кафе,55.760058758591036,37.622178,1905266.7519671738,6413686.88142113,732.0880214053441
7609,Zharovnya,"город Москва, Театральный проезд, дом 5, строение 1",Мещанский район,Центральный административный округ,кафе,55.760132758612535,37.62455799999999,1905408.6452372167,6413744.69331308,766.6133952962913
7610,PHO вкусный,"город Москва, Театральный проезд, дом 5, строение 1",Мещанский район,Центральный административный округ,кафе,55.760132758612535,37.62455799999999,1905408.6452372167,6413744.69331308,766.6133952962913
7611,Ангария - волшебная страна,"город Москва, Театральный проезд, дом 5, строение 1",Мещанский район,Центральный административный округ,кафе,55.760132758612535,37.62455799999999,1905408.6452372167,6413744.69331308,766.6133952962913
7612,Teddy,"город Москва, Театральный проезд, дом 5, строение 1",Мещанский район,Центральный административный округ,кафе,55.760132758612535,37.62455799999999,1905408.6452372167,6413744.69331308,766.6133952962913
7613,Здесь поем,"город Москва, Театральный проезд, дом 5, строение 1",Мещанский район,Центральный административный округ,кафе,55.760132758612535,37.62455799999999,1905408.6452372167,6413744.69331308,766.6133952962913
7614,"Гамарджоба, Генацвале","город Москва, Театральный проезд, дом 5, строение 1",Мещанский район,Центральный административный округ,кафе,55.760132758612535,37.62455799999999,1905408.6452372167,6413744.69331308,766.6133952962913
7615,Любовь и Сладости,"город Москва, Театральный проезд, дом 5, строение 1",Мещанский район,Центральный административный округ,кафе,55.760132758612535,37.62455799999999,1905408.6452372167,6413744.69331308,766.6133952962913
7616,Bushe,"город Москва, Театральный проезд, дом 5, строение 1",Мещанский район,Центральный административный округ,кафе,55.760132758612535,37.62455799999999,1905408.6452372167,6413744.69331308,766.6133952962913
7617,Бургерная Электроугли,"город Москва, Театральный проезд, дом 5, строение 1",Мещанский район,Центральный административный округ,кафе,55.760132758612535,37.62455799999999,1905408.6452372167,6413744.69331308,766.6133952962913
7618,Cinnabon,"город Москва, Театральный проезд, дом 5, строение 1",Мещанский район,Центральный административный округ,кафе,55.760132758612535,37.62455799999999,1905408.6452372167,6413744.69331308,766.6133952962913
7619,K-Town,"город Москва, Театральный проезд, дом 5, строение 1",Мещанский район,Центральный административный округ,кафе,55.760132758612535,37.62455799999999,1905408.6452372167,6413744.69331308,766.6133952962913
7620,Кофейня ЦДМ,"город Москва, Театральный проезд, дом 5, строение 1",Мещанский район,Центральный административный округ,кафе,55.760132758612535,37.62455799999999,1905408.6452372167,6413744.69331308,766.6133952962913
7621,ChopEat,"город Москва, Театральный проезд, дом 5, строение 1",Мещанский район,Центральный административный округ,кафе,55.760132758612535,37.62455799999999,1905408.6452372167,6413744.69331308,766.6133952962913
7622,Poke House,"город Москва, Театральный проезд, дом 5, строение 1",Мещанский район,Центральный административный округ,кафе,55.760132758612535,37.62455799999999,1905408.6452372167,6413744.69331308,766.6133952962913
7623,Mac&Cheese,"город Москва, Театральный проезд, дом 5, строение 1",Мещанский район,Центральный административный округ,кафе,55.760132758612535,37.62455799999999,1905408.6452372167,6413744.69331308,766.6133952962913
7624,Фреш,"город Москва, Театральный проезд, дом 5, строение 1",Мещанский район,Центральный административный округ,кафе,55.760132758612535,37.62455799999999,1905408.6452372167,6413744.69331308,766.6133952962913
7625,Bo,"город Москва, Театральный проезд, дом 5, строение 1",Мещанский район,Центральный административный округ,кафе,55.760132758612535,37.62455799999999,1905408.6452372167,6413744.69331308,766.6133952962913
7626,Вино и Трюфель,"город Москва, Театральный проезд, дом 5, строение 1",Мещанский район,Центральный административный округ,кафе,55.760132758612535,37.62455799999999,1905408.6452372167,6413744.69331308,766.6133952962913
7627,Не путай берега,"город Москва, Театральный проезд, дом 5, строение 1",Мещанский район,Центральный административный округ,кафе,55.760132758612535,37.62455799999999,1905408.6452372167,6413744.69331308,766.6133952962913
7630,China Blue,"город Москва, Смоленская улица, дом 8",район Арбат,Центральный административный округ,ресторан,55.746255754584574,37.580365,1903236.9838412718,6411324.291923863,2767.8308226234803
7631,Darbars,"город Москва, Смоленская улица, дом 8",район Арбат,Центральный административный округ,ресторан,55.746255754584574,37.580365,1903236.9838412718,6411324.291923863,2767.8308226234803
7632,Zaiceff,"город Москва, Малый Афанасьевский переулок, дом 7",район Арбат,Центральный административный округ,ресторан,55.75047875580983,37.597927,1904148.1968900287,6412146.745931002,1549.8846126801864
7633,Kislovsky,"город Москва, Большой Кисловский переулок, дом 1, строение 2",район Арбат,Центральный административный округ,ресторан,55.75375375676034,37.605736,1904501.4263306477,6412663.137028778,1005.0191612778859
7635,Чакруло,"город Москва, улица Новый Арбат, дом 15",район Арбат,Центральный административный округ,ресторан,55.75205875626837,37.592665999999994,1903769.7647066156,6412207.023105897,1854.1665374744118
7636,Cihan Steak and Kebab,"город Москва, улица Новый Арбат, дом 21",район Арбат,Центральный административный округ,ресторан,55.751935756232655,37.586041,1903371.5645403005,6412055.238848976,2279.5699320180274
7637,Абу Гош,"город Москва, переулок Сивцев Вражек, дом 42, строение 5",район Арбат,Центральный административный округ,кафе,55.74691075477457,37.58713100000001,1903624.1093699962,6411536.349484268,2331.5546637275975
7638,Charley's,"город Москва, улица Новый Арбат, дом 5",район Арбат,Центральный административный округ,ресторан,55.75257975641957,37.59820799999999,1904087.3540886664,6412379.095609806,1493.9579565178374
7640,Бар,"город Москва, улица Новый Арбат, дом 19",район Арбат,Центральный административный округ,кафе,55.75193775623324,37.589379,1903574.4222388777,6412125.2451412035,2065.830951820757
7643,Балканский ресторан Джумбус,"город Москва, Добровольческая улица, дом 12",Таганский район,Центральный административный округ,ресторан,55.74542275434294,37.667834,1908585.8451706911,6413066.551666821,3131.702543977563
7644,Бургерная МЕАТ лав,"город Москва, Товарищеский переулок, дом 1, строение 3",Таганский район,Центральный административный округ,кафе,55.74151675321015,37.65759099999999,1908108.41989021,6412430.662818477,2709.2420802506836
7645,Кипрская кухня,"город Москва, улица Рогожский Вал, дом 5, строение 1",Таганский район,Центральный административный округ,кафе,55.744448754060436,37.67906599999999,1909304.8866189688,6413197.377994684,3855.694614635974
7646,Шарлима,"город Москва, улица Рогожский Вал, дом 5, строение 1",Таганский район,Центральный административный округ,кафе,55.744448754060436,37.67906599999999,1909304.8866189688,6413197.377994684,3855.694614635974
7647,Фо-Бо,"город Москва, улица Рогожский Вал, дом 5, строение 1",Таганский район,Центральный административный округ,кафе,55.744448754060436,37.67906599999999,1909304.8866189688,6413197.377994684,3855.694614635974
7648,Sanders Grill,"город Москва, улица Новый Арбат, дом 17",район Арбат,Центральный административный округ,ресторан,55.75206175626922,37.59121700000001,1903681.5638024074,6412177.045038778,1946.8609003714505
7649,1x bet,"город Москва, улица Новый Арбат, дом 17",район Арбат,Центральный административный округ,кафе,55.75206175626922,37.59121700000001,1903681.5638024074,6412177.045038778,1946.8609003714505
7653,Тук-Тук,"город Москва, Сущёвская улица, дом 21, строение 4",Тверской район,Центральный административный округ,кафе,55.78255676513184,37.600612000000005,1903121.35489119,6415660.527866153,3554.6355409576645
7654,Стерео Пипл,"город Москва, Сущёвская улица, дом 21, строение 10",Тверской район,Центральный административный округ,ресторан,55.78245776510305,37.600686,1903129.523040914,6415651.404630939,3542.3912367864305
7662,Рихтер,"город Москва, Пятницкая улица, дом 42",район Замоскворечье,Центральный административный округ,ресторан,55.7378157521372,37.627861,1906438.2275729664,6411408.475292161,1853.1526375836816
7663,Оттоман,"город Москва, Пятницкая улица, дом 24",район Замоскворечье,Центральный административный округ,ресторан,55.74130875314985,37.628304000000014,1906335.4464218712,6411794.250267226,1476.2763131979327
7665,Базар-Вокзал,"город Москва, Краснопрудная улица, дом 3/5, строение 1",Красносельский район,Центральный административный округ,кафе,55.778405763924056,37.658891999999994,1906815.369890645,6416433.466269968,3712.0751009425203
7667,Чехов,"город Москва, улица Малая Дмитровка, дом 11",Тверской район,Центральный административный округ,кафе,55.76882176113715,37.605334,1903917.8814787297,6414278.865826845,2012.9973705464533
7668,Фо Ролл,"город Москва, Дербеневская улица, дом 1, строение 2",Даниловский район,Южный административный округ,кафе,55.72616674876229,37.651700000000005,1908320.8895765317,6410652.691532059,3691.2543615759982
7670,Fresh for you,"город Москва, Нижняя Красносельская улица, дом 35, строение 59",Басманный район,Центральный административный округ,кафе,55.776655763415,37.674831999999995,1907848.6230468408,6416579.231319729,4322.705087770213
7671,EateriaKitchen (Паста),"город Москва, Нижняя Красносельская улица, дом 35, строение 59",Басманный район,Центральный административный округ,кафе,55.776655763415,37.674831999999995,1907848.6230468408,6416579.231319729,4322.705087770213
7672,Buffalos,"город Москва, Нижняя Красносельская улица, дом 35, строение 59",Басманный район,Центральный административный округ,кафе,55.776655763415,37.674831999999995,1907848.6230468408,6416579.231319729,4322.705087770213
7673,Дагестанская лавка,"город Москва, Нижняя Красносельская улица, дом 35, строение 59",Басманный район,Центральный административный округ,кафе,55.776655763415,37.674831999999995,1907848.6230468408,6416579.231319729,4322.705087770213
7674,Tapas Avocado Bar,"город Москва, Нижняя Красносельская улица, дом 35, строение 59",Басманный район,Центральный административный округ,кафе,55.776655763415,37.674831999999995,1907848.6230468408,6416579.231319729,4322.705087770213
7675,Mitrofood,"город Москва, Нижняя Красносельская улица, дом 35, строение 59",Басманный район,Центральный административный округ,кафе,55.776655763415,37.674831999999995,1907848.6230468408,6416579.231319729,4322.705087770213
7676,"Genso Sushi, Явтай","город Москва, Нижняя Красносельская улица, дом 35, строение 59",Басманный район,Центральный административный округ,кафе,55.776655763415,37.674831999999995,1907848.6230468408,6416579.231319729,4322.705087770213
7677,ХаоВейДао,"город Москва, Нижняя Красносельская улица, дом 35, строение 59",Басманный район,Центральный административный округ,кафе,55.776655763415,37.674831999999995,1907848.6230468408,6416579.231319729,4322.705087770213
7678,Кочевник,"город Москва, Нижняя Красносельская улица, дом 35, строение 59",Басманный район,Центральный административный округ,кафе,55.776655763415,37.674831999999995,1907848.6230468408,6416579.231319729,4322.705087770213
7679,Meat Meet,"город Москва, Нижняя Красносельская улица, дом 35, строение 59",Басманный район,Центральный административный округ,кафе,55.776655763415,37.674831999999995,1907848.6230468408,6416579.231319729,4322.705087770213
7680,Ngon,"город Москва, Нижняя Красносельская улица, дом 35, строение 59",Басманный район,Центральный административный округ,кафе,55.776655763415,37.674831999999995,1907848.6230468408,6416579.231319729,4322.705087770213
7681,Massala House,"город Москва, Нижняя Красносельская улица, дом 35, строение 59",Басманный район,Центральный административный округ,кафе,55.776655763415,37.674831999999995,1907848.6230468408,6416579.231319729,4322.705087770213
7682,Pro Пельмени,"город Москва, Нижняя Красносельская улица, дом 35, строение 59",Басманный район,Центральный административный округ,кафе,55.776655763415,37.674831999999995,1907848.6230468408,6416579.231319729,4322.705087770213
7683,Kebab house,"город Москва, Нижняя Красносельская улица, дом 35, строение 59",Басманный район,Центральный административный округ,кафе,55.776655763415,37.674831999999995,1907848.6230468408,6416579.231319729,4322.705087770213
7684,Plov.com,"город Москва, Нижняя Красносельская улица, дом 35, строение 59",Басманный район,Центральный административный округ,кафе,55.776655763415,37.674831999999995,1907848.6230468408,6416579.231319729,4322.705087770213
7685,Арарат,"город Москва, Нижняя Красносельская улица, дом 35, строение 59",Басманный район,Центральный административный округ,кафе,55.776655763415,37.674831999999995,1907848.6230468408,6416579.231319729,4322.705087770213
7686,Гемриеле,"город Москва, Нижняя Красносельская улица, дом 35, строение 59",Басманный район,Центральный административный округ,кафе,55.776655763415,37.674831999999995,1907848.6230468408,6416579.231319729,4322.705087770213
7687,Чеченская кухня,"город Москва, Нижняя Красносельская улица, дом 35, строение 59",Басманный район,Центральный административный округ,кафе,55.776655763415,37.674831999999995,1907848.6230468408,6416579.231319729,4322.705087770213
7688,ВьетВок,"город Москва, улица Сущёвский Вал, дом 31, строение 1",район Марьина Роща,Северо-Восточный административный округ,кафе,55.79378876840218,37.604558,1902944.1696763237,6416953.64036435,4701.042309908602
7690,Jai Hind,"город Москва, Олимпийский проспект, дом 18/1",Мещанский район,Центральный административный округ,ресторан,55.785013765846955,37.624489999999994,1904480.3732767391,6416424.893993826,3580.6837607627294
7696,Бургерная,"город Москва, Полковая улица, дом 3, строение 5",район Марьина Роща,Северо-Восточный административный округ,кафе,55.799072769941795,37.60489299999998,1902768.3829389769,6417530.147478488,5284.710133285412
7697,Хорошие люди,"город Москва, Полковая улица, дом 3, строение 5",район Марьина Роща,Северо-Восточный административный округ,кафе,55.799072769941795,37.60489299999998,1902768.3829389769,6417530.147478488,5284.710133285412
7698,ЭЛЬ КАФЕ,"город Москва, Полковая улица, дом 3, строение 5",район Марьина Роща,Северо-Восточный административный округ,кафе,55.799072769941795,37.60489299999998,1902768.3829389769,6417530.147478488,5284.710133285412
7699,Сильвер Панда,"город Москва, Полковая улица, дом 3, строение 5",район Марьина Роща,Северо-Восточный административный округ,кафе,55.799072769941795,37.60489299999998,1902768.3829389769,6417530.147478488,5284.710133285412
7700,Кафе-столовая Карэль,"город Москва, Полковая улица, дом 3, строение 5",район Марьина Роща,Северо-Восточный административный округ,кафе,55.799072769941795,37.60489299999998,1902768.3829389769,6417530.147478488,5284.710133285412
7701,ИТ МАРКЕТ РОЗА,"город Москва, улица Тимура Фрунзе, дом 11, строение 13",район Хамовники,Центральный административный округ,ресторан,55.73471075123727,37.58825699999999,1904144.8185784821,6410244.753396631,3032.55024062191
7702,Профтесто,"город Москва, улица Сущёвский Вал, дом 43",район Марьина Роща,Северо-Восточный административный округ,кафе,55.79374576838965,37.609291999999996,1903233.2109708579,6417048.004351183,4635.796346952649
7706,Barbeque,"город Москва, Шереметьевская улица, дом 20",район Марьина Роща,Северо-Восточный административный округ,ресторан,55.80332177118038,37.61819700000001,1903418.2448767999,6418266.325766705,5665.711891174094
7713,Crop,"город Москва, Складочная улица, дом 1, строение 1",Бутырский район,Северо-Восточный административный округ,кафе,55.79979377015193,37.595673999999995,1902181.9326042759,6417415.1433821125,5512.728400920877
7721,Гонконг,"город Москва, Русаковская улица, дом 24",район Сокольники,Восточный административный округ,ресторан,55.787992766714204,37.680682,1907781.7115638235,6417923.634752689,5464.09861785069
7726,Бон Густо,"город Москва, Сокольническая площадь, дом 4А",район Сокольники,Восточный административный округ,кафе,55.79003076730764,37.678582000000006,1907578.3133053347,6418099.173359358,5542.379927134061
7733,Amande Cafe,"город Москва, Марксистская улица, дом 3, строение 1",Таганский район,Центральный административный округ,кафе,55.73837675229981,37.661681,1908473.8759639014,6412178.064955657,3123.1054791683605
7748,ЦНИИТМАШ,"город Москва, Шарикоподшипниковская улица, дом 4, корпус 1",Южнопортовый район,Юго-Восточный административный округ,кафе,55.72118474732,37.667334999999994,1909457.2057501532,6410443.86657997,4737.5400869638115
7749,Однажды в Ташкенте,"город Москва, Шарикоподшипниковская улица, дом 11, строение 7",Южнопортовый район,Юго-Восточный административный округ,ресторан,55.7188517466448,37.67660699999999,1910108.046734451,6410387.138927473,5326.154303585619
7750,Олива,"город Москва, Шарикоподшипниковская улица, дом 11, строение 7",Южнопортовый район,Юго-Восточный административный округ,ресторан,55.7188517466448,37.67660699999999,1910108.046734451,6410387.138927473,5326.154303585619
7769,Mr.Тутти,"город Москва, шоссе Энтузиастов, дом 12, корпус 2",район Лефортово,Юго-Восточный административный округ,кафе,55.747449754930955,37.706848,1910881.813700512,6414104.5088759065,5541.851267690604
7787,Ресторан Вьетнамской кухни ГАО,"город Москва, Летниковская улица, дом 4, строение 5",район Замоскворечье,Центральный административный округ,ресторан,55.72771674921115,37.64433499999998,1907815.3011329472,6410665.275505198,3305.3004355135386
7788,Medusa Asian Kitchen bar,"город Москва, Берсеневский переулок, дом 2, строение 1",район Якиманка,Центральный административный округ,ресторан,55.74089775303067,37.609823,1905226.9304300086,6411362.923545363,1632.638790972822
7789,Мамина еда,"город Москва, улица Шаболовка, дом 2, строение 1",район Якиманка,Центральный административный округ,кафе,55.72708374902785,37.611406,1905835.7786915076,6409907.019280982,3095.9468680164628
7790,Спасский,"город Москва, улица Ильинка, дом 3/8, строение 5",Тверской район,Центральный административный округ,ресторан,55.754694757033505,37.62469599999999,1905618.9849966688,6413161.465727373,244.71530760123622
7791,Leto Lounge,"город Москва, Фрунзенская набережная, дом 30, строение 5",район Хамовники,Центральный административный округ,кафе,55.72515674846984,37.582239,1904132.802565863,6409088.956913982,4109.196533733202
7792,Cinnabon,"город Москва, Манежная площадь, дом 1, строение 2",Тверской район,Центральный административный округ,кафе,55.75546775725792,37.615036,1905003.1219108328,6413042.523144839,456.6005062009062
7793,Eat Georgian,"город Москва, Манежная площадь, дом 1, строение 2",Тверской район,Центральный административный округ,кафе,55.75546775725792,37.615036,1905003.1219108328,6413042.523144839,456.6005062009062
7794,IPho cafe,"город Москва, Манежная площадь, дом 1, строение 2",Тверской район,Центральный административный округ,кафе,55.75546775725792,37.615036,1905003.1219108328,6413042.523144839,456.6005062009062
7795,Чайхана Лаззат,"город Москва, Манежная площадь, дом 1, строение 2",Тверской район,Центральный административный округ,кафе,55.75546775725792,37.615036,1905003.1219108328,6413042.523144839,456.6005062009062
7796,Галата,"город Москва, Манежная площадь, дом 1, строение 2",Тверской район,Центральный административный округ,кафе,55.75546775725792,37.615036,1905003.1219108328,6413042.523144839,456.6005062009062
7797,Франклинс бургер,"город Москва, Манежная площадь, дом 1, строение 2",Тверской район,Центральный административный округ,кафе,55.75546775725792,37.615036,1905003.1219108328,6413042.523144839,456.6005062009062
7816,ХАРД РОК КАФЕ,"город Москва, улица Арбат, дом 44, строение 1",район Арбат,Центральный административный округ,кафе,55.748070637601,37.5865205751481,1903543.9983059568,6411648.618417804,2329.0624887987256
7817,МАГАДАН,"город Москва, Кутузовский проспект, дом 12, строение 1",район Дорогомилово,Западный административный округ,ресторан,55.75087675592531,37.55859700000002,1901742.2477525275,6411367.6819680855,4047.853560510131
7820,Chefs Table,"город Москва, Смоленская площадь, дом 3",район Арбат,Центральный административный округ,ресторан,55.74758075496895,37.581949,1903284.1942393905,6411500.236795568,2627.1963275624316
7821,Urban Cafe,"город Москва, Смоленская площадь, дом 3",район Арбат,Центральный административный округ,кафе,55.74758075496895,37.581949,1903284.1942393905,6411500.236795568,2627.1963275624316
7822,Кафе Гурмэ,"город Москва, Смоленская площадь, дом 3",район Арбат,Центральный административный округ,кафе,55.74758075496895,37.581949,1903284.1942393905,6411500.236795568,2627.1963275624316
7823,Zodiac,"город Москва, Смоленская площадь, дом 3",район Арбат,Центральный административный округ,ресторан,55.74758075496895,37.581949,1903284.1942393905,6411500.236795568,2627.1963275624316
7837,Bloom-n-brew,"город Москва, Вятская улица, дом 27, строение 2",Савёловский район,Северный административный округ,кафе,55.796769769270675,37.58196999999999,1901462.055174675,6416802.8844451625,5528.53160963395
7838,Tapas avokado bar,"город Москва, Вятская улица, дом 27, строение 7",Савёловский район,Северный административный округ,кафе,55.79626876912469,37.58039699999999,1901385.1188452137,6416716.028843905,5525.252949371109
7839,Сегодня суши,"город Москва, Вятская улица, дом 27, строение 7",Савёловский район,Северный административный округ,кафе,55.79626876912469,37.58039699999999,1901385.1188452137,6416716.028843905,5525.252949371109
7840,Plov profi,"город Москва, Вятская улица, дом 27, строение 7",Савёловский район,Северный административный округ,кафе,55.79626876912469,37.58039699999999,1901385.1188452137,6416716.028843905,5525.252949371109
7841,Salades,"город Москва, Вятская улица, дом 27, строение 7",Савёловский район,Северный административный округ,кафе,55.79626876912469,37.58039699999999,1901385.1188452137,6416716.028843905,5525.252949371109
7842,Мрамор,"город Москва, Вятская улица, дом 27, строение 7",Савёловский район,Северный административный округ,кафе,55.79626876912469,37.58039699999999,1901385.1188452137,6416716.028843905,5525.252949371109
7843,Калинка Малинка,"город Москва, Вятская улица, дом 27, строение 7",Савёловский район,Северный административный округ,кафе,55.79626876912469,37.58039699999999,1901385.1188452137,6416716.028843905,5525.252949371109
7844,Кунаки,"город Москва, Вятская улица, дом 27, строение 7",Савёловский район,Северный административный округ,кафе,55.79626876912469,37.58039699999999,1901385.1188452137,6416716.028843905,5525.252949371109
7845,COLLIDER,"город Москва, Вятская улица, дом 27, строение 7",Савёловский район,Северный административный округ,кафе,55.79626876912469,37.58039699999999,1901385.1188452137,6416716.028843905,5525.252949371109
7846,Villa,"город Москва, Вятская улица, дом 27, строение 7",Савёловский район,Северный административный округ,кафе,55.79626876912469,37.58039699999999,1901385.1188452137,6416716.028843905,5525.252949371109
7847,Арт-Галерея,"город Москва, 3-я улица Ямского Поля, дом 2, корпус 4",район Беговой,Северный административный округ,ресторан,55.78254176512747,37.58129499999998,1901948.567205384,6415255.172902278,4180.456012143691
7848,Капито кафе,"город Москва, 3-я улица Ямского Поля, дом 2, корпус 12",район Беговой,Северный административный округ,кафе,55.78132376477304,37.583481,1902126.5098842809,6415169.556024896,3984.660765807538
7849,Кафе на мойке,"город Москва, Бумажный проезд, дом 19, строение 5",район Беговой,Северный административный округ,кафе,55.791030767598855,37.58616399999999,1901929.5362020761,6416271.911975192,4824.036799016787
7866,Кафе Лица,"город Москва, Ленинградский проспект, дом 31А, строение 1",район Беговой,Северный административный округ,кафе,55.783805765495345,37.56053699999999,1900640.8001567645,6414957.972747622,5205.214084988384
7875,Здоровое питание,"город Москва, Краснопресненская набережная, дом 16, строение 1",Пресненский район,Центральный административный округ,кафе,55.74815475513549,37.543985,1900954.4962960207,6410769.220514911,5014.28572265628
7884,Кафе Евроспар,"город Москва, улица Шаболовка, дом 31Г",Донской район,Южный административный округ,кафе,55.72065474716659,37.610355000000006,1906010.3662610971,6409191.997376873,3827.95603164102
7885,Кофе Пью,"город Москва, Гамсоновский переулок, дом 2, строение 2",Даниловский район,Южный административный округ,кафе,55.70714074325767,37.625445000000006,1907430.15746254,6408051.387894549,5309.066165923487
7886,Великолепный век,"город Москва, улица Кожевнический Вражек, дом 3А",Даниловский район,Южный административный округ,ресторан,55.72712174903884,37.65173000000001,1908287.2144466152,6410756.251207721,3600.3187099277516
7887,Чайхана «Мантыбар»,"город Москва, улица Кожевнический Вражек, дом 3А",Даниловский район,Южный административный округ,ресторан,55.72712174903884,37.65173000000001,1908287.2144466152,6410756.251207721,3600.3187099277516
7891,Кафе Наше место Трактир,"город Москва, улица Ленинская Слобода, дом 23, строение 16",Даниловский район,Южный административный округ,кафе,55.70533074273449,37.647893999999994,1908863.6968969882,6408327.056428128,5767.328677075511
7892,Art Cafe,"город Москва, Автозаводская улица, дом 16, корпус 2, строение 9",Даниловский район,Южный административный округ,кафе,55.705744742854144,37.646848000000006,1908784.6516374687,6408349.734045029,5702.543531637851
7903,Дядюшка Хо,"город Москва, улица Ленинская Слобода, дом 19",Даниловский район,Южный административный округ,кафе,55.7087527437237,37.653924999999994,1909103.5612984302,6408822.454280263,5530.8669998780815
7904,Кафе «Кофе Порт»,"город Москва, улица Ленинская Слобода, дом 19",Даниловский район,Южный административный округ,кафе,55.7087527437237,37.653924999999994,1909103.5612984302,6408822.454280263,5530.8669998780815
7905,Кафе «Ванильное небо»,"город Москва, улица Ленинская Слобода, дом 19",Даниловский район,Южный административный округ,кафе,55.7087527437237,37.653924999999994,1909103.5612984302,6408822.454280263,5530.8669998780815
7906,Кафе Канапе,"город Москва, улица Ленинская Слобода, дом 19",Даниловский район,Южный административный округ,кафе,55.7087527437237,37.653924999999994,1909103.5612984302,6408822.454280263,5530.8669998780815
7907,Кафе,"город Москва, улица Ленинская Слобода, дом 19",Даниловский район,Южный административный округ,кафе,55.7087527437237,37.653924999999994,1909103.5612984302,6408822.454280263,5530.8669998780815
7908,Вьетнамская кухня PHO VIET,"город Москва, улица Ленинская Слобода, дом 19",Даниловский район,Южный административный округ,кафе,55.7087527437237,37.653924999999994,1909103.5612984302,6408822.454280263,5530.8669998780815
7910,Кафе «БонАрхитект»,"город Москва, Партийный переулок, дом 1, корпус 3",Даниловский район,Южный административный округ,кафе,55.71852074654901,37.633257,1907483.0087030139,6409441.80591109,4077.584786729028
7913,Ресторан «КОРЁ»,"город Москва, улица Орджоникидзе, дом 11",Донской район,Южный административный округ,ресторан,55.70915974384136,37.59556799999999,1905536.801433208,6407643.267926934,5336.85773686105
7914,PHO BO 360,"город Москва, улица Орджоникидзе, дом 11",Донской район,Южный административный округ,кафе,55.70915974384136,37.59556799999999,1905536.801433208,6407643.267926934,5336.85773686105
7915,ВАХ ХИНКАЛЬНАЯ,"город Москва, улица Орджоникидзе, дом 11",Донской район,Южный административный округ,кафе,55.70915974384136,37.59556799999999,1905536.801433208,6407643.267926934,5336.85773686105
7916,Matcha Botanicals,"город Москва, Мытная улица, дом 74",Даниловский район,Южный административный округ,кафе,55.71271374486909,37.62004799999999,1906894.8442701756,6408539.027599362,4667.972559775186
7917,Профессор Пуф,"город Москва, Мытная улица, дом 74",Даниловский район,Южный административный округ,кафе,55.71271374486909,37.62004799999999,1906894.8442701756,6408539.027599362,4667.972559775186
7918,Лепим и Варим,"город Москва, Мытная улица, дом 74",Даниловский район,Южный административный округ,кафе,55.71271374486909,37.62004799999999,1906894.8442701756,6408539.027599362,4667.972559775186
7919,Fresh Cacao,"город Москва, Мытная улица, дом 74",Даниловский район,Южный административный округ,кафе,55.71271374486909,37.62004799999999,1906894.8442701756,6408539.027599362,4667.972559775186
7920,Valiko пекарня,"город Москва, Мытная улица, дом 74",Даниловский район,Южный административный округ,кафе,55.71271374486909,37.62004799999999,1906894.8442701756,6408539.027599362,4667.972559775186
7921,Гриль Холл,"город Москва, Холодильный переулок, дом 3",Даниловский район,Южный административный округ,ресторан,55.70817174355572,37.62552300000001,1907396.6328751114,6408164.15854097,5191.928537056809
7922,Детское кафе,"город Москва, Холодильный переулок, дом 3",Даниловский район,Южный административный округ,кафе,55.70817174355572,37.62552300000001,1907396.6328751114,6408164.15854097,5191.928537056809
7923,NATHANS,"город Москва, улица Орджоникидзе, дом 11",Донской район,Южный административный округ,кафе,55.70915974384136,37.59556799999999,1905536.801433208,6407643.267926934,5336.85773686105
7924,СУШИ МАРКЕТ,"город Москва, улица Орджоникидзе, дом 11",Донской район,Южный административный округ,кафе,55.70915974384136,37.59556799999999,1905536.801433208,6407643.267926934,5336.85773686105
7927,Тульский дворик,"город Москва, улица Серпуховский Вал, дом 1",Даниловский район,Южный административный округ,кафе,55.71101474437775,37.620388000000005,1906978.5915915163,6408363.00802126,4861.305695611714
7941,Восточная кухня Азия,"город Москва, Автозаводская улица, дом 24, сооружение 1",Даниловский район,Южный административный округ,кафе,55.70554174279548,37.63403000000002,1908012.0448902296,6408059.001952188,5545.089430567158
7943,Китайская кухня,"город Москва, Большая Тульская улица, дом 13",Даниловский район,Южный административный округ,кафе,55.708772743729476,37.622107,1907166.4207880886,6408157.352315722,5116.727681183138
7944,Паста Ризотто,"город Москва, Большая Тульская улица, дом 13",Даниловский район,Южный административный округ,ресторан,55.708772743729476,37.622107,1907166.4207880886,6408157.352315722,5116.727681183138
7945,СтарХит Кафе,"город Москва, Большая Тульская улица, дом 11",Даниловский район,Южный административный округ,кафе,55.71014874412732,37.62360199999999,1907206.33351399,6408337.007270201,4961.724595190815
7948,Кафе,"город Москва, Большая Тульская улица, дом 19",Даниловский район,Южный административный округ,кафе,55.70677774315274,37.62190599999999,1907228.2321594944,6407938.088453625,5344.059659182817
7949,Кальянная,"город Москва, Большая Тульская улица, дом 19",Даниловский район,Южный административный округ,кафе,55.70677774315274,37.62190599999999,1907228.2321594944,6407938.088453625,5344.059659182817
7953,Ресторан Ай дабаран,"город Москва, улица Вавилова, дом 3",Донской район,Южный административный округ,ресторан,55.70698574321287,37.592178000000004,1905411.0425807592,6407337.951870163,5641.726247299894
7954,Кафе Островок Суши,"город Москва, улица Вавилова, дом 3",Донской район,Южный административный округ,кафе,55.70698574321287,37.592178000000004,1905411.0425807592,6407337.951870163,5641.726247299894
7955,Кафе ТАЙ Китген,"город Москва, улица Вавилова, дом 3",Донской район,Южный административный округ,кафе,55.70698574321287,37.592178000000004,1905411.0425807592,6407337.951870163,5641.726247299894
7956,Кафе ТРИ ПРАВИЛА,"город Москва, улица Вавилова, дом 3",Донской район,Южный административный округ,кафе,55.70698574321287,37.592178000000004,1905411.0425807592,6407337.951870163,5641.726247299894
7957,Кафе CINNABO,"город Москва, улица Вавилова, дом 3",Донской район,Южный административный округ,кафе,55.70698574321287,37.592178000000004,1905411.0425807592,6407337.951870163,5641.726247299894
7958,Кафе ФО-БО,"город Москва, улица Вавилова, дом 3",Донской район,Южный административный округ,кафе,55.70698574321287,37.592178000000004,1905411.0425807592,6407337.951870163,5641.726247299894
7959,BOKKER,"город Москва, улица Вавилова, дом 3",Донской район,Южный административный округ,ресторан,55.70698574321287,37.592178000000004,1905411.0425807592,6407337.951870163,5641.726247299894
7960,Пице Хат,"город Москва, улица Вавилова, дом 3",Донской район,Южный административный округ,ресторан,55.70698574321287,37.592178000000004,1905411.0425807592,6407337.951870163,5641.726247299894
7961,Клаб Гриль,"город Москва, улица Вавилова, дом 3",Донской район,Южный административный округ,кафе,55.70698574321287,37.592178000000004,1905411.0425807592,6407337.951870163,5641.726247299894
7962,GAGAWA,"город Москва, улица Вавилова, дом 3",Донской район,Южный административный округ,ресторан,55.70698574321287,37.592178000000004,1905411.0425807592,6407337.951870163,5641.726247299894
7963,CRECO,"город Москва, улица Вавилова, дом 3",Донской район,Южный административный округ,кафе,55.70698574321287,37.592178000000004,1905411.0425807592,6407337.951870163,5641.726247299894
7964,Бургерная ФАРШ,"город Москва, улица Вавилова, дом 3",Донской район,Южный административный округ,ресторан,55.70698574321287,37.592178000000004,1905411.0425807592,6407337.951870163,5641.726247299894
7965,Dankin Donats,"город Москва, улица Вавилова, дом 3",Донской район,Южный административный округ,кафе,55.70698574321287,37.592178000000004,1905411.0425807592,6407337.951870163,5641.726247299894
7968,MatchA DOPE,"город Москва, улица Ленинская Слобода, дом 26",Даниловский район,Южный административный округ,кафе,55.709458743927826,37.65263099999999,1908998.5734613426,6408871.394591583,5425.032504054965
7969,Ко-ко,"город Москва, улица Ленинская Слобода, дом 26",Даниловский район,Южный административный округ,кафе,55.709458743927826,37.65263099999999,1908998.5734613426,6408871.394591583,5425.032504054965
7970,Rocky 215,"город Москва, улица Ленинская Слобода, дом 26",Даниловский район,Южный административный округ,кафе,55.709458743927826,37.65263099999999,1908998.5734613426,6408871.394591583,5425.032504054965
7971,Сингапур,"город Москва, улица Ленинская Слобода, дом 26",Даниловский район,Южный административный округ,кафе,55.709458743927826,37.65263099999999,1908998.5734613426,6408871.394591583,5425.032504054965
7972,Лапшичная Lanzhou,"город Москва, улица Ленинская Слобода, дом 26",Даниловский район,Южный административный округ,кафе,55.709458743927826,37.65263099999999,1908998.5734613426,6408871.394591583,5425.032504054965
7978,Франклин'с Бургер,"город Москва, Автозаводская улица, дом 18",Даниловский район,Южный административный округ,кафе,55.70499374263708,37.641014,1908457.4766183847,6408146.399595885,5689.60874581367
7979,Pasta Cup&pinsa,"город Москва, Автозаводская улица, дом 18",Даниловский район,Южный административный округ,кафе,55.70499374263708,37.641014,1908457.4766183847,6408146.399595885,5689.60874581367
7980,Панда кафе,"город Москва, Автозаводская улица, дом 18",Даниловский район,Южный административный округ,кафе,55.70499374263708,37.641014,1908457.4766183847,6408146.399595885,5689.60874581367
7981,Ресторан и бар «Teika Boom»,"город Москва, Автозаводская улица, дом 18",Даниловский район,Южный административный округ,ресторан,55.70499374263708,37.641014,1908457.4766183847,6408146.399595885,5689.60874581367
7983,Inbox,"город Москва, Мясницкая улица, дом 24/7, строение 3",Басманный район,Центральный административный округ,кафе,55.76320475950489,37.636509999999994,1906020.8423346553,6414326.134809193,1460.5453938026712
7984,Пергамент,"город Москва, Нижняя Сыромятническая улица, дом 11, корпус 1",Басманный район,Центральный административный округ,ресторан,55.75298075653597,37.671654,1908536.7935924798,6413961.240216907,3234.0507400578003
7985,Пекарня,"город Москва, Большая Серпуховская улица, дом 17, строение 2",район Замоскворечье,Центральный административный округ,кафе,55.72686974896586,37.626133,1906739.5817079158,6410192.428630411,3068.718633301793
7986,Греческий Гирос,"город Москва, Комсомольский проспект, дом 4",район Хамовники,Центральный административный округ,кафе,55.73317775079306,37.59238800000001,1904452.914178853,6410165.903168243,2986.8433345403887
7987,ДРУЖБА,"город Москва, Новослободская улица, дом 4",Тверской район,Центральный административный округ,ресторан,55.78002576439537,37.60182900000001,1903289.1920496016,6415413.175948975,3258.068489583321
7988,КИТАЙСКАЯ ЛАПША «РАМЭН»,"город Москва, Новослободская улица, дом 4",Тверской район,Центральный административный округ,кафе,55.78002576439537,37.60182900000001,1903289.1920496016,6415413.175948975,3258.068489583321
7989,Грузинский акцент,"город Москва, Спартаковская площадь, дом 16/15, строение 17",Басманный район,Центральный административный округ,ресторан,55.776309763314366,37.680623000000004,1908213.2239342798,6416663.478413735,4601.9040412428085
7990,Кафе «Pho»,"город Москва, улица Красная Пресня, дом 6/2, строение 1",Пресненский район,Центральный административный округ,кафе,55.76147775900322,37.574725,1902330.0509019317,6412847.342022839,3128.0949009289734
7991,"Кафе « Ух, ты Блины»","город Москва, улица Красная Пресня, дом 6/2, строение 1",Пресненский район,Центральный административный округ,кафе,55.76147775900322,37.574725,1902330.0509019317,6412847.342022839,3128.0949009289734
7992,Кафе «Кебаб-экспресс»,"город Москва, улица Красная Пресня, дом 6/2, строение 1",Пресненский район,Центральный административный округ,кафе,55.76147775900322,37.574725,1902330.0509019317,6412847.342022839,3128.0949009289734
7993,Silver Panda,"город Москва, Нижняя Сыромятническая улица, дом 10, строение 8",Басманный район,Центральный административный округ,кафе,55.75275075646921,37.669283,1908401.250588099,6413886.692678883,3082.418835818361
7994,Ладо,"город Москва, Кривоколенный переулок, дом 9, строение 2",Басманный район,Центральный административный округ,кафе,55.762858759404374,37.63728199999998,1906080.611162014,6414305.018837955,1465.584363701299
7995,Чито Ра,"город Москва, Лесная улица, дом 30",Тверской район,Центральный административный округ,кафе,55.78334876536233,37.59637,1902834.313921453,6415657.202142707,3746.9868787240066
7996,Кадаши ( закрытый),"город Москва, 2-й Кадашёвский переулок, дом 16, строение 1",район Якиманка,Центральный административный округ,ресторан,55.7438107538754,37.621898,1905853.0341780642,6411929.7419839855,1122.5645343262631
7997,БЕНЕДИКТ,"город Москва, улица Земляной Вал, дом 33",Басманный район,Центральный административный округ,кафе,55.75724575777414,37.65915,1907618.1900054885,6414158.517574065,2463.318546605991
7998,TORRO GRIL & wine bar,"город Москва, улица Земляной Вал, дом 33",Басманный район,Центральный административный округ,кафе,55.75724575777414,37.65915,1907618.1900054885,6414158.517574065,2463.318546605991
7999,Idola,"город Москва, улица Земляной Вал, дом 33",Басманный район,Центральный административный округ,кафе,55.75724575777414,37.65915,1907618.1900054885,6414158.517574065,2463.318546605991
8000,Farш,"город Москва, улица Земляной Вал, дом 33",Басманный район,Центральный административный округ,кафе,55.75724575777414,37.65915,1907618.1900054885,6414158.517574065,2463.318546605991
8001,Torro Grill & wine bar,"город Москва, улица Земляной Вал, дом 33",Басманный район,Центральный административный округ,кафе,55.75724575777414,37.65915,1907618.1900054885,6414158.517574065,2463.318546605991
8002,FreshUP & Cream Bar,"город Москва, улица Земляной Вал, дом 33",Басманный район,Центральный административный округ,кафе,55.75724575777414,37.65915,1907618.1900054885,6414158.517574065,2463.318546605991
8003,Tutti Frutti Frozen Yogurt,"город Москва, улица Земляной Вал, дом 33",Басманный район,Центральный административный округ,кафе,55.75724575777414,37.65915,1907618.1900054885,6414158.517574065,2463.318546605991
8004,Il Patio,"город Москва, улица Земляной Вал, дом 33",Басманный район,Центральный административный округ,ресторан,55.75724575777414,37.65915,1907618.1900054885,6414158.517574065,2463.318546605991
8005,My Gelato,"город Москва, улица Земляной Вал, дом 33",Басманный район,Центральный административный округ,кафе,55.75724575777414,37.65915,1907618.1900054885,6414158.517574065,2463.318546605991
8006,Acai Family,"город Москва, улица Земляной Вал, дом 33",Басманный район,Центральный административный округ,кафе,55.75724575777414,37.65915,1907618.1900054885,6414158.517574065,2463.318546605991
8007,Чача room,"город Москва, улица Земляной Вал, дом 33",Басманный район,Центральный административный округ,кафе,55.75724575777414,37.65915,1907618.1900054885,6414158.517574065,2463.318546605991
8008,"Zafferano, Эдоко, Forte Bello","город Москва, улица Земляной Вал, дом 33",Басманный район,Центральный административный округ,ресторан,55.75724575777414,37.65915,1907618.1900054885,6414158.517574065,2463.318546605991
8009,Natura Sanat,"город Москва, улица Земляной Вал, дом 33",Басманный район,Центральный административный округ,кафе,55.75724575777414,37.65915,1907618.1900054885,6414158.517574065,2463.318546605991
8010,НИППОН,"город Москва, улица Земляной Вал, дом 33",Басманный район,Центральный административный округ,кафе,55.75724575777414,37.65915,1907618.1900054885,6414158.517574065,2463.318546605991
8011,8 OZ Унций,"город Москва, улица Крымский Вал, дом 9, строение 21",район Якиманка,Центральный административный округ,ресторан,55.72419074819015,37.595848,1904996.5890717031,6409269.499363522,3738.261523432803
8012,Ресторан «Шинок»,"город Москва, Рочдельская улица, дом 15, строение 27",Пресненский район,Центральный административный округ,ресторан,55.754999757122036,37.560407,1901699.6406425058,6411849.955798864,3921.8939200034415
8013,Ресторан «Бочка»,"город Москва, Рочдельская улица, дом 15, строение 27",Пресненский район,Центральный административный округ,ресторан,55.754999757122036,37.560407,1901699.6406425058,6411849.955798864,3921.8939200034415
8014,Ресторан 4TUNA Caf&Gri,"город Москва, Новинский бульвар, дом 31",Пресненский район,Центральный административный округ,ресторан,55.75802675800094,37.581821000000005,1902889.2565674598,6412623.614092182,2590.657581985025
8015,Кафе «II Giorno»,"город Москва, Новинский бульвар, дом 31",Пресненский район,Центральный административный округ,кафе,55.75802675800094,37.581821000000005,1902889.2565674598,6412623.614092182,2590.657581985025
8016,Азбука вкуса,"город Москва, Новинский бульвар, дом 31",Пресненский район,Центральный административный округ,кафе,55.75782037404903,37.58259556455141,1902943.9882929404,6412617.5555838505,2537.3130609267605
8017,Винный Бар,"город Москва, Пятницкая улица, дом 82/34, строение 1",район Замоскворечье,Центральный административный округ,кафе,55.73031374996334,37.62533,1906562.865457354,6410546.828329609,2672.9190246875087
8018,Пироги,"город Москва, Пятницкая улица, дом 82/34, строение 1",район Замоскворечье,Центральный административный округ,кафе,55.73031374996334,37.62533,1906562.865457354,6410546.828329609,2672.9190246875087
8019,La cafe,"город Москва, Большая Переяславская улица, дом 46, строение 2",Мещанский район,Центральный административный округ,кафе,55.78666576632786,37.64109800000001,1905427.55142923,6416950.701720181,3971.2949235691412
8020,Кафе на углях,"город Москва, Верхняя Красносельская улица, дом 3, строение 13",Красносельский район,Центральный административный округ,кафе,55.78573276605625,37.65985800000001,1906601.4307993616,6417243.304717037,4415.143348864757
8021,Панделли гриль,"город Москва, Большой Овчинниковский переулок, дом 16",район Замоскворечье,Центральный административный округ,кафе,55.74449075407261,37.63004299999999,1906323.001840761,6412173.652572757,1184.1502658082795
8022,ИРАНСКАЯ КУХНЯ,"город Москва, Люсиновская улица, дом 13, строение 1",район Замоскворечье,Центральный административный округ,кафе,55.72783974924677,37.62358600000001,1906548.6362070155,6410243.619386607,2946.2406888166406
8023,Dым Вино,"город Москва, Мясницкая улица, дом 24/7, строение 8",Басманный район,Центральный административный округ,кафе,55.76300075944563,37.635698,1905979.080680022,6414287.136388715,1408.6139456797714
8024,Ресторан «Раковарня»,"город Москва, Рочдельская улица, дом 15, строение 30",Пресненский район,Центральный административный округ,ресторан,55.75591175738682,37.561189,1901713.4121126782,6411964.601834546,3877.131086715466
8025,Fleur Cafe,"город Москва, улица Сущёвский Вал, дом 74",Мещанский район,Центральный административный округ,ресторан,55.79116976763934,37.632498999999996,1904737.9943334972,6417256.010512319,4336.255289899687
8026,Surf Coffee,"город Москва, Мясницкая улица, дом 16",Басманный район,Центральный административный округ,кафе,55.7609217588417,37.63252300000001,1905863.3863163951,6413996.553285513,1095.8469398659197
8027,Кофецвет,"город Москва, улица Покровка, дом 8",Басманный район,Центральный административный округ,кафе,55.758797,37.642689,1906560.1444323468,6413980.565105178,1490.868217991611
8028,"Кутузов, Давыдов, Барклай","город Москва, Русаковская улица, дом 13, строение 5",Красносельский район,Центральный административный округ,ресторан,55.78423876562138,37.672622,1907432.1017527708,6417350.001187224,4796.747001929207
8029,Сити кафе Сова,"город Москва, Пресненская набережная, дом 12",Пресненский район,Центральный административный округ,кафе,55.749667755574485,37.53732900000001,1900493.7871562694,6410793.472385701,5421.795518872545
8030,Shake UP,"город Москва, Пресненская набережная, дом 12",Пресненский район,Центральный административный округ,кафе,55.749667755574485,37.53732900000001,1900493.7871562694,6410793.472385701,5421.795518872545
8031,Ворона Кофе & Сыр,"город Москва, Пресненская набережная, дом 12",Пресненский район,Центральный административный округ,кафе,55.749667755574485,37.53732900000001,1900493.7871562694,6410793.472385701,5421.795518872545
8032,Краб,"город Москва, Рождественский бульвар, дом 1",Мещанский район,Центральный административный округ,кафе,55.7667127605242,37.62421400000001,1905143.3667266811,6414446.685019731,1499.9850090313919
8033,Тянем-потянем,"город Москва, Рождественский бульвар, дом 1",Мещанский район,Центральный административный округ,кафе,55.7667127605242,37.62421400000001,1905143.3667266811,6414446.685019731,1499.9850090313919
8034,Главпирог,"город Москва, Рождественский бульвар, дом 1",Мещанский район,Центральный административный округ,кафе,55.7667127605242,37.62421400000001,1905143.3667266811,6414446.685019731,1499.9850090313919
8035,Табу бар,"город Москва, Рождественский бульвар, дом 1",Мещанский район,Центральный административный округ,кафе,55.7667127605242,37.62421400000001,1905143.3667266811,6414446.685019731,1499.9850090313919
8036,Пхали-Лали,"город Москва, Рождественский бульвар, дом 1",Мещанский район,Центральный административный округ,кафе,55.7667127605242,37.62421400000001,1905143.3667266811,6414446.685019731,1499.9850090313919
8037,Трескать,"город Москва, Рождественский бульвар, дом 1",Мещанский район,Центральный административный округ,кафе,55.7667127605242,37.62421400000001,1905143.3667266811,6414446.685019731,1499.9850090313919
8038,Ресторан «Цирк на Трехгорке»,"город Москва, Рочдельская улица, дом 15, строение 25-25А",Пресненский район,Центральный административный округ,ресторан,55.75522275718677,37.56162,1901765.126719344,6411899.324921134,3845.068835708682
8039,Русский,"город Москва, Пресненская набережная, дом 12",Пресненский район,Центральный административный округ,кафе,55.749667755574485,37.53732900000001,1900493.7871562694,6410793.472385701,5421.795518872545
8040,Кафе «Plaza Garden»,"город Москва, Краснопресненская набережная, дом 12",Пресненский район,Центральный административный округ,кафе,55.75470675703698,37.557521,1901535.0344889387,6411758.111460767,4106.17758142965
8041,Кофе,"город Москва, Краснопресненская набережная, дом 12",Пресненский район,Центральный административный округ,кафе,55.754736757045706,37.557521000000015,1901533.923838769,6411761.345619134,4106.277374102791
8042,ЧиХо,"город Москва, улица Покровка, дом 3/7, строение 1А",Басманный район,Центральный административный округ,кафе,55.75875475821233,37.640502000000005,1906428.8051196262,6413930.17835149,1360.6583934928333
8043,Staff Only,"город Москва, улица Большая Дмитровка, дом 13",Тверской район,Центральный административный округ,кафе,55.76227275923413,37.613353000000004,1904648.232107476,6413740.773004853,1109.49261786203
8044,Семь летучих рыб,"город Москва, Цветной бульвар, дом 30, строение 1",Мещанский район,Центральный административный округ,кафе,55.772281762142995,37.622629,1904840.236273047,6415013.7229853645,2125.1857725135933
8045,Шантри,"город Москва, Цветной бульвар, дом 30, строение 1",Мещанский район,Центральный административный округ,ресторан,55.772281762142995,37.622629,1904840.236273047,6415013.7229853645,2125.1857725135933
8046,Touch of matcha,"город Москва, Пресненская набережная, дом 10, строение 2",Пресненский район,Центральный административный округ,ресторан,55.74783075504149,37.534299,1900377.470310767,6410532.214967272,5636.853110961356
8047,Кафе «МПЛ»,"город Москва, Пресненская набережная, дом 10, строение 2",Пресненский район,Центральный административный округ,кафе,55.74783075504149,37.534299,1900377.470310767,6410532.214967272,5636.853110961356
8048,Кафе,"город Москва, 1-й Красногвардейский проезд, дом 21, строение 2",Пресненский район,Центральный административный округ,кафе,55.74974975559826,37.533770999999994,1900274.3989905117,6410728.098770139,5648.9916460875165
8049,ХИНКАЛЬНЫЙ ДОМ ТБИЛИСО,"город Москва, Новослободская улица, дом 54, строение 1",Тверской район,Центральный административный округ,кафе,55.78798776671275,37.59351699999999,1902488.945030166,6416097.578010475,4303.714546872561
8050,Pita&meat,"город Москва, Пресненская набережная, дом 4, строение 1",Пресненский район,Центральный административный округ,кафе,55.748880755346136,37.54321100000001,1900880.5714729514,6410831.340955987,5054.0308239879
8051,Sushi Fix,"город Москва, Пресненская набережная, дом 4, строение 1",Пресненский район,Центральный административный округ,кафе,55.748880755346136,37.54321100000001,1900880.5714729514,6410831.340955987,5054.0308239879
8052,SANDERS GRILL,"город Москва, Пресненская набережная, дом 2",Пресненский район,Центральный административный округ,ресторан,55.749197755438104,37.540006000000005,1900673.954579907,6410798.646633911,5255.274173925237
8053,OnePriceCoffee,"город Москва, Пресненская набережная, дом 2",Пресненский район,Центральный административный округ,кафе,55.749197755438104,37.540006000000005,1900673.954579907,6410798.646633911,5255.274173925237
8054,Кафе «ABC COFFEE ROASTERS»,"город Москва, Большая Никитская улица, дом 19/16, строение 1",Пресненский район,Центральный административный округ,кафе,55.75688773977316,37.60077107163548,1904083.3590215067,6412897.072692527,1374.4676789628072
8088,Каффетерия,"город Москва, Киевская улица, дом 2",район Дорогомилово,Западный административный округ,кафе,55.74340775375851,37.563023000000015,1902287.9198137089,6410654.909370951,3928.9147795223735
8184,Кафе «Luncheria»,"город Москва, 2-я Черногрязская улица, дом 6, корпус 3",Пресненский район,Центральный административный округ,кафе,55.76223775922397,37.54902,1900739.494379987,6412392.559163243,4752.244038877574
8185,ЛАРИОНОВ ГРИЛЬ,"город Москва, Ленинградский проспект, дом 36, строение 31",район Аэропорт,Северный административный округ,кафе,55.78790776668944,37.56750699999998,1900912.211673275,6415545.637755702,5217.774587292738
8215,Osteria Mario,"город Москва, улица Земляной Вал, дом 33",Басманный район,Центральный административный округ,кафе,55.75724575777414,37.65915,1907618.1900054885,6414158.517574065,2463.318546605991
8217,Osteria Mario,"город Москва, Театральный проезд, дом 5, строение 1",Мещанский район,Центральный административный округ,кафе,55.760132758612535,37.62455799999999,1905408.6452372167,6413744.69331308,766.6133952962913
8218,Healthy Food,"город Москва, улица Правды, дом 26",район Беговой,Северный административный округ,кафе,55.79034776739995,37.584726999999994,1901867.596141322,6416168.271002668,4800.024054294307
8221,Кулинарная лавка братьев Караваевых,"город Москва, улица Воздвиженка, дом 10",район Арбат,Центральный административный округ,кафе,55.7532537566152,37.606401999999996,1904560.4633894786,6412623.17858103,963.220969042278
8227,Luciano,"город Москва, Смоленская площадь, дом 3",район Арбат,Центральный административный округ,ресторан,55.74758075496895,37.581949,1903284.1942393905,6411500.236795568,2627.1963275624316
8228,Две палочки,"город Москва, улица Новый Арбат, дом 19",район Арбат,Центральный административный округ,ресторан,55.75193775623324,37.589379,1903574.4222388777,6412125.2451412035,2065.830951820757
8232,Хлеб насущный,"город Москва, улица Арбат, дом 30/3, строение 1",район Арбат,Центральный административный округ,кафе,55.74932775547582,37.589987,1903708.1525637703,6411856.612566796,2076.919230113053
8233,Хлеб насущный,"город Москва, Долгоруковская улица, дом 2",Тверской район,Центральный административный округ,кафе,55.77437276275102,37.604637000000004,1903669.5430542366,6414862.599994381,2595.2198274800617
8234,Якитория,"город Москва, улица Новый Арбат, дом 10",район Арбат,Центральный административный округ,ресторан,55.7530598102917,37.594029938247814,1903815.5604677084,6412343.45462945,1758.8283818732718
8235,Вареничная №1,"город Москва, улица Земляной Вал, дом 33",Басманный район,Центральный административный округ,кафе,55.75724575777414,37.65915,1907618.1900054885,6414158.517574065,2463.318546605991
8238,Goodman,"город Москва, Большая Тульская улица, дом 13",Даниловский район,Южный административный округ,ресторан,55.708772743729476,37.622107,1907166.4207880886,6408157.352315722,5116.727681183138
8243,Costa Coffee,"город Москва, Автозаводская улица, дом 18",Даниловский район,Южный административный округ,кафе,55.70499374263708,37.641014,1908457.4766183847,6408146.399595885,5689.60874581367
8252,Суши Вок,"город Москва, Шарикоподшипниковская улица, дом 32",Южнопортовый район,Юго-Восточный административный округ,кафе,55.71635056683762,37.67616852523474,1910174.4445559697,6410108.365731422,5523.88126147067
8254,Krispy Creme,"город Москва, Театральный проезд, дом 5, строение 1",Мещанский район,Центральный административный округ,кафе,55.760132758612535,37.62455799999999,1905408.6452372167,6413744.69331308,766.6133952962913
8255,Прайм стар,"город Москва, Мясницкая улица, дом 24/7, строение 1",Басманный район,Центральный административный округ,кафе,55.762689759355275,37.635379,1905971.2522033309,6414246.934679399,1368.405137090667
8256,Прайм стар,"город Москва, улица Покровка, дом 14/2, строение 1",Басманный район,Центральный административный округ,кафе,55.759086758308726,37.645191999999994,1906701.4854408144,6414064.255966239,1652.1300108277003
8257,Прайм стар,"город Москва, Летниковская улица, дом 10, строение 2",район Замоскворечье,Центральный административный округ,кафе,55.72557374859058,37.643135000000015,1907821.9406324208,6410409.13156521,3493.9309937526546
8258,Кондитерская-пекарня Волконский,"город Москва, Театральный проезд, дом 5, строение 1",Мещанский район,Центральный административный округ,кафе,55.760132758612535,37.62455799999999,1905408.6452372167,6413744.69331308,766.6133952962913
8259,Джаганнат,"город Москва, улица Грузинский Вал, дом 28/45",Пресненский район,Центральный административный округ,кафе,55.774863762893794,37.58284199999999,1902327.1864030357,6414459.876637173,3460.7696781002746
8263,Хачапури,"город Москва, Кривоколенный переулок, дом 10, строение 5",Басманный район,Центральный административный округ,кафе,55.76165875027251,37.636010419795426,1906047.9322326118,6414149.0444884095,1311.0969770584143
8265,Ливан-хаус,"город Москва, улица Земляной Вал, дом 33",Басманный район,Центральный административный округ,кафе,55.75724575777414,37.65915,1907618.1900054885,6414158.517574065,2463.318546605991
8266,Krispy Krem,"город Москва, улица Земляной Вал, дом 33",Басманный район,Центральный административный округ,кафе,55.75724575777414,37.65915,1907618.1900054885,6414158.517574065,2463.318546605991
8267,Van Wok Ванвок,"город Москва, Театральный проезд, дом 5, строение 1",Мещанский район,Центральный административный округ,кафе,55.760132758612535,37.62455799999999,1905408.6452372167,6413744.69331308,766.6133952962913
8268,BB&Burgers,"город Москва, 1-я Тверская-Ямская улица, дом 4",Тверской район,Центральный административный округ,кафе,55.77141176189005,37.594282,1903150.2628816522,6414326.899132096,2670.0022650442065
8271,Burger King,"город Москва, улица Земляной Вал, дом 33",Басманный район,Центральный административный округ,кафе,55.75724575777414,37.65915,1907618.1900054885,6414158.517574065,2463.318546605991
8272,Burger King,"город Москва, улица Вавилова, дом 3",Донской район,Южный административный округ,ресторан,55.70698574321287,37.592178000000004,1905411.0425807592,6407337.951870163,5641.726247299894
8277,Крошка Картошка,"город Москва, улица Вавилова, дом 3",Донской район,Южный административный округ,кафе,55.70698574321287,37.592178000000004,1905411.0425807592,6407337.951870163,5641.726247299894
8278,Крошка Картошка,"город Москва, улица Ленинская Слобода, дом 26, строение 2",Даниловский район,Южный административный округ,кафе,55.712390744775675,37.657674,1909196.4568354741,6409293.2520062635,5252.077231343628
8279,Крошка Картошка,"город Москва, улица Орджоникидзе, дом 11",Донской район,Южный административный округ,кафе,55.70915974384136,37.59556799999999,1905536.801433208,6407643.267926934,5336.85773686105
8280,Крошка Картошка,"город Москва, Манежная площадь, дом 1, строение 2",Тверской район,Центральный административный округ,кафе,55.75546775725792,37.615036,1905003.1219108328,6413042.523144839,456.6005062009062
8283,Хинкальная,"город Москва, Новая площадь, дом 8, строение 2",Тверской район,Центральный административный округ,кафе,55.758051758008186,37.62671099999999,1905616.7811506018,6413565.48917071,607.813835981709
8285,ВьетКафе,"город Москва, улица Земляной Вал, дом 33",Басманный район,Центральный административный округ,кафе,55.75724575777414,37.65915,1907618.1900054885,6414158.517574065,2463.318546605991
8291,Бургер Клаб,"город Москва, Стремянный переулок, дом 26",район Замоскворечье,Центральный административный округ,кафе,55.72786974925545,37.630425,1906963.5253496214,6410390.157320454,2996.5483052647764
8293,Барбекю,"город Москва, Ленинградский проспект, дом 36",район Аэропорт,Северный административный округ,ресторан,55.79106176760789,37.55893900000001,1900274.9986030387,6415706.793782789,5854.4151550575625
8298,Cofix,"город Москва, улица Рождественка, дом 6/9/20, строение 1",Мещанский район,Центральный административный округ,кафе,55.76175775908452,37.624507,1905345.1960617518,6413918.769403295,945.7027871930666
8299,Cofix,"город Москва, Театральный проезд, дом 5, строение 1",Мещанский район,Центральный административный округ,кафе,55.760132758612535,37.62455799999999,1905408.6452372167,6413744.69331308,766.6133952962913
8302,Кофе с собой,"город Москва, Бутырская улица, дом 6",Бутырский район,Северо-Восточный административный округ,кафе,55.79550376890181,37.58519900000001,1901705.0634405306,6416733.877857119,5306.598839397834
8303,Блинная,"город Москва, Таганская улица, дом 2",Таганский район,Центральный административный округ,кафе,55.74080275300312,37.657655000000005,1908138.8632075298,6412355.054312458,2755.207173372242
8306,Starbucks,"город Москва, проспект Мира, дом 40",Мещанский район,Центральный административный округ,кафе,55.780215764450645,37.633682999999984,1905216.9656196204,6416100.272026808,3129.859543263229
8307,Starbucks,"город Москва, улица Земляной Вал, дом 33",Басманный район,Центральный административный округ,кафе,55.75724575777414,37.65915,1907618.1900054885,6414158.517574065,2463.318546605991
8309,Starbucks,"город Москва, 1-я Тверская-Ямская улица, дом 21",Тверской район,Центральный административный округ,кафе,55.7746804161038,37.5876112681709,1902623.7453943586,6414539.78073328,3233.0268604273547
8310,Movenpick,"город Москва, Ленинградский проспект, дом 36",район Аэропорт,Северный административный округ,кафе,55.79106176760789,37.55893900000001,1900274.9986030387,6415706.793782789,5854.4151550575625
8311,Кофепорт,"город Москва, Пресненская набережная, дом 12",Пресненский район,Центральный административный округ,кафе,55.749667755574485,37.53732900000001,1900493.7871562694,6410793.472385701,5421.795518872545
8314,Теремок,"город Москва, Кожевническая улица, дом 3, строение 1",район Замоскворечье,Центральный административный округ,кафе,55.73048375001259,37.642984000000006,1907630.3085420749,6410935.179903278,2984.911167712092
8319,Макдоналдс,"город Москва, Мясницкая улица, дом 14/2, строение 1",Басманный район,Центральный административный округ,кафе,55.76072775878536,37.632156,1905848.290885404,6413967.956405554,1063.6909391772506
8320,Макдоналдс,"город Москва, Киевская улица, дом 2",район Дорогомилово,Западный административный округ,ресторан,55.74340775375851,37.563023000000015,1902287.9198137089,6410654.909370951,3928.9147795223735
8321,SUBWAY,"город Москва, Волгоградский проспект, дом 32, корпус 2",Южнопортовый район,Юго-Восточный административный округ,кафе,55.723899748105914,37.690066000000016,1910738.8241135858,6411213.94744878,5570.6607542555
8322,Subway,"город Москва, Ленинградский проспект, дом 36",район Аэропорт,Северный административный округ,кафе,55.79106176760789,37.55893900000001,1900274.9986030387,6415706.793782789,5854.4151550575625
8325,KFC,"город Москва, Волгоградский проспект, дом 32, корпус 1",Южнопортовый район,Юго-Восточный административный округ,ресторан,55.7241397481754,37.689009,1910665.5978934802,6411217.598360041,5500.08796061787
8326,KFC,"город Москва, улица Вавилова, дом 3",Донской район,Южный административный округ,ресторан,55.70698574321287,37.592178000000004,1905411.0425807592,6407337.951870163,5641.726247299894
8328,KFC,"город Москва, улица Орджоникидзе, дом 11",Донской район,Южный административный округ,кафе,55.70915974384136,37.59556799999999,1905536.801433208,6407643.267926934,5336.85773686105
8330,KFC,"город Москва, улица Земляной Вал, дом 33",Басманный район,Центральный административный округ,кафе,55.75724575777414,37.65915,1907618.1900054885,6414158.517574065,2463.318546605991
8334,Кофетун,"город Москва, Шереметьевская улица, дом 6, корпус 1",район Марьина Роща,Северо-Восточный административный округ,кафе,55.79539576887034,37.617058,1903643.4712179266,6417388.284124702,4766.576913713411
8336,Му-Му,"город Москва, Новослободская улица, дом 4",Тверской район,Центральный административный округ,кафе,55.78002576439537,37.60182900000001,1903289.1920496016,6415413.175948975,3258.068489583321
8339,Чайхона №1,"город Москва, улица Земляной Вал, дом 33",Басманный район,Центральный административный округ,кафе,55.75724575777414,37.65915,1907618.1900054885,6414158.517574065,2463.318546605991
8342,Милти,"город Москва, Пресненская набережная, дом 4, строение 1",Пресненский район,Центральный административный округ,кафе,55.748880755346136,37.54321100000001,1900880.5714729514,6410831.340955987,5054.0308239879
8346,Милти,"город Москва, Сокольническая площадь, дом 9А",район Сокольники,Восточный административный округ,кафе,55.79038676741129,37.679829,1907640.7623287495,6418163.699922298,5626.002290841485
8348,Starbucks,"город Москва, Неглинная улица, дом 15, строение 1",Тверской район,Центральный административный округ,кафе,55.76295735216175,37.619675252794025,1905007.0240553636,6413946.89841242,1066.2317985663217
8349,Даблби,"город Москва, улица Воздвиженка, дом 10",район Арбат,Центральный административный округ,кафе,55.7532537566152,37.606401999999996,1904560.4633894786,6412623.17858103,963.220969042278
8354,Додо пицца,"город Москва, Волгоградский проспект, дом 15",Таганский район,Центральный административный округ,кафе,55.729481749722346,37.67759900000001,1909772.787706283,6411553.595535089,4546.807770251393
8356,ДОДО пицца,"город Москва, Пресненская набережная, дом 12",Пресненский район,Центральный административный округ,кафе,55.749667755574485,37.53732900000001,1900493.7871562694,6410793.472385701,5421.795518872545
8358,Милти,"город Москва, Большая Серпуховская улица, дом 31, корпус 11",район Замоскворечье,Центральный административный округ,кафе,55.72269874775823,37.627579999999995,1906982.4748281164,6409773.160888198,3551.4418283816785
8359,Милти,"город Москва, Дубининская улица, дом 41, строение 2",район Замоскворечье,Центральный административный округ,кафе,55.72430374822287,37.637037,1907498.1793439162,6410144.38450549,3494.430447390928
8360,Мята Lounge,"город Москва, Большой Спасоглинищевский переулок, дом 9/1, строение 16А",Басманный район,Центральный административный округ,кафе,55.754484756972545,37.637411,1906399.6240143548,6413405.195807227,1035.7904559586225
8361,Мята lounge,"город Москва, улица Крымский Вал, дом 10А, сооружение 1",район Якиманка,Центральный административный округ,кафе,55.73278375067891,37.604735,1905218.5284301173,6410381.790002869,2608.486971676445
8363,Мята Lounge Октябрьская,"город Москва, Донская улица, дом 11, строение 2",район Якиманка,Центральный административный округ,кафе,55.72449974827963,37.609344,1905806.2082994557,6409585.302274174,3412.2874731695774
8372,Шоколадница,"город Москва, Театральный проезд, дом 5, строение 1",Мещанский район,Центральный административный округ,кафе,55.760132758612535,37.62455799999999,1905408.6452372167,6413744.69331308,766.6133952962913
8373,Шоколадница,"город Москва, улица Новый Арбат, дом 13",район Арбат,Центральный административный округ,кафе,55.7521011551246,37.5937625394882,1903834.8545667625,6412234.525582604,1783.5377704954365
8378,Шоколадница,"город Москва, улица Вавилова, дом 3",Донской район,Южный административный округ,кафе,55.70698574321287,37.592178000000004,1905411.0425807592,6407337.951870163,5641.726247299894
8379,Шоколадница,"город Москва, 3-й Крутицкий переулок, дом 18",Таганский район,Центральный административный округ,кафе,55.73178775039034,37.66384799999998,1908850.723458949,6411513.415194257,3698.372584363999
8380,Шоколадница,"город Москва, улица Земляной Вал, дом 33",Басманный район,Центральный административный округ,кафе,55.75724575777414,37.65915,1907618.1900054885,6414158.517574065,2463.318546605991
8381,Шоколадница,"город Москва, улица Земляной Вал, дом 33",Басманный район,Центральный административный округ,кафе,55.75724575777414,37.65915,1907618.1900054885,6414158.517574065,2463.318546605991
