{"type": "FeatureCollection", "features": [{"type": "Feature", "properties": {"name": "Москва", "kind": "river"}, "geometry": {"type": "LineString", "coordinates": [[37.518503, 55.752585], [37.520229, 55.750022], [37.52036, 55.749852], [37.52205, 55.747583], [37.522422, 55.747285]]}}, {"type": "Feature", "properties": {"name": "Москва", "kind": "river"}, "geometry": {"type": "LineString", "coordinates": [[37.559232, 55.71028], [37.560995, 55.710338], [37.565401, 55.710757], [37.56961, 55.711617], [37.574928, 55.713118], [37.577608, 55.714206]]}}, {"type": "Feature", "properties": {"name": "Москва", "kind": "river"}, "geometry": {"type": "LineString", "coordinates": [[37.544344, 55.746877], [37.546484, 55.747836], [37.549043, 55.748984], [37.551289, 55.749998]]}}, {"type": "Feature", "properties": {"name": "Москва", "kind": "river"}, "geometry": {"type": "LineString", "coordinates": [[37.564021, 55.753597], [37.567883, 55.753356], [37.570802, 55.752728], [37.571359, 55.752414], [37.57206, 55.75202]]}}, {"type": "Feature", "properties": {"name": "Яуза", "kind": "river"}, "geometry": {"type": "LineString", "coordinates": [[37.69532, 55.811712], [37.695185, 55.811583], [37.694908, 55.811334], [37.694786, 55.811184], [37.694742, 55.811071], [37.694819, 55.810942], [37.695036, 55.81086], [37.695495, 55.810748], [37.695815, 55.810727], [37.69589, 55.810722], [37.696558, 55.810791], [37.69724, 55.810789], [37.697877, 55.810629], [37.698326, 55.810347], [37.698526, 55.810198], [37.698807, 55.81009], [37.699383, 55.810104], [37.699669, 55.810069], [37.699937, 55.809987], [37.700049, 55.809918], [37.700149, 55.809835], [37.700261, 55.809693], [37.700295, 55.809601], [37.700339, 55.809071], [37.700333, 55.808475], [37.700413, 55.808282], [37.700685, 55.808051], [37.701058, 55.807884], [37.701386, 55.80765], [37.701651, 55.807356], [37.701806, 55.80702], [37.70197, 55.806509], [37.701889, 55.805867], [37.701821, 55.805564], [37.701694, 55.805336], [37.701463, 55.805112], [37.701378, 55.804941], [37.70116, 55.804703], [37.700874, 55.804447], [37.700736, 55.804196], [37.700533, 55.803984], [37.700445, 55.803883], [37.700233, 55.803622], [37.700012, 55.803464], [37.699881, 55.8032], [37.699761, 55.803013], [37.699699, 55.802943], [37.699505, 55.80273], [37.699319, 55.802491], [37.699231, 55.802355], [37.699195, 55.802214], [37.698896, 55.801598], [37.698828, 55.801459], [37.698803, 55.801343]]}}, {"type": "Feature", "properties": {"name": "Яуза", "kind": "river"}, "geometry": {"type": "LineString", "coordinates": [[37.699352, 55.781973], [37.699366, 55.781902], [37.699388, 55.781816], [37.699423, 55.781738], [37.699476, 55.781646], [37.699583, 55.78155], [37.699732, 55.781455], [37.69987, 55.781365], [37.700157, 55.781175], [37.700579, 55.780965], [37.701364, 55.780512], [37.701708, 55.78029], [37.701986, 55.780059], [37.702182, 55.779876], [37.702278, 55.779723], [37.702367, 55.779574], [37.702764, 55.778793], [37.702901, 55.77852], [37.702953, 55.778257], [37.702942, 55.777995], [37.702886, 55.777778], [37.702766, 55.777502], [37.702641, 55.777319], [37.702524, 55.777186], [37.702082, 55.776824], [37.700558, 55.775908], [37.697707, 55.774104], [37.695231, 55.772534], [37.694893, 55.772273], [37.694606, 55.772012], [37.694408, 55.771735], [37.694288, 55.771506], [37.69412, 55.77105], [37.693955, 55.770722], [37.693654, 55.770373], [37.693269, 55.770083], [37.692199, 55.76949]]}}, {"type": "Feature", "properties": {"name": "Москва", "kind": "river"}, "geometry": {"type": "LineString", "coordinates": [[37.51393, 55.758422], [37.514539, 55.758089], [37.516299, 55.756833], [37.517672, 55.754636], [37.518144, 55.753211], [37.518503, 55.752585]]}}, {"type": "Feature", "properties": {"name": "Москва", "kind": "river"}, "geometry": {"type": "LineString", "coordinates": [[37.628868, 55.691749], [37.629389, 55.690603], [37.629638, 55.690053], [37.63157, 55.686667], [37.6332, 55.685505], [37.635041, 55.684941], [37.636119, 55.68461], [37.639595, 55.684272], [37.643929, 55.684489], [37.665242, 55.686224]]}}, {"type": "Feature", "properties": {"name": "Москва", "kind": "river"}, "geometry": {"type": "LineString", "coordinates": [[37.62853, 55.705081], [37.628136, 55.703452], [37.628136, 55.701549], [37.628136, 55.699825], [37.628308, 55.693996], [37.628868, 55.691749]]}}, {"type": "Feature", "properties": {"name": "Москва", "kind": "river"}, "geometry": {"type": "LineString", "coordinates": [[37.547786, 55.728068], [37.54522, 55.727191], [37.544903, 55.727056], [37.543075, 55.725566], [37.541863, 55.72404], [37.541182, 55.722056], [37.541081, 55.720125], [37.541885, 55.717595], [37.543331, 55.715617], [37.545942, 55.713687], [37.547877, 55.712616]]}}, {"type": "Feature", "properties": {"name": "Москва", "kind": "river"}, "geometry": {"type": "LineString", "coordinates": [[37.522422, 55.747285], [37.523637, 55.746327], [37.525569, 55.745337], [37.527972, 55.744612], [37.532404, 55.744396]]}}, {"type": "Feature", "properties": {"name": "Москва", "kind": "river"}, "geometry": {"type": "LineString", "coordinates": [[37.654211, 55.728821], [37.655767, 55.727624], [37.656211, 55.727099], [37.656718, 55.726372]]}}, {"type": "Feature", "properties": {"name": "Москва", "kind": "river"}, "geometry": {"type": "LineString", "coordinates": [[37.625059, 55.749085], [37.626758, 55.749184], [37.628313, 55.749217], [37.629826, 55.74915], [37.631194, 55.749015], [37.632075, 55.748884]]}}, {"type": "Feature", "properties": {"name": "Москва", "kind": "river"}, "geometry": {"type": "LineString", "coordinates": [[37.572769, 55.743406], [37.569777, 55.740137], [37.568327, 55.738552], [37.56575, 55.736401], [37.563633, 55.735095], [37.559063, 55.733069], [37.553035, 55.729947], [37.548829, 55.728424], [37.547786, 55.728068]]}}, {"type": "Feature", "properties": {"name": "Москва", "kind": "river"}, "geometry": {"type": "LineString", "coordinates": [[37.612197, 55.746766], [37.613306, 55.747167], [37.613877, 55.747345], [37.614511, 55.747542], [37.616977, 55.748184], [37.617642, 55.748314], [37.620002, 55.748666], [37.621355, 55.748825], [37.623266, 55.74897], [37.624083, 55.749042], [37.625059, 55.749085]]}}, {"type": "Feature", "properties": {"name": "Яуза", "kind": "river"}, "geometry": {"type": "LineString", "coordinates": [[37.670531, 55.750749], [37.670206, 55.750321], [37.669627, 55.750086], [37.669032, 55.749867], [37.668522, 55.749583], [37.66803, 55.749151], [37.667254, 55.748541], [37.667045, 55.74841], [37.666879, 55.748326], [37.666721, 55.748262], [37.666605, 55.748223], [37.666454, 55.748181], [37.666283, 55.748145], [37.666091, 55.748122], [37.665886, 55.748113], [37.665663, 55.748119], [37.665464, 55.748138], [37.665285, 55.748171], [37.665125, 55.748215], [37.66493, 55.748285], [37.664791, 55.748348], [37.664671, 55.748414], [37.66452, 55.748521], [37.664181, 55.748804], [37.663748, 55.749183], [37.663467, 55.749415], [37.663324, 55.749535], [37.663196, 55.749626], [37.663043, 55.749726], [37.662887, 55.74981], [37.662733, 55.749884], [37.662512, 55.749971], [37.662242, 55.750063], [37.66198, 55.750136], [37.661717, 55.750189], [37.661502, 55.75022], [37.661309, 55.750237], [37.661002, 55.75026], [37.660528, 55.750294], [37.659445, 55.750378], [37.658884, 55.750426], [37.658529, 55.750453], [37.658198, 55.75047], [37.657884, 55.750466], [37.657654, 55.750454], [37.657257, 55.750405], [37.656752, 55.750308], [37.655453, 55.75005], [37.654982, 55.749966], [37.654473, 55.749891], [37.653982, 55.749833], [37.653532, 55.749785], [37.652945, 55.749735], [37.651436, 55.749616], [37.650164, 55.749518], [37.649329, 55.749456], [37.648753, 55.749414]]}}, {"type": "Feature", "properties": {"name": "Москва", "kind": "river"}, "geometry": {"type": "LineString", "coordinates": [[37.57206, 55.75202], [37.573033, 55.751472], [37.57402, 55.750337], [37.574261, 55.749585], [37.574492, 55.748863], [37.574449, 55.746327], [37.574128, 55.745431]]}}, {"type": "Feature", "properties": {"name": "Москва", "kind": "river"}, "geometry": {"type": "LineString", "coordinates": [[37.632075, 55.748884], [37.632293, 55.748848], [37.634187, 55.748429], [37.637707, 55.747366], [37.639272, 55.746583], [37.641307, 55.745006], [37.642813, 55.743477], [37.644873, 55.741134], [37.646959, 55.737043]]}}, {"type": "Feature", "properties": {"name": "Москва", "kind": "river"}, "geometry": {"type": "LineString", "coordinates": [[37.656718, 55.726372], [37.657405, 55.725186], [37.657708, 55.723538], [37.657748, 55.723325], [37.657405, 55.722044], [37.656632, 55.721149], [37.654701, 55.720062], [37.651954, 55.71895], [37.64968, 55.717814], [37.64865, 55.716798], [37.648392, 55.7153], [37.64895, 55.713559], [37.64998, 55.71177], [37.650109, 55.710561], [37.649508, 55.709231], [37.648668, 55.708431], [37.647058, 55.707716], [37.643431, 55.707084], [37.642158, 55.706951], [37.640813, 55.706988], [37.637749, 55.70749], [37.635772, 55.70768], [37.63393, 55.707757], [37.632097, 55.707606], [37.630583, 55.707152], [37.629495, 55.706718], [37.628877, 55.706067], [37.628676, 55.705531]]}}, {"type": "Feature", "properties": {"name": "Москва", "kind": "river"}, "geometry": {"type": "LineString", "coordinates": [[37.577608, 55.714206], [37.578751, 55.71478], [37.58052, 55.715822], [37.58208, 55.716741], [37.58551, 55.719343], [37.5903, 55.723565], [37.593179, 55.72626], [37.594685, 55.728476], [37.596304, 55.73104], [37.598029, 55.732937], [37.600027, 55.734586], [37.600966, 55.735063], [37.602675, 55.735931], [37.60641, 55.737836], [37.606741, 55.738086], [37.606905, 55.738352], [37.607136, 55.738962], [37.607369, 55.739744], [37.607644, 55.740887], [37.607995, 55.741971], [37.608118, 55.742518], [37.608323, 55.743118], [37.608513, 55.743388], [37.608767, 55.743678], [37.610112, 55.745264], [37.611743, 55.746496], [37.612197, 55.746766]]}}, {"type": "Feature", "properties": {"name": "Москва", "kind": "river"}, "geometry": {"type": "LineString", "coordinates": [[37.694784, 55.695351], [37.707573, 55.69327], [37.712122, 55.688457], [37.712379, 55.684659], [37.71195, 55.68132]]}}, {"type": "Feature", "properties": {"name": "Москва", "kind": "river"}, "geometry": {"type": "LineString", "coordinates": [[37.665242, 55.686224], [37.669565, 55.686743], [37.673326, 55.687537], [37.681266, 55.689836], [37.686887, 55.692279], [37.689291, 55.694456], [37.694784, 55.695351]]}}, {"type": "Feature", "properties": {"name": "Яуза", "kind": "river"}, "geometry": {"type": "LineString", "coordinates": [[37.699276, 55.782719], [37.699323, 55.782408], [37.699352, 55.781973]]}}, {"type": "Feature", "properties": {"name": "Яуза", "kind": "river"}, "geometry": {"type": "LineString", "coordinates": [[37.698803, 55.801343], [37.698691, 55.801095], [37.698627, 55.800826], [37.698577, 55.800423], [37.698672, 55.79988], [37.698771, 55.799672], [37.698882, 55.799441], [37.699148, 55.799076], [37.699827, 55.798413], [37.701217, 55.797173], [37.7029, 55.795754], [37.703156, 55.795521], [37.703984, 55.794825], [37.704279, 55.794559], [37.704616, 55.79423], [37.704854, 55.793981], [37.705107, 55.793695], [37.705249, 55.793531], [37.705376, 55.793348], [37.705453, 55.793162], [37.705487, 55.792989], [37.705496, 55.792795], [37.705473, 55.792625], [37.705416, 55.792473], [37.70532, 55.792321], [37.705201, 55.792175], [37.705055, 55.792041], [37.704889, 55.791909], [37.704716, 55.791792], [37.704472, 55.791646], [37.704133, 55.791458], [37.703789, 55.791276], [37.702858, 55.790777], [37.702177, 55.790419], [37.701468, 55.790066], [37.700648, 55.78971], [37.700423, 55.789583], [37.700219, 55.789473], [37.699986, 55.789329], [37.699415, 55.788806], [37.699132, 55.788367], [37.698656, 55.786753], [37.698831, 55.785427], [37.699005, 55.784554], [37.699016, 55.784496], [37.699276, 55.782719]]}}, {"type": "Feature", "properties": {"name": "Яуза", "kind": "river"}, "geometry": {"type": "LineString", "coordinates": [[37.671685, 55.756116], [37.672258, 55.755085], [37.672488, 55.754742], [37.672706, 55.754416], [37.672941, 55.754001], [37.673047, 55.753694], [37.673061, 55.753434], [37.67302, 55.753171], [37.672868, 55.752766], [37.67255, 55.752388], [37.671852, 55.751801], [37.671075, 55.751154], [37.670531, 55.750749]]}}, {"type": "Feature", "properties": {"name": "Яуза", "kind": "river"}, "geometry": {"type": "LineString", "coordinates": [[37.671357, 55.756626], [37.671685, 55.756116]]}}, {"type": "Feature", "properties": {"name": "Яуза", "kind": "river"}, "geometry": {"type": "LineString", "coordinates": [[37.692199, 55.76949], [37.690379, 55.768484], [37.68904, 55.767774], [37.688439, 55.767132], [37.687287, 55.765703], [37.68612, 55.764312], [37.685845, 55.763984], [37.685729, 55.763706], [37.685745, 55.763318], [37.685946, 55.762591], [37.685917, 55.762268], [37.685839, 55.762045], [37.685584, 55.761844], [37.685377, 55.7616], [37.685149, 55.761227], [37.684648, 55.760653], [37.684159, 55.760274], [37.682588, 55.759536], [37.681803, 55.759312], [37.680948, 55.759142], [37.680216, 55.759073], [37.679468, 55.759058], [37.678382, 55.759098], [37.677984, 55.759105], [37.676459, 55.759171], [37.675122, 55.75929], [37.673912, 55.75937], [37.673015, 55.759329], [37.67222, 55.759178], [37.671278, 55.758803], [37.670773, 55.758378], [37.670494, 55.757956], [37.670397, 55.757603], [37.670488, 55.757492], [37.670682, 55.757467], [37.670912, 55.757428], [37.671357, 55.756626]]}}, {"type": "Feature", "properties": {"name": "Яуза", "kind": "river"}, "geometry": {"type": "LineString", "coordinates": [[37.648629, 55.749404], [37.648142, 55.749356], [37.64789, 55.749324], [37.647651, 55.749285], [37.645523, 55.748891], [37.642418, 55.748337], [37.642214, 55.748298], [37.642125, 55.748281], [37.641893, 55.748219], [37.641732, 55.748166], [37.641564, 55.748094], [37.641402, 55.748002], [37.641239, 55.74789], [37.640604, 55.747373], [37.640147, 55.747062], [37.639272, 55.746583]]}}, {"type": "Feature", "properties": {"name": "Яуза", "kind": "river"}, "geometry": {"type": "LineString", "coordinates": [[37.648753, 55.749414], [37.648629, 55.749404]]}}, {"type": "Feature", "properties": {"name": "Москва", "kind": "river"}, "geometry": {"type": "LineString", "coordinates": [[37.480036, 55.767713], [37.481919, 55.767977], [37.484511, 55.76817], [37.487181, 55.768194], [37.489716, 55.76796], [37.492052, 55.767361], [37.496086, 55.766105], [37.497516, 55.765686], [37.498146, 55.765502], [37.501064, 55.764367], [37.502952, 55.763401], [37.504283, 55.762532], [37.505828, 55.761784], [37.510401, 55.760149]]}}, {"type": "Feature", "properties": {"name": "Яуза", "kind": "river"}, "geometry": {"type": "LineString", "coordinates": [[37.687823, 55.816913], [37.68795, 55.816809], [37.688286, 55.81653], [37.688651, 55.816048], [37.689415, 55.815332], [37.690791, 55.814325], [37.691333, 55.813735], [37.691561, 55.813434], [37.691999, 55.813202], [37.693466, 55.812399], [37.693776, 55.812334], [37.694006, 55.812326], [37.694636, 55.812305], [37.69498, 55.812255], [37.695287, 55.812115], [37.695431, 55.811951], [37.695397, 55.811831], [37.69532, 55.811712]]}}, {"type": "Feature", "properties": {"name": "Москва", "kind": "river"}, "geometry": {"type": "LineString", "coordinates": [[37.573891, 55.744709], [37.573033, 55.743694], [37.572769, 55.743406]]}}, {"type": "Feature", "properties": {"name": "Москва", "kind": "river"}, "geometry": {"type": "LineString", "coordinates": [[37.551289, 55.749998], [37.552281, 55.75043], [37.554535, 55.751436]]}}, {"type": "Feature", "properties": {"name": "Москва", "kind": "river"}, "geometry": {"type": "LineString", "coordinates": [[37.542534, 55.74618], [37.54355, 55.746521], [37.544344, 55.746877]]}}, {"type": "Feature", "properties": {"name": "Москва", "kind": "river"}, "geometry": {"type": "LineString", "coordinates": [[37.532404, 55.744396], [37.535749, 55.744582], [37.536488, 55.744645], [37.537349, 55.744777], [37.537972, 55.744917]]}}, {"type": "Feature", "properties": {"name": "Москва", "kind": "river"}, "geometry": {"type": "LineString", "coordinates": [[37.510401, 55.760149], [37.511664, 55.759659], [37.51321, 55.758815]]}}, {"type": "Feature", "properties": {"name": "Москва", "kind": "river"}, "geometry": {"type": "LineString", "coordinates": [[37.554535, 55.751436], [37.557562, 55.75239], [37.560178, 55.753078], [37.564021, 55.753597]]}}, {"type": "Feature", "properties": {"name": "Москва", "kind": "river"}, "geometry": {"type": "LineString", "coordinates": [[37.537972, 55.744917], [37.540374, 55.745458], [37.542534, 55.74618]]}}, {"type": "Feature", "properties": {"name": "Москва", "kind": "river"}, "geometry": {"type": "LineString", "coordinates": [[37.51321, 55.758815], [37.51393, 55.758422]]}}, {"type": "Feature", "properties": {"name": "Москва", "kind": "river"}, "geometry": {"type": "LineString", "coordinates": [[37.646959, 55.737043], [37.647235, 55.736501]]}}, {"type": "Feature", "properties": {"name": "Москва", "kind": "river"}, "geometry": {"type": "LineString", "coordinates": [[37.647235, 55.736501], [37.647534, 55.735915], [37.648018, 55.734958], [37.649122, 55.73333], [37.650495, 55.731276], [37.652512, 55.729947], [37.653787, 55.729103], [37.654211, 55.728821]]}}, {"type": "Feature", "properties": {"name": "Москва", "kind": "river"}, "geometry": {"type": "LineString", "coordinates": [[37.628676, 55.705531], [37.628573, 55.705255]]}}, {"type": "Feature", "properties": {"name": "Москва", "kind": "river"}, "geometry": {"type": "LineString", "coordinates": [[37.628573, 55.705255], [37.62853, 55.705081]]}}, {"type": "Feature", "properties": {"name": "Москва", "kind": "river"}, "geometry": {"type": "LineString", "coordinates": [[37.574128, 55.745431], [37.573891, 55.744709]]}}, {"type": "Feature", "properties": {"name": "Москва", "kind": "river"}, "geometry": {"type": "LineString", "coordinates": [[37.547877, 55.712616], [37.548516, 55.712263], [37.552897, 55.710973], [37.556873, 55.710343], [37.559232, 55.71028]]}}, {"type": "Feature", "properties": {"name": "Садовое кольцо", "kind": "ring"}, "geometry": {"type": "LineString", "coordinates": [[37.654664, 55.742644], [37.654817, 55.742982], [37.654931, 55.743312], [37.65515, 55.743994], [37.655217, 55.744285]]}}, {"type": "Feature", "properties": {"name": "Садовое кольцо", "kind": "ring"}, "geometry": {"type": "LineString", "coordinates": [[37.655217, 55.744285], [37.655248, 55.744448], [37.65529, 55.744705]]}}, {"type": "Feature", "properties": {"name": "Садовое кольцо", "kind": "ring"}, "geometry": {"type": "LineString", "coordinates": [[37.65529, 55.744705], [37.655781, 55.748561]]}}, {"type": "Feature", "properties": {"name": "Садовое кольцо", "kind": "ring"}, "geometry": {"type": "LineString", "coordinates": [[37.655781, 55.748561], [37.655884, 55.749156]]}}, {"type": "Feature", "properties": {"name": "Садовое кольцо", "kind": "ring"}, "geometry": {"type": "LineString", "coordinates": [[37.655884, 55.749156], [37.6559, 55.749272], [37.655905, 55.749305]]}}, {"type": "Feature", "properties": {"name": "Садовое кольцо", "kind": "ring"}, "geometry": {"type": "LineString", "coordinates": [[37.655905, 55.749305], [37.655968, 55.749818]]}}, {"type": "Feature", "properties": {"name": "Садовое кольцо", "kind": "ring"}, "geometry": {"type": "LineString", "coordinates": [[37.655968, 55.749818], [37.656028, 55.750502]]}}, {"type": "Feature", "properties": {"name": "Садовое кольцо", "kind": "ring"}, "geometry": {"type": "LineString", "coordinates": [[37.656028, 55.750502], [37.656033, 55.750606], [37.656068, 55.750973]]}}, {"type": "Feature", "properties": {"name": "Садовое кольцо", "kind": "ring"}, "geometry": {"type": "LineString", "coordinates": [[37.656068, 55.750973], [37.656078, 55.751115], [37.656147, 55.752284], [37.656175, 55.752444], [37.65622, 55.752572], [37.656281, 55.752725], [37.656675, 55.753603], [37.656919, 55.754201], [37.657077, 55.754584]]}}, {"type": "Feature", "properties": {"name": "Садовое кольцо", "kind": "ring"}, "geometry": {"type": "LineString", "coordinates": [[37.657077, 55.754584], [37.657189, 55.754858], [37.657298, 55.755167]]}}, {"type": "Feature", "properties": {"name": "Садовое кольцо", "kind": "ring"}, "geometry": {"type": "LineString", "coordinates": [[37.657298, 55.755167], [37.657477, 55.755623], [37.657574, 55.755972]]}}, {"type": "Feature", "properties": {"name": "Садовое кольцо", "kind": "ring"}, "geometry": {"type": "LineString", "coordinates": [[37.657574, 55.755972], [37.657622, 55.756152]]}}, {"type": "Feature", "properties": {"name": "Садовое кольцо", "kind": "ring"}, "geometry": {"type": "LineString", "coordinates": [[37.657622, 55.756152], [37.657707, 55.756494]]}}, {"type": "Feature", "properties": {"name": "Садовое кольцо", "kind": "ring"}, "geometry": {"type": "LineString", "coordinates": [[37.657707, 55.756494], [37.657773, 55.75683], [37.657861, 55.757345], [37.657896, 55.757831], [37.657886, 55.758316]]}}, {"type": "Feature", "properties": {"name": "Садовое кольцо", "kind": "ring"}, "geometry": {"type": "LineString", "coordinates": [[37.657886, 55.758316], [37.657884, 55.758404]]}}, {"type": "Feature", "properties": {"name": "Садовое кольцо", "kind": "ring"}, "geometry": {"type": "LineString", "coordinates": [[37.657884, 55.758404], [37.657868, 55.758789], [37.657866, 55.758831], [37.657842, 55.759369], [37.657832, 55.759569], [37.657791, 55.760189], [37.657688, 55.761057], [37.657646, 55.761329], [37.657591, 55.76156], [37.657531, 55.761783], [37.657466, 55.761995], [37.657398, 55.762189], [37.657318, 55.762384], [37.657153, 55.762769]]}}, {"type": "Feature", "properties": {"name": "Садовое кольцо", "kind": "ring"}, "geometry": {"type": "LineString", "coordinates": [[37.657153, 55.762769], [37.656999, 55.763086], [37.656865, 55.763352], [37.656816, 55.763455]]}}, {"type": "Feature", "properties": {"name": "Садовое кольцо", "kind": "ring"}, "geometry": {"type": "LineString", "coordinates": [[37.656816, 55.763455], [37.656534, 55.76396]]}}, {"type": "Feature", "properties": {"name": "Садовое кольцо", "kind": "ring"}, "geometry": {"type": "LineString", "coordinates": [[37.656534, 55.76396], [37.656478, 55.764043], [37.656427, 55.764103]]}}, {"type": "Feature", "properties": {"name": "Садовое кольцо", "kind": "ring"}, "geometry": {"type": "LineString", "coordinates": [[37.656427, 55.764103], [37.656398, 55.764138]]}}, {"type": "Feature", "properties": {"name": "Садовое кольцо", "kind": "ring"}, "geometry": {"type": "LineString", "coordinates": [[37.656398, 55.764138], [37.656312, 55.764209], [37.656243, 55.764264]]}}, {"type": "Feature", "properties": {"name": "Садовое кольцо", "kind": "ring"}, "geometry": {"type": "LineString", "coordinates": [[37.656243, 55.764264], [37.65607, 55.764384], [37.655723, 55.764624], [37.655584, 55.76472], [37.654183, 55.765643], [37.65333, 55.76621], [37.65309, 55.766366], [37.652377, 55.766873], [37.652256, 55.766959], [37.651883, 55.767232], [37.651488, 55.767519], [37.650963, 55.7679]]}}, {"type": "Feature", "properties": {"name": "Садовое кольцо", "kind": "ring"}, "geometry": {"type": "LineString", "coordinates": [[37.650963, 55.7679], [37.650219, 55.768427]]}}, {"type": "Feature", "properties": {"name": "Садовое кольцо", "kind": "ring"}, "geometry": {"type": "LineString", "coordinates": [[37.650219, 55.768427], [37.650037, 55.768557], [37.649878, 55.768641], [37.649674, 55.768732]]}}, {"type": "Feature", "properties": {"name": "Садовое кольцо", "kind": "ring"}, "geometry": {"type": "LineString", "coordinates": [[37.649674, 55.768732], [37.649434, 55.768809], [37.649226, 55.768875], [37.648824, 55.768983], [37.648503, 55.769065], [37.648004, 55.769187], [37.646669, 55.769528], [37.646251, 55.769631]]}}, {"type": "Feature", "properties": {"name": "Садовое кольцо", "kind": "ring"}, "geometry": {"type": "LineString", "coordinates": [[37.646251, 55.769631], [37.646016, 55.769689], [37.645704, 55.76977], [37.645142, 55.769931], [37.644537, 55.770113]]}}, {"type": "Feature", "properties": {"name": "Садовое кольцо", "kind": "ring"}, "geometry": {"type": "LineString", "coordinates": [[37.644537, 55.770113], [37.644246, 55.770204], [37.643886, 55.770318]]}}, {"type": "Feature", "properties": {"name": "Садовое кольцо", "kind": "ring"}, "geometry": {"type": "LineString", "coordinates": [[37.643886, 55.770318], [37.643789, 55.770349], [37.64372, 55.770371], [37.643632, 55.770399]]}}, {"type": "Feature", "properties": {"name": "Садовое кольцо", "kind": "ring"}, "geometry": {"type": "LineString", "coordinates": [[37.643632, 55.770399], [37.64318, 55.770537], [37.642499, 55.770744], [37.640625, 55.771321], [37.640594, 55.771331], [37.639726, 55.771591], [37.638966, 55.771819], [37.638443, 55.771957], [37.63791, 55.772087], [37.637298, 55.772211]]}}, {"type": "Feature", "properties": {"name": "Садовое кольцо", "kind": "ring"}, "geometry": {"type": "LineString", "coordinates": [[37.637298, 55.772211], [37.637097, 55.772247]]}}, {"type": "Feature", "properties": {"name": "Садовое кольцо", "kind": "ring"}, "geometry": {"type": "LineString", "coordinates": [[37.637097, 55.772247], [37.63674, 55.772311], [37.636348, 55.772372], [37.635825, 55.772445], [37.635463, 55.772486], [37.634105, 55.772629]]}}, {"type": "Feature", "properties": {"name": "Садовое кольцо", "kind": "ring"}, "geometry": {"type": "LineString", "coordinates": [[37.634105, 55.772629], [37.633135, 55.772742]]}}, {"type": "Feature", "properties": {"name": "Садовое кольцо", "kind": "ring"}, "geometry": {"type": "LineString", "coordinates": [[37.633135, 55.772742], [37.632786, 55.772789], [37.632509, 55.772825]]}}, {"type": "Feature", "properties": {"name": "Садовое кольцо", "kind": "ring"}, "geometry": {"type": "LineString", "coordinates": [[37.632509, 55.772825], [37.632295, 55.772851]]}}, {"type": "Feature", "properties": {"name": "Садовое кольцо", "kind": "ring"}, "geometry": {"type": "LineString", "coordinates": [[37.632295, 55.772851], [37.632053, 55.772885], [37.631946, 55.772899], [37.631648, 55.772939], [37.631112, 55.77301], [37.630485, 55.773099]]}}, {"type": "Feature", "properties": {"name": "Садовое кольцо", "kind": "ring"}, "geometry": {"type": "LineString", "coordinates": [[37.630485, 55.773099], [37.630279, 55.773132]]}}, {"type": "Feature", "properties": {"name": "Садовое кольцо", "kind": "ring"}, "geometry": {"type": "LineString", "coordinates": [[37.630279, 55.773132], [37.629446, 55.773253], [37.628717, 55.773355], [37.627869, 55.773461]]}}, {"type": "Feature", "properties": {"name": "Садовое кольцо", "kind": "ring"}, "geometry": {"type": "LineString", "coordinates": [[37.627869, 55.773461], [37.627127, 55.773526], [37.626202, 55.773595], [37.625915, 55.773617]]}}, {"type": "Feature", "properties": {"name": "Садовое кольцо", "kind": "ring"}, "geometry": {"type": "LineString", "coordinates": [[37.625915, 55.773617], [37.625771, 55.773628], [37.625526, 55.773647], [37.625137, 55.773671], [37.624682, 55.773693], [37.624223, 55.77371], [37.623699, 55.773725], [37.623173, 55.773736], [37.622461, 55.773749], [37.621745, 55.773751], [37.620881, 55.773745], [37.620019, 55.773729], [37.61911, 55.773704], [37.6182, 55.773675], [37.617416, 55.773647], [37.616628, 55.77362], [37.61515, 55.773569]]}}, {"type": "Feature", "properties": {"name": "Садовое кольцо", "kind": "ring"}, "geometry": {"type": "LineString", "coordinates": [[37.61515, 55.773569], [37.614502, 55.77355], [37.613931, 55.773536], [37.61341, 55.77353]]}}, {"type": "Feature", "properties": {"name": "Садовое кольцо", "kind": "ring"}, "geometry": {"type": "LineString", "coordinates": [[37.61341, 55.77353], [37.612522, 55.773503], [37.611766, 55.773459]]}}, {"type": "Feature", "properties": {"name": "Садовое кольцо", "kind": "ring"}, "geometry": {"type": "LineString", "coordinates": [[37.611766, 55.773459], [37.611064, 55.773412], [37.610392, 55.773352], [37.608952, 55.773216]]}}, {"type": "Feature", "properties": {"name": "Садовое кольцо", "kind": "ring"}, "geometry": {"type": "LineString", "coordinates": [[37.608952, 55.773216], [37.608585, 55.773182]]}}, {"type": "Feature", "properties": {"name": "Садовое кольцо", "kind": "ring"}, "geometry": {"type": "LineString", "coordinates": [[37.608585, 55.773182], [37.608226, 55.773142], [37.607911, 55.773101], [37.607356, 55.773032], [37.606963, 55.772972]]}}, {"type": "Feature", "properties": {"name": "Садовое кольцо", "kind": "ring"}, "geometry": {"type": "LineString", "coordinates": [[37.606963, 55.772972], [37.60587, 55.772804], [37.605343, 55.772718]]}}, {"type": "Feature", "properties": {"name": "Садовое кольцо", "kind": "ring"}, "geometry": {"type": "LineString", "coordinates": [[37.605343, 55.772718], [37.604983, 55.772648], [37.604645, 55.772574], [37.604448, 55.77253]]}}, {"type": "Feature", "properties": {"name": "Садовое кольцо", "kind": "ring"}, "geometry": {"type": "LineString", "coordinates": [[37.604448, 55.77253], [37.604268, 55.772486], [37.604187, 55.772466], [37.603894, 55.772381], [37.603693, 55.772321], [37.603347, 55.772217]]}}, {"type": "Feature", "properties": {"name": "Садовое кольцо", "kind": "ring"}, "geometry": {"type": "LineString", "coordinates": [[37.603347, 55.772217], [37.602911, 55.772084], [37.602266, 55.771896], [37.600928, 55.771504]]}}, {"type": "Feature", "properties": {"name": "Садовое кольцо", "kind": "ring"}, "geometry": {"type": "LineString", "coordinates": [[37.600928, 55.771504], [37.600648, 55.771422], [37.600544, 55.77139], [37.59949, 55.771017]]}}, {"type": "Feature", "properties": {"name": "Садовое кольцо", "kind": "ring"}, "geometry": {"type": "LineString", "coordinates": [[37.59949, 55.771017], [37.599191, 55.770906], [37.598907, 55.770801], [37.598566, 55.770669], [37.598264, 55.770546], [37.597939, 55.770406], [37.597662, 55.770276]]}}, {"type": "Feature", "properties": {"name": "Садовое кольцо", "kind": "ring"}, "geometry": {"type": "LineString", "coordinates": [[37.597662, 55.770276], [37.595833, 55.769372], [37.595581, 55.769239], [37.595338, 55.769102]]}}, {"type": "Feature", "properties": {"name": "Садовое кольцо", "kind": "ring"}, "geometry": {"type": "LineString", "coordinates": [[37.595338, 55.769102], [37.595019, 55.768911], [37.594697, 55.768705], [37.593898, 55.768189], [37.593613, 55.768005], [37.593043, 55.767632]]}}, {"type": "Feature", "properties": {"name": "Садовое кольцо", "kind": "ring"}, "geometry": {"type": "LineString", "coordinates": [[37.593043, 55.767632], [37.592679, 55.767375], [37.592347, 55.767144], [37.59165, 55.766651]]}}, {"type": "Feature", "properties": {"name": "Садовое кольцо", "kind": "ring"}, "geometry": {"type": "LineString", "coordinates": [[37.59165, 55.766651], [37.590754, 55.766022]]}}, {"type": "Feature", "properties": {"name": "Садовое кольцо", "kind": "ring"}, "geometry": {"type": "LineString", "coordinates": [[37.590754, 55.766022], [37.590437, 55.765809], [37.590292, 55.765706], [37.590077, 55.765547], [37.590063, 55.765538]]}}, {"type": "Feature", "properties": {"name": "Садовое кольцо", "kind": "ring"}, "geometry": {"type": "LineString", "coordinates": [[37.590063, 55.765538], [37.58984, 55.76538], [37.589376, 55.765027], [37.58911, 55.764804], [37.588771, 55.764505], [37.588383, 55.764146], [37.588019, 55.763774], [37.587734, 55.763446], [37.587478, 55.763133]]}}, {"type": "Feature", "properties": {"name": "Садовое кольцо", "kind": "ring"}, "geometry": {"type": "LineString", "coordinates": [[37.587478, 55.763133], [37.58715, 55.762747], [37.587059, 55.762633], [37.58695, 55.762502], [37.586772, 55.762271], [37.586638, 55.76209], [37.586253, 55.761593], [37.586217, 55.761544], [37.585761, 55.760906], [37.585408, 55.760403]]}}, {"type": "Feature", "properties": {"name": "Садовое кольцо", "kind": "ring"}, "geometry": {"type": "LineString", "coordinates": [[37.585408, 55.760403], [37.585248, 55.760158], [37.585157, 55.760008], [37.585004, 55.759748], [37.58489, 55.759559], [37.58477, 55.759355], [37.584721, 55.75927]]}}, {"type": "Feature", "properties": {"name": "Садовое кольцо", "kind": "ring"}, "geometry": {"type": "LineString", "coordinates": [[37.584721, 55.75927], [37.584609, 55.759014]]}}, {"type": "Feature", "properties": {"name": "Садовое кольцо", "kind": "ring"}, "geometry": {"type": "LineString", "coordinates": [[37.584609, 55.759014], [37.584566, 55.758931]]}}, {"type": "Feature", "properties": {"name": "Садовое кольцо", "kind": "ring"}, "geometry": {"type": "LineString", "coordinates": [[37.584566, 55.758931], [37.584491, 55.758736], [37.584368, 55.758386]]}}, {"type": "Feature", "properties": {"name": "Садовое кольцо", "kind": "ring"}, "geometry": {"type": "LineString", "coordinates": [[37.584368, 55.758386], [37.58432, 55.758186], [37.584304, 55.75812]]}}, {"type": "Feature", "properties": {"name": "Садовое кольцо", "kind": "ring"}, "geometry": {"type": "LineString", "coordinates": [[37.584304, 55.75812], [37.584183, 55.757553], [37.584118, 55.757214]]}}, {"type": "Feature", "properties": {"name": "Садовое кольцо", "kind": "ring"}, "geometry": {"type": "LineString", "coordinates": [[37.584118, 55.757214], [37.584085, 55.757028], [37.58401, 55.756598]]}}, {"type": "Feature", "properties": {"name": "Садовое кольцо", "kind": "ring"}, "geometry": {"type": "LineString", "coordinates": [[37.58401, 55.756598], [37.58397, 55.75635], [37.583913, 55.756104], [37.583823, 55.755724]]}}, {"type": "Feature", "properties": {"name": "Садовое кольцо", "kind": "ring"}, "geometry": {"type": "LineString", "coordinates": [[37.583823, 55.755724], [37.583752, 55.755427], [37.583713, 55.755232]]}}, {"type": "Feature", "properties": {"name": "Садовое кольцо", "kind": "ring"}, "geometry": {"type": "LineString", "coordinates": [[37.583713, 55.755232], [37.583627, 55.754712], [37.583332, 55.75296]]}}, {"type": "Feature", "properties": {"name": "Садовое кольцо", "kind": "ring"}, "geometry": {"type": "LineString", "coordinates": [[37.583332, 55.75296], [37.583174, 55.752005]]}}, {"type": "Feature", "properties": {"name": "Садовое кольцо", "kind": "ring"}, "geometry": {"type": "LineString", "coordinates": [[37.583174, 55.752005], [37.582875, 55.750369], [37.582833, 55.750146], [37.582773, 55.749792], [37.582643, 55.749224]]}}, {"type": "Feature", "properties": {"name": "Садовое кольцо", "kind": "ring"}, "geometry": {"type": "LineString", "coordinates": [[37.582643, 55.749224], [37.58257, 55.748782], [37.582537, 55.74857], [37.582426, 55.747925]]}}, {"type": "Feature", "properties": {"name": "Садовое кольцо", "kind": "ring"}, "geometry": {"type": "LineString", "coordinates": [[37.582426, 55.747925], [37.58241, 55.747831], [37.582337, 55.747276], [37.582321, 55.747166]]}}, {"type": "Feature", "properties": {"name": "Садовое кольцо", "kind": "ring"}, "geometry": {"type": "LineString", "coordinates": [[37.582321, 55.747166], [37.582314, 55.747018], [37.582315, 55.746895], [37.582319, 55.746792]]}}, {"type": "Feature", "properties": {"name": "Садовое кольцо", "kind": "ring"}, "geometry": {"type": "LineString", "coordinates": [[37.582319, 55.746792], [37.582337, 55.746688], [37.582372, 55.746589], [37.582472, 55.746347], [37.582509, 55.746268], [37.582584, 55.746094], [37.582737, 55.745768]]}}, {"type": "Feature", "properties": {"name": "Садовое кольцо", "kind": "ring"}, "geometry": {"type": "LineString", "coordinates": [[37.582737, 55.745768], [37.58293, 55.745358]]}}, {"type": "Feature", "properties": {"name": "Садовое кольцо", "kind": "ring"}, "geometry": {"type": "LineString", "coordinates": [[37.58293, 55.745358], [37.583052, 55.745097]]}}, {"type": "Feature", "properties": {"name": "Садовое кольцо", "kind": "ring"}, "geometry": {"type": "LineString", "coordinates": [[37.583052, 55.745097], [37.583596, 55.743853], [37.58361, 55.74382]]}}, {"type": "Feature", "properties": {"name": "Садовое кольцо", "kind": "ring"}, "geometry": {"type": "LineString", "coordinates": [[37.58361, 55.74382], [37.584001, 55.742831], [37.584194, 55.742323], [37.58458, 55.741283], [37.584871, 55.740541]]}}, {"type": "Feature", "properties": {"name": "Садовое кольцо", "kind": "ring"}, "geometry": {"type": "LineString", "coordinates": [[37.584871, 55.740541], [37.584929, 55.740415], [37.585146, 55.739953], [37.585262, 55.739734], [37.585468, 55.739371]]}}, {"type": "Feature", "properties": {"name": "Садовое кольцо", "kind": "ring"}, "geometry": {"type": "LineString", "coordinates": [[37.585468, 55.739371], [37.585733, 55.738933]]}}, {"type": "Feature", "properties": {"name": "Садовое кольцо", "kind": "ring"}, "geometry": {"type": "LineString", "coordinates": [[37.585733, 55.738933], [37.58576, 55.738892]]}}, {"type": "Feature", "properties": {"name": "Садовое кольцо", "kind": "ring"}, "geometry": {"type": "LineString", "coordinates": [[37.58576, 55.738892], [37.585884, 55.738737], [37.586045, 55.738575]]}}, {"type": "Feature", "properties": {"name": "Садовое кольцо", "kind": "ring"}, "geometry": {"type": "LineString", "coordinates": [[37.586045, 55.738575], [37.58612, 55.738508]]}}, {"type": "Feature", "properties": {"name": "Садовое кольцо", "kind": "ring"}, "geometry": {"type": "LineString", "coordinates": [[37.58612, 55.738508], [37.586187, 55.738467]]}}, {"type": "Feature", "properties": {"name": "Садовое кольцо", "kind": "ring"}, "geometry": {"type": "LineString", "coordinates": [[37.586187, 55.738467], [37.586425, 55.738332], [37.586798, 55.738175], [37.586958, 55.738105], [37.587197, 55.738003], [37.589256, 55.737185], [37.589352, 55.737148], [37.589785, 55.736981]]}}, {"type": "Feature", "properties": {"name": "Садовое кольцо", "kind": "ring"}, "geometry": {"type": "LineString", "coordinates": [[37.589785, 55.736981], [37.590643, 55.736652], [37.591295, 55.736413], [37.592195, 55.736108], [37.592333, 55.736061], [37.592666, 55.735952], [37.592931, 55.735863]]}}, {"type": "Feature", "properties": {"name": "Садовое кольцо", "kind": "ring"}, "geometry": {"type": "LineString", "coordinates": [[37.592931, 55.735863], [37.593302, 55.735737], [37.593426, 55.735699]]}}, {"type": "Feature", "properties": {"name": "Садовое кольцо", "kind": "ring"}, "geometry": {"type": "LineString", "coordinates": [[37.593426, 55.735699], [37.593972, 55.735525], [37.594092, 55.735493], [37.594183, 55.735469]]}}, {"type": "Feature", "properties": {"name": "Садовое кольцо", "kind": "ring"}, "geometry": {"type": "LineString", "coordinates": [[37.594183, 55.735469], [37.594415, 55.7354]]}}, {"type": "Feature", "properties": {"name": "Садовое кольцо", "kind": "ring"}, "geometry": {"type": "LineString", "coordinates": [[37.594415, 55.7354], [37.594622, 55.735343]]}}, {"type": "Feature", "properties": {"name": "Садовое кольцо", "kind": "ring"}, "geometry": {"type": "LineString", "coordinates": [[37.594622, 55.735343], [37.597261, 55.734496]]}}, {"type": "Feature", "properties": {"name": "Садовое кольцо", "kind": "ring"}, "geometry": {"type": "LineString", "coordinates": [[37.597261, 55.734496], [37.600737, 55.733353]]}}, {"type": "Feature", "properties": {"name": "Садовое кольцо", "kind": "ring"}, "geometry": {"type": "LineString", "coordinates": [[37.600737, 55.733353], [37.603357, 55.732512], [37.603902, 55.732343]]}}, {"type": "Feature", "properties": {"name": "Садовое кольцо", "kind": "ring"}, "geometry": {"type": "LineString", "coordinates": [[37.603902, 55.732343], [37.604666, 55.7321], [37.605035, 55.731982]]}}, {"type": "Feature", "properties": {"name": "Садовое кольцо", "kind": "ring"}, "geometry": {"type": "LineString", "coordinates": [[37.605035, 55.731982], [37.605843, 55.731723]]}}, {"type": "Feature", "properties": {"name": "Садовое кольцо", "kind": "ring"}, "geometry": {"type": "LineString", "coordinates": [[37.605843, 55.731723], [37.606809, 55.731418]]}}, {"type": "Feature", "properties": {"name": "Садовое кольцо", "kind": "ring"}, "geometry": {"type": "LineString", "coordinates": [[37.606809, 55.731418], [37.607348, 55.731245]]}}, {"type": "Feature", "properties": {"name": "Садовое кольцо", "kind": "ring"}, "geometry": {"type": "LineString", "coordinates": [[37.607348, 55.731245], [37.607948, 55.731052], [37.608461, 55.730883]]}}, {"type": "Feature", "properties": {"name": "Садовое кольцо", "kind": "ring"}, "geometry": {"type": "LineString", "coordinates": [[37.608461, 55.730883], [37.608533, 55.730859], [37.60939, 55.730586], [37.610141, 55.730365], [37.610502, 55.730258], [37.610834, 55.730167], [37.611154, 55.730083], [37.611442, 55.730015]]}}, {"type": "Feature", "properties": {"name": "Садовое кольцо", "kind": "ring"}, "geometry": {"type": "LineString", "coordinates": [[37.611442, 55.730015], [37.611798, 55.729936], [37.612161, 55.729864], [37.61253, 55.729804], [37.612904, 55.729751], [37.613287, 55.72971], [37.613676, 55.729675], [37.614098, 55.729643], [37.614522, 55.729617]]}}, {"type": "Feature", "properties": {"name": "Садовое кольцо", "kind": "ring"}, "geometry": {"type": "LineString", "coordinates": [[37.614522, 55.729617], [37.614837, 55.729602], [37.615159, 55.729595], [37.61553, 55.729592], [37.616082, 55.729596], [37.616128, 55.729596]]}}, {"type": "Feature", "properties": {"name": "Садовое кольцо", "kind": "ring"}, "geometry": {"type": "LineString", "coordinates": [[37.616128, 55.729596], [37.616485, 55.729599], [37.617106, 55.729612]]}}, {"type": "Feature", "properties": {"name": "Садовое кольцо", "kind": "ring"}, "geometry": {"type": "LineString", "coordinates": [[37.617106, 55.729612], [37.617883, 55.729632], [37.618383, 55.729635], [37.619105, 55.729646], [37.620204, 55.729658]]}}, {"type": "Feature", "properties": {"name": "Садовое кольцо", "kind": "ring"}, "geometry": {"type": "LineString", "coordinates": [[37.620204, 55.729658], [37.622629, 55.7297], [37.623157, 55.729708]]}}, {"type": "Feature", "properties": {"name": "Садовое кольцо", "kind": "ring"}, "geometry": {"type": "LineString", "coordinates": [[37.623157, 55.729708], [37.623659, 55.729717], [37.624179, 55.729729], [37.624814, 55.729756], [37.62539, 55.729791], [37.626095, 55.72985]]}}, {"type": "Feature", "properties": {"name": "Садовое кольцо", "kind": "ring"}, "geometry": {"type": "LineString", "coordinates": [[37.626095, 55.72985], [37.629152, 55.730168], [37.629547, 55.730205], [37.63037, 55.730271]]}}, {"type": "Feature", "properties": {"name": "Садовое кольцо", "kind": "ring"}, "geometry": {"type": "LineString", "coordinates": [[37.63037, 55.730271], [37.630859, 55.730324], [37.631539, 55.730398], [37.633235, 55.730583], [37.633917, 55.730658], [37.634037, 55.730673], [37.634941, 55.730784], [37.634985, 55.730789]]}}, {"type": "Feature", "properties": {"name": "Садовое кольцо", "kind": "ring"}, "geometry": {"type": "LineString", "coordinates": [[37.634985, 55.730789], [37.635086, 55.7308], [37.635858, 55.730888], [37.635886, 55.730891]]}}, {"type": "Feature", "properties": {"name": "Садовое кольцо", "kind": "ring"}, "geometry": {"type": "LineString", "coordinates": [[37.635886, 55.730891], [37.635918, 55.730895], [37.635946, 55.730899]]}}, {"type": "Feature", "properties": {"name": "Садовое кольцо", "kind": "ring"}, "geometry": {"type": "LineString", "coordinates": [[37.635946, 55.730899], [37.635973, 55.730902], [37.636007, 55.730904]]}}, {"type": "Feature", "properties": {"name": "Садовое кольцо", "kind": "ring"}, "geometry": {"type": "LineString", "coordinates": [[37.636007, 55.730904], [37.636225, 55.730932]]}}, {"type": "Feature", "properties": {"name": "Садовое кольцо", "kind": "ring"}, "geometry": {"type": "LineString", "coordinates": [[37.636225, 55.730932], [37.636326, 55.730946], [37.636426, 55.730961], [37.636554, 55.730984], [37.636681, 55.731007], [37.636841, 55.731038], [37.637013, 55.731077]]}}, {"type": "Feature", "properties": {"name": "Садовое кольцо", "kind": "ring"}, "geometry": {"type": "LineString", "coordinates": [[37.637013, 55.731077], [37.637175, 55.731113], [37.637377, 55.731162], [37.637507, 55.731195], [37.638015, 55.731339], [37.638057, 55.731353]]}}, {"type": "Feature", "properties": {"name": "Садовое кольцо", "kind": "ring"}, "geometry": {"type": "LineString", "coordinates": [[37.638057, 55.731353], [37.638273, 55.731423], [37.638498, 55.731497], [37.638715, 55.731581], [37.638889, 55.731658], [37.639106, 55.731761], [37.639267, 55.731848], [37.639422, 55.731939], [37.639597, 55.732051], [37.639713, 55.732127], [37.639886, 55.73224]]}}, {"type": "Feature", "properties": {"name": "Садовое кольцо", "kind": "ring"}, "geometry": {"type": "LineString", "coordinates": [[37.639886, 55.73224], [37.64004, 55.732347], [37.640344, 55.73253], [37.640803, 55.732787]]}}, {"type": "Feature", "properties": {"name": "Садовое кольцо", "kind": "ring"}, "geometry": {"type": "LineString", "coordinates": [[37.640803, 55.732787], [37.641036, 55.732918], [37.641088, 55.732948], [37.641356, 55.733102]]}}, {"type": "Feature", "properties": {"name": "Садовое кольцо", "kind": "ring"}, "geometry": {"type": "LineString", "coordinates": [[37.641356, 55.733102], [37.641547, 55.733211], [37.641681, 55.733288], [37.641756, 55.733331]]}}, {"type": "Feature", "properties": {"name": "Садовое кольцо", "kind": "ring"}, "geometry": {"type": "LineString", "coordinates": [[37.641756, 55.733331], [37.642266, 55.733599]]}}, {"type": "Feature", "properties": {"name": "Садовое кольцо", "kind": "ring"}, "geometry": {"type": "LineString", "coordinates": [[37.642266, 55.733599], [37.642491, 55.733716]]}}, {"type": "Feature", "properties": {"name": "Садовое кольцо", "kind": "ring"}, "geometry": {"type": "LineString", "coordinates": [[37.642491, 55.733716], [37.643383, 55.734187]]}}, {"type": "Feature", "properties": {"name": "Садовое кольцо", "kind": "ring"}, "geometry": {"type": "LineString", "coordinates": [[37.643383, 55.734187], [37.64395, 55.734508]]}}, {"type": "Feature", "properties": {"name": "Садовое кольцо", "kind": "ring"}, "geometry": {"type": "LineString", "coordinates": [[37.64395, 55.734508], [37.644351, 55.734792], [37.645271, 55.735431], [37.649483, 55.73829], [37.649683, 55.738433]]}}, {"type": "Feature", "properties": {"name": "Садовое кольцо", "kind": "ring"}, "geometry": {"type": "LineString", "coordinates": [[37.649683, 55.738433], [37.650106, 55.738734], [37.6502, 55.738802]]}}, {"type": "Feature", "properties": {"name": "Садовое кольцо", "kind": "ring"}, "geometry": {"type": "LineString", "coordinates": [[37.6502, 55.738802], [37.650455, 55.738982]]}}, {"type": "Feature", "properties": {"name": "Садовое кольцо", "kind": "ring"}, "geometry": {"type": "LineString", "coordinates": [[37.650455, 55.738982], [37.650975, 55.739354], [37.652107, 55.740166]]}}, {"type": "Feature", "properties": {"name": "Садовое кольцо", "kind": "ring"}, "geometry": {"type": "LineString", "coordinates": [[37.652107, 55.740166], [37.652491, 55.74044], [37.653191, 55.740967], [37.653583, 55.741292], [37.653967, 55.741673], [37.654309, 55.742056], [37.654506, 55.742353], [37.654664, 55.742644]]}}, {"type": "Feature", "properties": {"name": "Садовое кольцо", "kind": "ring"}, "geometry": {"type": "LineString", "coordinates": [[37.655699, 55.749769], [37.655649, 55.74935]]}}, {"type": "Feature", "properties": {"name": "Садовое кольцо", "kind": "ring"}, "geometry": {"type": "LineString", "coordinates": [[37.655752, 55.750448], [37.655699, 55.749769]]}}, {"type": "Feature", "properties": {"name": "Садовое кольцо", "kind": "ring"}, "geometry": {"type": "LineString", "coordinates": [[37.655794, 55.751004], [37.655752, 55.750448]]}}, {"type": "Feature", "properties": {"name": "Садовое кольцо", "kind": "ring"}, "geometry": {"type": "LineString", "coordinates": [[37.655816, 55.75123], [37.655798, 55.751044], [37.655794, 55.751004]]}}, {"type": "Feature", "properties": {"name": "Садовое кольцо", "kind": "ring"}, "geometry": {"type": "LineString", "coordinates": [[37.655903, 55.752484], [37.655881, 55.752361], [37.655858, 55.752091], [37.655837, 55.751785], [37.655816, 55.75123]]}}, {"type": "Feature", "properties": {"name": "Садовое кольцо", "kind": "ring"}, "geometry": {"type": "LineString", "coordinates": [[37.655944, 55.752605], [37.655903, 55.752484]]}}, {"type": "Feature", "properties": {"name": "Садовое кольцо", "kind": "ring"}, "geometry": {"type": "LineString", "coordinates": [[37.65761, 55.758406], [37.657616, 55.758124], [37.657612, 55.757932], [37.657592, 55.757646], [37.657582, 55.757492], [37.657529, 55.757081], [37.657422, 55.75656], [37.657319, 55.756153], [37.657159, 55.755566], [37.657137, 55.755494], [37.656873, 55.754752], [37.656865, 55.75473], [37.65661, 55.754147], [37.656605, 55.754134], [37.656401, 55.753674], [37.656119, 55.753022], [37.656007, 55.752763], [37.655944, 55.752605]]}}, {"type": "Feature", "properties": {"name": "Садовое кольцо", "kind": "ring"}, "geometry": {"type": "LineString", "coordinates": [[37.657498, 55.760168], [37.657564, 55.759347], [37.657591, 55.758786], [37.65761, 55.758406]]}}, {"type": "Feature", "properties": {"name": "Садовое кольцо", "kind": "ring"}, "geometry": {"type": "LineString", "coordinates": [[37.657487, 55.760311], [37.657498, 55.760168]]}}, {"type": "Feature", "properties": {"name": "Садовое кольцо", "kind": "ring"}, "geometry": {"type": "LineString", "coordinates": [[37.656265, 55.763896], [37.6564, 55.763673], [37.656646, 55.763194], [37.656918, 55.762652], [37.657007, 55.762449], [37.65705, 55.762344], [37.657163, 55.762043], [37.65725, 55.761772], [37.657354, 55.761339], [37.657457, 55.760623], [37.65748, 55.760396], [37.657487, 55.760311]]}}, {"type": "Feature", "properties": {"name": "Садовое кольцо", "kind": "ring"}, "geometry": {"type": "LineString", "coordinates": [[37.656144, 55.76404], [37.656214, 55.763964], [37.656265, 55.763896]]}}, {"type": "Feature", "properties": {"name": "Садовое кольцо", "kind": "ring"}, "geometry": {"type": "LineString", "coordinates": [[37.656024, 55.76415], [37.656094, 55.76409], [37.656144, 55.76404]]}}, {"type": "Feature", "properties": {"name": "Садовое кольцо", "kind": "ring"}, "geometry": {"type": "LineString", "coordinates": [[37.649997, 55.768334], [37.650187, 55.768226], [37.650654, 55.767901], [37.65154, 55.767252], [37.651977, 55.766929], [37.652585, 55.766494], [37.652842, 55.766318], [37.653458, 55.765907], [37.653866, 55.765635], [37.654915, 55.76492], [37.655583, 55.764465], [37.655851, 55.76428], [37.656024, 55.76415]]}}, {"type": "Feature", "properties": {"name": "Садовое кольцо", "kind": "ring"}, "geometry": {"type": "LineString", "coordinates": [[37.647666, 55.769093], [37.64783, 55.769021], [37.648067, 55.768939], [37.648506, 55.768822], [37.648925, 55.768702], [37.649383, 55.768562], [37.64978, 55.768425], [37.649997, 55.768334]]}}, {"type": "Feature", "properties": {"name": "Садовое кольцо", "kind": "ring"}, "geometry": {"type": "LineString", "coordinates": [[37.646125, 55.769474], [37.647129, 55.769226], [37.647375, 55.769165], [37.647438, 55.769148], [37.647666, 55.769093]]}}, {"type": "Feature", "properties": {"name": "Садовое кольцо", "kind": "ring"}, "geometry": {"type": "LineString", "coordinates": [[37.643723, 55.770203], [37.644117, 55.770077], [37.64424, 55.770038], [37.644377, 55.769994], [37.645422, 55.769674], [37.64566, 55.769603], [37.645884, 55.769538], [37.646125, 55.769474]]}}, {"type": "Feature", "properties": {"name": "Садовое кольцо", "kind": "ring"}, "geometry": {"type": "LineString", "coordinates": [[37.643468, 55.770275], [37.643553, 55.770251], [37.643627, 55.77023], [37.643723, 55.770203]]}}, {"type": "Feature", "properties": {"name": "Садовое кольцо", "kind": "ring"}, "geometry": {"type": "LineString", "coordinates": [[37.642392, 55.770599], [37.643046, 55.770403], [37.643209, 55.770354], [37.643468, 55.770275]]}}, {"type": "Feature", "properties": {"name": "Садовое кольцо", "kind": "ring"}, "geometry": {"type": "LineString", "coordinates": [[37.637591, 55.771996], [37.637889, 55.771932], [37.638393, 55.771806], [37.638881, 55.771673], [37.639259, 55.771558], [37.639457, 55.771497], [37.63977, 55.771402], [37.640098, 55.771302], [37.641577, 55.770846], [37.642392, 55.770599]]}}, {"type": "Feature", "properties": {"name": "Садовое кольцо", "kind": "ring"}, "geometry": {"type": "LineString", "coordinates": [[37.637267, 55.772061], [37.637591, 55.771996]]}}, {"type": "Feature", "properties": {"name": "Садовое кольцо", "kind": "ring"}, "geometry": {"type": "LineString", "coordinates": [[37.632578, 55.772651], [37.633071, 55.772587], [37.633164, 55.772576], [37.633355, 55.772553], [37.635387, 55.772338], [37.635821, 55.772288], [37.636295, 55.772223], [37.636782, 55.772148], [37.637267, 55.772061]]}}, {"type": "Feature", "properties": {"name": "Садовое кольцо", "kind": "ring"}, "geometry": {"type": "LineString", "coordinates": [[37.632289, 55.772688], [37.632578, 55.772651]]}}, {"type": "Feature", "properties": {"name": "Садовое кольцо", "kind": "ring"}, "geometry": {"type": "LineString", "coordinates": [[37.628197, 55.773259], [37.629021, 55.773145], [37.629172, 55.773123], [37.630241, 55.772973], [37.630573, 55.772926], [37.631233, 55.772833], [37.63188, 55.772744], [37.632038, 55.772722], [37.632289, 55.772688]]}}, {"type": "Feature", "properties": {"name": "Садовое кольцо", "kind": "ring"}, "geometry": {"type": "LineString", "coordinates": [[37.625891, 55.773506], [37.626181, 55.773482], [37.627056, 55.773404], [37.62764, 55.773334], [37.628197, 55.773259]]}}, {"type": "Feature", "properties": {"name": "Садовое кольцо", "kind": "ring"}, "geometry": {"type": "LineString", "coordinates": [[37.615162, 55.773458], [37.616641, 55.773508], [37.617428, 55.773536], [37.618211, 55.773563], [37.619121, 55.773592], [37.620028, 55.773617], [37.620886, 55.773633], [37.621745, 55.773639], [37.622457, 55.773637], [37.622886, 55.773629], [37.623166, 55.773624], [37.623691, 55.773613], [37.624212, 55.773598], [37.624667, 55.773581], [37.625117, 55.773559], [37.625502, 55.773535], [37.625891, 55.773506]]}}, {"type": "Feature", "properties": {"name": "Садовое кольцо", "kind": "ring"}, "geometry": {"type": "LineString", "coordinates": [[37.613435, 55.773379], [37.614081, 55.773413], [37.614496, 55.773431], [37.615162, 55.773458]]}}, {"type": "Feature", "properties": {"name": "Садовое кольцо", "kind": "ring"}, "geometry": {"type": "LineString", "coordinates": [[37.610458, 55.773199], [37.611088, 55.773258], [37.611748, 55.773307], [37.612362, 55.77334], [37.613131, 55.773369], [37.613435, 55.773379]]}}, {"type": "Feature", "properties": {"name": "Садовое кольцо", "kind": "ring"}, "geometry": {"type": "LineString", "coordinates": [[37.609052, 55.773061], [37.60998, 55.773153], [37.610383, 55.773192], [37.610458, 55.773199]]}}, {"type": "Feature", "properties": {"name": "Садовое кольцо", "kind": "ring"}, "geometry": {"type": "LineString", "coordinates": [[37.607821, 55.772924], [37.608294, 55.772983], [37.608455, 55.773], [37.609052, 55.773061]]}}, {"type": "Feature", "properties": {"name": "Садовое кольцо", "kind": "ring"}, "geometry": {"type": "LineString", "coordinates": [[37.604485, 55.772383], [37.60468, 55.772427], [37.605063, 55.772512], [37.60521, 55.772541], [37.605403, 55.772576], [37.605529, 55.772597], [37.605745, 55.77263], [37.607002, 55.772814], [37.607306, 55.772857], [37.607588, 55.772895], [37.607821, 55.772924]]}}, {"type": "Feature", "properties": {"name": "Садовое кольцо", "kind": "ring"}, "geometry": {"type": "LineString", "coordinates": [[37.603807, 55.772186], [37.604137, 55.772283], [37.604274, 55.77232], [37.604485, 55.772383]]}}, {"type": "Feature", "properties": {"name": "Садовое кольцо", "kind": "ring"}, "geometry": {"type": "LineString", "coordinates": [[37.60304, 55.771962], [37.603807, 55.772186]]}}, {"type": "Feature", "properties": {"name": "Садовое кольцо", "kind": "ring"}, "geometry": {"type": "LineString", "coordinates": [[37.602395, 55.771774], [37.60304, 55.771962]]}}, {"type": "Feature", "properties": {"name": "Садовое кольцо", "kind": "ring"}, "geometry": {"type": "LineString", "coordinates": [[37.601068, 55.771393], [37.601874, 55.771625], [37.602395, 55.771774]]}}, {"type": "Feature", "properties": {"name": "Садовое кольцо", "kind": "ring"}, "geometry": {"type": "LineString", "coordinates": [[37.597801, 55.770182], [37.598074, 55.770317], [37.598387, 55.770457], [37.598679, 55.770582], [37.59901, 55.770713], [37.599295, 55.770819], [37.599366, 55.770845], [37.59961, 55.770938], [37.60011, 55.771108], [37.600537, 55.771245], [37.601068, 55.771393]]}}, {"type": "Feature", "properties": {"name": "Садовое кольцо", "kind": "ring"}, "geometry": {"type": "LineString", "coordinates": [[37.595478, 55.769021], [37.595722, 55.769155], [37.595973, 55.769285], [37.597801, 55.770182]]}}, {"type": "Feature", "properties": {"name": "Садовое кольцо", "kind": "ring"}, "geometry": {"type": "LineString", "coordinates": [[37.593335, 55.767619], [37.593767, 55.767943], [37.594038, 55.768124], [37.594838, 55.768633], [37.595164, 55.768836], [37.595478, 55.769021]]}}, {"type": "Feature", "properties": {"name": "Садовое кольцо", "kind": "ring"}, "geometry": {"type": "LineString", "coordinates": [[37.592994, 55.767384], [37.593282, 55.767582], [37.593335, 55.767619]]}}, {"type": "Feature", "properties": {"name": "Садовое кольцо", "kind": "ring"}, "geometry": {"type": "LineString", "coordinates": [[37.590735, 55.765788], [37.591309, 55.766202], [37.592157, 55.766805], [37.592344, 55.766939], [37.592994, 55.767384]]}}, {"type": "Feature", "properties": {"name": "Садовое кольцо", "kind": "ring"}, "geometry": {"type": "LineString", "coordinates": [[37.587975, 55.763414], [37.588226, 55.763693], [37.588395, 55.763877], [37.58856, 55.764052], [37.58893, 55.764406], [37.589272, 55.764712], [37.589576, 55.764952], [37.59003, 55.765293], [37.590393, 55.765547], [37.590637, 55.76572], [37.590735, 55.765788]]}}, {"type": "Feature", "properties": {"name": "Садовое кольцо", "kind": "ring"}, "geometry": {"type": "LineString", "coordinates": [[37.587129, 55.76234], [37.587303, 55.762564], [37.587572, 55.76291], [37.587718, 55.763094], [37.587975, 55.763414]]}}, {"type": "Feature", "properties": {"name": "Садовое кольцо", "kind": "ring"}, "geometry": {"type": "LineString", "coordinates": [[37.585127, 55.759509], [37.585404, 55.759945], [37.585513, 55.760111], [37.585672, 55.76036], [37.585886, 55.760661], [37.586396, 55.761376], [37.586579, 55.76162], [37.587024, 55.762203], [37.587129, 55.76234]]}}, {"type": "Feature", "properties": {"name": "Садовое кольцо", "kind": "ring"}, "geometry": {"type": "LineString", "coordinates": [[37.584816, 55.758907], [37.584877, 55.759045], [37.584913, 55.759123], [37.584965, 55.759224], [37.585127, 55.759509]]}}, {"type": "Feature", "properties": {"name": "Садовое кольцо", "kind": "ring"}, "geometry": {"type": "LineString", "coordinates": [[37.584793, 55.758847], [37.584816, 55.758907]]}}, {"type": "Feature", "properties": {"name": "Садовое кольцо", "kind": "ring"}, "geometry": {"type": "LineString", "coordinates": [[37.584623, 55.758246], [37.584682, 55.758522], [37.584722, 55.758639], [37.584793, 55.758847]]}}, {"type": "Feature", "properties": {"name": "Садовое кольцо", "kind": "ring"}, "geometry": {"type": "LineString", "coordinates": [[37.58442, 55.757318], [37.584573, 55.758011], [37.584623, 55.758246]]}}, {"type": "Feature", "properties": {"name": "Садовое кольцо", "kind": "ring"}, "geometry": {"type": "LineString", "coordinates": [[37.58396, 55.755229], [37.584158, 55.756121], [37.584388, 55.757168], [37.584391, 55.757178], [37.58442, 55.757318]]}}, {"type": "Feature", "properties": {"name": "Садовое кольцо", "kind": "ring"}, "geometry": {"type": "LineString", "coordinates": [[37.583504, 55.752953], [37.583841, 55.754869], [37.583881, 55.755], [37.583924, 55.755112], [37.58396, 55.755229]]}}, {"type": "Feature", "properties": {"name": "Садовое кольцо", "kind": "ring"}, "geometry": {"type": "LineString", "coordinates": [[37.583362, 55.751995], [37.583504, 55.752953]]}}, {"type": "Feature", "properties": {"name": "Садовое кольцо", "kind": "ring"}, "geometry": {"type": "LineString", "coordinates": [[37.582911, 55.749209], [37.582966, 55.749773], [37.583029, 55.750138], [37.583074, 55.750377], [37.583362, 55.751995]]}}, {"type": "Feature", "properties": {"name": "Садовое кольцо", "kind": "ring"}, "geometry": {"type": "LineString", "coordinates": [[37.582791, 55.748365], [37.582871, 55.748953], [37.582911, 55.749209]]}}, {"type": "Feature", "properties": {"name": "Садовое кольцо", "kind": "ring"}, "geometry": {"type": "LineString", "coordinates": [[37.582631, 55.747165], [37.582641, 55.74728], [37.582709, 55.747817], [37.582791, 55.748365]]}}, {"type": "Feature", "properties": {"name": "Садовое кольцо", "kind": "ring"}, "geometry": {"type": "LineString", "coordinates": [[37.583186, 55.745482], [37.583114, 55.745652], [37.582889, 55.746181], [37.582778, 55.746443], [37.582688, 55.74665], [37.582653, 55.746753], [37.582624, 55.746898], [37.582618, 55.747019], [37.582631, 55.747165]]}}, {"type": "Feature", "properties": {"name": "Садовое кольцо", "kind": "ring"}, "geometry": {"type": "LineString", "coordinates": [[37.583922, 55.743765], [37.583683, 55.744324], [37.58364, 55.744427], [37.583522, 55.744695], [37.583397, 55.744996], [37.583257, 55.745319], [37.583186, 55.745482]]}}, {"type": "Feature", "properties": {"name": "Садовое кольцо", "kind": "ring"}, "geometry": {"type": "LineString", "coordinates": [[37.585603, 55.739665], [37.585524, 55.739809], [37.585509, 55.739836], [37.585168, 55.740535], [37.584908, 55.741184], [37.58488, 55.741255], [37.584683, 55.741782], [37.584504, 55.742263], [37.58447, 55.742354], [37.584458, 55.742386], [37.584211, 55.743038], [37.584149, 55.743196], [37.583922, 55.743765]]}}, {"type": "Feature", "properties": {"name": "Садовое кольцо", "kind": "ring"}, "geometry": {"type": "LineString", "coordinates": [[37.585941, 55.739112], [37.585866, 55.739238], [37.585603, 55.739665]]}}, {"type": "Feature", "properties": {"name": "Садовое кольцо", "kind": "ring"}, "geometry": {"type": "LineString", "coordinates": [[37.586011, 55.738996], [37.585941, 55.739112]]}}, {"type": "Feature", "properties": {"name": "Садовое кольцо", "kind": "ring"}, "geometry": {"type": "LineString", "coordinates": [[37.586319, 55.738642], [37.586223, 55.738722], [37.586135, 55.738818], [37.586011, 55.738996]]}}, {"type": "Feature", "properties": {"name": "Садовое кольцо", "kind": "ring"}, "geometry": {"type": "LineString", "coordinates": [[37.586428, 55.738566], [37.586319, 55.738642]]}}, {"type": "Feature", "properties": {"name": "Садовое кольцо", "kind": "ring"}, "geometry": {"type": "LineString", "coordinates": [[37.586982, 55.738295], [37.586703, 55.73842], [37.586428, 55.738566]]}}, {"type": "Feature", "properties": {"name": "Садовое кольцо", "kind": "ring"}, "geometry": {"type": "LineString", "coordinates": [[37.58795, 55.737905], [37.587306, 55.738164], [37.586982, 55.738295]]}}, {"type": "Feature", "properties": {"name": "Садовое кольцо", "kind": "ring"}, "geometry": {"type": "LineString", "coordinates": [[37.588696, 55.737606], [37.58795, 55.737905]]}}, {"type": "Feature", "properties": {"name": "Садовое кольцо", "kind": "ring"}, "geometry": {"type": "LineString", "coordinates": [[37.589962, 55.737108], [37.589576, 55.737253], [37.589503, 55.737282], [37.588839, 55.737549], [37.588696, 55.737606]]}}, {"type": "Feature", "properties": {"name": "Садовое кольцо", "kind": "ring"}, "geometry": {"type": "LineString", "coordinates": [[37.593733, 55.735767], [37.593037, 55.736006], [37.592673, 55.736125], [37.591414, 55.736554], [37.591043, 55.736687], [37.590217, 55.737008], [37.589962, 55.737108]]}}, {"type": "Feature", "properties": {"name": "Садовое кольцо", "kind": "ring"}, "geometry": {"type": "LineString", "coordinates": [[37.594247, 55.735582], [37.593733, 55.735767]]}}, {"type": "Feature", "properties": {"name": "Садовое кольцо", "kind": "ring"}, "geometry": {"type": "LineString", "coordinates": [[37.594474, 55.735501], [37.594247, 55.735582]]}}, {"type": "Feature", "properties": {"name": "Садовое кольцо", "kind": "ring"}, "geometry": {"type": "LineString", "coordinates": [[37.594692, 55.735436], [37.594474, 55.735501]]}}, {"type": "Feature", "properties": {"name": "Садовое кольцо", "kind": "ring"}, "geometry": {"type": "LineString", "coordinates": [[37.59735, 55.734585], [37.595428, 55.7352], [37.594692, 55.735436]]}}, {"type": "Feature", "properties": {"name": "Садовое кольцо", "kind": "ring"}, "geometry": {"type": "LineString", "coordinates": [[37.600834, 55.73345], [37.59735, 55.734585]]}}, {"type": "Feature", "properties": {"name": "Садовое кольцо", "kind": "ring"}, "geometry": {"type": "LineString", "coordinates": [[37.604, 55.732435], [37.600834, 55.73345]]}}, {"type": "Feature", "properties": {"name": "Садовое кольцо", "kind": "ring"}, "geometry": {"type": "LineString", "coordinates": [[37.6051, 55.732084], [37.604746, 55.732196], [37.604, 55.732435]]}}, {"type": "Feature", "properties": {"name": "Садовое кольцо", "kind": "ring"}, "geometry": {"type": "LineString", "coordinates": [[37.608595, 55.730961], [37.606896, 55.731503], [37.606107, 55.731758], [37.6051, 55.732084]]}}, {"type": "Feature", "properties": {"name": "Садовое кольцо", "kind": "ring"}, "geometry": {"type": "LineString", "coordinates": [[37.61151, 55.730117], [37.611233, 55.730181], [37.610911, 55.730263], [37.610594, 55.730348], [37.610212, 55.730463], [37.609464, 55.730685], [37.608616, 55.730954], [37.608595, 55.730961]]}}, {"type": "Feature", "properties": {"name": "Садовое кольцо", "kind": "ring"}, "geometry": {"type": "LineString", "coordinates": [[37.614539, 55.729725], [37.614118, 55.72975], [37.613705, 55.729781], [37.613319, 55.729816], [37.612943, 55.729857], [37.612579, 55.729909], [37.612219, 55.729967], [37.611858, 55.730038], [37.61151, 55.730117]]}}, {"type": "Feature", "properties": {"name": "Садовое кольцо", "kind": "ring"}, "geometry": {"type": "LineString", "coordinates": [[37.616114, 55.729703], [37.615531, 55.729699], [37.615164, 55.729702], [37.614849, 55.729709], [37.614539, 55.729725]]}}, {"type": "Feature", "properties": {"name": "Садовое кольцо", "kind": "ring"}, "geometry": {"type": "LineString", "coordinates": [[37.617093, 55.72972], [37.61648, 55.729707], [37.616114, 55.729703]]}}, {"type": "Feature", "properties": {"name": "Садовое кольцо", "kind": "ring"}, "geometry": {"type": "LineString", "coordinates": [[37.620074, 55.729764], [37.6191, 55.729754], [37.61833, 55.729742], [37.617713, 55.729732], [37.617093, 55.72972]]}}, {"type": "Feature", "properties": {"name": "Садовое кольцо", "kind": "ring"}, "geometry": {"type": "LineString", "coordinates": [[37.621149, 55.729785], [37.620074, 55.729764]]}}, {"type": "Feature", "properties": {"name": "Садовое кольцо", "kind": "ring"}, "geometry": {"type": "LineString", "coordinates": [[37.623152, 55.729813], [37.622624, 55.729806], [37.621149, 55.729785]]}}, {"type": "Feature", "properties": {"name": "Садовое кольцо", "kind": "ring"}, "geometry": {"type": "LineString", "coordinates": [[37.626065, 55.729953], [37.625367, 55.729895], [37.624797, 55.729861], [37.624168, 55.729834], [37.623652, 55.729822], [37.623152, 55.729813]]}}, {"type": "Feature", "properties": {"name": "Садовое кольцо", "kind": "ring"}, "geometry": {"type": "LineString", "coordinates": [[37.630297, 55.73043], [37.629483, 55.730321], [37.629116, 55.730274], [37.626065, 55.729953]]}}, {"type": "Feature", "properties": {"name": "Садовое кольцо", "kind": "ring"}, "geometry": {"type": "LineString", "coordinates": [[37.635817, 55.73104], [37.635784, 55.731037], [37.634464, 55.730889], [37.63355, 55.730785], [37.632971, 55.730719], [37.631522, 55.730563], [37.630577, 55.730462], [37.630331, 55.730434], [37.630297, 55.73043]]}}, {"type": "Feature", "properties": {"name": "Садовое кольцо", "kind": "ring"}, "geometry": {"type": "LineString", "coordinates": [[37.636249, 55.731086], [37.63585, 55.731044], [37.635817, 55.73104]]}}, {"type": "Feature", "properties": {"name": "Садовое кольцо", "kind": "ring"}, "geometry": {"type": "LineString", "coordinates": [[37.637809, 55.731451], [37.637624, 55.731383], [37.637542, 55.731354], [37.637472, 55.731334], [37.637257, 55.731278], [37.637107, 55.731242], [37.636925, 55.731201], [37.63676, 55.731167], [37.636468, 55.73111], [37.63636, 55.731096], [37.636249, 55.731086]]}}, {"type": "Feature", "properties": {"name": "Садовое кольцо", "kind": "ring"}, "geometry": {"type": "LineString", "coordinates": [[37.639667, 55.73235], [37.639443, 55.732204], [37.639304, 55.732113], [37.63907, 55.731972], [37.638897, 55.731878], [37.638709, 55.731788], [37.638545, 55.731716], [37.63834, 55.731639], [37.638065, 55.731546], [37.637809, 55.731451]]}}, {"type": "Feature", "properties": {"name": "Садовое кольцо", "kind": "ring"}, "geometry": {"type": "LineString", "coordinates": [[37.641459, 55.733376], [37.641195, 55.733233], [37.640833, 55.733039], [37.640461, 55.732832], [37.640317, 55.732751], [37.639978, 55.732551], [37.639819, 55.732453], [37.639667, 55.73235]]}}, {"type": "Feature", "properties": {"name": "Садовое кольцо", "kind": "ring"}, "geometry": {"type": "LineString", "coordinates": [[37.641598, 55.733453], [37.641459, 55.733376]]}}, {"type": "Feature", "properties": {"name": "Садовое кольцо", "kind": "ring"}, "geometry": {"type": "LineString", "coordinates": [[37.642113, 55.733722], [37.641598, 55.733453]]}}, {"type": "Feature", "properties": {"name": "Садовое кольцо", "kind": "ring"}, "geometry": {"type": "LineString", "coordinates": [[37.64287, 55.73412], [37.642618, 55.733985], [37.642225, 55.733781], [37.642113, 55.733722]]}}, {"type": "Feature", "properties": {"name": "Садовое кольцо", "kind": "ring"}, "geometry": {"type": "LineString", "coordinates": [[37.643582, 55.7345], [37.643166, 55.734273], [37.64287, 55.73412]]}}, {"type": "Feature", "properties": {"name": "Садовое кольцо", "kind": "ring"}, "geometry": {"type": "LineString", "coordinates": [[37.643641, 55.734534], [37.643582, 55.7345]]}}, {"type": "Feature", "properties": {"name": "Садовое кольцо", "kind": "ring"}, "geometry": {"type": "LineString", "coordinates": [[37.649974, 55.738855], [37.649813, 55.738743], [37.649285, 55.738375], [37.645077, 55.735534], [37.643641, 55.734534]]}}, {"type": "Feature", "properties": {"name": "Садовое кольцо", "kind": "ring"}, "geometry": {"type": "LineString", "coordinates": [[37.650282, 55.739063], [37.649974, 55.738855]]}}, {"type": "Feature", "properties": {"name": "Садовое кольцо", "kind": "ring"}, "geometry": {"type": "LineString", "coordinates": [[37.651964, 55.740233], [37.650931, 55.739508], [37.650846, 55.73945], [37.650827, 55.739437], [37.650282, 55.739063]]}}, {"type": "Feature", "properties": {"name": "Садовое кольцо", "kind": "ring"}, "geometry": {"type": "LineString", "coordinates": [[37.654492, 55.742673], [37.654332, 55.742385], [37.654131, 55.742097], [37.653796, 55.741723], [37.65342, 55.741349], [37.653036, 55.74103], [37.652343, 55.740506], [37.651964, 55.740233]]}}, {"type": "Feature", "properties": {"name": "Садовое кольцо", "kind": "ring"}, "geometry": {"type": "LineString", "coordinates": [[37.655009, 55.744204], [37.654955, 55.744011], [37.654752, 55.743333], [37.654641, 55.743004], [37.654492, 55.742673]]}}, {"type": "Feature", "properties": {"name": "Садовое кольцо", "kind": "ring"}, "geometry": {"type": "LineString", "coordinates": [[37.655107, 55.744711], [37.655063, 55.744458], [37.655009, 55.744204]]}}, {"type": "Feature", "properties": {"name": "Садовое кольцо", "kind": "ring"}, "geometry": {"type": "LineString", "coordinates": [[37.655586, 55.748573], [37.655107, 55.744711]]}}, {"type": "Feature", "properties": {"name": "Садовое кольцо", "kind": "ring"}, "geometry": {"type": "LineString", "coordinates": [[37.655639, 55.749175], [37.655586, 55.748573]]}}, {"type": "Feature", "properties": {"name": "Садовое кольцо", "kind": "ring"}, "geometry": {"type": "LineString", "coordinates": [[37.655649, 55.74935], [37.655639, 55.749175]]}}, {"type": "Feature", "properties": {"name": "Третье транспортное кольцо", "kind": "ring"}, "geometry": {"type": "LineString", "coordinates": [[37.548823, 55.773869], [37.547958, 55.773773], [37.547741, 55.773745], [37.547523, 55.77371], [37.547317, 55.773674], [37.547095, 55.773627], [37.546891, 55.773578], [37.546686, 55.773523], [37.546479, 55.773462], [37.546267, 55.773395], [37.546085, 55.773333], [37.545901, 55.77326], [37.545716, 55.773182], [37.545529, 55.773099], [37.545071, 55.772838], [37.54467, 55.772554], [37.544249, 55.772176], [37.542874, 55.77086]]}}, {"type": "Feature", "properties": {"name": "Третье транспортное кольцо", "kind": "ring"}, "geometry": {"type": "LineString", "coordinates": [[37.542874, 55.77086], [37.542649, 55.770645], [37.542476, 55.77051]]}}, {"type": "Feature", "properties": {"name": "Третье транспортное кольцо", "kind": "ring"}, "geometry": {"type": "LineString", "coordinates": [[37.542476, 55.77051], [37.542241, 55.770318], [37.541953, 55.770123], [37.541663, 55.76995], [37.541047, 55.769644], [37.540126, 55.769143], [37.53953, 55.768757], [37.539053, 55.768388], [37.538574, 55.76796]]}}, {"type": "Feature", "properties": {"name": "Третье транспортное кольцо", "kind": "ring"}, "geometry": {"type": "LineString", "coordinates": [[37.538574, 55.76796], [37.538221, 55.767635], [37.538003, 55.767381], [37.537818, 55.767096], [37.537647, 55.766739], [37.537039, 55.765318], [37.536703, 55.764686], [37.536167, 55.763681], [37.536009, 55.763342], [37.535628, 55.762445]]}}, {"type": "Feature", "properties": {"name": "Третье транспортное кольцо", "kind": "ring"}, "geometry": {"type": "LineString", "coordinates": [[37.535628, 55.762445], [37.53535, 55.761754]]}}, {"type": "Feature", "properties": {"name": "Третье транспортное кольцо", "kind": "ring"}, "geometry": {"type": "LineString", "coordinates": [[37.53535, 55.761754], [37.53515, 55.76126]]}}, {"type": "Feature", "properties": {"name": "Третье транспортное кольцо", "kind": "ring"}, "geometry": {"type": "LineString", "coordinates": [[37.53515, 55.76126], [37.534777, 55.760581], [37.534596, 55.760246]]}}, {"type": "Feature", "properties": {"name": "Третье транспортное кольцо", "kind": "ring"}, "geometry": {"type": "LineString", "coordinates": [[37.534596, 55.760246], [37.533768, 55.758483]]}}, {"type": "Feature", "properties": {"name": "Третье транспортное кольцо", "kind": "ring"}, "geometry": {"type": "LineString", "coordinates": [[37.533768, 55.758483], [37.533403, 55.757638], [37.533178, 55.757083]]}}, {"type": "Feature", "properties": {"name": "Третье транспортное кольцо", "kind": "ring"}, "geometry": {"type": "LineString", "coordinates": [[37.533178, 55.757083], [37.533115, 55.756926], [37.53249, 55.755346], [37.531535, 55.753], [37.531398, 55.752653], [37.531328, 55.752447], [37.531282, 55.752244], [37.531234, 55.752005], [37.531229, 55.751799], [37.531247, 55.751547], [37.531338, 55.751222], [37.531439, 55.750849], [37.531502, 55.750663], [37.531553, 55.750507]]}}, {"type": "Feature", "properties": {"name": "Третье транспортное кольцо", "kind": "ring"}, "geometry": {"type": "LineString", "coordinates": [[37.531553, 55.750507], [37.531606, 55.750377], [37.53186, 55.749911], [37.532019, 55.749581], [37.532178, 55.749027], [37.532639, 55.747136], [37.532886, 55.746273], [37.533017, 55.745715]]}}, {"type": "Feature", "properties": {"name": "Третье транспортное кольцо", "kind": "ring"}, "geometry": {"type": "LineString", "coordinates": [[37.533017, 55.745715], [37.53336, 55.744507], [37.533663, 55.743481]]}}, {"type": "Feature", "properties": {"name": "Третье транспортное кольцо", "kind": "ring"}, "geometry": {"type": "LineString", "coordinates": [[37.533663, 55.743481], [37.533714, 55.743326], [37.533905, 55.742793]]}}, {"type": "Feature", "properties": {"name": "Третье транспортное кольцо", "kind": "ring"}, "geometry": {"type": "LineString", "coordinates": [[37.533905, 55.742793], [37.53409, 55.74241]]}}, {"type": "Feature", "properties": {"name": "Третье транспортное кольцо", "kind": "ring"}, "geometry": {"type": "LineString", "coordinates": [[37.53409, 55.74241], [37.534149, 55.742292]]}}, {"type": "Feature", "properties": {"name": "Третье транспортное кольцо", "kind": "ring"}, "geometry": {"type": "LineString", "coordinates": [[37.534149, 55.742292], [37.534698, 55.741228], [37.535233, 55.740253], [37.535647, 55.739627], [37.536032, 55.739146], [37.536949, 55.738266]]}}, {"type": "Feature", "properties": {"name": "Третье транспортное кольцо", "kind": "ring"}, "geometry": {"type": "LineString", "coordinates": [[37.536949, 55.738266], [37.537432, 55.737818], [37.53787, 55.737461]]}}, {"type": "Feature", "properties": {"name": "Третье транспортное кольцо", "kind": "ring"}, "geometry": {"type": "LineString", "coordinates": [[37.53787, 55.737461], [37.538008, 55.737368]]}}, {"type": "Feature", "properties": {"name": "Третье транспортное кольцо", "kind": "ring"}, "geometry": {"type": "LineString", "coordinates": [[37.538008, 55.737368], [37.539078, 55.736659], [37.539729, 55.736252], [37.54083, 55.735551], [37.541592, 55.73509], [37.541751, 55.734997]]}}, {"type": "Feature", "properties": {"name": "Третье транспортное кольцо", "kind": "ring"}, "geometry": {"type": "LineString", "coordinates": [[37.541751, 55.734997], [37.541962, 55.734845]]}}, {"type": "Feature", "properties": {"name": "Третье транспортное кольцо", "kind": "ring"}, "geometry": {"type": "LineString", "coordinates": [[37.541962, 55.734845], [37.542303, 55.73458], [37.542558, 55.734322], [37.542794, 55.734019], [37.542966, 55.733713], [37.543071, 55.733422], [37.543144, 55.733135], [37.543319, 55.732306], [37.543407, 55.732051], [37.54351, 55.731825], [37.543609, 55.731632], [37.543769, 55.731367]]}}, {"type": "Feature", "properties": {"name": "Третье транспортное кольцо", "kind": "ring"}, "geometry": {"type": "LineString", "coordinates": [[37.543769, 55.731367], [37.543936, 55.731148]]}}, {"type": "Feature", "properties": {"name": "Третье транспортное кольцо", "kind": "ring"}, "geometry": {"type": "LineString", "coordinates": [[37.543936, 55.731148], [37.545617, 55.729389]]}}, {"type": "Feature", "properties": {"name": "Третье транспортное кольцо", "kind": "ring"}, "geometry": {"type": "LineString", "coordinates": [[37.545617, 55.729389], [37.548468, 55.726428]]}}, {"type": "Feature", "properties": {"name": "Третье транспортное кольцо", "kind": "ring"}, "geometry": {"type": "LineString", "coordinates": [[37.548468, 55.726428], [37.548514, 55.726379]]}}, {"type": "Feature", "properties": {"name": "Третье транспортное кольцо", "kind": "ring"}, "geometry": {"type": "LineString", "coordinates": [[37.548514, 55.726379], [37.549027, 55.725811], [37.549352, 55.725479], [37.550124, 55.724772], [37.550847, 55.724179], [37.551435, 55.723773], [37.552476, 55.72316], [37.553103, 55.722829], [37.553778, 55.722508], [37.554459, 55.722219], [37.555174, 55.721951]]}}, {"type": "Feature", "properties": {"name": "Третье транспортное кольцо", "kind": "ring"}, "geometry": {"type": "LineString", "coordinates": [[37.555174, 55.721951], [37.556546, 55.721497], [37.558839, 55.720895], [37.561239, 55.720185], [37.561788, 55.720023]]}}, {"type": "Feature", "properties": {"name": "Третье транспортное кольцо", "kind": "ring"}, "geometry": {"type": "LineString", "coordinates": [[37.561788, 55.720023], [37.563461, 55.719481], [37.564485, 55.71915]]}}, {"type": "Feature", "properties": {"name": "Третье транспортное кольцо", "kind": "ring"}, "geometry": {"type": "LineString", "coordinates": [[37.564485, 55.71915], [37.564786, 55.719052], [37.569565, 55.717522], [37.571463, 55.716847], [37.574329, 55.715682], [37.574907, 55.715423], [37.575253, 55.715244]]}}, {"type": "Feature", "properties": {"name": "Третье транспортное кольцо", "kind": "ring"}, "geometry": {"type": "LineString", "coordinates": [[37.575253, 55.715244], [37.575636, 55.71504]]}}, {"type": "Feature", "properties": {"name": "Третье транспортное кольцо", "kind": "ring"}, "geometry": {"type": "LineString", "coordinates": [[37.575636, 55.71504], [37.578054, 55.713277], [37.578909, 55.71262]]}}, {"type": "Feature", "properties": {"name": "Третье транспортное кольцо", "kind": "ring"}, "geometry": {"type": "LineString", "coordinates": [[37.578909, 55.71262], [37.579775, 55.711925]]}}, {"type": "Feature", "properties": {"name": "Третье транспортное кольцо", "kind": "ring"}, "geometry": {"type": "LineString", "coordinates": [[37.579775, 55.711925], [37.581298, 55.710702], [37.584161, 55.708723], [37.585783, 55.707816], [37.586304, 55.707541], [37.587135, 55.707186], [37.588566, 55.706672]]}}, {"type": "Feature", "properties": {"name": "Третье транспортное кольцо", "kind": "ring"}, "geometry": {"type": "LineString", "coordinates": [[37.588566, 55.706672], [37.589086, 55.706522]]}}, {"type": "Feature", "properties": {"name": "Третье транспортное кольцо", "kind": "ring"}, "geometry": {"type": "LineString", "coordinates": [[37.589086, 55.706522], [37.589661, 55.706355]]}}, {"type": "Feature", "properties": {"name": "Третье транспортное кольцо", "kind": "ring"}, "geometry": {"type": "LineString", "coordinates": [[37.589661, 55.706355], [37.591176, 55.705915], [37.592028, 55.705681], [37.592375, 55.705586]]}}, {"type": "Feature", "properties": {"name": "Третье транспортное кольцо", "kind": "ring"}, "geometry": {"type": "LineString", "coordinates": [[37.592375, 55.705586], [37.595634, 55.704679]]}}, {"type": "Feature", "properties": {"name": "Третье транспортное кольцо", "kind": "ring"}, "geometry": {"type": "LineString", "coordinates": [[37.595634, 55.704679], [37.597274, 55.704215]]}}, {"type": "Feature", "properties": {"name": "Третье транспортное кольцо", "kind": "ring"}, "geometry": {"type": "LineString", "coordinates": [[37.597274, 55.704215], [37.598579, 55.703837], [37.599649, 55.703555]]}}, {"type": "Feature", "properties": {"name": "Третье транспортное кольцо", "kind": "ring"}, "geometry": {"type": "LineString", "coordinates": [[37.599649, 55.703555], [37.601844, 55.702985], [37.603414, 55.702563], [37.604744, 55.702147], [37.606597, 55.701512], [37.607175, 55.701337], [37.607808, 55.701183], [37.608373, 55.701074]]}}, {"type": "Feature", "properties": {"name": "Третье транспортное кольцо", "kind": "ring"}, "geometry": {"type": "LineString", "coordinates": [[37.608373, 55.701074], [37.608857, 55.701009], [37.609252, 55.700973], [37.609687, 55.70095], [37.610125, 55.700943], [37.610581, 55.700955], [37.611024, 55.70098], [37.611595, 55.701036]]}}, {"type": "Feature", "properties": {"name": "Третье транспортное кольцо", "kind": "ring"}, "geometry": {"type": "LineString", "coordinates": [[37.611595, 55.701036], [37.611685, 55.701047]]}}, {"type": "Feature", "properties": {"name": "Третье транспортное кольцо", "kind": "ring"}, "geometry": {"type": "LineString", "coordinates": [[37.611685, 55.701047], [37.61222, 55.701141], [37.612763, 55.701257], [37.613265, 55.701393], [37.613704, 55.701536], [37.613972, 55.701641]]}}, {"type": "Feature", "properties": {"name": "Третье транспортное кольцо", "kind": "ring"}, "geometry": {"type": "LineString", "coordinates": [[37.613972, 55.701641], [37.614541, 55.701867], [37.615125, 55.702158], [37.6156, 55.702456]]}}, {"type": "Feature", "properties": {"name": "Третье транспортное кольцо", "kind": "ring"}, "geometry": {"type": "LineString", "coordinates": [[37.6156, 55.702456], [37.615986, 55.70274], [37.616327, 55.703037], [37.616657, 55.703345], [37.617182, 55.703844], [37.617615, 55.704233], [37.617984, 55.704521], [37.618397, 55.704769], [37.618931, 55.705067], [37.619229, 55.705211], [37.619522, 55.705332], [37.619852, 55.705444], [37.620213, 55.705548], [37.620495, 55.705613], [37.62081, 55.705673], [37.621136, 55.705719], [37.621494, 55.70575], [37.621956, 55.705774]]}}, {"type": "Feature", "properties": {"name": "Третье транспортное кольцо", "kind": "ring"}, "geometry": {"type": "LineString", "coordinates": [[37.621956, 55.705774], [37.622445, 55.705782], [37.622891, 55.705766], [37.623706, 55.705696], [37.625745, 55.705492]]}}, {"type": "Feature", "properties": {"name": "Третье транспортное кольцо", "kind": "ring"}, "geometry": {"type": "LineString", "coordinates": [[37.625745, 55.705492], [37.626462, 55.705423]]}}, {"type": "Feature", "properties": {"name": "Третье транспортное кольцо", "kind": "ring"}, "geometry": {"type": "LineString", "coordinates": [[37.626462, 55.705423], [37.630208, 55.705051]]}}, {"type": "Feature", "properties": {"name": "Третье транспортное кольцо", "kind": "ring"}, "geometry": {"type": "LineString", "coordinates": [[37.630208, 55.705051], [37.635285, 55.704549]]}}, {"type": "Feature", "properties": {"name": "Третье транспортное кольцо", "kind": "ring"}, "geometry": {"type": "LineString", "coordinates": [[37.635285, 55.704549], [37.637148, 55.704352]]}}, {"type": "Feature", "properties": {"name": "Третье транспортное кольцо", "kind": "ring"}, "geometry": {"type": "LineString", "coordinates": [[37.637148, 55.704352], [37.638026, 55.704268], [37.638417, 55.704231], [37.64159, 55.703922], [37.641888, 55.703893]]}}, {"type": "Feature", "properties": {"name": "Третье транспортное кольцо", "kind": "ring"}, "geometry": {"type": "LineString", "coordinates": [[37.641888, 55.703893], [37.642291, 55.703858], [37.642446, 55.703843]]}}, {"type": "Feature", "properties": {"name": "Третье транспортное кольцо", "kind": "ring"}, "geometry": {"type": "LineString", "coordinates": [[37.642446, 55.703843], [37.643627, 55.70375], [37.645239, 55.703617], [37.645501, 55.7036]]}}, {"type": "Feature", "properties": {"name": "Третье транспортное кольцо", "kind": "ring"}, "geometry": {"type": "LineString", "coordinates": [[37.645501, 55.7036], [37.649093, 55.70328], [37.649855, 55.703214]]}}, {"type": "Feature", "properties": {"name": "Третье транспортное кольцо", "kind": "ring"}, "geometry": {"type": "LineString", "coordinates": [[37.649855, 55.703214], [37.650551, 55.703183], [37.6513, 55.703163], [37.653574, 55.703112], [37.654279, 55.703099], [37.654414, 55.703097]]}}, {"type": "Feature", "properties": {"name": "Третье транспортное кольцо", "kind": "ring"}, "geometry": {"type": "LineString", "coordinates": [[37.654414, 55.703097], [37.654909, 55.703089], [37.655273, 55.703093]]}}, {"type": "Feature", "properties": {"name": "Третье транспортное кольцо", "kind": "ring"}, "geometry": {"type": "LineString", "coordinates": [[37.655273, 55.703093], [37.655733, 55.703103], [37.656149, 55.703129], [37.656564, 55.703171], [37.65726, 55.703274], [37.657867, 55.703411], [37.658285, 55.703535], [37.658647, 55.703663], [37.659003, 55.703817], [37.659298, 55.703965]]}}, {"type": "Feature", "properties": {"name": "Третье транспортное кольцо", "kind": "ring"}, "geometry": {"type": "LineString", "coordinates": [[37.659298, 55.703965], [37.66253, 55.705734]]}}, {"type": "Feature", "properties": {"name": "Третье транспортное кольцо", "kind": "ring"}, "geometry": {"type": "LineString", "coordinates": [[37.66253, 55.705734], [37.669002, 55.709333], [37.669438, 55.709575]]}}, {"type": "Feature", "properties": {"name": "Третье транспортное кольцо", "kind": "ring"}, "geometry": {"type": "LineString", "coordinates": [[37.669438, 55.709575], [37.672762, 55.711371], [37.673049, 55.711522], [37.673355, 55.711656], [37.673648, 55.711789], [37.673893, 55.711891]]}}, {"type": "Feature", "properties": {"name": "Третье транспортное кольцо", "kind": "ring"}, "geometry": {"type": "LineString", "coordinates": [[37.673893, 55.711891], [37.674284, 55.712049]]}}, {"type": "Feature", "properties": {"name": "Третье транспортное кольцо", "kind": "ring"}, "geometry": {"type": "LineString", "coordinates": [[37.674284, 55.712049], [37.674711, 55.712202], [37.675208, 55.712354], [37.680151, 55.713796], [37.680477, 55.713896], [37.680762, 55.713989], [37.681036, 55.714088], [37.681313, 55.714191], [37.681617, 55.71431], [37.683331, 55.715063], [37.683661, 55.715206], [37.683965, 55.715325], [37.684361, 55.715472], [37.684687, 55.715587], [37.685015, 55.715693], [37.685481, 55.715826], [37.687872, 55.71651], [37.689022, 55.716835]]}}, {"type": "Feature", "properties": {"name": "Третье транспортное кольцо", "kind": "ring"}, "geometry": {"type": "LineString", "coordinates": [[37.689022, 55.716835], [37.689548, 55.716983], [37.689911, 55.717084], [37.690262, 55.717174], [37.69137, 55.717443]]}}, {"type": "Feature", "properties": {"name": "Третье транспортное кольцо", "kind": "ring"}, "geometry": {"type": "LineString", "coordinates": [[37.69137, 55.717443], [37.692866, 55.717795], [37.694091, 55.71807], [37.694585, 55.71819], [37.69525, 55.718352], [37.695758, 55.718483], [37.696249, 55.718616], [37.696896, 55.718803], [37.697998, 55.719134], [37.699231, 55.719489]]}}, {"type": "Feature", "properties": {"name": "Третье транспортное кольцо", "kind": "ring"}, "geometry": {"type": "LineString", "coordinates": [[37.699231, 55.719489], [37.700053, 55.719733]]}}, {"type": "Feature", "properties": {"name": "Третье транспортное кольцо", "kind": "ring"}, "geometry": {"type": "LineString", "coordinates": [[37.700053, 55.719733], [37.700473, 55.719854], [37.700738, 55.71992], [37.70103, 55.719978], [37.701365, 55.720033], [37.702699, 55.720218], [37.703001, 55.720267], [37.703249, 55.720317], [37.703511, 55.72038], [37.703797, 55.720456], [37.704106, 55.720549], [37.705566, 55.721003], [37.706574, 55.721336], [37.706924, 55.721465], [37.707695, 55.721773], [37.708034, 55.721902], [37.709035, 55.722223]]}}, {"type": "Feature", "properties": {"name": "Третье транспортное кольцо", "kind": "ring"}, "geometry": {"type": "LineString", "coordinates": [[37.709035, 55.722223], [37.710151, 55.722578], [37.710489, 55.722685]]}}, {"type": "Feature", "properties": {"name": "Третье транспортное кольцо", "kind": "ring"}, "geometry": {"type": "LineString", "coordinates": [[37.710489, 55.722685], [37.711286, 55.72295]]}}, {"type": "Feature", "properties": {"name": "Третье транспортное кольцо", "kind": "ring"}, "geometry": {"type": "LineString", "coordinates": [[37.711286, 55.72295], [37.711485, 55.723029], [37.711683, 55.72312], [37.711833, 55.723204], [37.71201, 55.723321], [37.712174, 55.723444], [37.712303, 55.723562], [37.712413, 55.723683], [37.712504, 55.723836], [37.712567, 55.723964], [37.712609, 55.724071], [37.712635, 55.724169], [37.712653, 55.72428], [37.712653, 55.724463]]}}, {"type": "Feature", "properties": {"name": "Третье транспортное кольцо", "kind": "ring"}, "geometry": {"type": "LineString", "coordinates": [[37.712653, 55.724463], [37.712645, 55.724569], [37.712625, 55.724684], [37.712578, 55.724838], [37.712542, 55.72492], [37.712449, 55.725052], [37.712359, 55.725156], [37.712203, 55.725306], [37.711957, 55.725506]]}}, {"type": "Feature", "properties": {"name": "Третье транспортное кольцо", "kind": "ring"}, "geometry": {"type": "LineString", "coordinates": [[37.711957, 55.725506], [37.706461, 55.730026], [37.705499, 55.730794], [37.704607, 55.731453], [37.70389, 55.732011]]}}, {"type": "Feature", "properties": {"name": "Третье транспортное кольцо", "kind": "ring"}, "geometry": {"type": "LineString", "coordinates": [[37.70389, 55.732011], [37.703219, 55.732533], [37.70232, 55.733289], [37.701301, 55.734135]]}}, {"type": "Feature", "properties": {"name": "Третье транспортное кольцо", "kind": "ring"}, "geometry": {"type": "LineString", "coordinates": [[37.701301, 55.734135], [37.700488, 55.734846], [37.699743, 55.735512], [37.699346, 55.735914], [37.699048, 55.736269], [37.698689, 55.736756], [37.698399, 55.737228], [37.698066, 55.737801], [37.697841, 55.738303], [37.697637, 55.738913], [37.697487, 55.739728], [37.697466, 55.740646], [37.697584, 55.741419], [37.69774, 55.742194], [37.698053, 55.742978], [37.698506, 55.7438]]}}, {"type": "Feature", "properties": {"name": "Третье транспортное кольцо", "kind": "ring"}, "geometry": {"type": "LineString", "coordinates": [[37.698506, 55.7438], [37.69891, 55.744401]]}}, {"type": "Feature", "properties": {"name": "Третье транспортное кольцо", "kind": "ring"}, "geometry": {"type": "LineString", "coordinates": [[37.69891, 55.744401], [37.699603, 55.74545], [37.699726, 55.745688], [37.699829, 55.745967], [37.699892, 55.746236], [37.699924, 55.746506], [37.699919, 55.746696], [37.69988, 55.746924], [37.69981, 55.747179], [37.699731, 55.747409], [37.69958, 55.747733], [37.699199, 55.748427]]}}, {"type": "Feature", "properties": {"name": "Третье транспортное кольцо", "kind": "ring"}, "geometry": {"type": "LineString", "coordinates": [[37.699199, 55.748427], [37.699097, 55.748574]]}}, {"type": "Feature", "properties": {"name": "Третье транспортное кольцо", "kind": "ring"}, "geometry": {"type": "LineString", "coordinates": [[37.699097, 55.748574], [37.698884, 55.748841], [37.698607, 55.749181], [37.698301, 55.749522]]}}, {"type": "Feature", "properties": {"name": "Третье транспортное кольцо", "kind": "ring"}, "geometry": {"type": "LineString", "coordinates": [[37.698301, 55.749522], [37.697956, 55.749883]]}}, {"type": "Feature", "properties": {"name": "Третье транспортное кольцо", "kind": "ring"}, "geometry": {"type": "LineString", "coordinates": [[37.697956, 55.749883], [37.696815, 55.75103], [37.696502, 55.751325]]}}, {"type": "Feature", "properties": {"name": "Третье транспортное кольцо", "kind": "ring"}, "geometry": {"type": "LineString", "coordinates": [[37.696502, 55.751325], [37.696282, 55.751554]]}}, {"type": "Feature", "properties": {"name": "Третье транспортное кольцо", "kind": "ring"}, "geometry": {"type": "LineString", "coordinates": [[37.696282, 55.751554], [37.695607, 55.752255], [37.695064, 55.752843], [37.694791, 55.753169], [37.694539, 55.753496], [37.69352, 55.754913], [37.693162, 55.755468], [37.692897, 55.756055], [37.692754, 55.756571], [37.692697, 55.756987], [37.692389, 55.761804], [37.692392, 55.762088], [37.692692, 55.766454], [37.692661, 55.76698], [37.692562, 55.767503], [37.692394, 55.768022], [37.69216, 55.768531], [37.691861, 55.76903], [37.691498, 55.769515], [37.691072, 55.769984], [37.690587, 55.770434], [37.690045, 55.770863], [37.689448, 55.771269], [37.689131, 55.771462], [37.686664, 55.772898], [37.685918, 55.773375], [37.685221, 55.773867], [37.683816, 55.774918]]}}, {"type": "Feature", "properties": {"name": "Третье транспортное кольцо", "kind": "ring"}, "geometry": {"type": "LineString", "coordinates": [[37.683816, 55.774918], [37.683253, 55.775351]]}}, {"type": "Feature", "properties": {"name": "Третье транспортное кольцо", "kind": "ring"}, "geometry": {"type": "LineString", "coordinates": [[37.683253, 55.775351], [37.682795, 55.775686], [37.682226, 55.776103], [37.682017, 55.776243], [37.681748, 55.776415], [37.681483, 55.776591]]}}, {"type": "Feature", "properties": {"name": "Третье транспортное кольцо", "kind": "ring"}, "geometry": {"type": "LineString", "coordinates": [[37.681483, 55.776591], [37.681235, 55.776736]]}}, {"type": "Feature", "properties": {"name": "Третье транспортное кольцо", "kind": "ring"}, "geometry": {"type": "LineString", "coordinates": [[37.681235, 55.776736], [37.680875, 55.776944], [37.680378, 55.777187], [37.680275, 55.777232]]}}, {"type": "Feature", "properties": {"name": "Третье транспортное кольцо", "kind": "ring"}, "geometry": {"type": "LineString", "coordinates": [[37.680275, 55.777232], [37.680004, 55.777348], [37.679678, 55.777482]]}}, {"type": "Feature", "properties": {"name": "Третье транспортное кольцо", "kind": "ring"}, "geometry": {"type": "LineString", "coordinates": [[37.679678, 55.777482], [37.677293, 55.778354]]}}, {"type": "Feature", "properties": {"name": "Третье транспортное кольцо", "kind": "ring"}, "geometry": {"type": "LineString", "coordinates": [[37.677293, 55.778354], [37.676072, 55.778771]]}}, {"type": "Feature", "properties": {"name": "Третье транспортное кольцо", "kind": "ring"}, "geometry": {"type": "LineString", "coordinates": [[37.676072, 55.778771], [37.673409, 55.779731], [37.672623, 55.780041], [37.67213, 55.780248], [37.670669, 55.780935], [37.668104, 55.782262], [37.667291, 55.782741], [37.666906, 55.782978], [37.666344, 55.783364]]}}, {"type": "Feature", "properties": {"name": "Третье транспортное кольцо", "kind": "ring"}, "geometry": {"type": "LineString", "coordinates": [[37.666344, 55.783364], [37.665982, 55.783651], [37.665704, 55.78387]]}}, {"type": "Feature", "properties": {"name": "Третье транспортное кольцо", "kind": "ring"}, "geometry": {"type": "LineString", "coordinates": [[37.665704, 55.78387], [37.665577, 55.783967], [37.665048, 55.784372], [37.664827, 55.784541], [37.664765, 55.784589]]}}, {"type": "Feature", "properties": {"name": "Третье транспортное кольцо", "kind": "ring"}, "geometry": {"type": "LineString", "coordinates": [[37.664765, 55.784589], [37.663615, 55.785479], [37.663139, 55.785848], [37.661748, 55.7869]]}}, {"type": "Feature", "properties": {"name": "Третье транспортное кольцо", "kind": "ring"}, "geometry": {"type": "LineString", "coordinates": [[37.661748, 55.7869], [37.660284, 55.788059]]}}, {"type": "Feature", "properties": {"name": "Третье транспортное кольцо", "kind": "ring"}, "geometry": {"type": "LineString", "coordinates": [[37.660284, 55.788059], [37.659253, 55.788835], [37.658971, 55.78905], [37.658529, 55.789389], [37.65775, 55.789984], [37.657074, 55.790505], [37.657029, 55.790539]]}}, {"type": "Feature", "properties": {"name": "Третье транспортное кольцо", "kind": "ring"}, "geometry": {"type": "LineString", "coordinates": [[37.657029, 55.790539], [37.656794, 55.79072], [37.656654, 55.790824], [37.656553, 55.790899], [37.656275, 55.791107]]}}, {"type": "Feature", "properties": {"name": "Третье транспортное кольцо", "kind": "ring"}, "geometry": {"type": "LineString", "coordinates": [[37.656275, 55.791107], [37.655988, 55.791325], [37.655948, 55.791355], [37.655321, 55.791832], [37.654983, 55.79209], [37.654805, 55.792216], [37.654611, 55.79234], [37.654232, 55.792556], [37.654064, 55.792641], [37.653921, 55.792713], [37.653752, 55.792789]]}}, {"type": "Feature", "properties": {"name": "Третье транспортное кольцо", "kind": "ring"}, "geometry": {"type": "LineString", "coordinates": [[37.653752, 55.792789], [37.653573, 55.792871], [37.653313, 55.792983], [37.653022, 55.793095], [37.652708, 55.793207], [37.652366, 55.793319], [37.65198, 55.79343], [37.651588, 55.793531], [37.651139, 55.793626], [37.65073, 55.793702], [37.650364, 55.79376], [37.650044, 55.793799], [37.649703, 55.793837], [37.649383, 55.79386], [37.648944, 55.793883], [37.648454, 55.793893], [37.648114, 55.793892], [37.647839, 55.793884], [37.647536, 55.793869], [37.647281, 55.79385], [37.647035, 55.793832], [37.646857, 55.793814], [37.646591, 55.793783], [37.646322, 55.793747], [37.646022, 55.793703], [37.645807, 55.793665], [37.645512, 55.793609], [37.642912, 55.793083], [37.641273, 55.792746]]}}, {"type": "Feature", "properties": {"name": "Третье транспортное кольцо", "kind": "ring"}, "geometry": {"type": "LineString", "coordinates": [[37.641273, 55.792746], [37.6402, 55.792523], [37.639746, 55.792428]]}}, {"type": "Feature", "properties": {"name": "Третье транспортное кольцо", "kind": "ring"}, "geometry": {"type": "LineString", "coordinates": [[37.639746, 55.792428], [37.638636, 55.79222], [37.638202, 55.792153], [37.637852, 55.792114], [37.637598, 55.792092], [37.636907, 55.792061]]}}, {"type": "Feature", "properties": {"name": "Третье транспортное кольцо", "kind": "ring"}, "geometry": {"type": "LineString", "coordinates": [[37.636907, 55.792061], [37.635632, 55.792008], [37.634628, 55.79196], [37.634077, 55.791934], [37.633768, 55.79192], [37.633589, 55.791915], [37.633411, 55.791911], [37.633152, 55.79191], [37.632887, 55.791913], [37.632655, 55.79192], [37.632444, 55.79193], [37.631908, 55.791968], [37.631561, 55.792003], [37.631342, 55.792032], [37.631112, 55.792066], [37.630649, 55.792144], [37.630163, 55.792234]]}}, {"type": "Feature", "properties": {"name": "Третье транспортное кольцо", "kind": "ring"}, "geometry": {"type": "LineString", "coordinates": [[37.630163, 55.792234], [37.628965, 55.79246], [37.628683, 55.792509], [37.62838, 55.792551], [37.628052, 55.792588], [37.627752, 55.792616]]}}, {"type": "Feature", "properties": {"name": "Третье транспортное кольцо", "kind": "ring"}, "geometry": {"type": "LineString", "coordinates": [[37.627752, 55.792616], [37.627397, 55.792635], [37.626599, 55.79268], [37.625322, 55.79275], [37.624859, 55.792775], [37.624165, 55.792814], [37.623914, 55.792825]]}}, {"type": "Feature", "properties": {"name": "Третье транспортное кольцо", "kind": "ring"}, "geometry": {"type": "LineString", "coordinates": [[37.623914, 55.792825], [37.623816, 55.792829], [37.623756, 55.792832]]}}, {"type": "Feature", "properties": {"name": "Третье транспортное кольцо", "kind": "ring"}, "geometry": {"type": "LineString", "coordinates": [[37.623756, 55.792832], [37.622949, 55.792852], [37.622375, 55.792869], [37.621374, 55.792922], [37.619388, 55.793058], [37.618167, 55.793126], [37.617589, 55.793155], [37.616996, 55.793176]]}}, {"type": "Feature", "properties": {"name": "Третье транспортное кольцо", "kind": "ring"}, "geometry": {"type": "LineString", "coordinates": [[37.616996, 55.793176], [37.616687, 55.793181], [37.616374, 55.793185], [37.616048, 55.793189], [37.615723, 55.79319], [37.615385, 55.793189], [37.615043, 55.793186], [37.614696, 55.793181], [37.614325, 55.793171], [37.613721, 55.79315], [37.613318, 55.793136], [37.61297, 55.793124]]}}, {"type": "Feature", "properties": {"name": "Третье транспортное кольцо", "kind": "ring"}, "geometry": {"type": "LineString", "coordinates": [[37.61297, 55.793124], [37.606566, 55.792888]]}}, {"type": "Feature", "properties": {"name": "Третье транспортное кольцо", "kind": "ring"}, "geometry": {"type": "LineString", "coordinates": [[37.606566, 55.792888], [37.605384, 55.792846]]}}, {"type": "Feature", "properties": {"name": "Третье транспортное кольцо", "kind": "ring"}, "geometry": {"type": "LineString", "coordinates": [[37.605384, 55.792846], [37.605279, 55.792843], [37.60488, 55.792829], [37.604554, 55.792817], [37.603483, 55.792775], [37.60237, 55.79273], [37.601903, 55.79271], [37.601556, 55.792695], [37.600818, 55.792663]]}}, {"type": "Feature", "properties": {"name": "Третье транспортное кольцо", "kind": "ring"}, "geometry": {"type": "LineString", "coordinates": [[37.600818, 55.792663], [37.600522, 55.792645], [37.599679, 55.792587], [37.599128, 55.792542]]}}, {"type": "Feature", "properties": {"name": "Третье транспортное кольцо", "kind": "ring"}, "geometry": {"type": "LineString", "coordinates": [[37.599128, 55.792542], [37.598814, 55.792517], [37.598271, 55.792473], [37.597234, 55.792386], [37.596971, 55.792362], [37.596364, 55.792313], [37.596093, 55.792296], [37.595855, 55.792282], [37.595808, 55.792279]]}}, {"type": "Feature", "properties": {"name": "Третье транспортное кольцо", "kind": "ring"}, "geometry": {"type": "LineString", "coordinates": [[37.595808, 55.792279], [37.595311, 55.792258], [37.595064, 55.792251], [37.594697, 55.79225], [37.593111, 55.792237]]}}, {"type": "Feature", "properties": {"name": "Третье транспортное кольцо", "kind": "ring"}, "geometry": {"type": "LineString", "coordinates": [[37.593111, 55.792237], [37.590921, 55.792246], [37.589782, 55.792253], [37.588635, 55.792253], [37.5873, 55.792252], [37.585743, 55.792232], [37.585303, 55.792226]]}}, {"type": "Feature", "properties": {"name": "Третье транспортное кольцо", "kind": "ring"}, "geometry": {"type": "LineString", "coordinates": [[37.585303, 55.792226], [37.584751, 55.79222], [37.584124, 55.792226], [37.583262, 55.792266], [37.582806, 55.792275], [37.582306, 55.792272]]}}, {"type": "Feature", "properties": {"name": "Третье транспортное кольцо", "kind": "ring"}, "geometry": {"type": "LineString", "coordinates": [[37.582306, 55.792272], [37.582072, 55.792259], [37.581719, 55.792234], [37.579695, 55.792099], [37.579133, 55.79207], [37.57839, 55.792027], [37.578301, 55.792022]]}}, {"type": "Feature", "properties": {"name": "Третье транспортное кольцо", "kind": "ring"}, "geometry": {"type": "LineString", "coordinates": [[37.578301, 55.792022], [37.577694, 55.791994]]}}, {"type": "Feature", "properties": {"name": "Третье транспортное кольцо", "kind": "ring"}, "geometry": {"type": "LineString", "coordinates": [[37.577694, 55.791994], [37.576978, 55.79196]]}}, {"type": "Feature", "properties": {"name": "Третье транспортное кольцо", "kind": "ring"}, "geometry": {"type": "LineString", "coordinates": [[37.576978, 55.79196], [37.576, 55.79192], [37.575745, 55.791911]]}}, {"type": "Feature", "properties": {"name": "Третье транспортное кольцо", "kind": "ring"}, "geometry": {"type": "LineString", "coordinates": [[37.575745, 55.791911], [37.575423, 55.791895], [37.575212, 55.79188], [37.574902, 55.791842], [37.574667, 55.791791]]}}, {"type": "Feature", "properties": {"name": "Третье транспортное кольцо", "kind": "ring"}, "geometry": {"type": "LineString", "coordinates": [[37.574667, 55.791791], [37.574468, 55.791735], [37.574274, 55.791661], [37.574055, 55.791561], [37.573842, 55.791446], [37.572442, 55.790456], [37.572241, 55.790314]]}}, {"type": "Feature", "properties": {"name": "Третье транспортное кольцо", "kind": "ring"}, "geometry": {"type": "LineString", "coordinates": [[37.572241, 55.790314], [37.571674, 55.789898], [37.571337, 55.789653]]}}, {"type": "Feature", "properties": {"name": "Третье транспортное кольцо", "kind": "ring"}, "geometry": {"type": "LineString", "coordinates": [[37.571337, 55.789653], [37.57109, 55.789479], [37.571031, 55.789438]]}}, {"type": "Feature", "properties": {"name": "Третье транспортное кольцо", "kind": "ring"}, "geometry": {"type": "LineString", "coordinates": [[37.571031, 55.789438], [37.570628, 55.789156]]}}, {"type": "Feature", "properties": {"name": "Третье транспортное кольцо", "kind": "ring"}, "geometry": {"type": "LineString", "coordinates": [[37.570628, 55.789156], [37.57048, 55.789052]]}}, {"type": "Feature", "properties": {"name": "Третье транспортное кольцо", "kind": "ring"}, "geometry": {"type": "LineString", "coordinates": [[37.57048, 55.789052], [37.570177, 55.78884], [37.569752, 55.788539]]}}, {"type": "Feature", "properties": {"name": "Третье транспортное кольцо", "kind": "ring"}, "geometry": {"type": "LineString", "coordinates": [[37.569752, 55.788539], [37.567769, 55.787106]]}}, {"type": "Feature", "properties": {"name": "Третье транспортное кольцо", "kind": "ring"}, "geometry": {"type": "LineString", "coordinates": [[37.567769, 55.787106], [37.566949, 55.786519]]}}, {"type": "Feature", "properties": {"name": "Третье транспортное кольцо", "kind": "ring"}, "geometry": {"type": "LineString", "coordinates": [[37.566949, 55.786519], [37.566214, 55.785993]]}}, {"type": "Feature", "properties": {"name": "Третье транспортное кольцо", "kind": "ring"}, "geometry": {"type": "LineString", "coordinates": [[37.566214, 55.785993], [37.565021, 55.785141]]}}, {"type": "Feature", "properties": {"name": "Третье транспортное кольцо", "kind": "ring"}, "geometry": {"type": "LineString", "coordinates": [[37.565021, 55.785141], [37.561797, 55.782822]]}}, {"type": "Feature", "properties": {"name": "Третье транспортное кольцо", "kind": "ring"}, "geometry": {"type": "LineString", "coordinates": [[37.561797, 55.782822], [37.561637, 55.782709]]}}, {"type": "Feature", "properties": {"name": "Третье транспортное кольцо", "kind": "ring"}, "geometry": {"type": "LineString", "coordinates": [[37.561637, 55.782709], [37.560989, 55.782226], [37.560406, 55.781794], [37.55957, 55.781176], [37.558769, 55.780635], [37.55806, 55.780119]]}}, {"type": "Feature", "properties": {"name": "Третье транспортное кольцо", "kind": "ring"}, "geometry": {"type": "LineString", "coordinates": [[37.55806, 55.780119], [37.55768, 55.779788]]}}, {"type": "Feature", "properties": {"name": "Третье транспортное кольцо", "kind": "ring"}, "geometry": {"type": "LineString", "coordinates": [[37.55768, 55.779788], [37.557442, 55.779512], [37.557355, 55.779411], [37.556787, 55.778674]]}}, {"type": "Feature", "properties": {"name": "Третье транспортное кольцо", "kind": "ring"}, "geometry": {"type": "LineString", "coordinates": [[37.556787, 55.778674], [37.555858, 55.777425]]}}, {"type": "Feature", "properties": {"name": "Третье транспортное кольцо", "kind": "ring"}, "geometry": {"type": "LineString", "coordinates": [[37.555858, 55.777425], [37.555647, 55.777137], [37.555405, 55.776809]]}}, {"type": "Feature", "properties": {"name": "Третье транспортное кольцо", "kind": "ring"}, "geometry": {"type": "LineString", "coordinates": [[37.555405, 55.776809], [37.555249, 55.77661], [37.555058, 55.776366], [37.554712, 55.775949], [37.554473, 55.77567], [37.554343, 55.775534], [37.554204, 55.775402]]}}, {"type": "Feature", "properties": {"name": "Третье транспортное кольцо", "kind": "ring"}, "geometry": {"type": "LineString", "coordinates": [[37.554204, 55.775402], [37.554023, 55.775249], [37.553826, 55.775105], [37.553577, 55.774935], [37.553356, 55.774806]]}}, {"type": "Feature", "properties": {"name": "Третье транспортное кольцо", "kind": "ring"}, "geometry": {"type": "LineString", "coordinates": [[37.553356, 55.774806], [37.553181, 55.774716]]}}, {"type": "Feature", "properties": {"name": "Третье транспортное кольцо", "kind": "ring"}, "geometry": {"type": "LineString", "coordinates": [[37.553181, 55.774716], [37.552795, 55.774546]]}}, {"type": "Feature", "properties": {"name": "Третье транспортное кольцо", "kind": "ring"}, "geometry": {"type": "LineString", "coordinates": [[37.552795, 55.774546], [37.552556, 55.774452]]}}, {"type": "Feature", "properties": {"name": "Третье транспортное кольцо", "kind": "ring"}, "geometry": {"type": "LineString", "coordinates": [[37.552556, 55.774452], [37.55227, 55.774358], [37.551983, 55.774274], [37.551732, 55.774212], [37.55142, 55.774151], [37.551118, 55.774102], [37.550895, 55.774076], [37.550649, 55.77405], [37.550531, 55.774038]]}}, {"type": "Feature", "properties": {"name": "Третье транспортное кольцо", "kind": "ring"}, "geometry": {"type": "LineString", "coordinates": [[37.550531, 55.774038], [37.550235, 55.774008]]}}, {"type": "Feature", "properties": {"name": "Третье транспортное кольцо", "kind": "ring"}, "geometry": {"type": "LineString", "coordinates": [[37.550235, 55.774008], [37.550158, 55.774], [37.549197, 55.773903], [37.548823, 55.773869]]}}, {"type": "Feature", "properties": {"name": "Третье транспортное кольцо", "kind": "ring"}, "geometry": {"type": "LineString", "coordinates": [[37.639835, 55.792287], [37.640292, 55.792382], [37.641365, 55.792605], [37.642969, 55.792935], [37.644367, 55.793219], [37.6456, 55.793467], [37.64589, 55.793522], [37.646095, 55.793558], [37.646387, 55.793601], [37.64665, 55.793636], [37.646908, 55.793667], [37.647076, 55.793684], [37.647316, 55.793701], [37.647565, 55.793719], [37.647776, 55.793729], [37.647858, 55.793734], [37.648121, 55.793741], [37.64845, 55.793742], [37.648927, 55.793732], [37.649354, 55.793711], [37.649661, 55.793688], [37.649989, 55.793652], [37.650299, 55.793614], [37.650652, 55.793558], [37.65105, 55.793484], [37.651485, 55.793392], [37.651863, 55.793295], [37.652238, 55.793187], [37.652569, 55.793079], [37.652875, 55.79297], [37.653156, 55.792861], [37.653407, 55.792753], [37.653581, 55.792671]]}}, {"type": "Feature", "properties": {"name": "Третье транспортное кольцо", "kind": "ring"}, "geometry": {"type": "LineString", "coordinates": [[37.653581, 55.792671], [37.653662, 55.792631], [37.653737, 55.792595], [37.653869, 55.792527], [37.654037, 55.792441]]}}, {"type": "Feature", "properties": {"name": "Третье транспортное кольцо", "kind": "ring"}, "geometry": {"type": "LineString", "coordinates": [[37.654037, 55.792441], [37.654402, 55.792233], [37.654587, 55.792115], [37.65476, 55.791992], [37.655094, 55.791738], [37.655645, 55.79132], [37.656049, 55.791012], [37.656328, 55.790804], [37.656484, 55.790688], [37.656568, 55.790625], [37.656665, 55.79055], [37.656854, 55.790404], [37.657137, 55.790187], [37.657522, 55.78989], [37.658302, 55.789295], [37.659043, 55.788729], [37.660036, 55.787956]]}}, {"type": "Feature", "properties": {"name": "Третье транспортное кольцо", "kind": "ring"}, "geometry": {"type": "LineString", "coordinates": [[37.660036, 55.787956], [37.661501, 55.786798]]}}, {"type": "Feature", "properties": {"name": "Третье транспортное кольцо", "kind": "ring"}, "geometry": {"type": "LineString", "coordinates": [[37.661501, 55.786798], [37.662906, 55.785728]]}}, {"type": "Feature", "properties": {"name": "Третье транспортное кольцо", "kind": "ring"}, "geometry": {"type": "LineString", "coordinates": [[37.662906, 55.785728], [37.663259, 55.785456]]}}, {"type": "Feature", "properties": {"name": "Третье транспортное кольцо", "kind": "ring"}, "geometry": {"type": "LineString", "coordinates": [[37.663259, 55.785456], [37.663357, 55.785381], [37.66391, 55.784952], [37.664557, 55.784448]]}}, {"type": "Feature", "properties": {"name": "Третье транспортное кольцо", "kind": "ring"}, "geometry": {"type": "LineString", "coordinates": [[37.664557, 55.784448], [37.664744, 55.784304], [37.664877, 55.784203], [37.665267, 55.783905], [37.66548, 55.783743], [37.665504, 55.783724]]}}, {"type": "Feature", "properties": {"name": "Третье транспортное кольцо", "kind": "ring"}, "geometry": {"type": "LineString", "coordinates": [[37.665504, 55.783724], [37.665605, 55.783652], [37.665743, 55.783555], [37.666127, 55.783281]]}}, {"type": "Feature", "properties": {"name": "Третье транспортное кольцо", "kind": "ring"}, "geometry": {"type": "LineString", "coordinates": [[37.666127, 55.783281], [37.666711, 55.782874], [37.667012, 55.782673], [37.667871, 55.782161], [37.670488, 55.780805], [37.671977, 55.780102], [37.672428, 55.779913], [37.673245, 55.779603], [37.675955, 55.778621]]}}, {"type": "Feature", "properties": {"name": "Третье транспортное кольцо", "kind": "ring"}, "geometry": {"type": "LineString", "coordinates": [[37.675955, 55.778621], [37.677137, 55.778213]]}}, {"type": "Feature", "properties": {"name": "Третье транспортное кольцо", "kind": "ring"}, "geometry": {"type": "LineString", "coordinates": [[37.677137, 55.778213], [37.679535, 55.777348], [37.679858, 55.777223], [37.680102, 55.777119]]}}, {"type": "Feature", "properties": {"name": "Третье транспортное кольцо", "kind": "ring"}, "geometry": {"type": "LineString", "coordinates": [[37.680102, 55.777119], [37.680209, 55.777073], [37.680409, 55.776974]]}}, {"type": "Feature", "properties": {"name": "Третье транспортное кольцо", "kind": "ring"}, "geometry": {"type": "LineString", "coordinates": [[37.680409, 55.776974], [37.680548, 55.776907], [37.680971, 55.776688], [37.681234, 55.776536], [37.68128, 55.776509]]}}, {"type": "Feature", "properties": {"name": "Третье транспортное кольцо", "kind": "ring"}, "geometry": {"type": "LineString", "coordinates": [[37.68128, 55.776509], [37.681499, 55.776381], [37.68194, 55.776087], [37.683055, 55.775263]]}}, {"type": "Feature", "properties": {"name": "Третье транспортное кольцо", "kind": "ring"}, "geometry": {"type": "LineString", "coordinates": [[37.683055, 55.775263], [37.683631, 55.774825]]}}, {"type": "Feature", "properties": {"name": "Третье транспортное кольцо", "kind": "ring"}, "geometry": {"type": "LineString", "coordinates": [[37.683631, 55.774825], [37.684091, 55.774476]]}}, {"type": "Feature", "properties": {"name": "Третье транспортное кольцо", "kind": "ring"}, "geometry": {"type": "LineString", "coordinates": [[37.684091, 55.774476], [37.68434, 55.774288]]}}, {"type": "Feature", "properties": {"name": "Третье транспортное кольцо", "kind": "ring"}, "geometry": {"type": "LineString", "coordinates": [[37.68434, 55.774288], [37.686017, 55.772995], [37.686571, 55.772624], [37.687097, 55.772298], [37.687533, 55.77202], [37.687914, 55.77172], [37.68824, 55.771398], [37.688504, 55.77106], [37.688706, 55.770707], [37.688841, 55.770346], [37.68891, 55.769978], [37.688912, 55.769608], [37.688845, 55.76924], [37.688712, 55.768878], [37.687852, 55.767142]]}}, {"type": "Feature", "properties": {"name": "Третье транспортное кольцо", "kind": "ring"}, "geometry": {"type": "LineString", "coordinates": [[37.687852, 55.767142], [37.687746, 55.766973], [37.687624, 55.766782], [37.687107, 55.766128]]}}, {"type": "Feature", "properties": {"name": "Третье транспортное кольцо", "kind": "ring"}, "geometry": {"type": "LineString", "coordinates": [[37.687107, 55.766128], [37.68666, 55.765562]]}}, {"type": "Feature", "properties": {"name": "Третье транспортное кольцо", "kind": "ring"}, "geometry": {"type": "LineString", "coordinates": [[37.68666, 55.765562], [37.685752, 55.764413], [37.68538, 55.76392], [37.685237, 55.763671], [37.68507, 55.763216], [37.68506, 55.763169], [37.68457, 55.761011]]}}, {"type": "Feature", "properties": {"name": "Третье транспортное кольцо", "kind": "ring"}, "geometry": {"type": "LineString", "coordinates": [[37.68457, 55.761011], [37.684483, 55.760291], [37.684479, 55.759997]]}}, {"type": "Feature", "properties": {"name": "Третье транспортное кольцо", "kind": "ring"}, "geometry": {"type": "LineString", "coordinates": [[37.684479, 55.759997], [37.68452, 55.759811]]}}, {"type": "Feature", "properties": {"name": "Третье транспортное кольцо", "kind": "ring"}, "geometry": {"type": "LineString", "coordinates": [[37.68452, 55.759811], [37.684712, 55.759409], [37.684934, 55.759051]]}}, {"type": "Feature", "properties": {"name": "Третье транспортное кольцо", "kind": "ring"}, "geometry": {"type": "LineString", "coordinates": [[37.684934, 55.759051], [37.68516, 55.758766], [37.685361, 55.758569], [37.686056, 55.758091], [37.686496, 55.757825], [37.686995, 55.757584], [37.691075, 55.755862], [37.69169, 55.755561], [37.692257, 55.755232], [37.692772, 55.754878], [37.693233, 55.7545], [37.693634, 55.754101], [37.694509, 55.753071], [37.694894, 55.752618], [37.695197, 55.75229], [37.69643, 55.751066]]}}, {"type": "Feature", "properties": {"name": "Третье транспортное кольцо", "kind": "ring"}, "geometry": {"type": "LineString", "coordinates": [[37.69643, 55.751066], [37.697093, 55.750417]]}}, {"type": "Feature", "properties": {"name": "Третье транспортное кольцо", "kind": "ring"}, "geometry": {"type": "LineString", "coordinates": [[37.697093, 55.750417], [37.698102, 55.749392], [37.698322, 55.749124], [37.698743, 55.748612]]}}, {"type": "Feature", "properties": {"name": "Третье транспортное кольцо", "kind": "ring"}, "geometry": {"type": "LineString", "coordinates": [[37.698743, 55.748612], [37.698891, 55.748407]]}}, {"type": "Feature", "properties": {"name": "Третье транспортное кольцо", "kind": "ring"}, "geometry": {"type": "LineString", "coordinates": [[37.698891, 55.748407], [37.699274, 55.747832], [37.699492, 55.747391], [37.699582, 55.747142], [37.699647, 55.746909], [37.699676, 55.746666], [37.699687, 55.746498], [37.699659, 55.746236], [37.69961, 55.746008], [37.699491, 55.745702], [37.699386, 55.745498], [37.698669, 55.744463]]}}, {"type": "Feature", "properties": {"name": "Третье транспортное кольцо", "kind": "ring"}, "geometry": {"type": "LineString", "coordinates": [[37.698669, 55.744463], [37.698225, 55.743817], [37.697779, 55.743025], [37.697462, 55.742245], [37.697305, 55.741431], [37.697187, 55.740713], [37.697197, 55.739752], [37.697347, 55.738925], [37.697551, 55.738278], [37.697809, 55.737735], [37.698088, 55.737203], [37.698214, 55.736992]]}}, {"type": "Feature", "properties": {"name": "Третье транспортное кольцо", "kind": "ring"}, "geometry": {"type": "LineString", "coordinates": [[37.698214, 55.736992], [37.698375, 55.736749], [37.698653, 55.736392]]}}, {"type": "Feature", "properties": {"name": "Третье транспортное кольцо", "kind": "ring"}, "geometry": {"type": "LineString", "coordinates": [[37.698653, 55.736392], [37.699073, 55.735882], [37.699507, 55.735446], [37.700638, 55.734439], [37.70212, 55.733159], [37.703298, 55.732182]]}}, {"type": "Feature", "properties": {"name": "Третье транспортное кольцо", "kind": "ring"}, "geometry": {"type": "LineString", "coordinates": [[37.703298, 55.732182], [37.703818, 55.731781], [37.703975, 55.73166], [37.70436, 55.731363]]}}, {"type": "Feature", "properties": {"name": "Третье транспортное кольцо", "kind": "ring"}, "geometry": {"type": "LineString", "coordinates": [[37.70436, 55.731363], [37.70528, 55.730691], [37.70621, 55.729938], [37.709525, 55.727227]]}}, {"type": "Feature", "properties": {"name": "Третье транспортное кольцо", "kind": "ring"}, "geometry": {"type": "LineString", "coordinates": [[37.709525, 55.727227], [37.710632, 55.726336], [37.71085, 55.726146]]}}, {"type": "Feature", "properties": {"name": "Третье транспортное кольцо", "kind": "ring"}, "geometry": {"type": "LineString", "coordinates": [[37.71085, 55.726146], [37.710938, 55.726056], [37.711012, 55.725974], [37.711084, 55.72587], [37.711158, 55.725749], [37.711216, 55.725641], [37.711265, 55.725506], [37.711303, 55.725376]]}}, {"type": "Feature", "properties": {"name": "Третье транспортное кольцо", "kind": "ring"}, "geometry": {"type": "LineString", "coordinates": [[37.711303, 55.725376], [37.711325, 55.725209], [37.711326, 55.725054], [37.711322, 55.724916], [37.711286, 55.724769], [37.711235, 55.724635], [37.711173, 55.724501], [37.711085, 55.724362], [37.710977, 55.724224], [37.710852, 55.724093], [37.71073, 55.72398], [37.710481, 55.723796], [37.710314, 55.723686], [37.710157, 55.723597], [37.709978, 55.723512], [37.70969, 55.723395], [37.708427, 55.722928]]}}, {"type": "Feature", "properties": {"name": "Третье транспортное кольцо", "kind": "ring"}, "geometry": {"type": "LineString", "coordinates": [[37.708427, 55.722928], [37.705948, 55.722025], [37.705698, 55.721926], [37.705483, 55.721834], [37.705252, 55.721724], [37.704571, 55.721383], [37.704339, 55.721288], [37.704133, 55.721209], [37.703917, 55.721135], [37.703679, 55.721059], [37.703371, 55.720961], [37.702322, 55.720667]]}}, {"type": "Feature", "properties": {"name": "Третье транспортное кольцо", "kind": "ring"}, "geometry": {"type": "LineString", "coordinates": [[37.702322, 55.720667], [37.701499, 55.720422]]}}, {"type": "Feature", "properties": {"name": "Третье транспортное кольцо", "kind": "ring"}, "geometry": {"type": "LineString", "coordinates": [[37.701499, 55.720422], [37.699625, 55.719805], [37.698758, 55.719544], [37.696762, 55.718943], [37.696104, 55.718756], [37.695136, 55.7185]]}}, {"type": "Feature", "properties": {"name": "Третье транспортное кольцо", "kind": "ring"}, "geometry": {"type": "LineString", "coordinates": [[37.695136, 55.7185], [37.694471, 55.718338], [37.693981, 55.71822], [37.693596, 55.718133], [37.692757, 55.717945], [37.691257, 55.717592], [37.690145, 55.717322], [37.689788, 55.71723], [37.68942, 55.717129], [37.687742, 55.716654], [37.684878, 55.715835]]}}, {"type": "Feature", "properties": {"name": "Третье транспортное кольцо", "kind": "ring"}, "geometry": {"type": "LineString", "coordinates": [[37.684878, 55.715835], [37.684539, 55.715726], [37.684206, 55.715609], [37.683804, 55.715459], [37.683491, 55.715337], [37.683155, 55.71519], [37.681446, 55.71444], [37.681152, 55.714325], [37.680879, 55.714223], [37.680612, 55.714127], [37.680337, 55.714037], [37.680016, 55.713939], [37.675075, 55.712497], [37.67458, 55.71235], [37.674111, 55.712198], [37.67367, 55.712046], [37.673266, 55.711899], [37.673051, 55.711818]]}}, {"type": "Feature", "properties": {"name": "Третье транспортное кольцо", "kind": "ring"}, "geometry": {"type": "LineString", "coordinates": [[37.673051, 55.711818], [37.67234, 55.711529], [37.671871, 55.711315], [37.671385, 55.711085], [37.6709, 55.710844], [37.668094, 55.709391], [37.66738, 55.709052], [37.666749, 55.708724], [37.666216, 55.708412], [37.665634, 55.708034], [37.664925, 55.707613], [37.658349, 55.704007]]}}, {"type": "Feature", "properties": {"name": "Третье транспортное кольцо", "kind": "ring"}, "geometry": {"type": "LineString", "coordinates": [[37.658349, 55.704007], [37.657898, 55.70379], [37.657243, 55.703551], [37.656592, 55.703398], [37.655851, 55.703296], [37.655059, 55.70326], [37.65219, 55.703308]]}}, {"type": "Feature", "properties": {"name": "Третье транспортное кольцо", "kind": "ring"}, "geometry": {"type": "LineString", "coordinates": [[37.65219, 55.703308], [37.651169, 55.70333], [37.650611, 55.703341], [37.649887, 55.703374], [37.649087, 55.703438]]}}, {"type": "Feature", "properties": {"name": "Третье транспортное кольцо", "kind": "ring"}, "geometry": {"type": "LineString", "coordinates": [[37.649087, 55.703438], [37.648873, 55.703457], [37.647785, 55.703563], [37.647545, 55.703587], [37.64713, 55.703627], [37.646539, 55.703685], [37.645922, 55.703741], [37.643871, 55.703909], [37.642665, 55.704024], [37.6386, 55.704409], [37.636966, 55.704564]]}}, {"type": "Feature", "properties": {"name": "Третье транспортное кольцо", "kind": "ring"}, "geometry": {"type": "LineString", "coordinates": [[37.636966, 55.704564], [37.635343, 55.704708]]}}, {"type": "Feature", "properties": {"name": "Третье транспортное кольцо", "kind": "ring"}, "geometry": {"type": "LineString", "coordinates": [[37.635343, 55.704708], [37.630259, 55.705215]]}}, {"type": "Feature", "properties": {"name": "Третье транспортное кольцо", "kind": "ring"}, "geometry": {"type": "LineString", "coordinates": [[37.630259, 55.705215], [37.626513, 55.705585]]}}, {"type": "Feature", "properties": {"name": "Третье транспортное кольцо", "kind": "ring"}, "geometry": {"type": "LineString", "coordinates": [[37.626513, 55.705585], [37.625698, 55.705683]]}}, {"type": "Feature", "properties": {"name": "Третье транспортное кольцо", "kind": "ring"}, "geometry": {"type": "LineString", "coordinates": [[37.625698, 55.705683], [37.623735, 55.705856]]}}, {"type": "Feature", "properties": {"name": "Третье транспортное кольцо", "kind": "ring"}, "geometry": {"type": "LineString", "coordinates": [[37.623735, 55.705856], [37.623312, 55.705887], [37.622922, 55.705911], [37.622421, 55.705925], [37.621953, 55.705915], [37.621576, 55.705895], [37.621164, 55.705855], [37.62075, 55.705796], [37.620415, 55.70573], [37.620138, 55.705664], [37.619746, 55.705552], [37.619407, 55.705436], [37.619093, 55.705305], [37.618802, 55.705166], [37.618207, 55.704848], [37.617921, 55.704677], [37.617637, 55.704483], [37.617234, 55.704156], [37.61668, 55.703646], [37.616293, 55.703284], [37.616111, 55.70311], [37.615864, 55.702901], [37.615575, 55.702692], [37.61529, 55.702503], [37.614957, 55.702292], [37.614498, 55.702056], [37.613888, 55.701814]]}}, {"type": "Feature", "properties": {"name": "Третье транспортное кольцо", "kind": "ring"}, "geometry": {"type": "LineString", "coordinates": [[37.613888, 55.701814], [37.61351, 55.701676], [37.612938, 55.701491], [37.612302, 55.701326], [37.611964, 55.701257], [37.611508, 55.701186]]}}, {"type": "Feature", "properties": {"name": "Третье транспортное кольцо", "kind": "ring"}, "geometry": {"type": "LineString", "coordinates": [[37.611508, 55.701186], [37.610982, 55.701129], [37.61054, 55.7011], [37.610088, 55.701095], [37.609708, 55.701098], [37.609308, 55.701123], [37.60891, 55.70116], [37.608441, 55.701221]]}}, {"type": "Feature", "properties": {"name": "Третье транспортное кольцо", "kind": "ring"}, "geometry": {"type": "LineString", "coordinates": [[37.608441, 55.701221], [37.607888, 55.701321], [37.607299, 55.701466], [37.606743, 55.701638], [37.604765, 55.702303], [37.603538, 55.70268], [37.602551, 55.702953], [37.600542, 55.703487]]}}, {"type": "Feature", "properties": {"name": "Третье транспортное кольцо", "kind": "ring"}, "geometry": {"type": "LineString", "coordinates": [[37.600542, 55.703487], [37.599238, 55.703831]]}}, {"type": "Feature", "properties": {"name": "Третье транспортное кольцо", "kind": "ring"}, "geometry": {"type": "LineString", "coordinates": [[37.599238, 55.703831], [37.598638, 55.703997]]}}, {"type": "Feature", "properties": {"name": "Третье транспортное кольцо", "kind": "ring"}, "geometry": {"type": "LineString", "coordinates": [[37.598638, 55.703997], [37.597224, 55.704396], [37.592862, 55.705629]]}}, {"type": "Feature", "properties": {"name": "Третье транспортное кольцо", "kind": "ring"}, "geometry": {"type": "LineString", "coordinates": [[37.592862, 55.705629], [37.591058, 55.706144]]}}, {"type": "Feature", "properties": {"name": "Третье транспортное кольцо", "kind": "ring"}, "geometry": {"type": "LineString", "coordinates": [[37.591058, 55.706144], [37.590841, 55.706206], [37.590162, 55.706418]]}}, {"type": "Feature", "properties": {"name": "Третье транспортное кольцо", "kind": "ring"}, "geometry": {"type": "LineString", "coordinates": [[37.590162, 55.706418], [37.589821, 55.706524]]}}, {"type": "Feature", "properties": {"name": "Третье транспортное кольцо", "kind": "ring"}, "geometry": {"type": "LineString", "coordinates": [[37.589821, 55.706524], [37.589255, 55.7067]]}}, {"type": "Feature", "properties": {"name": "Третье транспортное кольцо", "kind": "ring"}, "geometry": {"type": "LineString", "coordinates": [[37.589255, 55.7067], [37.588839, 55.706829]]}}, {"type": "Feature", "properties": {"name": "Третье транспортное кольцо", "kind": "ring"}, "geometry": {"type": "LineString", "coordinates": [[37.588839, 55.706829], [37.588519, 55.706923]]}}, {"type": "Feature", "properties": {"name": "Третье транспортное кольцо", "kind": "ring"}, "geometry": {"type": "LineString", "coordinates": [[37.588519, 55.706923], [37.587857, 55.707155]]}}, {"type": "Feature", "properties": {"name": "Третье транспортное кольцо", "kind": "ring"}, "geometry": {"type": "LineString", "coordinates": [[37.587857, 55.707155], [37.587261, 55.707373], [37.586347, 55.707778], [37.585862, 55.708033], [37.584415, 55.708862], [37.582349, 55.71029], [37.581558, 55.710837], [37.580035, 55.712056], [37.579189, 55.712732]]}}, {"type": "Feature", "properties": {"name": "Третье транспортное кольцо", "kind": "ring"}, "geometry": {"type": "LineString", "coordinates": [[37.579189, 55.712732], [37.578324, 55.713384], [37.575857, 55.715147]]}}, {"type": "Feature", "properties": {"name": "Третье транспортное кольцо", "kind": "ring"}, "geometry": {"type": "LineString", "coordinates": [[37.575857, 55.715147], [37.575475, 55.715367], [37.57507, 55.71554], [37.574474, 55.715811], [37.57161, 55.716981], [37.571068, 55.717203], [37.568495, 55.718066], [37.565204, 55.719099], [37.565098, 55.719134], [37.56192, 55.720162], [37.559688, 55.720837]]}}, {"type": "Feature", "properties": {"name": "Третье транспортное кольцо", "kind": "ring"}, "geometry": {"type": "LineString", "coordinates": [[37.559688, 55.720837], [37.55924, 55.720962], [37.556681, 55.721633], [37.555311, 55.722081]]}}, {"type": "Feature", "properties": {"name": "Третье транспортное кольцо", "kind": "ring"}, "geometry": {"type": "LineString", "coordinates": [[37.555311, 55.722081], [37.554594, 55.722361], [37.553962, 55.722625], [37.553633, 55.722777], [37.553271, 55.722958], [37.552682, 55.723269], [37.552137, 55.723579], [37.551631, 55.723918], [37.551101, 55.724288]]}}, {"type": "Feature", "properties": {"name": "Третье транспортное кольцо", "kind": "ring"}, "geometry": {"type": "LineString", "coordinates": [[37.551101, 55.724288], [37.550689, 55.724601], [37.550378, 55.724863], [37.549617, 55.725568], [37.548724, 55.726505]]}}, {"type": "Feature", "properties": {"name": "Третье транспортное кольцо", "kind": "ring"}, "geometry": {"type": "LineString", "coordinates": [[37.548724, 55.726505], [37.545856, 55.729464]]}}, {"type": "Feature", "properties": {"name": "Третье транспортное кольцо", "kind": "ring"}, "geometry": {"type": "LineString", "coordinates": [[37.545856, 55.729464], [37.544363, 55.730994]]}}, {"type": "Feature", "properties": {"name": "Третье транспортное кольцо", "kind": "ring"}, "geometry": {"type": "LineString", "coordinates": [[37.544363, 55.730994], [37.544073, 55.731299], [37.543891, 55.731551], [37.543802, 55.7317], [37.543708, 55.731928], [37.543515, 55.732523], [37.543443, 55.733015], [37.543433, 55.733056]]}}, {"type": "Feature", "properties": {"name": "Третье транспортное кольцо", "kind": "ring"}, "geometry": {"type": "LineString", "coordinates": [[37.543433, 55.733056], [37.543341, 55.733387], [37.54326, 55.733601]]}}, {"type": "Feature", "properties": {"name": "Третье транспортное кольцо", "kind": "ring"}, "geometry": {"type": "LineString", "coordinates": [[37.54326, 55.733601], [37.543241, 55.733653], [37.543031, 55.73403]]}}, {"type": "Feature", "properties": {"name": "Третье транспортное кольцо", "kind": "ring"}, "geometry": {"type": "LineString", "coordinates": [[37.543031, 55.73403], [37.542912, 55.734213], [37.542552, 55.734643]]}}, {"type": "Feature", "properties": {"name": "Третье транспортное кольцо", "kind": "ring"}, "geometry": {"type": "LineString", "coordinates": [[37.542552, 55.734643], [37.542282, 55.734876]]}}, {"type": "Feature", "properties": {"name": "Третье транспортное кольцо", "kind": "ring"}, "geometry": {"type": "LineString", "coordinates": [[37.542282, 55.734876], [37.541883, 55.735156], [37.538945, 55.736994]]}}, {"type": "Feature", "properties": {"name": "Третье транспортное кольцо", "kind": "ring"}, "geometry": {"type": "LineString", "coordinates": [[37.538945, 55.736994], [37.53842, 55.737349]]}}, {"type": "Feature", "properties": {"name": "Третье транспортное кольцо", "kind": "ring"}, "geometry": {"type": "LineString", "coordinates": [[37.53842, 55.737349], [37.53811, 55.737577]]}}, {"type": "Feature", "properties": {"name": "Третье транспортное кольцо", "kind": "ring"}, "geometry": {"type": "LineString", "coordinates": [[37.53811, 55.737577], [37.537695, 55.737883]]}}, {"type": "Feature", "properties": {"name": "Третье транспортное кольцо", "kind": "ring"}, "geometry": {"type": "LineString", "coordinates": [[37.537695, 55.737883], [37.537553, 55.737996]]}}, {"type": "Feature", "properties": {"name": "Третье транспортное кольцо", "kind": "ring"}, "geometry": {"type": "LineString", "coordinates": [[37.537553, 55.737996], [37.537185, 55.738289], [37.536914, 55.738575], [37.535789, 55.739956], [37.535479, 55.740448], [37.53497, 55.741264], [37.534692, 55.741776], [37.534602, 55.74197]]}}, {"type": "Feature", "properties": {"name": "Третье транспортное кольцо", "kind": "ring"}, "geometry": {"type": "LineString", "coordinates": [[37.534602, 55.74197], [37.534326, 55.742509], [37.534088, 55.743025]]}}, {"type": "Feature", "properties": {"name": "Третье транспортное кольцо", "kind": "ring"}, "geometry": {"type": "LineString", "coordinates": [[37.534088, 55.743025], [37.534002, 55.743259], [37.533925, 55.743504]]}}, {"type": "Feature", "properties": {"name": "Третье транспортное кольцо", "kind": "ring"}, "geometry": {"type": "LineString", "coordinates": [[37.533925, 55.743504], [37.533885, 55.743655], [37.53371, 55.744297]]}}, {"type": "Feature", "properties": {"name": "Третье транспортное кольцо", "kind": "ring"}, "geometry": {"type": "LineString", "coordinates": [[37.53371, 55.744297], [37.533459, 55.745255]]}}, {"type": "Feature", "properties": {"name": "Третье транспортное кольцо", "kind": "ring"}, "geometry": {"type": "LineString", "coordinates": [[37.533459, 55.745255], [37.533287, 55.746029], [37.532595, 55.748551]]}}, {"type": "Feature", "properties": {"name": "Третье транспортное кольцо", "kind": "ring"}, "geometry": {"type": "LineString", "coordinates": [[37.532595, 55.748551], [37.532407, 55.749254], [37.53232, 55.749523], [37.532219, 55.749814], [37.532078, 55.75013], [37.531892, 55.750481], [37.531773, 55.750791], [37.53166, 55.751129], [37.53158, 55.751455], [37.531563, 55.751828], [37.531597, 55.752224], [37.531668, 55.752491], [37.531809, 55.75285], [37.532509, 55.75438]]}}, {"type": "Feature", "properties": {"name": "Третье транспортное кольцо", "kind": "ring"}, "geometry": {"type": "LineString", "coordinates": [[37.532509, 55.75438], [37.532978, 55.7554]]}}, {"type": "Feature", "properties": {"name": "Третье транспортное кольцо", "kind": "ring"}, "geometry": {"type": "LineString", "coordinates": [[37.532978, 55.7554], [37.53334, 55.756204]]}}, {"type": "Feature", "properties": {"name": "Третье транспортное кольцо", "kind": "ring"}, "geometry": {"type": "LineString", "coordinates": [[37.53334, 55.756204], [37.533943, 55.757679], [37.534101, 55.758081]]}}, {"type": "Feature", "properties": {"name": "Третье транспортное кольцо", "kind": "ring"}, "geometry": {"type": "LineString", "coordinates": [[37.534101, 55.758081], [37.535134, 55.760645], [37.535904, 55.762547], [37.536208, 55.763317], [37.536319, 55.763548], [37.537053, 55.764929]]}}, {"type": "Feature", "properties": {"name": "Третье транспортное кольцо", "kind": "ring"}, "geometry": {"type": "LineString", "coordinates": [[37.537053, 55.764929], [37.537453, 55.765713]]}}, {"type": "Feature", "properties": {"name": "Третье транспортное кольцо", "kind": "ring"}, "geometry": {"type": "LineString", "coordinates": [[37.537453, 55.765713], [37.537699, 55.766278]]}}, {"type": "Feature", "properties": {"name": "Третье транспортное кольцо", "kind": "ring"}, "geometry": {"type": "LineString", "coordinates": [[37.537699, 55.766278], [37.537761, 55.766425]]}}, {"type": "Feature", "properties": {"name": "Третье транспортное кольцо", "kind": "ring"}, "geometry": {"type": "LineString", "coordinates": [[37.537761, 55.766425], [37.538026, 55.766999]]}}, {"type": "Feature", "properties": {"name": "Третье транспортное кольцо", "kind": "ring"}, "geometry": {"type": "LineString", "coordinates": [[37.538026, 55.766999], [37.538179, 55.767263], [37.53841, 55.767549], [37.538786, 55.767902]]}}, {"type": "Feature", "properties": {"name": "Третье транспортное кольцо", "kind": "ring"}, "geometry": {"type": "LineString", "coordinates": [[37.538786, 55.767902], [37.539231, 55.768308], [37.539729, 55.768688], [37.540298, 55.769054], [37.541267, 55.769584], [37.541803, 55.769847], [37.542253, 55.770123], [37.542603, 55.770387], [37.542851, 55.770601], [37.544453, 55.772116], [37.544869, 55.772482], [37.545271, 55.772777], [37.545683, 55.772995], [37.54587, 55.773081], [37.546049, 55.773157], [37.546232, 55.773229], [37.546409, 55.773289], [37.546611, 55.773355], [37.546807, 55.773412], [37.547014, 55.773465], [37.547203, 55.773508], [37.547414, 55.773552], [37.547614, 55.773589], [37.547825, 55.773623], [37.548035, 55.773651], [37.548872, 55.77374]]}}, {"type": "Feature", "properties": {"name": "Третье транспортное кольцо", "kind": "ring"}, "geometry": {"type": "LineString", "coordinates": [[37.548872, 55.77374], [37.549839, 55.773841], [37.550503, 55.773908]]}}, {"type": "Feature", "properties": {"name": "Третье транспортное кольцо", "kind": "ring"}, "geometry": {"type": "LineString", "coordinates": [[37.550503, 55.773908], [37.550732, 55.773932]]}}, {"type": "Feature", "properties": {"name": "Третье транспортное кольцо", "kind": "ring"}, "geometry": {"type": "LineString", "coordinates": [[37.550732, 55.773932], [37.550814, 55.773941], [37.551143, 55.773981], [37.551451, 55.774026], [37.551764, 55.77408], [37.55208, 55.774144], [37.552426, 55.774241], [37.552745, 55.774344], [37.552981, 55.77443], [37.553175, 55.774514], [37.553389, 55.774615]]}}, {"type": "Feature", "properties": {"name": "Третье транспортное кольцо", "kind": "ring"}, "geometry": {"type": "LineString", "coordinates": [[37.553389, 55.774615], [37.553536, 55.774695]]}}, {"type": "Feature", "properties": {"name": "Третье транспортное кольцо", "kind": "ring"}, "geometry": {"type": "LineString", "coordinates": [[37.553536, 55.774695], [37.553757, 55.774815], [37.554029, 55.774999], [37.554231, 55.775156], [37.554413, 55.775326], [37.554792, 55.775731], [37.555543, 55.77657]]}}, {"type": "Feature", "properties": {"name": "Третье транспортное кольцо", "kind": "ring"}, "geometry": {"type": "LineString", "coordinates": [[37.555543, 55.77657], [37.555634, 55.776713], [37.556167, 55.777404], [37.556853, 55.778294], [37.557645, 55.77932], [37.55793, 55.779633], [37.558151, 55.779851], [37.558993, 55.780536], [37.559216, 55.780696], [37.55943, 55.780849], [37.56157, 55.782382], [37.562114, 55.782767], [37.56261, 55.783136]]}}, {"type": "Feature", "properties": {"name": "Третье транспортное кольцо", "kind": "ring"}, "geometry": {"type": "LineString", "coordinates": [[37.56261, 55.783136], [37.565277, 55.785026]]}}, {"type": "Feature", "properties": {"name": "Третье транспортное кольцо", "kind": "ring"}, "geometry": {"type": "LineString", "coordinates": [[37.565277, 55.785026], [37.566468, 55.785879]]}}, {"type": "Feature", "properties": {"name": "Третье транспортное кольцо", "kind": "ring"}, "geometry": {"type": "LineString", "coordinates": [[37.566468, 55.785879], [37.56727, 55.786441]]}}, {"type": "Feature", "properties": {"name": "Третье транспортное кольцо", "kind": "ring"}, "geometry": {"type": "LineString", "coordinates": [[37.56727, 55.786441], [37.5686, 55.787366]]}}, {"type": "Feature", "properties": {"name": "Третье транспортное кольцо", "kind": "ring"}, "geometry": {"type": "LineString", "coordinates": [[37.5686, 55.787366], [37.56982, 55.788295]]}}, {"type": "Feature", "properties": {"name": "Третье транспортное кольцо", "kind": "ring"}, "geometry": {"type": "LineString", "coordinates": [[37.56982, 55.788295], [37.570221, 55.788596], [37.570712, 55.788965]]}}, {"type": "Feature", "properties": {"name": "Третье транспортное кольцо", "kind": "ring"}, "geometry": {"type": "LineString", "coordinates": [[37.570712, 55.788965], [37.571286, 55.789388], [37.572294, 55.790131], [37.57267, 55.790406], [37.572874, 55.790555]]}}, {"type": "Feature", "properties": {"name": "Третье транспортное кольцо", "kind": "ring"}, "geometry": {"type": "LineString", "coordinates": [[37.572874, 55.790555], [37.573404, 55.790931]]}}, {"type": "Feature", "properties": {"name": "Третье транспортное кольцо", "kind": "ring"}, "geometry": {"type": "LineString", "coordinates": [[37.573404, 55.790931], [37.573844, 55.791242], [37.574031, 55.791368], [37.574221, 55.791472], [37.574461, 55.791567], [37.574717, 55.791634], [37.575008, 55.791685], [37.575307, 55.791717], [37.575601, 55.791728], [37.576265, 55.791728], [37.577321, 55.791737], [37.578813, 55.791737], [37.579455, 55.791745], [37.580045, 55.791762], [37.580843, 55.791799]]}}, {"type": "Feature", "properties": {"name": "Третье транспортное кольцо", "kind": "ring"}, "geometry": {"type": "LineString", "coordinates": [[37.580843, 55.791799], [37.58154, 55.791841], [37.582254, 55.791887], [37.582941, 55.791935], [37.583278, 55.791957]]}}, {"type": "Feature", "properties": {"name": "Третье транспортное кольцо", "kind": "ring"}, "geometry": {"type": "LineString", "coordinates": [[37.583278, 55.791957], [37.58531, 55.792083]]}}, {"type": "Feature", "properties": {"name": "Третье транспортное кольцо", "kind": "ring"}, "geometry": {"type": "LineString", "coordinates": [[37.58531, 55.792083], [37.585747, 55.7921]]}}, {"type": "Feature", "properties": {"name": "Третье транспортное кольцо", "kind": "ring"}, "geometry": {"type": "LineString", "coordinates": [[37.585747, 55.7921], [37.587301, 55.792112], [37.588638, 55.792119], [37.589779, 55.792119], [37.590918, 55.792113], [37.593117, 55.792102]]}}, {"type": "Feature", "properties": {"name": "Третье транспортное кольцо", "kind": "ring"}, "geometry": {"type": "LineString", "coordinates": [[37.593117, 55.792102], [37.594722, 55.792101]]}}, {"type": "Feature", "properties": {"name": "Третье транспортное кольцо", "kind": "ring"}, "geometry": {"type": "LineString", "coordinates": [[37.594722, 55.792101], [37.595273, 55.792108], [37.596238, 55.792152]]}}, {"type": "Feature", "properties": {"name": "Третье транспортное кольцо", "kind": "ring"}, "geometry": {"type": "LineString", "coordinates": [[37.596238, 55.792152], [37.596441, 55.792166], [37.597275, 55.792229], [37.598312, 55.792317], [37.598867, 55.792366]]}}, {"type": "Feature", "properties": {"name": "Третье транспортное кольцо", "kind": "ring"}, "geometry": {"type": "LineString", "coordinates": [[37.598867, 55.792366], [37.599314, 55.792405]]}}, {"type": "Feature", "properties": {"name": "Третье транспортное кольцо", "kind": "ring"}, "geometry": {"type": "LineString", "coordinates": [[37.599314, 55.792405], [37.599733, 55.792442], [37.599935, 55.792455], [37.600608, 55.792497], [37.600847, 55.79251], [37.601448, 55.792539], [37.601574, 55.792546], [37.601783, 55.792554], [37.602026, 55.792564], [37.602388, 55.792578], [37.603035, 55.792603]]}}, {"type": "Feature", "properties": {"name": "Третье транспортное кольцо", "kind": "ring"}, "geometry": {"type": "LineString", "coordinates": [[37.603035, 55.792603], [37.603284, 55.792617], [37.603537, 55.792626], [37.604381, 55.792657]]}}, {"type": "Feature", "properties": {"name": "Третье транспортное кольцо", "kind": "ring"}, "geometry": {"type": "LineString", "coordinates": [[37.604381, 55.792657], [37.604858, 55.79267]]}}, {"type": "Feature", "properties": {"name": "Третье транспортное кольцо", "kind": "ring"}, "geometry": {"type": "LineString", "coordinates": [[37.604858, 55.79267], [37.606605, 55.792747]]}}, {"type": "Feature", "properties": {"name": "Третье транспортное кольцо", "kind": "ring"}, "geometry": {"type": "LineString", "coordinates": [[37.606605, 55.792747], [37.60956, 55.792868], [37.612985, 55.792988]]}}, {"type": "Feature", "properties": {"name": "Третье транспортное кольцо", "kind": "ring"}, "geometry": {"type": "LineString", "coordinates": [[37.612985, 55.792988], [37.613333, 55.793], [37.613736, 55.793014], [37.614338, 55.793035], [37.614705, 55.793044], [37.615048, 55.793049], [37.615387, 55.793053], [37.615723, 55.793054], [37.616045, 55.793052], [37.616369, 55.793049], [37.61668, 55.793045], [37.616985, 55.793039]]}}, {"type": "Feature", "properties": {"name": "Третье транспортное кольцо", "kind": "ring"}, "geometry": {"type": "LineString", "coordinates": [[37.616985, 55.793039], [37.617573, 55.793017], [37.618148, 55.792992], [37.61936, 55.792922], [37.621343, 55.792788], [37.623513, 55.792662], [37.624552, 55.792612]]}}, {"type": "Feature", "properties": {"name": "Третье транспортное кольцо", "kind": "ring"}, "geometry": {"type": "LineString", "coordinates": [[37.624552, 55.792612], [37.626384, 55.792516]]}}, {"type": "Feature", "properties": {"name": "Третье транспортное кольцо", "kind": "ring"}, "geometry": {"type": "LineString", "coordinates": [[37.626384, 55.792516], [37.627292, 55.792465], [37.627935, 55.79243], [37.628112, 55.792414], [37.628285, 55.79239]]}}, {"type": "Feature", "properties": {"name": "Третье транспортное кольцо", "kind": "ring"}, "geometry": {"type": "LineString", "coordinates": [[37.628285, 55.79239], [37.629699, 55.792161], [37.630083, 55.792098]]}}, {"type": "Feature", "properties": {"name": "Третье транспортное кольцо", "kind": "ring"}, "geometry": {"type": "LineString", "coordinates": [[37.630083, 55.792098], [37.630573, 55.792008], [37.631043, 55.791928], [37.631281, 55.791893], [37.63151, 55.791863], [37.631869, 55.791827], [37.632417, 55.791788], [37.632637, 55.791777], [37.632878, 55.79177], [37.63315, 55.791767], [37.633417, 55.791768], [37.633601, 55.791772], [37.633785, 55.791778], [37.634098, 55.791791], [37.634649, 55.791817], [37.635659, 55.791866]]}}, {"type": "Feature", "properties": {"name": "Третье транспортное кольцо", "kind": "ring"}, "geometry": {"type": "LineString", "coordinates": [[37.635659, 55.791866], [37.636902, 55.791917]]}}, {"type": "Feature", "properties": {"name": "Третье транспортное кольцо", "kind": "ring"}, "geometry": {"type": "LineString", "coordinates": [[37.636902, 55.791917], [37.637623, 55.791953], [37.637896, 55.791972], [37.638264, 55.792012], [37.638714, 55.792079], [37.639418, 55.792205]]}}, {"type": "Feature", "properties": {"name": "Третье транспортное кольцо", "kind": "ring"}, "geometry": {"type": "LineString", "coordinates": [[37.639418, 55.792205], [37.639802, 55.79228], [37.639819, 55.792284], [37.639835, 55.792287]]}}, {"type": "Feature", "properties": {"name": "Бульварное кольцо", "kind": "ring"}, "geometry": {"type": "LineString", "coordinates": [[37.639698, 55.747984], [37.639944, 55.747883]]}}, {"type": "Feature", "properties": {"name": "Бульварное кольцо", "kind": "ring"}, "geometry": {"type": "LineString", "coordinates": [[37.639944, 55.747883], [37.64103, 55.748672]]}}, {"type": "Feature", "properties": {"name": "Бульварное кольцо", "kind": "ring"}, "geometry": {"type": "LineString", "coordinates": [[37.64103, 55.748672], [37.64124, 55.74884], [37.641328, 55.748922], [37.64136, 55.748964], [37.641438, 55.749092]]}}, {"type": "Feature", "properties": {"name": "Бульварное кольцо", "kind": "ring"}, "geometry": {"type": "LineString", "coordinates": [[37.641438, 55.749092], [37.641496, 55.749202], [37.641618, 55.749392]]}}, {"type": "Feature", "properties": {"name": "Бульварное кольцо", "kind": "ring"}, "geometry": {"type": "LineString", "coordinates": [[37.641618, 55.749392], [37.641705, 55.74952], [37.64183, 55.749674], [37.64205, 55.749907], [37.642233, 55.750101]]}}, {"type": "Feature", "properties": {"name": "Бульварное кольцо", "kind": "ring"}, "geometry": {"type": "LineString", "coordinates": [[37.642233, 55.750101], [37.642378, 55.750251], [37.642448, 55.7503], [37.642573, 55.75037]]}}, {"type": "Feature", "properties": {"name": "Бульварное кольцо", "kind": "ring"}, "geometry": {"type": "LineString", "coordinates": [[37.642573, 55.75037], [37.642663, 55.75042]]}}, {"type": "Feature", "properties": {"name": "Бульварное кольцо", "kind": "ring"}, "geometry": {"type": "LineString", "coordinates": [[37.642663, 55.75042], [37.642756, 55.75047]]}}, {"type": "Feature", "properties": {"name": "Бульварное кольцо", "kind": "ring"}, "geometry": {"type": "LineString", "coordinates": [[37.642756, 55.75047], [37.642957, 55.750573]]}}, {"type": "Feature", "properties": {"name": "Бульварное кольцо", "kind": "ring"}, "geometry": {"type": "LineString", "coordinates": [[37.642957, 55.750573], [37.643056, 55.750607], [37.643489, 55.750696], [37.643946, 55.750791], [37.644058, 55.750804], [37.64413, 55.7508], [37.644256, 55.750781], [37.644453, 55.750757], [37.644547, 55.750755], [37.644653, 55.750767], [37.644775, 55.750789], [37.645112, 55.750847], [37.645191, 55.750864], [37.645274, 55.750891], [37.64571, 55.751085], [37.645821, 55.751138], [37.645887, 55.751173], [37.645961, 55.751219], [37.646029, 55.751277], [37.646732, 55.75206], [37.647467, 55.752929], [37.647558, 55.753036]]}}, {"type": "Feature", "properties": {"name": "Бульварное кольцо", "kind": "ring"}, "geometry": {"type": "LineString", "coordinates": [[37.647558, 55.753036], [37.647623, 55.753151], [37.648208, 55.754242], [37.648467, 55.754702], [37.648564, 55.754921], [37.648646, 55.75515], [37.648648, 55.755155], [37.648697, 55.755347], [37.648728, 55.755507], [37.648733, 55.755549], [37.648745, 55.755637], [37.648761, 55.755758], [37.648756, 55.755855], [37.648744, 55.755896], [37.648725, 55.75594], [37.648685, 55.756011], [37.64858, 55.756161], [37.648525, 55.75622], [37.648185, 55.756592], [37.648113, 55.756644], [37.64781, 55.756984]]}}, {"type": "Feature", "properties": {"name": "Бульварное кольцо", "kind": "ring"}, "geometry": {"type": "LineString", "coordinates": [[37.64781, 55.756984], [37.647201, 55.757656], [37.647108, 55.75779], [37.647083, 55.757843]]}}, {"type": "Feature", "properties": {"name": "Бульварное кольцо", "kind": "ring"}, "geometry": {"type": "LineString", "coordinates": [[37.647083, 55.757843], [37.647042, 55.757938], [37.646998, 55.758037], [37.646924, 55.758238], [37.646751, 55.758623], [37.646705, 55.758717]]}}, {"type": "Feature", "properties": {"name": "Бульварное кольцо", "kind": "ring"}, "geometry": {"type": "LineString", "coordinates": [[37.646705, 55.758717], [37.646534, 55.759012], [37.646489, 55.759082], [37.646457, 55.759133]]}}, {"type": "Feature", "properties": {"name": "Бульварное кольцо", "kind": "ring"}, "geometry": {"type": "LineString", "coordinates": [[37.646457, 55.759133], [37.646442, 55.759158], [37.646356, 55.759276], [37.646304, 55.759337], [37.646253, 55.759399]]}}, {"type": "Feature", "properties": {"name": "Бульварное кольцо", "kind": "ring"}, "geometry": {"type": "LineString", "coordinates": [[37.646253, 55.759399], [37.646193, 55.759483], [37.646024, 55.759934], [37.645983, 55.760042], [37.64597, 55.760082], [37.645957, 55.760156], [37.645965, 55.76028], [37.645967, 55.760368]]}}, {"type": "Feature", "properties": {"name": "Бульварное кольцо", "kind": "ring"}, "geometry": {"type": "LineString", "coordinates": [[37.645967, 55.760368], [37.645972, 55.760609], [37.645952, 55.760728], [37.645934, 55.760789], [37.645884, 55.760866]]}}, {"type": "Feature", "properties": {"name": "Бульварное кольцо", "kind": "ring"}, "geometry": {"type": "LineString", "coordinates": [[37.645884, 55.760866], [37.645359, 55.761358], [37.645181, 55.761516], [37.644718, 55.761949], [37.644661, 55.762002], [37.644464, 55.762187], [37.644445, 55.762201], [37.644312, 55.762308], [37.644219, 55.76237], [37.644112, 55.76243], [37.643591, 55.762707], [37.642362, 55.763374], [37.64217, 55.763468], [37.641172, 55.763938], [37.639926, 55.764511], [37.639475, 55.764719]]}}, {"type": "Feature", "properties": {"name": "Бульварное кольцо", "kind": "ring"}, "geometry": {"type": "LineString", "coordinates": [[37.639475, 55.764719], [37.639068, 55.764904], [37.638257, 55.765273], [37.638024, 55.76537]]}}, {"type": "Feature", "properties": {"name": "Бульварное кольцо", "kind": "ring"}, "geometry": {"type": "LineString", "coordinates": [[37.638024, 55.76537], [37.637962, 55.765397], [37.637476, 55.765606]]}}, {"type": "Feature", "properties": {"name": "Бульварное кольцо", "kind": "ring"}, "geometry": {"type": "LineString", "coordinates": [[37.637476, 55.765606], [37.636895, 55.765867], [37.63676, 55.765926], [37.636681, 55.765961]]}}, {"type": "Feature", "properties": {"name": "Бульварное кольцо", "kind": "ring"}, "geometry": {"type": "LineString", "coordinates": [[37.636681, 55.765961], [37.636543, 55.766019], [37.636457, 55.766056]]}}, {"type": "Feature", "properties": {"name": "Бульварное кольцо", "kind": "ring"}, "geometry": {"type": "LineString", "coordinates": [[37.636457, 55.766056], [37.636339, 55.766112], [37.636155, 55.766201], [37.636075, 55.766232], [37.635995, 55.766258], [37.635682, 55.76635], [37.635239, 55.766473]]}}, {"type": "Feature", "properties": {"name": "Бульварное кольцо", "kind": "ring"}, "geometry": {"type": "LineString", "coordinates": [[37.635239, 55.766473], [37.634895, 55.76657], [37.634791, 55.76659], [37.63471, 55.766605]]}}, {"type": "Feature", "properties": {"name": "Бульварное кольцо", "kind": "ring"}, "geometry": {"type": "LineString", "coordinates": [[37.63471, 55.766605], [37.634675, 55.766609], [37.634226, 55.766658], [37.632277, 55.766851]]}}, {"type": "Feature", "properties": {"name": "Бульварное кольцо", "kind": "ring"}, "geometry": {"type": "LineString", "coordinates": [[37.632277, 55.766851], [37.631688, 55.766908], [37.631627, 55.766903], [37.631508, 55.766872]]}}, {"type": "Feature", "properties": {"name": "Бульварное кольцо", "kind": "ring"}, "geometry": {"type": "LineString", "coordinates": [[37.631508, 55.766872], [37.631369, 55.766844], [37.631296, 55.766835], [37.630886, 55.766785], [37.630259, 55.766724], [37.630163, 55.766717], [37.630078, 55.766711]]}}, {"type": "Feature", "properties": {"name": "Бульварное кольцо", "kind": "ring"}, "geometry": {"type": "LineString", "coordinates": [[37.630078, 55.766711], [37.629892, 55.766703], [37.62944, 55.766677], [37.628582, 55.766644], [37.628456, 55.766641], [37.628205, 55.766635], [37.627603, 55.766627], [37.627093, 55.76663], [37.627016, 55.766633], [37.626944, 55.766635], [37.626762, 55.766648], [37.626684, 55.766655], [37.626218, 55.766704], [37.625964, 55.766729]]}}, {"type": "Feature", "properties": {"name": "Бульварное кольцо", "kind": "ring"}, "geometry": {"type": "LineString", "coordinates": [[37.625964, 55.766729], [37.624956, 55.766831], [37.624597, 55.766875], [37.624352, 55.766908]]}}, {"type": "Feature", "properties": {"name": "Бульварное кольцо", "kind": "ring"}, "geometry": {"type": "LineString", "coordinates": [[37.624352, 55.766908], [37.623698, 55.766995], [37.623596, 55.76701]]}}, {"type": "Feature", "properties": {"name": "Бульварное кольцо", "kind": "ring"}, "geometry": {"type": "LineString", "coordinates": [[37.623596, 55.76701], [37.623328, 55.767045]]}}, {"type": "Feature", "properties": {"name": "Бульварное кольцо", "kind": "ring"}, "geometry": {"type": "LineString", "coordinates": [[37.623328, 55.767045], [37.623141, 55.767067], [37.622452, 55.767168], [37.622357, 55.767182], [37.622245, 55.767201], [37.622173, 55.767212], [37.622095, 55.767225]]}}, {"type": "Feature", "properties": {"name": "Бульварное кольцо", "kind": "ring"}, "geometry": {"type": "LineString", "coordinates": [[37.622095, 55.767225], [37.621387, 55.767333], [37.621291, 55.767347], [37.621111, 55.767375]]}}, {"type": "Feature", "properties": {"name": "Бульварное кольцо", "kind": "ring"}, "geometry": {"type": "LineString", "coordinates": [[37.621111, 55.767375], [37.620912, 55.767407], [37.620858, 55.767414], [37.620214, 55.767506], [37.619954, 55.767544], [37.619661, 55.767588], [37.618939, 55.767696], [37.617728, 55.767878], [37.617334, 55.767936], [37.617118, 55.767968], [37.617021, 55.767983], [37.616019, 55.768131], [37.615877, 55.768147], [37.615296, 55.768211], [37.615102, 55.768226], [37.614753, 55.768252]]}}, {"type": "Feature", "properties": {"name": "Бульварное кольцо", "kind": "ring"}, "geometry": {"type": "LineString", "coordinates": [[37.614753, 55.768252], [37.614409, 55.768275], [37.614208, 55.768287], [37.613912, 55.768295], [37.613704, 55.768301], [37.613588, 55.768307], [37.613354, 55.768322]]}}, {"type": "Feature", "properties": {"name": "Бульварное кольцо", "kind": "ring"}, "geometry": {"type": "LineString", "coordinates": [[37.613354, 55.768322], [37.613152, 55.768336], [37.612671, 55.768341], [37.612547, 55.76834], [37.612469, 55.768333], [37.612408, 55.768323], [37.612351, 55.768309]]}}, {"type": "Feature", "properties": {"name": "Бульварное кольцо", "kind": "ring"}, "geometry": {"type": "LineString", "coordinates": [[37.612351, 55.768309], [37.611399, 55.767996], [37.610965, 55.767853], [37.610876, 55.767824]]}}, {"type": "Feature", "properties": {"name": "Бульварное кольцо", "kind": "ring"}, "geometry": {"type": "LineString", "coordinates": [[37.610876, 55.767824], [37.610545, 55.767716]]}}, {"type": "Feature", "properties": {"name": "Бульварное кольцо", "kind": "ring"}, "geometry": {"type": "LineString", "coordinates": [[37.610545, 55.767716], [37.610395, 55.767667], [37.609923, 55.767515], [37.609823, 55.767483], [37.609163, 55.767269], [37.608958, 55.767206], [37.608737, 55.767146]]}}, {"type": "Feature", "properties": {"name": "Бульварное кольцо", "kind": "ring"}, "geometry": {"type": "LineString", "coordinates": [[37.608737, 55.767146], [37.60873, 55.767144], [37.608604, 55.767104], [37.608177, 55.766962], [37.607867, 55.766855]]}}, {"type": "Feature", "properties": {"name": "Бульварное кольцо", "kind": "ring"}, "geometry": {"type": "LineString", "coordinates": [[37.607867, 55.766855], [37.607674, 55.766787], [37.607586, 55.766755]]}}, {"type": "Feature", "properties": {"name": "Бульварное кольцо", "kind": "ring"}, "geometry": {"type": "LineString", "coordinates": [[37.607586, 55.766755], [37.606987, 55.76652], [37.606874, 55.766474], [37.606664, 55.766384]]}}, {"type": "Feature", "properties": {"name": "Бульварное кольцо", "kind": "ring"}, "geometry": {"type": "LineString", "coordinates": [[37.606664, 55.766384], [37.606556, 55.766339], [37.606486, 55.766311], [37.606166, 55.766171], [37.605551, 55.765895], [37.604685, 55.765508], [37.604414, 55.765359]]}}, {"type": "Feature", "properties": {"name": "Бульварное кольцо", "kind": "ring"}, "geometry": {"type": "LineString", "coordinates": [[37.604414, 55.765359], [37.604275, 55.765272]]}}, {"type": "Feature", "properties": {"name": "Бульварное кольцо", "kind": "ring"}, "geometry": {"type": "LineString", "coordinates": [[37.604275, 55.765272], [37.605134, 55.764813], [37.605201, 55.764774]]}}, {"type": "Feature", "properties": {"name": "Бульварное кольцо", "kind": "ring"}, "geometry": {"type": "LineString", "coordinates": [[37.605201, 55.764774], [37.605038, 55.764717], [37.60488, 55.764641], [37.604845, 55.764619], [37.604782, 55.764573], [37.604033, 55.763966], [37.603492, 55.763496]]}}, {"type": "Feature", "properties": {"name": "Бульварное кольцо", "kind": "ring"}, "geometry": {"type": "LineString", "coordinates": [[37.603492, 55.763496], [37.603441, 55.76345], [37.603121, 55.763176], [37.602819, 55.762907], [37.602539, 55.762633]]}}, {"type": "Feature", "properties": {"name": "Бульварное кольцо", "kind": "ring"}, "geometry": {"type": "LineString", "coordinates": [[37.602539, 55.762633], [37.602266, 55.762352], [37.601797, 55.761868], [37.601746, 55.761812]]}}, {"type": "Feature", "properties": {"name": "Бульварное кольцо", "kind": "ring"}, "geometry": {"type": "LineString", "coordinates": [[37.601746, 55.761812], [37.601517, 55.761573], [37.601326, 55.761372], [37.60073, 55.760743]]}}, {"type": "Feature", "properties": {"name": "Бульварное кольцо", "kind": "ring"}, "geometry": {"type": "LineString", "coordinates": [[37.60073, 55.760743], [37.60022, 55.760204], [37.600092, 55.760072], [37.599731, 55.759708], [37.599458, 55.759434], [37.599364, 55.759338], [37.59864, 55.758624]]}}, {"type": "Feature", "properties": {"name": "Бульварное кольцо", "kind": "ring"}, "geometry": {"type": "LineString", "coordinates": [[37.59864, 55.758624], [37.598419, 55.75836], [37.598352, 55.758278]]}}, {"type": "Feature", "properties": {"name": "Бульварное кольцо", "kind": "ring"}, "geometry": {"type": "LineString", "coordinates": [[37.598352, 55.758278], [37.598047, 55.757896], [37.597992, 55.757828], [37.597971, 55.757792], [37.597948, 55.757742]]}}, {"type": "Feature", "properties": {"name": "Бульварное кольцо", "kind": "ring"}, "geometry": {"type": "LineString", "coordinates": [[37.597948, 55.757742], [37.597938, 55.757706], [37.597926, 55.757632], [37.597934, 55.757555], [37.597956, 55.757494]]}}, {"type": "Feature", "properties": {"name": "Бульварное кольцо", "kind": "ring"}, "geometry": {"type": "LineString", "coordinates": [[37.597956, 55.757494], [37.598016, 55.757395], [37.598044, 55.757355], [37.598177, 55.757193]]}}, {"type": "Feature", "properties": {"name": "Бульварное кольцо", "kind": "ring"}, "geometry": {"type": "LineString", "coordinates": [[37.598177, 55.757193], [37.598554, 55.756734], [37.598743, 55.756501], [37.599097, 55.756066], [37.599161, 55.755989], [37.599533, 55.755533]]}}, {"type": "Feature", "properties": {"name": "Бульварное кольцо", "kind": "ring"}, "geometry": {"type": "LineString", "coordinates": [[37.599533, 55.755533], [37.599789, 55.755294], [37.600308, 55.754856], [37.600369, 55.754789], [37.600414, 55.754733], [37.600461, 55.754664], [37.60052, 55.754534]]}}, {"type": "Feature", "properties": {"name": "Бульварное кольцо", "kind": "ring"}, "geometry": {"type": "LineString", "coordinates": [[37.60052, 55.754534], [37.600567, 55.754373], [37.600594, 55.754194], [37.600631, 55.75381], [37.600635, 55.753647], [37.600658, 55.753206]]}}, {"type": "Feature", "properties": {"name": "Бульварное кольцо", "kind": "ring"}, "geometry": {"type": "LineString", "coordinates": [[37.600658, 55.753206], [37.600674, 55.752679]]}}, {"type": "Feature", "properties": {"name": "Бульварное кольцо", "kind": "ring"}, "geometry": {"type": "LineString", "coordinates": [[37.600674, 55.752679], [37.600662, 55.752261], [37.60064, 55.751987], [37.600634, 55.751909], [37.600602, 55.751588], [37.600595, 55.751562]]}}, {"type": "Feature", "properties": {"name": "Бульварное кольцо", "kind": "ring"}, "geometry": {"type": "LineString", "coordinates": [[37.600595, 55.751562], [37.600524, 55.751356], [37.60047, 55.751273], [37.600428, 55.751207]]}}, {"type": "Feature", "properties": {"name": "Бульварное кольцо", "kind": "ring"}, "geometry": {"type": "LineString", "coordinates": [[37.600428, 55.751207], [37.600307, 55.751109], [37.600218, 55.751012]]}}, {"type": "Feature", "properties": {"name": "Бульварное кольцо", "kind": "ring"}, "geometry": {"type": "LineString", "coordinates": [[37.600218, 55.751012], [37.600204, 55.75099]]}}, {"type": "Feature", "properties": {"name": "Бульварное кольцо", "kind": "ring"}, "geometry": {"type": "LineString", "coordinates": [[37.600204, 55.75099], [37.60019, 55.750947], [37.600082, 55.750488]]}}, {"type": "Feature", "properties": {"name": "Бульварное кольцо", "kind": "ring"}, "geometry": {"type": "LineString", "coordinates": [[37.600082, 55.750488], [37.600042, 55.750318], [37.599998, 55.750127], [37.599946, 55.749903], [37.599785, 55.749209], [37.599752, 55.74906], [37.599737, 55.748983], [37.599719, 55.748892]]}}, {"type": "Feature", "properties": {"name": "Бульварное кольцо", "kind": "ring"}, "geometry": {"type": "LineString", "coordinates": [[37.599719, 55.748892], [37.599633, 55.748518], [37.59952, 55.747987], [37.599485, 55.747796], [37.599443, 55.747561], [37.59934, 55.747071]]}}, {"type": "Feature", "properties": {"name": "Бульварное кольцо", "kind": "ring"}, "geometry": {"type": "LineString", "coordinates": [[37.59934, 55.747071], [37.599326, 55.747007], [37.599271, 55.746682], [37.599278, 55.746615], [37.599302, 55.746554], [37.599335, 55.746498], [37.599515, 55.74622], [37.599598, 55.746092], [37.599779, 55.745813], [37.599815, 55.745758], [37.599962, 55.745531], [37.600003, 55.745476], [37.600045, 55.745433], [37.600069, 55.745412], [37.600093, 55.745392], [37.600163, 55.745343], [37.600236, 55.745303], [37.600522, 55.745161]]}}, {"type": "Feature", "properties": {"name": "Бульварное кольцо", "kind": "ring"}, "geometry": {"type": "LineString", "coordinates": [[37.600522, 55.745161], [37.600651, 55.745095], [37.60093, 55.744954], [37.601083, 55.744883], [37.601301, 55.744768]]}}, {"type": "Feature", "properties": {"name": "Бульварное кольцо", "kind": "ring"}, "geometry": {"type": "LineString", "coordinates": [[37.601301, 55.744768], [37.601397, 55.744719], [37.601433, 55.744703], [37.601637, 55.744617]]}}, {"type": "Feature", "properties": {"name": "Бульварное кольцо", "kind": "ring"}, "geometry": {"type": "LineString", "coordinates": [[37.601637, 55.744617], [37.601866, 55.74452], [37.601999, 55.744458], [37.602041, 55.744437], [37.602189, 55.744357]]}}, {"type": "Feature", "properties": {"name": "Бульварное кольцо", "kind": "ring"}, "geometry": {"type": "LineString", "coordinates": [[37.602189, 55.744357], [37.602346, 55.744283], [37.602401, 55.744256], [37.602429, 55.744243], [37.602942, 55.744049]]}}, {"type": "Feature", "properties": {"name": "Бульварное кольцо", "kind": "ring"}, "geometry": {"type": "LineString", "coordinates": [[37.602942, 55.744049], [37.603214, 55.743946]]}}, {"type": "Feature", "properties": {"name": "Бульварное кольцо", "kind": "ring"}, "geometry": {"type": "LineString", "coordinates": [[37.603214, 55.743946], [37.603409, 55.743918], [37.603456, 55.743916], [37.603511, 55.74392], [37.603545, 55.743935], [37.603573, 55.743957], [37.603584, 55.743982], [37.603586, 55.744005], [37.603574, 55.744036], [37.603447, 55.744173]]}}, {"type": "Feature", "properties": {"name": "Бульварное кольцо", "kind": "ring"}, "geometry": {"type": "LineString", "coordinates": [[37.603447, 55.744173], [37.603249, 55.744296], [37.603141, 55.744365]]}}, {"type": "Feature", "properties": {"name": "Бульварное кольцо", "kind": "ring"}, "geometry": {"type": "LineString", "coordinates": [[37.603141, 55.744365], [37.60285, 55.744576], [37.602808, 55.744606], [37.602755, 55.744644]]}}, {"type": "Feature", "properties": {"name": "Бульварное кольцо", "kind": "ring"}, "geometry": {"type": "LineString", "coordinates": [[37.602755, 55.744644], [37.602666, 55.744708]]}}, {"type": "Feature", "properties": {"name": "Бульварное кольцо", "kind": "ring"}, "geometry": {"type": "LineString", "coordinates": [[37.602666, 55.744708], [37.602552, 55.74479]]}}, {"type": "Feature", "properties": {"name": "Бульварное кольцо", "kind": "ring"}, "geometry": {"type": "LineString", "coordinates": [[37.602552, 55.74479], [37.602407, 55.744886], [37.602372, 55.744908], [37.602291, 55.744959], [37.602063, 55.745071], [37.602057, 55.745072], [37.602026, 55.745086], [37.601973, 55.74511], [37.601489, 55.745318], [37.601293, 55.745403], [37.600804, 55.745604], [37.60069, 55.745662], [37.600651, 55.745693], [37.600617, 55.745727], [37.600554, 55.745813], [37.600439, 55.745998], [37.600282, 55.746231], [37.60003, 55.746606], [37.600004, 55.746657], [37.599989, 55.746702], [37.599982, 55.74676], [37.599986, 55.74681], [37.600037, 55.747057], [37.600095, 55.747274], [37.60014, 55.747486], [37.600315, 55.748312], [37.600343, 55.748452], [37.600429, 55.74884], [37.600448, 55.748937], [37.600493, 55.749167], [37.600739, 55.750439]]}}, {"type": "Feature", "properties": {"name": "Бульварное кольцо", "kind": "ring"}, "geometry": {"type": "LineString", "coordinates": [[37.600739, 55.750439], [37.60082, 55.750838], [37.600835, 55.750925], [37.600837, 55.75095], [37.600834, 55.751014]]}}, {"type": "Feature", "properties": {"name": "Бульварное кольцо", "kind": "ring"}, "geometry": {"type": "LineString", "coordinates": [[37.600834, 55.751014], [37.600828, 55.751091]]}}, {"type": "Feature", "properties": {"name": "Бульварное кольцо", "kind": "ring"}, "geometry": {"type": "LineString", "coordinates": [[37.600828, 55.751091], [37.600814, 55.751152], [37.600783, 55.751277], [37.600767, 55.751393]]}}, {"type": "Feature", "properties": {"name": "Бульварное кольцо", "kind": "ring"}, "geometry": {"type": "LineString", "coordinates": [[37.600767, 55.751393], [37.600758, 55.751557], [37.600788, 55.751919], [37.600824, 55.752252], [37.600832, 55.752679]]}}, {"type": "Feature", "properties": {"name": "Бульварное кольцо", "kind": "ring"}, "geometry": {"type": "LineString", "coordinates": [[37.600832, 55.752679], [37.600827, 55.753207]]}}, {"type": "Feature", "properties": {"name": "Бульварное кольцо", "kind": "ring"}, "geometry": {"type": "LineString", "coordinates": [[37.600827, 55.753207], [37.600784, 55.753818], [37.600759, 55.754157], [37.600705, 55.754525]]}}, {"type": "Feature", "properties": {"name": "Бульварное кольцо", "kind": "ring"}, "geometry": {"type": "LineString", "coordinates": [[37.600705, 55.754525], [37.600681, 55.754604], [37.600657, 55.754728], [37.600636, 55.754895], [37.600591, 55.75503], [37.600527, 55.755183]]}}, {"type": "Feature", "properties": {"name": "Бульварное кольцо", "kind": "ring"}, "geometry": {"type": "LineString", "coordinates": [[37.600527, 55.755183], [37.60045, 55.755291], [37.599914, 55.755966], [37.599894, 55.755989], [37.599723, 55.756196], [37.599604, 55.756342], [37.599528, 55.756432], [37.598868, 55.757201], [37.598768, 55.757327], [37.598734, 55.757385], [37.598727, 55.757407], [37.598726, 55.75744], [37.598729, 55.757486], [37.598739, 55.757531]]}}, {"type": "Feature", "properties": {"name": "Бульварное кольцо", "kind": "ring"}, "geometry": {"type": "LineString", "coordinates": [[37.598739, 55.757531], [37.598767, 55.757631], [37.598797, 55.757675]]}}, {"type": "Feature", "properties": {"name": "Бульварное кольцо", "kind": "ring"}, "geometry": {"type": "LineString", "coordinates": [[37.598797, 55.757675], [37.599263, 55.75815], [37.59965, 55.758544]]}}, {"type": "Feature", "properties": {"name": "Бульварное кольцо", "kind": "ring"}, "geometry": {"type": "LineString", "coordinates": [[37.59965, 55.758544], [37.599788, 55.758684], [37.600082, 55.758992]]}}, {"type": "Feature", "properties": {"name": "Бульварное кольцо", "kind": "ring"}, "geometry": {"type": "LineString", "coordinates": [[37.600082, 55.758992], [37.600222, 55.759135], [37.600851, 55.759769], [37.601117, 55.760033], [37.601324, 55.760241], [37.601899, 55.760828], [37.602135, 55.76107], [37.602519, 55.761463]]}}, {"type": "Feature", "properties": {"name": "Бульварное кольцо", "kind": "ring"}, "geometry": {"type": "LineString", "coordinates": [[37.602519, 55.761463], [37.602649, 55.761593], [37.602976, 55.761918], [37.603389, 55.762339]]}}, {"type": "Feature", "properties": {"name": "Бульварное кольцо", "kind": "ring"}, "geometry": {"type": "LineString", "coordinates": [[37.603389, 55.762339], [37.603579, 55.762532], [37.603693, 55.762649]]}}, {"type": "Feature", "properties": {"name": "Бульварное кольцо", "kind": "ring"}, "geometry": {"type": "LineString", "coordinates": [[37.603693, 55.762649], [37.604219, 55.763185]]}}, {"type": "Feature", "properties": {"name": "Бульварное кольцо", "kind": "ring"}, "geometry": {"type": "LineString", "coordinates": [[37.604219, 55.763185], [37.604933, 55.763915]]}}, {"type": "Feature", "properties": {"name": "Бульварное кольцо", "kind": "ring"}, "geometry": {"type": "LineString", "coordinates": [[37.604933, 55.763915], [37.604991, 55.763975], [37.605426, 55.764429], [37.605567, 55.764571]]}}, {"type": "Feature", "properties": {"name": "Бульварное кольцо", "kind": "ring"}, "geometry": {"type": "LineString", "coordinates": [[37.605567, 55.764571], [37.605684, 55.764682]]}}, {"type": "Feature", "properties": {"name": "Бульварное кольцо", "kind": "ring"}, "geometry": {"type": "LineString", "coordinates": [[37.605684, 55.764682], [37.605754, 55.764739], [37.605809, 55.76478], [37.605825, 55.764792], [37.605908, 55.764837], [37.606004, 55.764886], [37.606237, 55.764991], [37.606636, 55.765163]]}}, {"type": "Feature", "properties": {"name": "Бульварное кольцо", "kind": "ring"}, "geometry": {"type": "LineString", "coordinates": [[37.606636, 55.765163], [37.607127, 55.765375], [37.607424, 55.765503], [37.607643, 55.765597]]}}, {"type": "Feature", "properties": {"name": "Бульварное кольцо", "kind": "ring"}, "geometry": {"type": "LineString", "coordinates": [[37.607643, 55.765597], [37.607696, 55.765619], [37.608269, 55.765865]]}}, {"type": "Feature", "properties": {"name": "Бульварное кольцо", "kind": "ring"}, "geometry": {"type": "LineString", "coordinates": [[37.608269, 55.765865], [37.608516, 55.765971], [37.608614, 55.766012]]}}, {"type": "Feature", "properties": {"name": "Бульварное кольцо", "kind": "ring"}, "geometry": {"type": "LineString", "coordinates": [[37.608614, 55.766012], [37.609246, 55.766277], [37.609388, 55.766331], [37.609523, 55.766373]]}}, {"type": "Feature", "properties": {"name": "Бульварное кольцо", "kind": "ring"}, "geometry": {"type": "LineString", "coordinates": [[37.609523, 55.766373], [37.609765, 55.766441], [37.609901, 55.766484], [37.609966, 55.766509], [37.610483, 55.766727], [37.611028, 55.766956]]}}, {"type": "Feature", "properties": {"name": "Бульварное кольцо", "kind": "ring"}, "geometry": {"type": "LineString", "coordinates": [[37.611028, 55.766956], [37.611277, 55.767061], [37.61198, 55.767358]]}}, {"type": "Feature", "properties": {"name": "Бульварное кольцо", "kind": "ring"}, "geometry": {"type": "LineString", "coordinates": [[37.61198, 55.767358], [37.612408, 55.767536]]}}, {"type": "Feature", "properties": {"name": "Бульварное кольцо", "kind": "ring"}, "geometry": {"type": "LineString", "coordinates": [[37.612408, 55.767536], [37.612789, 55.7677], [37.613076, 55.767823], [37.613344, 55.767938], [37.613439, 55.767973], [37.613493, 55.767985], [37.613606, 55.768004]]}}, {"type": "Feature", "properties": {"name": "Бульварное кольцо", "kind": "ring"}, "geometry": {"type": "LineString", "coordinates": [[37.613606, 55.768004], [37.613712, 55.768017], [37.613798, 55.768022], [37.613898, 55.768024], [37.61398, 55.768021], [37.614752, 55.767961], [37.61494, 55.767945], [37.615521, 55.767891], [37.615735, 55.767868], [37.61596, 55.76784], [37.616176, 55.767808], [37.616594, 55.767746]]}}, {"type": "Feature", "properties": {"name": "Бульварное кольцо", "kind": "ring"}, "geometry": {"type": "LineString", "coordinates": [[37.616594, 55.767746], [37.61672, 55.767725], [37.617246, 55.76765], [37.617611, 55.767596], [37.618082, 55.767527], [37.618155, 55.767516], [37.618443, 55.767472], [37.61882, 55.767414]]}}, {"type": "Feature", "properties": {"name": "Бульварное кольцо", "kind": "ring"}, "geometry": {"type": "LineString", "coordinates": [[37.61882, 55.767414], [37.619431, 55.767319]]}}, {"type": "Feature", "properties": {"name": "Бульварное кольцо", "kind": "ring"}, "geometry": {"type": "LineString", "coordinates": [[37.619431, 55.767319], [37.619457, 55.767314], [37.619689, 55.767277], [37.620008, 55.767227], [37.620859, 55.767091], [37.620925, 55.767081], [37.621044, 55.767062], [37.621321, 55.767017]]}}, {"type": "Feature", "properties": {"name": "Бульварное кольцо", "kind": "ring"}, "geometry": {"type": "LineString", "coordinates": [[37.621321, 55.767017], [37.62171, 55.766949], [37.62182, 55.766929]]}}, {"type": "Feature", "properties": {"name": "Бульварное кольцо", "kind": "ring"}, "geometry": {"type": "LineString", "coordinates": [[37.62182, 55.766929], [37.621886, 55.766917], [37.621959, 55.766903], [37.6226, 55.76678], [37.622689, 55.766763], [37.623024, 55.7667]]}}, {"type": "Feature", "properties": {"name": "Бульварное кольцо", "kind": "ring"}, "geometry": {"type": "LineString", "coordinates": [[37.623024, 55.7667], [37.623486, 55.766614]]}}, {"type": "Feature", "properties": {"name": "Бульварное кольцо", "kind": "ring"}, "geometry": {"type": "LineString", "coordinates": [[37.623486, 55.766614], [37.623776, 55.76657]]}}, {"type": "Feature", "properties": {"name": "Бульварное кольцо", "kind": "ring"}, "geometry": {"type": "LineString", "coordinates": [[37.623776, 55.76657], [37.62394, 55.76655], [37.624102, 55.766537], [37.624847, 55.766492], [37.625127, 55.766476]]}}, {"type": "Feature", "properties": {"name": "Бульварное кольцо", "kind": "ring"}, "geometry": {"type": "LineString", "coordinates": [[37.625127, 55.766476], [37.62669, 55.766381], [37.626809, 55.766376]]}}, {"type": "Feature", "properties": {"name": "Бульварное кольцо", "kind": "ring"}, "geometry": {"type": "LineString", "coordinates": [[37.626809, 55.766376], [37.627023, 55.76637], [37.627615, 55.766374], [37.627914, 55.766378], [37.628415, 55.766384], [37.628459, 55.766385], [37.629455, 55.76639]]}}, {"type": "Feature", "properties": {"name": "Бульварное кольцо", "kind": "ring"}, "geometry": {"type": "LineString", "coordinates": [[37.629455, 55.76639], [37.62956, 55.76639], [37.630097, 55.766391]]}}, {"type": "Feature", "properties": {"name": "Бульварное кольцо", "kind": "ring"}, "geometry": {"type": "LineString", "coordinates": [[37.630097, 55.766391], [37.630184, 55.766392], [37.630746, 55.766391], [37.63113, 55.766391], [37.631236, 55.766388], [37.631349, 55.766379]]}}, {"type": "Feature", "properties": {"name": "Бульварное кольцо", "kind": "ring"}, "geometry": {"type": "LineString", "coordinates": [[37.631349, 55.766379], [37.631546, 55.766365], [37.631844, 55.766349], [37.632367, 55.766323], [37.63256, 55.766313], [37.632984, 55.766298], [37.633535, 55.766279], [37.633698, 55.766268], [37.633793, 55.766257], [37.633912, 55.766243], [37.634437, 55.766183], [37.634555, 55.766165], [37.634844, 55.766124], [37.635082, 55.766091], [37.635295, 55.766041], [37.635564, 55.76595], [37.63587, 55.765837], [37.63618, 55.765732]]}}, {"type": "Feature", "properties": {"name": "Бульварное кольцо", "kind": "ring"}, "geometry": {"type": "LineString", "coordinates": [[37.63618, 55.765732], [37.636373, 55.765649], [37.636684, 55.765517]]}}, {"type": "Feature", "properties": {"name": "Бульварное кольцо", "kind": "ring"}, "geometry": {"type": "LineString", "coordinates": [[37.636684, 55.765517], [37.636947, 55.765391]]}}, {"type": "Feature", "properties": {"name": "Бульварное кольцо", "kind": "ring"}, "geometry": {"type": "LineString", "coordinates": [[37.636947, 55.765391], [37.637031, 55.765342], [37.637101, 55.765299], [37.637334, 55.765153]]}}, {"type": "Feature", "properties": {"name": "Бульварное кольцо", "kind": "ring"}, "geometry": {"type": "LineString", "coordinates": [[37.637334, 55.765153], [37.637552, 55.765035], [37.638026, 55.76478], [37.638484, 55.764545], [37.638862, 55.764354]]}}, {"type": "Feature", "properties": {"name": "Бульварное кольцо", "kind": "ring"}, "geometry": {"type": "LineString", "coordinates": [[37.638862, 55.764354], [37.639357, 55.7641], [37.639436, 55.76406], [37.640414, 55.763559]]}}, {"type": "Feature", "properties": {"name": "Бульварное кольцо", "kind": "ring"}, "geometry": {"type": "LineString", "coordinates": [[37.640414, 55.763559], [37.640737, 55.763381], [37.640953, 55.763236]]}}, {"type": "Feature", "properties": {"name": "Бульварное кольцо", "kind": "ring"}, "geometry": {"type": "LineString", "coordinates": [[37.640953, 55.763236], [37.64123, 55.763086], [37.641412, 55.762987]]}}, {"type": "Feature", "properties": {"name": "Бульварное кольцо", "kind": "ring"}, "geometry": {"type": "LineString", "coordinates": [[37.641412, 55.762987], [37.641583, 55.762903], [37.641803, 55.762773], [37.642152, 55.762539], [37.642487, 55.762305], [37.643197, 55.761793], [37.643232, 55.76176], [37.643265, 55.761728], [37.644034, 55.760801], [37.644198, 55.760599], [37.644403, 55.760358], [37.64449, 55.760256], [37.644651, 55.760061]]}}, {"type": "Feature", "properties": {"name": "Бульварное кольцо", "kind": "ring"}, "geometry": {"type": "LineString", "coordinates": [[37.644651, 55.760061], [37.644765, 55.759905], [37.644787, 55.75987]]}}, {"type": "Feature", "properties": {"name": "Бульварное кольцо", "kind": "ring"}, "geometry": {"type": "LineString", "coordinates": [[37.644787, 55.75987], [37.644851, 55.759777], [37.645198, 55.759356], [37.645228, 55.759326], [37.645265, 55.759301], [37.645308, 55.759276]]}}, {"type": "Feature", "properties": {"name": "Бульварное кольцо", "kind": "ring"}, "geometry": {"type": "LineString", "coordinates": [[37.645308, 55.759276], [37.645351, 55.759248], [37.645381, 55.759222], [37.645385, 55.759218], [37.645594, 55.75889], [37.64561, 55.758865], [37.645844, 55.758522], [37.645861, 55.758496], [37.645995, 55.758286]]}}, {"type": "Feature", "properties": {"name": "Бульварное кольцо", "kind": "ring"}, "geometry": {"type": "LineString", "coordinates": [[37.645995, 55.758286], [37.646036, 55.758221], [37.646071, 55.758166], [37.646205, 55.757985], [37.646314, 55.757857]]}}, {"type": "Feature", "properties": {"name": "Бульварное кольцо", "kind": "ring"}, "geometry": {"type": "LineString", "coordinates": [[37.646314, 55.757857], [37.646396, 55.757778], [37.646811, 55.75737], [37.64683, 55.757354], [37.647338, 55.756839]]}}, {"type": "Feature", "properties": {"name": "Бульварное кольцо", "kind": "ring"}, "geometry": {"type": "LineString", "coordinates": [[37.647338, 55.756839], [37.647448, 55.756709], [37.647573, 55.756558], [37.64763, 55.756469], [37.647941, 55.756061], [37.647987, 55.756003], [37.64804, 55.755938], [37.648063, 55.755908], [37.648127, 55.755823], [37.648165, 55.755757], [37.648182, 55.755707], [37.648191, 55.755628], [37.648179, 55.755561], [37.648153, 55.755466], [37.648067, 55.755215], [37.648046, 55.755173], [37.647892, 55.754786], [37.647769, 55.754514], [37.647682, 55.754349], [37.647662, 55.754311], [37.647376, 55.753824]]}}, {"type": "Feature", "properties": {"name": "Бульварное кольцо", "kind": "ring"}, "geometry": {"type": "LineString", "coordinates": [[37.647376, 55.753824], [37.647273, 55.753673], [37.647164, 55.75356], [37.646943, 55.753228], [37.646892, 55.753129], [37.646811, 55.752986]]}}, {"type": "Feature", "properties": {"name": "Бульварное кольцо", "kind": "ring"}, "geometry": {"type": "LineString", "coordinates": [[37.646811, 55.752986], [37.646751, 55.752893], [37.646569, 55.752641], [37.646229, 55.752193], [37.645705, 55.751476], [37.645662, 55.751423], [37.64562, 55.751384], [37.645547, 55.751335], [37.64515, 55.751138], [37.645021, 55.751085], [37.644945, 55.75106], [37.644871, 55.751042], [37.644724, 55.75101], [37.644557, 55.750978], [37.644182, 55.75092], [37.644047, 55.750894], [37.643282, 55.750743], [37.64294, 55.750675], [37.642865, 55.750654]]}}, {"type": "Feature", "properties": {"name": "Бульварное кольцо", "kind": "ring"}, "geometry": {"type": "LineString", "coordinates": [[37.642865, 55.750654], [37.642812, 55.750639], [37.642784, 55.750631], [37.642668, 55.750594], [37.642497, 55.750531]]}}, {"type": "Feature", "properties": {"name": "Бульварное кольцо", "kind": "ring"}, "geometry": {"type": "LineString", "coordinates": [[37.642497, 55.750531], [37.642418, 55.750498], [37.642252, 55.75041], [37.642139, 55.750327], [37.641813, 55.749998]]}}, {"type": "Feature", "properties": {"name": "Бульварное кольцо", "kind": "ring"}, "geometry": {"type": "LineString", "coordinates": [[37.641813, 55.749998], [37.641788, 55.749974], [37.641547, 55.749688], [37.641423, 55.749546]]}}, {"type": "Feature", "properties": {"name": "Бульварное кольцо", "kind": "ring"}, "geometry": {"type": "LineString", "coordinates": [[37.641423, 55.749546], [37.641351, 55.74944], [37.641299, 55.74936]]}}, {"type": "Feature", "properties": {"name": "Бульварное кольцо", "kind": "ring"}, "geometry": {"type": "LineString", "coordinates": [[37.641299, 55.74936], [37.641216, 55.749223], [37.641129, 55.749075], [37.641088, 55.749014], [37.64103, 55.748948], [37.640966, 55.748889], [37.640836, 55.748786]]}}, {"type": "Feature", "properties": {"name": "Бульварное кольцо", "kind": "ring"}, "geometry": {"type": "LineString", "coordinates": [[37.640836, 55.748786], [37.639698, 55.747984]]}}]}