osm_type,osm_id,amenity,name,brand,cuisine,lat,lon
node,253509255,restaurant,Vasilchuki Chaihona №1,,uzbek,55.7241782,37.6629702
node,253509287,bar,Спорт-бар Торнадо,,,55.7233921,37.6644744
node,253509334,restaurant,Тануки,,sushi,55.721646,37.664423
node,255742571,cafe,Чайхана Ош,,,55.7052212,37.6888836
node,255742645,bar,Salden's Taphouse,,,55.7656137,37.6388948
node,277085827,cafe,Шоколадница,Шоколадница,coffee_shop,55.789623,37.6786602
node,302501273,cafe,Com,,vietnamese,55.7682803,37.6446178
node,379767816,restaurant,ТрактирЪ Лефортово,,,55.7564826,37.715506
node,447638998,restaurant,Тануки,Тануки,japanese,55.7285166,37.6791548
node,447645709,cafe,Шоколадница,Шоколадница,coffee_shop,55.760415,37.6144665
node,453233907,restaurant,Вареничная №1,,russian,55.7322108,37.6651231
node,460418837,fast_food,Столовая ЦИАМ,,,55.758991,37.7098992
node,463257309,cafe,Грабли,,russian,55.7413227,37.6287265
node,463257310,fast_food,Вкусно — и точка,Вкусно — и точка,burger,55.7409715,37.6254376
node,469372549,cafe,True Burgers,,burger,55.7464981,37.5609638
node,478801671,fast_food,Вкусно — и точка,Вкусно — и точка,burger,55.7459087,37.566261
node,510113927,cafe,Шоколадница,Шоколадница,coffee_shop,55.757364,37.6316441
node,510125157,fast_food,Вкусно — и точка,,burger,55.7715816,37.6814166
node,524512018,restaurant,IL Патио,IL Патио,italian,55.7573675,37.6584838
node,524512020,fast_food,Крошка Картошка,Крошка Картошка,potato,55.7565416,37.6592025
node,524512021,fast_food,Rostic's,Rostic's,chicken,55.758067,37.6589801
node,524512022,restaurant,Fridays,,american,55.7574938,37.6584594
node,524512024,fast_food,Теремок,Теремок,crepe;russian,55.7572886,37.6586466
node,524512031,cafe,Кофе Хауз,Кофе Хауз,coffee_shop,55.7576428,37.6586654
node,524699948,restaurant,IL Патио,IL Патио,italian,55.710112,37.6235895
node,524699951,restaurant,Дом оранжевой коровы,,,55.712109,37.6294432
node,524699955,restaurant,Этаж,,,55.707908,37.6222354
node,529550637,fast_food,Вкусно — и точка,Вкусно — и точка,burger,55.7589521,37.6107581
node,560539614,restaurant,Гудман,,steak_house,55.7304479,37.6342593
node,560539617,cafe,Шоколадница,Шоколадница,coffee_shop,55.7305169,37.6352842
node,566124580,fast_food,Папа Джонс,Папа Джонс,pizza,55.8134172,37.6505283
node,571468840,restaurant,Блюз,,,55.7235679,37.5678062
node,572196515,cafe,Му-Му,,russian,55.7897921,37.6809206
node,588069756,fast_food,,,coffee_shop,55.7288453,37.6224264
node,595386996,restaurant,Тануки,Тануки,japanese,55.734817,37.6279233
node,595517187,restaurant,Колбасофф,,german;international,55.7399858,37.6638747
node,610282694,cafe,Кафетериус,,,55.757282,37.5949512
node,613390045,restaurant,Корчма,,ukrainian,55.7755093,37.6845199
node,614515214,fast_food,Теремок,Теремок,crepe;russian,55.7442858,37.5656531
node,614945569,restaurant,El Idilio,,spanish,55.7676363,37.5980868
node,617530826,fast_food,Rostic's,Rostic's,chicken,55.8061817,37.5814157
node,618011036,cafe,Финист,,,55.7964009,37.5835847
node,618641287,bar,Чисто ростовский бар,,,55.7878731,37.6773599
node,619163926,restaurant,Восточная комната,,,55.7477921,37.5806167
node,620581631,restaurant,Восточный сад,,,55.7841027,37.6897494
node,620581662,restaurant,Тбилиси,,,55.784945,37.6791842
node,620791198,restaurant,Яръ,,,55.7847798,37.5691669
node,623350670,restaurant,Турандот,,,55.7630488,37.6042918
node,623350694,cafe,Пушкинъ,,cake,55.7634115,37.6046705
node,623531082,restaurant,Шинок,,ukrainian,55.754985,37.5603383
node,626862155,cafe,Папа Джонс,Папа Джонс,pizza,55.7212034,37.6235815
node,631020228,restaurant,Сирена,,fish,55.7748487,37.6396962
node,634995220,pub,Золотая вобла,,,55.792746,37.5925363
node,639972876,bar,2007,,,55.7724715,37.6813219
node,665546035,cafe,Шоколадница,Шоколадница,coffee_shop,55.7351492,37.5178934
node,677322340,restaurant,Пилзнер,,czech,55.7593349,37.6448731
node,677322342,bar,Милк,,,55.7585918,37.6462573
node,680195236,fast_food,Му-Му,Му-Му,regional,55.7714124,37.6790174
node,702805253,restaurant,Кампус,,lebanese,55.7395493,37.5847845
node,708685616,cafe,Шоколадница,Шоколадница,coffee_shop,55.7612185,37.5793193
node,721266204,fast_food,Уют,,,55.7234875,37.655106
node,726790168,bar,& Action,,,55.7234753,37.6520257
node,738420230,fast_food,Rostic's,Rostic's,chicken,55.7954396,37.592592
node,745271757,cafe,Loave,,,55.7415788,37.6283784
node,745271763,pub,Молли Гвинн'з,,,55.7411808,37.628376
node,748943393,fast_food,Вкусно — и точка,Вкусно — и точка,burger,55.7576901,37.6342989
node,772798082,cafe,Твое кафе,,,55.7590525,37.7084841
node,775957763,restaurant,Магнат,,,55.7504464,37.7093126
node,778886785,restaurant,Па-паэлья,,spanish,55.7621415,37.6350472
node,784233979,fast_food,Вкусно — и точка,Вкусно — и точка,burger,55.7290986,37.6237445
node,795880515,restaurant,Ткемали,,georgian,55.7540938,37.6411609
node,795880842,restaurant,Экспедиция,,,55.7517467,37.6417507
node,813653264,restaurant,Корчма,,ukrainian,55.7742263,37.6174874
node,813653325,restaurant,Хинкальный дом Колхида,,georgian,55.7632361,37.5867469
node,813653387,cafe,Штолле,Штолле,pie,55.767666,37.5926032
node,813653471,cafe,Шоколадница,Шоколадница,coffee_shop,55.7673084,37.5933715
node,813653482,restaurant,Positano,,italian,55.770158,37.5984654
node,813653880,cafe,Айва,,uzbek,55.7629854,37.5880591
node,813653889,restaurant,Клешни и хвосты,,seafood,55.7703083,37.5988162
node,813972077,cafe,Даблби,Даблби,coffee_shop,55.7667104,37.6107617
node,813972115,restaurant,Чемодан,,,55.7486687,37.5994629
node,813972222,pub,Busby,,,55.7554704,37.6005392
node,813972248,restaurant,Ла Маре,,seafood,55.7678741,37.6139496
node,813972359,restaurant,Палаццо Дукале,,italian,55.7585264,37.5983282
node,813972443,restaurant,Жан-Жак,,french,55.7552843,37.6006938
node,813972449,restaurant,Венеция,,italian,55.7652183,37.6083324
node,813972467,restaurant,Русский паб,,,55.7590954,37.6004288
node,813972498,restaurant,Домжур,,,55.7540486,37.6014528
node,813972630,restaurant,Saviv,,jewish,55.7681694,37.6139141
node,813972637,restaurant,Padron,,spanish,55.7672164,37.6084775
node,815105230,restaurant,Babacha,,georgian,55.7716573,37.6379158
node,815405665,restaurant,Yoko,,,55.7433214,37.6044129
node,815405703,fast_food,Теремок,Теремок,crepe;russian,55.7449919,37.6006171
node,820839902,bar,Шум,,,55.7691751,37.6463962
node,820839905,cafe,Алтаргана,,buryat,55.7673462,37.6522939
node,830154263,pub,Золотая Вобла,,,55.7583303,37.6398007
node,831119630,restaurant,,,italian,55.7416266,37.6287239
node,890804694,fast_food,Вкусно — и точка,,burger,55.727632,37.5803116
node,891342260,fast_food,Романофф,,,55.7221456,37.6515947
node,891623923,fast_food,,,,55.7110211,37.6306352
node,902762817,fast_food,Вкусно — и точка,,burger,55.7772874,37.5208653
node,906872238,cafe,Надин,,,55.7589836,37.6173425
node,928627846,fast_food,Вкусно — и точка,Вкусно — и точка,burger,55.7474016,37.5843473
node,934548770,cafe,Шоколадница,Шоколадница,coffee_shop,55.7409749,37.5360004
node,936332005,restaurant,Чито-Ра,,georgian,55.7738391,37.6801526
node,938615712,restaurant,Verdi,,,55.7644803,37.6717407
node,939080251,cafe,El Caracol,,,55.7852,37.709086
node,939090119,cafe,Гурман,,,55.7420779,37.5588186
node,941301023,restaurant,Лига пап,,,55.7653264,37.6309256
node,941301026,restaurant,Паста и Баста,,italian,55.7662068,37.6320303
node,941304673,cafe,Кулинарная лавка братьев Караваевых,,,55.7658952,37.6322394
node,941311738,cafe,Кулинарная лавка братьев Караваевых,,,55.7591694,37.6453003
node,941316003,cafe,Кулинарная лавка братьев Караваевых,,,55.7626987,37.5892139
node,941766623,cafe,Му-Му,,russian,55.8081589,37.6384319
node,941766700,fast_food,Вкусно — и точка,,burger,55.8099676,37.6365805
node,941766766,cafe,Шоколадница,Шоколадница,coffee_shop,55.8085513,37.6363308
node,942430587,cafe,Floo,,coffee_shop,55.7687885,37.5893563
node,948397301,restaurant,Чайхана Павлин-Мавлин,,,55.7797049,37.6919837
node,951407576,pub,Ulysses,,,55.7476985,37.5882161
node,968170591,cafe,Архитектор,,,55.7699843,37.5937454
node,969003598,restaurant,Торро Гриль,,steak_house,55.7780816,37.5863577
node,971973679,restaurant,The Бык,The Бык,steak_house,55.7949208,37.6172443
node,971974515,fast_food,Суши Wok,Суши Wok,japanese,55.7932733,37.6204932
node,979290944,restaurant,Тануки,Тануки,japanese,55.8117483,37.6392763
node,979290976,cafe,Штолле,Штолле,pie,55.8111129,37.638425
node,979291014,pub,Бирхаус,,,55.8156723,37.6394595
node,984569773,cafe,Булка,,cake,55.7737934,37.5860675
node,985222614,fast_food,Теремок,Теремок,crepe;russian,55.7575201,37.6345789
node,1001464570,restaurant,Траттория Semplice,,italian,55.7639264,37.646019
node,1019713929,restaurant,Фрателлидзе,,,55.7425995,37.5495308
node,1067414772,cafe,Домашний,,,55.8009625,37.5865861
node,1073098432,food_court,Sokolniki,,,55.7885899,37.6790967
node,1073098454,fast_food,One Price Coffee,One Price Coffee,coffee_shop,55.7886985,37.6791581
node,1074714681,cafe,Фестивальное,,russian,55.7544221,37.6228179
node,1074714713,fast_food,Столовая №57,,,55.7542097,37.6233607
node,1078370928,fast_food,Му-Му,Му-Му,regional,55.7409433,37.6277777
node,1098001563,restaurant,Техникум,,,55.76079,37.6148405
node,1098460309,pub,Bobby Dazzler,,,55.7675891,37.6352736
node,1098868819,pub,Mollie's Pub,,,55.7625156,37.634405
node,1098870076,fast_food,Вкусно — и точка,,burger,55.7653489,37.6384549
node,1099915309,cafe,Багеттерия,,,55.7091356,37.6219655
node,1099915330,fast_food,Вкусно — и точка,Вкусно — и точка,burger,55.7093458,37.6223326
node,1099915345,cafe,Поль Бейкери,,,55.7093969,37.6223362
node,1099915369,cafe,Шоколадница,Шоколадница,coffee_shop,55.7079507,37.6222314
node,1099915381,cafe,Lux cafe,,,55.7080597,37.6218884
node,1099915398,ice_cream,Baskin-Robbins,Baskin-Robbins,ice_cream,55.7091282,37.6223071
node,1099915414,fast_food,Крошка Картошка,Крошка Картошка,potato,55.7092661,37.6223256
node,1099915429,cafe,кремлевский экспресс,,,55.7093922,37.6220148
node,1099915439,cafe,УДОНъяСАН,,,55.7093406,37.6220093
node,1099915448,cafe,Кофетун,,,55.707847,37.6222844
node,1099915456,cafe,Техас Чикен,,,55.7092401,37.6219747
node,1099915466,cafe,Ташир Пицца,,,55.7094982,37.6220254
node,1099915484,fast_food,Теремок,Теремок,crepe;russian,55.7091875,37.6219701
node,1099915502,cafe,Кебаб Тун,,,55.7094503,37.6220185
node,1099916013,cafe,Шарм,,,55.7079682,37.6219598
node,1099916047,restaurant,Этаж,,,55.7080597,37.6223109
node,1099916158,cafe,Венский Штрудель,,,55.7091655,37.6223129
node,1099916198,fast_food,Сбарро,,italian,55.7092926,37.6219805
node,1099916470,cafe,Кофе Хауз,Кофе Хауз,coffee_shop,55.709483,37.6223537
node,1099917079,cafe,Сушитун,,,55.7078489,37.6222176
node,1102094189,restaurant,Шейх Палас,,asian,55.7386974,37.5462158
node,1111717651,cafe,Пивбар 6/9,,,55.7611536,37.6240418
node,1113593209,restaurant,IL Патио,IL Патио,italian,55.770209,37.5961583
node,1140763743,restaurant,Джем,,,55.7579947,37.6763636
node,1140804624,cafe,French Kiss,,cake,55.735131,37.61281
node,1141775705,cafe,A'petit,,,55.7738478,37.5990744
node,1142038127,pub,Punch & Judy,,,55.7445693,37.6273469
node,1142038268,cafe,Буржуй,,russian,55.7748626,37.6718904
node,1145199296,bar,Дума,,,55.7567223,37.6106072
node,1146881784,restaurant,Кофемания,,coffee_shop,55.7565428,37.6049272
node,1161652566,restaurant,ВьетКафе,,vietnamese,55.7572486,37.6081032
node,1161887096,restaurant,Вареничная №1,,,55.7598931,37.6136876
node,1171837782,restaurant,Боэми,,serbian,55.7564703,37.5701285
node,1177195846,bar,Хмель & Солод,,,55.7975108,37.5689782
node,1179854811,restaurant,The Бык,The Бык,steak_house,55.7462434,37.7048567
node,1179865601,restaurant,Ёлки-Палки,,russian,55.7475182,37.706851
node,1179865603,fast_food,Stardogs,,sausage,55.7472356,37.7071618
node,1200737806,fast_food,Krunchy Dream,,donut,55.7802395,37.6335879
node,1203350284,fast_food,,,,55.7397492,37.6567534
node,1203350373,fast_food,Столовая,,,55.7376047,37.6602132
node,1203692206,cafe,Surf Coffee,Surf Coffee,coffee_shop,55.7246075,37.5624248
node,1206955384,cafe,Шоколадница,Шоколадница,coffee_shop,55.7305611,37.6116567
node,1207071261,cafe,Megapolis,,,55.7990827,37.6129023
node,1209017720,restaurant,Metekhi,,georgian,55.7727126,37.6498119
node,1223169308,fast_food,Subway,Subway,sandwich,55.7739479,37.6502347
node,1227263110,restaurant,Егерь,,,55.7091026,37.6584407
node,1227805086,restaurant,Марков двор,,,55.7089691,37.655433
node,1227805087,restaurant,Венахи,,regional,55.70866,37.6553916
node,1242276656,restaurant,Сунжа,,,55.7389838,37.6281094
node,1250611565,bar,Луч,,,55.7301402,37.5677771
node,1252468209,restaurant,Argomento,,italian,55.7382457,37.5319744
node,1262584582,restaurant,Цурцум,,international,55.7557397,37.6647312
node,1270982369,cafe,Шоколадница,Шоколадница,coffee_shop,55.77306,37.6786196
node,1271048819,fast_food,Теплица,,,55.7703645,37.6466894
node,1280293365,fast_food,Бургер Кинг,Бургер Кинг,burger,55.748888,37.5395108
node,1296119309,restaurant,Тифлисъ,,,55.7799595,37.7205032
node,1297230781,fast_food,Пышка,,,55.7841812,37.7114697
node,1303012312,cafe,Свой Круг,,,55.7260802,37.6470552
node,1305547762,fast_food,Бистро столовая №1,,russian;regional,55.7395304,37.6648093
node,1305562170,cafe,Ханой Фуд,,vietnamese,55.738663,37.6609498
node,1306492500,cafe,Чебуречная,,,55.7743568,37.5844455
node,1306865561,restaurant,Nene,,georgian,55.7734606,37.586626
node,1307039079,restaurant,Боцман,,fish_and_chips;german;regional,55.704798,37.6672361
node,1316750801,cafe,Хинкальная 53,,,55.7358898,37.5952501
node,1336359593,cafe,Старт,,pizza;italian_pizza;burger;regional,55.7218771,37.5426065
node,1341044293,restaurant,Сенполия,,,55.7302661,37.6185049
node,1344388213,cafe,Шоколадница,Шоколадница,coffee_shop,55.7822827,37.7089356
node,1346733548,restaurant,Старая Башня,,regional,55.756857,37.6205031
node,1352490952,pub,Белфаст,,,55.7452543,37.6307187
node,1359824707,restaurant,BrownBar,,,55.7224344,37.6969299
node,1361240716,restaurant,Рестик,,japanese;italian,55.7571284,37.6764001
node,1367484676,restaurant,Москва,,,55.7879181,37.6806897
node,1367901766,cafe,Лаферм,,,55.7395497,37.63042
node,1368667170,fast_food,Бургер Клаб,,burger,55.7768825,37.6589156
node,1373637573,restaurant,Georgiano,,georgian,55.7071385,37.5727401
node,1376660352,restaurant,Пилзнер,,czech,55.733492,37.64114
node,1376665385,restaurant,IL Патио,IL Патио,italian,55.7416742,37.6558648
node,1394761600,pub,Pub Daddy,,,55.7436282,37.6302444
node,1394776516,cafe,Алоха,,coffee_shop,55.7430993,37.6300845
node,1395258568,restaurant,АндерСон,,,55.7837252,37.6323174
node,1395364140,fast_food,Вкусно — и точка,,burger,55.7721265,37.6316271
node,1413216527,restaurant,Чайковский,,,55.7691444,37.5962435
node,1413216535,restaurant,Суп-кафе,,,55.7751123,37.5854938
node,1413216552,cafe,Волконский,,cake,55.7657175,37.5911035
node,1417517782,pub,Sally O'Brien's,,,55.7417745,37.6164281
node,1432972149,cafe,,,coffee_shop,55.8044744,37.6381093
node,1435519041,fast_food,Dodgy,,sandwich,55.771171,37.6370068
node,1435552729,cafe,Шоколадница,Шоколадница,coffee_shop,55.7517713,37.5988304
node,1436380440,restaurant,Генацвале,,georgian,55.7517973,37.5968266
node,1437398658,cafe,Шоколадница,Шоколадница,coffee_shop,55.7499909,37.5936839
node,1437425692,pub,Эрик Рыжий,,,55.7487028,37.5885176
node,1437425700,fast_food,Теремок,Теремок,crepe;russian,55.7489895,37.5894351
node,1445385149,restaurant,Ян Примус,,,55.7731682,37.6779798
node,1445387363,restaurant,Graff Lounge,,,55.7725214,37.637681
node,1448626615,restaurant,Хинкальная на Спасской,,georgian;european,55.773774,37.6395434
node,1452434586,restaurant,Капри,,,55.7693717,37.6415642
node,1453529927,cafe,Не только Хлеб,,,55.7780118,37.5873204
node,1455775678,cafe,Coffee Bean,,coffee_shop,55.7452044,37.6272489
node,1489490947,restaurant,Малиновка,,,55.7267261,37.5958305
node,1509624543,cafe,Хинкальная Сити,,georgian,55.8000834,37.5753712
node,1512519830,restaurant,Эль Гаучо,,steak_house,55.7327688,37.6393263
node,1520833185,restaurant,Торро Гриль,,steak_house,55.728652,37.6447741
node,1521698873,pub,Полная кружка,Полная кружка,,55.7423846,37.6522932
node,1524346366,fast_food,Fruit Bar,,,55.7096038,37.5639715
node,1524346367,fast_food,,,,55.7114625,37.5721308
node,1528147999,restaurant,Pro.Хинкали,,georgian,55.7711475,37.679335
node,1529361086,restaurant,Разгуляй,,,55.7722564,37.6730744
node,1531293883,restaurant,Итальянец,,italian,55.7776183,37.6176753
node,1532523969,restaurant,Тапчан,,asian,55.7461948,37.6706211
node,1533796513,bar,Сергеич,,,55.7695668,37.6495039
node,1535403661,restaurant,Черный жемчуг,,,55.7707278,37.6470917
node,1541223637,cafe,InCrosta,,pizza,55.801293,37.6365614
node,1541297936,restaurant,The рыба,,seafood,55.7910936,37.6801159
node,1542051324,restaurant,Moments,,,55.7334719,37.6388931
node,1561289132,fast_food,Дружба,,,55.7717332,37.6334682
node,1565401129,ice_cream,,,,55.8004563,37.5754438
node,1568894170,restaurant,Correa's,,international,55.7355599,37.6424276
node,1573000624,restaurant,Мтеби,,georgian,55.770975,37.6519951
node,1579853084,cafe,Balabowl,,,55.7009182,37.6218261
node,1601336060,ice_cream,Айсберри,,,55.7999491,37.5818091
node,1606486479,cafe,,,,55.7446648,37.6109085
node,1606487785,restaurant,Галилея,,,55.7451395,37.6115408
node,1625739248,restaurant,Бабель,,,55.7486895,37.5802949
node,1633914855,cafe,Prime,Prime,coffee_shop,55.6970753,37.6256623
node,1635109765,cafe,Удон-сан,,breakfast;pizza;arab;chicken;kebab,55.7805622,37.6080726
node,1650439197,fast_food,Subway,Subway,sandwich,55.7393026,37.5475459
node,1654355661,cafe,,,,55.7854655,37.7061251
node,1657131552,restaurant,Якитория,Якитория,japanese;international,55.7294046,37.6770884
node,1658441062,restaurant,Ив. Дурдинъ,,,55.7310928,37.6709447
node,1666149611,fast_food,Бургер Кинг,Бургер Кинг,burger,55.7958899,37.5849186
node,1666841208,pub,Джон Булл,,,55.7483155,37.5833995
node,1667502080,restaurant,Кабанчик,,georgian,55.7695567,37.5850202
node,1669233190,fast_food,Бургер Кинг,Бургер Кинг,burger,55.7099851,37.6571327
node,1672460120,restaurant,Корчма,,ukrainian,55.7411804,37.5854454
node,1673222263,cafe,Prime,Prime,coffee_shop,55.7718263,37.6489487
node,1674783442,cafe,,,,55.7804433,37.6383978
node,1678190156,cafe,Спектр,,,55.7226569,37.5618782
node,1680006755,fast_food,Столовая,,,55.7633693,37.6224411
node,1685948136,cafe,А. Ф. Кони,,mediterranean;russian,55.7697611,37.6553654
node,1685948322,restaurant,Кофемания,,coffee_shop,55.7592091,37.6461342
node,1688076697,restaurant,Арго VIP,,georgian,55.743683,37.577748
node,1691462320,fast_food,Столовая НИУ ВШЭ,,,55.754448,37.6491021
node,1696214669,bar,Легендар,,,55.7673796,37.6065902
node,1696220644,cafe,Грабли,,russian,55.7663808,37.6036411
node,1697882465,cafe,Фаворит,,,55.772544,37.6278224
node,1701548846,restaurant,Мимино,,georgian,55.784559,37.5966598
node,1704413776,cafe,Com 1989,,vietnamese,55.7427817,37.6007316
node,1705988222,restaurant,Forbest,,,55.7530071,37.6451867
node,1707897395,fast_food,Rostic's,Rostic's,chicken,55.7418022,37.6556865
node,1707897396,restaurant,Гусятникоff,,russian,55.7419942,37.6565244
node,1707897399,restaurant,Планета,,,55.7416265,37.6560953
node,1707897400,restaurant,Аруба,,,55.7396123,37.6518741
node,1707899360,fast_food,Му-Му,Му-Му,regional,55.7411915,37.6586706
node,1707899369,restaurant,Пронто,,italian,55.7412367,37.6584348
node,1708333104,restaurant,По Чесноку,,,55.7792707,37.6914567
node,1708349877,restaurant,Мацони,,georgian,55.78158,37.7133207
node,1715952443,cafe,Китайское барбекю 1314,,chinese,55.7120797,37.6261392
node,1717757429,fast_food,DOMИNO PIZZA,DOMИNO PIZZA,pizza,55.7937342,37.57661
node,1717793881,pub,Молли Гвинн'з,,,55.7288978,37.6175784
node,1718631723,restaurant,Тануки,Тануки,japanese,55.7225943,37.6109122
node,1719472333,restaurant,Мали-Београд,,serbian,55.771196,37.6026988
node,1722570870,fast_food,Бургер Кинг,Бургер Кинг,burger,55.7448724,37.5652192
node,1724246610,pub,Козловица,,,55.7670128,37.631683
node,1732706925,cafe,Му-Му,Му-Му,regional,55.7293121,37.6226498
node,1732706943,restaurant,Золберг,,,55.7276486,37.6215513
node,1734298230,cafe,Маяк,,,55.8126774,37.6272716
node,1738640256,restaurant,Андерсон,,,55.7615609,37.6831611
node,1738640258,cafe,Kalabasa,,cake,55.7625311,37.6797727
node,1756961154,pub,Union Jack,,,55.7653031,37.6216644
node,1762149534,restaurant,Cedro,,italian;italian_pizza,55.8014455,37.5762272
node,1768626669,bar,Loft Bar,,,55.7648283,37.6316133
node,1771155505,restaurant,Sanctuary,,,55.7295644,37.660591
node,1772493525,restaurant,Мадам Галифе,,,55.7773442,37.6335393
node,1778780475,restaurant,Пражка,,,55.7340213,37.6630425
node,1781913769,restaurant,Украина,,,55.751582,37.5660603
node,1786993192,fast_food,100ловая,,russian,55.8026544,37.6414699
node,1787789191,cafe,Лето,,,55.744112,37.5616329
node,1797014058,cafe,,,,55.7275758,37.6936064
node,1808057669,fast_food,Пышка,,,55.7810426,37.7130005
node,1814969473,cafe,Волконский,,cake,55.771521,37.6322476
node,1835557577,cafe,Триумф,,,55.7887007,37.592714
node,1839127546,restaurant,ПивТрест,,,55.768219,37.6444901
node,1849508562,cafe,Люм,,coffee_shop,55.7646732,37.6452878
node,1856682825,pub,Локо,,,55.7890011,37.6102076
node,1857066112,fast_food,Вкусно — и точка,Вкусно — и точка,burger,55.7579448,37.6239958
node,1858740590,restaurant,Таёжный,,regional,55.7534221,37.7103809
node,1866421304,restaurant,Chang,,thai,55.7620473,37.6352221
node,1866421306,cafe,Погребок,,,55.7617805,37.6341871
node,1883798481,pub,Лок Сток,,,55.7944316,37.705914
node,1884292996,cafe,Важная Персона,,,55.798376,37.5809784
node,1885859558,cafe,Столовая,,,55.7920128,37.7084491
node,1887557585,cafe,Кафе на Басманной,,,55.7689427,37.6687105
node,1890912011,fast_food,Пицца Соле Мио,,pizza,55.7569112,37.6590315
node,1890912015,restaurant,Этаж Прojект,,,55.7568653,37.6595705
node,1902195003,cafe,БлинБери,,crepe,55.7647342,37.6396849
node,1902477157,cafe,Stars Coffee,Stars Coffee,coffee_shop,55.7795288,37.6021306
node,1902477166,cafe,Stars Coffee,Stars Coffee,coffee_shop,55.773752,37.6037014
node,1902513245,cafe,Шоколадница,Шоколадница,coffee_shop,55.7795397,37.6667934
node,1909945450,cafe,Тбилисо,,georgian,55.7682737,37.6793515
node,1923678286,restaurant,Визирь Махалля & Граф Орлов,,uzbek,55.7095639,37.6052247
node,1925288731,fast_food,Subway,Subway,sandwich,55.7822749,37.5797868
node,1936864926,pub,Перелётный кабак,,,55.7702973,37.5963354
node,1942984435,restaurant,Essenza by Mauro Panebianco,,,55.7600048,37.6044426
node,1948912857,pub,Beerлога,,,55.8044814,37.6379325
node,1952538415,cafe,Шоколадница,Шоколадница,coffee_shop,55.7525371,37.6035518
node,1958509696,bar,Эльф,,,55.7829984,37.5694516
node,1958643767,cafe,Prime,Prime,coffee_shop,55.7286119,37.6450227
node,1963480883,cafe,Iskra,,,55.805648,37.5843231
node,1966876886,fast_food,Крошка Картошка,Крошка Картошка,potato,55.7730109,37.6331258
node,1987143711,cafe,Му-Му,,russian,55.7482253,37.5838337
node,1997933526,restaurant,Studio 46,,,55.7856396,37.5956668
node,1997933556,fast_food,Мосдонер,,kebab,55.785841,37.5954642
node,2003111659,restaurant,Пицца Аморэ,,pizza,55.70512,37.5766451
node,2030435661,cafe,Costa,Costa,coffee_shop,55.7452425,37.7061923
node,2038248031,fast_food,Суши Wok,Суши Wok,asian,55.7392525,37.5475999
node,2043946751,cafe,Кофе Порт,Кофепорт,coffee_shop,55.7964748,37.599163
node,2043946754,cafe,Prime,Prime,coffee_shop,55.7961005,37.6001505
node,2059534512,fast_food,Вкусно — и точка,Вкусно — и точка,burger,55.7187349,37.6765856
node,2059539127,bar,Glastonberry,,,55.7228772,37.6736245
node,2059696972,restaurant,Южный дворик,,,55.7113579,37.6810487
node,2064599133,fast_food,Папа Джонс,Папа Джонс,pizza,55.7754675,37.6839124
node,2066112684,cafe,Елисей-1,,,55.715402,37.6327473
node,2071843577,restaurant,Probka,,italian,55.7688739,37.622855
node,2081480710,cafe,Кулинарная лавка братьев Караваевых,,,55.7356765,37.5870084
node,2082166649,fast_food,Блинная,,,55.7665395,37.6846019
node,2084476715,bar,Клава,,,55.7641158,37.6174813
node,2084476718,restaurant,Copen 57,,,55.7643711,37.5961102
node,2092870513,cafe,Чинар,,,55.7939405,37.5790542
node,2100594548,restaurant,В Темноте?!,,,55.7847766,37.6141635
node,2100594554,restaurant,Ecle,,italian,55.7855232,37.6136365
node,2103192393,fast_food,Subway,Subway,sandwich,55.7993246,37.5857876
node,2109649557,fast_food,,,,55.7981106,37.643007
node,2121260246,cafe,Сандал,,,55.7668802,37.632799
node,2125599948,cafe,Coffee Bean,,coffee_shop,55.7787524,37.6005056
node,2133131290,fast_food,Теремок,Теремок,crepe;russian,55.7716232,37.6495463
node,2134693227,cafe,Шоколадница,Шоколадница,coffee_shop,55.7708113,37.6206762
node,2134694639,fast_food,Бургер Кинг,Бургер Кинг,burger,55.770379,37.6206946
node,2135437852,restaurant,Lavash,,armenian,55.7693126,37.6206491
node,2135437865,cafe,Пипл & паста,,italian;pasta,55.7729906,37.6207757
node,2136783163,restaurant,Счастье,,,55.767418,37.6074573
node,2141863670,fast_food,Важная Персона,,,55.8013646,37.5849739
node,2143204166,bar,Рок'н'ролл,,,55.7665139,37.6304027
node,2143204172,bar,Martinez,,,55.7666965,37.6307962
node,2145729979,restaurant,Якитория,Якитория,japanese;international,55.7599185,37.6116817
node,2145729997,restaurant,Хачапури,,georgian,55.7631772,37.6070846
node,2145730005,cafe,Чайная высота,,tea,55.7603649,37.6112873
node,2147773958,cafe,Маренго,,,55.8045534,37.6459064
node,2147791860,cafe,Буфет,,,55.8038718,37.6480841
node,2168629044,restaurant,Иль Массимо,,italian,55.7101338,37.6630722
node,2173107290,bar,Пио Розелло,,,55.7545572,37.6347408
node,2173107291,bar,Китайский летчик Джао Да,,,55.7548275,37.6345188
node,2173107295,restaurant,True Cost,,,55.7531764,37.6349181
node,2173107298,restaurant,Экспромт,,,55.7539234,37.6375623
node,2174859929,bar,Bourbon Street,,,55.7586982,37.6326255
node,2181728495,cafe,Линдфорс,,pie,55.8031929,37.6316147
node,2184524098,bar,В бокале с креслом - мятая вода,,,55.7598549,37.6480999
node,2184524101,cafe,Чайная высота,,,55.7599555,37.6479801
node,2184565540,restaurant,Сибирячка и Снегирь,,russian,55.7547361,37.6364208
node,2184565572,restaurant,Кубдари,,georgian,55.7545934,37.6366081
node,2184565601,cafe,Кулинарная лавка братьев Караваевых,,,55.7536975,37.6373394
node,2186929460,restaurant,Белорусская хата,,belarusian,55.75912,37.6430129
node,2189354584,restaurant,Корё,,korean,55.709027,37.5929282
node,2190954327,restaurant,,,,55.7841839,37.5848661
node,2196651535,bar,Crazy Daisy,,,55.7657091,37.6356723
node,2196651539,cafe,Black Milk,,coffee_shop,55.7621117,37.642506
node,2196651544,restaurant,Andy's Friends,,italian,55.7636028,37.6424211
node,2196651558,fast_food,Советские времена,,,55.7635704,37.6553415
node,2196651560,restaurant,Ю-Мэ,,japanese,55.761663,37.6516982
node,2196651672,cafe,Offer,,,55.769613,37.6448871
node,2203140458,cafe,Кулинариум,,,55.7081479,37.6553057
node,2214457503,restaurant,Casa Agave,,mexican,55.7560747,37.6275041
node,2214781348,restaurant,Lucky,,japanese,55.7572956,37.5995714
node,2228515337,restaurant,Сандуны,,,55.7642313,37.6210871
node,2229548553,restaurant,Тифлисский дворик,,georgian,55.7397775,37.5956285
node,2260787406,restaurant,Джаганнат,,indian,55.7621623,37.6226103
node,2261574848,fast_food,Udon,,japanese;noodle,55.7408599,37.6293568
node,2268264286,restaurant,Чайхона №1,,uzbek,55.7788479,37.6235914
node,2276116743,fast_food,Пекарня & Донер,,kebab,55.7951233,37.583769
node,2277752654,cafe,Баловень,,,55.7302962,37.6325579
node,2277752657,fast_food,Бургер Кинг,Бургер Кинг,burger,55.7599927,37.5846467
node,2277752674,cafe,Шоколадница,Шоколадница,coffee_shop,55.7363186,37.5907705
node,2277752676,cafe,Шоколадница,Шоколадница,coffee_shop,55.7600899,37.5847296
node,2277752693,cafe,,,,55.7243088,37.6369747
node,2281424724,restaurant,Brasserie Lambic,,belgian,55.77726,37.6357767
node,2282603546,restaurant,IL Патио,IL Патио,italian,55.729745,37.6374519
node,2284383379,cafe,Stars Coffee,Stars Coffee,coffee_shop,55.7301244,37.6361691
node,2290771260,cafe,Тарелка,,,55.7969836,37.5807169
node,2290923319,pub,Edward's Pub,,,55.752623,37.6679617
node,2290923325,pub,Dark Patrick's,,,55.7599619,37.6315765
node,2294005871,cafe,Хинкальная,,georgian,55.7869404,37.5609673
node,2300564957,restaurant,Florentini,,italian,55.7648323,37.6577608
node,2317414996,restaurant,Бутчер,,steak_house,55.7716232,37.6050362
node,2317414998,restaurant,Extra Virgin,,,55.7677529,37.6052613
node,2321295669,bar,Ester,,jewish,55.7570507,37.602975
node,2324491476,restaurant,Пион,,,55.7449972,37.5496739
node,2328657376,cafe,Манки,,,55.7747398,37.6679884
node,2329970916,restaurant,Uilliam's,,,55.7679877,37.6230439
node,2330001851,bar,Гадкий койот,,,55.7623065,37.6129227
node,2330483588,restaurant,Эларджи,,georgian,55.7444053,37.5960075
node,2330493523,cafe,Даблби,Даблби,coffee_shop,55.7615427,37.631564
node,2331655870,fast_food,Сибирские пельмени,,russian,55.7037078,37.6523432
node,2336844037,ice_cream,,,,55.8077903,37.6412501
node,2339679828,restaurant,Barmalini,,italian,55.7349909,37.6427921
node,2339811280,restaurant,Non Solo,,italian,55.7433476,37.6385771
node,2339811284,fast_food,Правда Кофе,Правда Кофе,coffee_shop,55.7448768,37.6367726
node,2340892027,cafe,StarHit,,,55.7211045,37.6104661
node,2347393460,cafe,Кофе Хауз,Кофе Хауз,coffee_shop,55.7458923,37.549262
node,2355162696,cafe,Циферблат,,coffee_shop,55.7632797,37.6079595
node,2356983191,restaurant,Bolshoi,,regional,55.7613696,37.6183906
node,2357105718,cafe,"Чебуречная ""СССР""",,,55.7641969,37.6026665
node,2362227536,cafe,Столовая,,,55.7238071,37.6538897
node,2378986425,cafe,Breakfast,,american,55.7579096,37.5973729
node,2379495162,restaurant,Easy Brix,,,55.7303784,37.6258837
node,2394959503,cafe,Шоколадница,Шоколадница,coffee_shop,55.7802125,37.5785878
node,2400135090,pub,Волчья стая,,,55.766156,37.6399326
node,2400151617,cafe,Томи,,,55.8044752,37.565006
node,2402113741,fast_food,Rostic's,Rostic's,chicken,55.7298711,37.640064
node,2407895024,fast_food,Бургер Кинг,Бургер Кинг,burger,55.7275297,37.5800178
node,2408177648,cafe,Prime,Prime,coffee_shop,55.7239764,37.651
node,2408969174,restaurant,Saperavi,,georgian,55.7587953,37.6409454
node,2408969175,restaurant,Saperavi,,georgian,55.7757542,37.5858489
node,2409793015,restaurant,Pho City,,vietnamese,55.7470076,37.654475
node,2411252954,restaurant,Стрелка,,,55.7425905,37.6093166
node,2412093665,pub,Вильям Басс,,,55.7400114,37.6159767
node,2416154110,restaurant,Novikov,,,55.7571214,37.6133719
node,2420792673,restaurant,Кимчи,,korean,55.7279882,37.6305881
node,2423627147,cafe,Кулинарная лавка братьев Караваевых,,,55.7428182,37.6002715
node,2425849082,cafe,ГончаровЪ,,,55.7975961,37.5688742
node,2428075308,restaurant,Якитория,Якитория,japanese;international,55.7280401,37.5812447
node,2428194686,bar,Крапива,,,55.7614667,37.6407724
node,2432251096,restaurant,Генацвале VIP,,georgian,55.7419574,37.5986149
node,2432685770,bar,Lumberjack,,,55.7563155,37.6352076
node,2432685772,restaurant,Молоко,,,55.7611373,37.6145531
node,2432878924,restaurant,Pinocchio,,italian,55.7497089,37.5625861
node,2433804703,restaurant,Michel,,,55.7613843,37.5711631
node,2437747338,cafe,MFCafe,,,55.7717696,37.6484513
node,2440580211,restaurant,Якитория,Якитория,japanese;international,55.7529635,37.5941592
node,2440647886,restaurant,Якитория,,japanese;international,55.7817893,37.7195345
node,2441420086,fast_food,Lavash & vertel,,,55.7763117,37.5815283
node,2441420087,fast_food,Донер 42,,kebab,55.7767789,37.5811976
node,2441420089,bar,Спорт экспресс,,,55.7755844,37.5794373
node,2441453711,restaurant,Чашки,,,55.7580556,37.5473267
node,2441527290,bar,Noor Electro,,,55.7669616,37.6007608
node,2441812109,cafe,Панорама парк,,regional,55.800505,37.5861582
node,2442399972,restaurant,Ботаника,,,55.772185,37.5844068
node,2445728289,fast_food,Бургер Кинг,Бургер Кинг,burger,55.7612382,37.5757927
node,2446410172,restaurant,Остерия Марио,,italian,55.7606106,37.5792685
node,2446451441,restaurant,Гудман,,steak_house,55.7666113,37.6227779
node,2446830337,restaurant,Белое солнце пустыни,,uzbek,55.7661303,37.6204645
node,2446830338,restaurant,Узбекистан,,uzbek,55.7658449,37.6201962
node,2449743693,cafe,,,,55.7932417,37.5897431
node,2451461128,restaurant,Джонджоли,,georgian,55.7410375,37.6283559
node,2451930641,restaurant,Кофемания,,coffee_shop,55.7348102,37.6427932
node,2451930642,restaurant,Кофемания,,coffee_shop,55.7466423,37.5568489
node,2451930644,restaurant,Кофемания,,coffee_shop,55.7583361,37.5854337
node,2451930645,restaurant,Кофемания,,coffee_shop,55.7586055,37.6265082
node,2451930646,restaurant,Кофемания,,coffee_shop,55.7667237,37.6219076
node,2451930647,restaurant,Кофемания,,coffee_shop,55.7675783,37.6008039
node,2451930648,restaurant,Кофемания,,coffee_shop,55.777813,37.5864018
node,2452855290,restaurant,Гриль Хаус,,,55.7618722,37.6267249
node,2452881822,fast_food,Subway,Subway,sandwich,55.7612965,37.6233636
node,2453046110,restaurant,Светлый,,,55.7661863,37.6507405
node,2453046115,restaurant,Страна которой нет,,,55.7581699,37.6179007
node,2453466095,restaurant,Tutta la Vita,,italian,55.7410754,37.6247002
node,2453870727,restaurant,Пилзнер,,czech,55.7638187,37.564007
node,2456205052,restaurant,Хинкальная,,georgian,55.7282516,37.6149555
node,2456226690,restaurant,Козловица,,czech,55.740907,37.6291234
node,2456226695,restaurant,Эссе,,,55.7411699,37.6289088
node,2460565633,restaurant,Gussi,,italian,55.7587885,37.6260881
node,2460993066,restaurant,Baccarat Cristal Room,,french,55.7587151,37.6243684
node,2461679565,restaurant,Cafe 21,,,55.7416764,37.5683438
node,2461679570,pub,Chelsea,,,55.7625073,37.6065155
node,2461713928,restaurant,Сандык,,uzbek,55.7217324,37.6310645
node,2461849009,restaurant,Лодка,,chinese,55.7512696,37.5843043
node,2462945360,restaurant,La Bottega Siciliana,,italian,55.757616,37.6184195
node,2463074860,bar,31 floor,,,55.7513487,37.5659202
node,2463137962,restaurant,White Rabbit,,,55.7477071,37.5818814
node,2463345527,restaurant,Megumi,,japanese,55.7502624,37.5837878
node,2463345559,restaurant,Юаньян,,chinese,55.7828897,37.6008785
node,2463345566,restaurant,Метрополь,,,55.7588322,37.6211714
node,2463802492,restaurant,Delimarche,,international,55.7635669,37.5514972
node,2463802493,restaurant,Correas,,international,55.7676092,37.579411
node,2463830619,restaurant,Cantinetta Antinori,,italian,55.7453496,37.5867229
node,2463830620,restaurant,Delicatessen,,,55.7725959,37.6108825
node,2463830621,cafe,Булка,,cake,55.7595465,37.6463758
node,2463858068,restaurant,Квартира 44,,,55.7375421,37.6172123
node,2463911698,bar,Boom Boom Room,,,55.7554562,37.5599061
node,2463911709,restaurant,Барашка,,azerbaijan,55.7552165,37.5601225
node,2463911722,restaurant,Белый Журавль,,korean,55.7307156,37.5931222
node,2463911732,restaurant,Донна Маргарита,,italian,55.7556372,37.5597505
node,2463980851,restaurant,Grand Cru,,,55.762921,37.594966
node,2463980853,restaurant,Старый Сычуань,,chinese,55.7546503,37.6346653
node,2463980854,restaurant,Мари Ванна,,russian,55.762678,37.5956303
node,2463980858,restaurant,Лодочка,,georgian,55.763236,37.6052987
node,2465538116,restaurant,Il Forno,,italian,55.7614954,37.6204803
node,2465559307,restaurant,Академия,,italian,55.7448662,37.5659829
node,2465559327,restaurant,Академия,,italian,55.7594722,37.6129577
node,2465580143,restaurant,Академия,,italian;pizza,55.7356695,37.6698951
node,2465580144,restaurant,Академия,,italian,55.7379347,37.6019063
node,2465638862,restaurant,Black Market,,,55.730769,37.5768226
node,2465638864,restaurant,Bon App,,,55.7591073,37.6249956
node,2467558201,restaurant,Christian,,italian,55.7505493,37.5644385
node,2468908587,cafe,Cezve Coffee,,coffee_shop,55.7341268,37.6054914
node,2470071098,restaurant,Pomme Verte,,french,55.7416532,37.6283455
node,2470195912,restaurant,Buono,,italian,55.7512042,37.5661254
node,2470195930,restaurant,Gini,,italian,55.7690732,37.6162885
node,2470195932,restaurant,Sixty,,,55.7492869,37.5370405
node,2470195944,restaurant,Куршевель,,italian,55.7618235,37.6186412
node,2470195966,restaurant,Трубадур,,,55.7512272,37.5657824
node,2473478798,restaurant,Бардак,,turkish,55.7573612,37.6343743
node,2473478813,restaurant,Джаганнат,,,55.7586982,37.6572204
node,2473512081,cafe,Prime,Prime,coffee_shop,55.7619735,37.622799
node,2474342109,restaurant,Unlock,,,55.7557596,37.6334406
node,2476486701,cafe,Cafe Garage,,,55.7279467,37.6019626
node,2476486704,restaurant,Меркато,,italian,55.7276873,37.5980827
node,2477010115,cafe,Бейрут,,lebanese,55.7642666,37.6531341
node,2477010145,restaurant,,,,55.8041109,37.5619456
node,2477516810,restaurant,La Provincia,,italian,55.7277837,37.6136238
node,2477705649,cafe,Ess-Thetik,,sausage,55.7623314,37.5955384
node,2477830170,cafe,Costa Coffee,,coffee_shop,55.7557958,37.5571318
node,2477830171,bar,Keto&Kote,,georgian,55.7806458,37.6060884
node,2478289044,restaurant,Кабинет,,,55.7589194,37.6174201
node,2481375926,cafe,Prime,Prime,coffee_shop,55.7504786,37.652918
node,2481375927,cafe,Prime,Prime,coffee_shop,55.7603631,37.6143271
node,2481375929,cafe,Prime,Prime,coffee_shop,55.7790523,37.5874612
node,2481758851,cafe,Prime,Prime,coffee_shop,55.7198771,37.6290769
node,2481758854,cafe,Prime,Prime,coffee_shop,55.7616389,37.6584451
node,2481793213,cafe,Poke house,,,55.7338188,37.589913
node,2481793222,cafe,Prime,Prime,coffee_shop,55.7349828,37.6423498
node,2481793231,cafe,Prime,Prime,coffee_shop,55.7456867,37.6635393
node,2481793239,cafe,Prime,Prime,coffee_shop,55.7624866,37.6837841
node,2481793249,cafe,Prime,Prime,coffee_shop,55.7633879,37.5514311
node,2481793259,cafe,Prime,Prime,coffee_shop,55.7713371,37.5904231
node,2481793271,cafe,Prime,Prime,coffee_shop,55.7902577,37.584448
node,2483391737,restaurant,Luma,,,55.7411557,37.6292483
node,2494493920,cafe,9Бар,,,55.7715849,37.7139138
node,2499378541,cafe,Кафе-столовая,,,55.7764918,37.6946078
node,2504775151,fast_food,Alexander's митпойнт,,kebab,55.7590293,37.6054846
node,2504814605,restaurant,Boston,,seafood,55.7786796,37.5874947
node,2504832583,restaurant,Дарбази,,georgian,55.7471962,37.6510346
node,2506826065,restaurant,Arts palace,,,55.7692627,37.6072834
node,2509793554,restaurant,Бутчер,,steak_house,55.7567144,37.6322626
node,2509793555,restaurant,Marea,,seafood,55.7568227,37.6321303
node,2509793556,cafe,Frank by Баста,,beef,55.7628266,37.635186
node,2509793563,pub,Lion's Head Pub,,,55.7628878,37.6348296
node,2509793566,restaurant,Шербет,,arab;georgian;oriental,55.7637243,37.6356848
node,2511414925,bar,We Cidreria,,,55.7562466,37.6329424
node,2511446248,restaurant,Бутчер,,steak_house,55.7686511,37.6229028
node,2512437540,cafe,Kulek,,italian,55.7602517,37.6146967
node,2512438477,bar,Hidden,,,55.7600105,37.6140098
node,2512540617,bar,Kosmoхомяк,,,55.7654162,37.6112282
node,2512899042,restaurant,Бирхаус,,,55.7641264,37.607958
node,2515602412,restaurant,Акапелла,,russian,55.7331045,37.6444378
node,2515602413,cafe,Брусника,Брусника,,55.7576274,37.636339
node,2516300021,cafe,Николай,,,55.7350988,37.6279271
node,2516300022,cafe,Николай,,,55.7644766,37.6570614
node,2516300024,restaurant,Хинкальная №1,,,55.7645533,37.6572825
node,2516300025,cafe,Штолле,Штолле,pie,55.7454704,37.6270757
node,2518591867,restaurant,Джанни,,italian,55.7384414,37.6149139
node,2520379493,cafe,I love cake,,,55.7626112,37.5920186
node,2520788384,restaurant,Brasserie Lambic,,belgian,55.7545736,37.6540123
node,2520788385,restaurant,Brasserie Lambic,,belgian,55.766541,37.6406696
node,2522118963,restaurant,Рыбный базар,,fish,55.7656972,37.597562
node,2522202228,restaurant,Чанахи,,georgian,55.7686422,37.6037261
node,2523286145,bar,Davidoff Малая Бронная,,,55.7630983,37.5947579
node,2523286146,bar,DeFAQto,,,55.7661826,37.6314376
node,2523343454,restaurant,China Club,,asian,55.7689588,37.5859571
node,2523343455,bar,Mr. Help & Friends,,,55.7756784,37.5857077
node,2523343456,restaurant,Ткемали,,georgian,55.7609181,37.622309
node,2523343458,restaurant,Сценарио,,international,55.7670324,37.6019039
node,2527546664,restaurant,Бенвенуто,,italian,55.7660691,37.6341929
node,2528148637,restaurant,Gayane's,,armenian,55.7470893,37.5813401
node,2528507337,restaurant,Бали,,indonesian,55.7656707,37.6115803
node,2528507344,bar,Под мухой,,,55.7655461,37.6092815
node,2529439580,restaurant,Торро Гриль,,steak_house,55.7311246,37.6667163
node,2530739351,restaurant,Pokeville,,burger,55.7613639,37.5799267
node,2531873557,restaurant,Beefbar Junior,,steak_house,55.7420616,37.567829
node,2531873560,pub,Buddy McDaniel,,,55.7718074,37.6049402
node,2531873561,restaurant,Чентрале,,italian,55.744593,37.567512
node,2535987413,cafe,Маэстро,,,55.7214796,37.6357752
node,2535987416,fast_food,Subway,Subway,sandwich,55.7218373,37.6359462
node,2537213184,restaurant,Gambrinus,,,55.7728167,37.5917763
node,2537213194,restaurant,Старик и море,,seafood,55.7606807,37.6439178
node,2538711162,restaurant,Zea,,mediterranean,55.7516828,37.5657122
node,2538711171,restaurant,Хинкальная,,georgian,55.7630365,37.6197868
node,2538776982,restaurant,Кавказская пленница,,georgian,55.7789232,37.6337234
node,2538776988,restaurant,Fumisawa Sushi,,japanese,55.7619751,37.6173681
node,2539458691,cafe,Церковная старообрядческая трапезная,,russian,55.7369766,37.7024139
node,2541226793,restaurant,Luciano,,italian,55.7570968,37.6587567
node,2541348847,restaurant,Баан Тай,,thai,55.7459644,37.5530137
node,2542238883,restaurant,Хинкали - хачапури,,georgian,55.757686,37.6114426
node,2542238884,restaurant,Авокадо,,,55.7610472,37.6434985
node,2542281163,fast_food,Бургер Кинг,Бургер Кинг,burger,55.7405966,37.6578383
node,2542281175,restaurant,Вареничная №1,,russian,55.7749446,37.6567439
node,2545095886,restaurant,Atlantica,,seafood,55.7388384,37.5265223
node,2545460881,restaurant,Хитрые люди,,chicken;burger;coffee_shop;pasta,55.755696,37.6657227
node,2555555506,cafe,Tutti Frutti Frozen Yogurt,,ice_cream,55.7492845,37.5429426
node,2555656232,cafe,,,,55.7235211,37.7093053
node,2558380309,restaurant,Brasserie 2.0,,,55.7620415,37.5707581
node,2558412265,cafe,Сойка напела,,,55.7624421,37.5670775
node,2559854555,bar,Let's Rock,,,55.7608343,37.6163323
node,2560869096,fast_food,Столовая Станция Савёловская,,,55.7988675,37.5946326
node,2560871014,restaurant,Армения,,armenian,55.7640839,37.6053127
node,2561452076,restaurant,Peshi,,fish,55.7573348,37.6169663
node,2562063496,restaurant,Образ жизни,,,55.7392144,37.5873252
node,2562063497,cafe,Шоколадница,Шоколадница,coffee_shop,55.7393618,37.5876826
node,2562130756,restaurant,Terrine,,italian,55.7379416,37.5891937
node,2562767934,restaurant,Accenti,,italian,55.7376363,37.5931193
node,2562816606,restaurant,Жеральдин,,french,55.7390249,37.5974187
node,2562944498,restaurant,Кому жить хорошо,,,55.7402185,37.6060512
node,2562968844,restaurant,Своё,,,55.7451451,37.597211
node,2562992861,cafe,Волшебнутый кофе,,coffee_shop,55.7654244,37.5974271
node,2564696408,restaurant,Fresco,,italian,55.7279092,37.5855266
node,2564696409,restaurant,Magnus Locus,,,55.7741425,37.6331953
node,2564696411,restaurant,Черетто Мясо,,steak_house,55.7851029,37.6359062
node,2565048270,pub,Rainbow Pub,,,55.7905502,37.6777372
node,2566373082,restaurant,Bamboobar,,asian,55.7467936,37.5390985
node,2566959228,fast_food,Доможилов,,,55.7521672,37.6711287
node,2567134863,restaurant,Иерусалим,,jewish,55.7600489,37.5980552
node,2567134874,restaurant,Римон,,jewish,55.7555599,37.6350819
node,2567134881,restaurant,Штетл,,jewish,55.791106,37.6083811
node,2567728678,cafe,Хинкальный дом Ваке,,georgian,55.7652783,37.5614354
node,2567764279,restaurant,Эль Асадор,,spanish,55.7349984,37.6245966
node,2567775449,restaurant,Порту Атриум,,portuguese,55.7019277,37.5684777
node,2567867883,cafe,PhoBo,,vietnamese,55.7778754,37.59858
node,2568201202,restaurant,32.05,,,55.770719,37.6084607
node,2572703776,restaurant,Tandoor,,indian,55.7718473,37.5996369
node,2572814351,restaurant,California Diner,,burger,55.7505341,37.5954116
node,2574125769,restaurant,Порто Мальтезе,,fish,55.723387,37.6039573
node,2574236440,cafe,Coffeshop Company,,coffee_shop,55.7409385,37.6224194
node,2574236452,cafe,Сок,,,55.7415244,37.6214754
node,2575496531,pub,St.Peters & St.Anton,,,55.7564087,37.6097463
node,2575721890,restaurant,Дядя Геральт,,,55.7473714,37.6550446
node,2576938593,restaurant,Гогиели,,georgian,55.7348423,37.6680481
node,2577939324,cafe,Шоколадница,Шоколадница,coffee_shop,55.7372102,37.5246631
node,2579016010,fast_food,Крошка Картошка,Крошка Картошка,potato,55.8080552,37.6361574
node,2582238974,cafe,Линдфорс,,pie,55.727862,37.5669291
node,2582238977,cafe,Штолле,Штолле,pie,55.7829993,37.7023724
node,2582330600,restaurant,Rico,,,55.7437942,37.5809732
node,2582330601,restaurant,Буйабес,,fish,55.7109924,37.5865204
node,2582330602,restaurant,Илья Муромец,,russian,55.7100242,37.585506
node,2582330603,restaurant,Корчма,,ukrainian,55.7105455,37.5858991
node,2582449797,cafe,Cofix,Cofix,coffee_shop,55.7440195,37.6276755
node,2582449803,bar,Концерт,,,55.7443365,37.6274794
node,2583683706,restaurant,Босфор,,turkish,55.7479308,37.5877293
node,2583844083,restaurant,Сахли,,georgian,55.7706538,37.6164053
node,2586900329,pub,69 pints,,,55.7581359,37.6122261
node,2587081016,fast_food,Столовая на Фрунзенской,,,55.725117,37.582821
node,2587098859,restaurant,Чеховъ,,russian,55.7599349,37.6129995
node,2587554650,restaurant,Синяя река,,vietnamese,55.7535502,37.5828957
node,2587658952,restaurant,Ugolёk,,,55.7564238,37.6066762
node,2588978258,restaurant,Centrale Bistro,,italian,55.7590493,37.6056885
node,2598762107,cafe,Сказочный двор,,,55.7447885,37.5552676
node,2600543491,restaurant,Траттория-пиццерия,,,55.7431825,37.617803
node,2600548990,restaurant,Кофемания,,coffee_shop,55.7417631,37.6157368
node,2600662676,restaurant,Чайхона №1,,uzbek,55.7639714,37.6182687
node,2600662680,restaurant,Чайхона № 1,,uzbek,55.7423451,37.6166496
node,2600662681,restaurant,Чайхона №1,,uzbek,55.7521377,37.5858586
node,2600662682,restaurant,Чайхона №1,,uzbek,55.7715511,37.5929598
node,2601648651,cafe,Шоколадница,Шоколадница,coffee_shop,55.7621287,37.6223723
node,2605985515,restaurant,Ми Ли,,chinese,55.7746121,37.6325288
node,2608193499,cafe,Зацепи кофе,,coffee_shop,55.754233,37.6029028
node,2609191809,restaurant,Союз Композиторов,,,55.7594588,37.6091056
node,2613521747,cafe,Кулинарная лавка братьев Караваевых,,,55.7611131,37.6028932
node,2615222194,restaurant,Калашный,,,55.7541846,37.6026255
node,2615983168,cafe,Maestrello,,pizza,55.7587752,37.6458727
node,2615983176,cafe,Рамен Клаб,,ramen,55.7608519,37.6324894
node,2616127199,restaurant,Tokyo,,sushi,55.7570651,37.6028319
node,2616127207,restaurant,Юг22,,,55.757016,37.6033206
node,2621942431,restaurant,Zodiac,,asian,55.7477947,37.5814982
node,2624758712,restaurant,Жажда крови,,steak_house,55.7788415,37.588569
node,2628393709,restaurant,Примавера,,italian,55.7239367,37.6112945
node,2628393710,restaurant,Венеция,,italian,55.7634153,37.614922
node,2628393711,restaurant,Венеция,,italian,55.7715998,37.5988107
node,2631591653,restaurant,Остерия у Джованни,,italian,55.7775859,37.6174261
node,2634830897,restaurant,Тибет,,tibetan,55.7651342,37.6355012
node,2634830898,restaurant,Масала хаус,,asian,55.7902717,37.6339684
node,2638346380,cafe,Калина,,coffee_shop,55.76431,37.6293553
node,2638346469,cafe,Лубянка,,,55.7644551,37.6290416
node,2641458671,restaurant,Chesterfield,,,55.7521465,37.5890008
node,2657601144,restaurant,317,,,55.7547242,37.5698618
node,2658288316,restaurant,Море,,seafood,55.7644121,37.5963886
node,2659476278,restaurant,Высота 5642,,georgian,55.7559625,37.6276128
node,2665265782,restaurant,Chang,,thai,55.754283,37.6373993
node,2668799716,pub,О'Хара,,,55.7720601,37.6823618
node,2671420540,cafe,Даблби,Даблби,coffee_shop,55.7732756,37.5954849
node,2673526410,cafe,Пицца Паоло,,pizza,55.7778466,37.6288194
node,2673526416,cafe,Хинкальная на Щепкина,,georgian,55.777591,37.628767
node,2673526420,cafe,Салам Алейкум,,,55.7782008,37.6288772
node,2674838658,fast_food,Rostic's,Rostic's,chicken,55.7410268,37.6278625
node,2674838659,restaurant,Вилла Паста,,italian,55.7409067,37.6283432
node,2675826118,fast_food,Rostic's,Rostic's,chicken,55.7798721,37.6000971
node,2675826153,restaurant,Тбилисо,,georgian,55.7911841,37.635042
node,2675826158,cafe,Lovemark,,,55.7341435,37.5870892
node,2675826163,cafe,Сыто Piano,,,55.765693,37.6209295
node,2693211442,pub,О'Коннелл'с паб,,,55.7589965,37.6463013
node,2693275803,fast_food,Тарелка,,,55.7616575,37.6580294
node,2694460678,restaurant,Vasilchuki Chaihona №1,,uzbek,55.7441069,37.5660874
node,2694460680,restaurant,Vasilchuki Chaihona №1,,uzbek,55.7617034,37.5795669
node,2694460681,restaurant,Vasilchuki Chaihona №1,,uzbek,55.7660489,37.6073622
node,2697604872,restaurant,Kemer,,turkish,55.7487917,37.5888269
node,2697604895,bar,Beer Harbour,,,55.7599218,37.6469354
node,2698065720,cafe,Prime,Prime,coffee_shop,55.7625562,37.6077948
node,2700041506,restaurant,Долма,,georgian,55.7678255,37.6318896
node,2701241058,restaurant,IL Патио,IL Патио,italian,55.7762007,37.5819501
node,2701286445,cafe,Coffee,,coffee_shop,55.7761547,37.5817739
node,2705589541,restaurant,"Пироги, вино и гусь",,,55.7725712,37.6207706
node,2722998326,restaurant,Китайская грамота,,chinese,55.7666752,37.6304185
node,2723747584,restaurant,Без повода,,,55.7322297,37.6108987
node,2733381437,cafe,Пельмени & Пельмени,,russian,55.747311,37.6081919
node,2737112897,bar,IVAN,,,55.7677554,37.5983129
node,2737735006,restaurant,Semplice,,italian,55.7784962,37.6008804
node,2739029831,restaurant,ЦДЛ,,,55.7574291,37.5873015
node,2769035727,cafe,Кулинарная лавка братьев Караваевых,,,55.7716874,37.5909374
node,2769588352,cafe,,,,55.7515898,37.6097522
node,2774677691,restaurant,Folk,,,55.768057,37.6230301
node,2774677693,cafe,Аддис-Абеба,,ethiopian,55.7623604,37.6567103
node,2775416973,cafe,Лалибела кофе,,coffee_shop,55.7470041,37.6073358
node,2776317130,bar,Chicago,,,55.7289759,37.6095196
node,2776317228,restaurant,Гамбринус,,german;italian;steak_house,55.7354055,37.5924026
node,2776317237,cafe,Мольберт,,,55.7564742,37.5541095
node,2776317242,restaurant,Риверсайд,,,55.7569224,37.5548415
node,2779037659,restaurant,У Пиросмани,,georgian,55.7291533,37.5583597
node,2790472665,fast_food,Гриль хаус,,,55.7225428,37.5915912
node,2793797961,bar,Ciderella,,,55.7569529,37.6219421
node,2793797962,cafe,Гурмэ,,coffee_shop,55.756879,37.621849
node,2794581617,restaurant,Il Патио,IL Патио,italian,55.7578877,37.6248832
node,2794581619,bar,Papa's,,,55.7581717,37.6248083
node,2794581625,fast_food,#Farш,,burger,55.7589214,37.6251469
node,2796494357,cafe,,,,55.7273127,37.5499629
node,2797808840,cafe,Кофе ON,,coffee_shop,55.7424943,37.6248548
node,2798956269,cafe,Карло,,,55.7507473,37.5958901
node,2800398004,restaurant,Ритм & Блюз,,,55.7511323,37.6069194
node,2803105301,cafe,Трапезная паломника,,,55.731468,37.657397
node,2812173324,fast_food,,,,55.7285714,37.6456131
node,2815027101,fast_food,Wursthaus,,crepe,55.730049,37.599606
node,2815131224,fast_food,Столовая,,,55.7799875,37.6872939
node,2815697235,cafe,MoreКот,,,55.7435778,37.6018142
node,2824320577,fast_food,Subway,Subway,sandwich,55.7205733,37.6153376
node,2830430193,bar,Дижестив,,,55.7417569,37.5411822
node,2835536940,bar,Эхо,,,55.7662002,37.6082113
node,2858256942,restaurant,Sattva,,,55.7666696,37.6022969
node,2859688965,restaurant,Батони,,georgian,55.721282,37.5727673
node,2869711695,pub,Бостон,,,55.7468879,37.6795252
node,2870300601,fast_food,,,,55.7228663,37.6504753
node,2872753225,restaurant,Truba,,,55.7352602,37.5845948
node,2873680704,restaurant,De Laura,,italian,55.7587713,37.6421986
node,2874583783,bar,Nebar,,,55.7584011,37.6391246
node,2881588169,restaurant,Квартира 44,,,55.735494,37.6254131
node,2882504064,cafe,Хинкальная,,,55.7826823,37.7050302
node,2883575439,cafe,Кофешефф,,coffee_shop,55.7040427,37.65298
node,2891277220,restaurant,Хинкальная,,georgian,55.7558348,37.6237604
node,2891289180,bar,Jimmy Poy,,,55.7564678,37.632532
node,2896962217,pub,Katie O'Shea's,,,55.7772789,37.634255
node,2897108042,cafe,Трапезная,,,55.7186111,37.6733864
node,2907324786,restaurant,Selfie,,,55.757942,37.5832875
node,2910009244,restaurant,Натахтари,,georgian,55.7575445,37.6350692
node,2914203130,bar,Fassbinder,,,55.7528756,37.6676352
node,2914300514,restaurant,Сомбреро,,mexican,55.7321355,37.6204481
node,2917282516,restaurant,Планета Суши,Планета Суши,sushi,55.7764001,37.5818967
node,2918758157,restaurant,Kefi,,greek,55.7404763,37.5932436
node,2920101317,fast_food,Карэль,,,55.7993187,37.6047032
node,2922768864,cafe,Traveler's coffee,,coffee_shop,55.7778767,37.5202387
node,2922999455,cafe,Surf Coffee,Surf Coffee,coffee_shop,55.7609837,37.6322817
node,2923205022,fast_food,Бургер Кинг,Бургер Кинг,burger,55.79317,37.6037872
node,2923205023,restaurant,Тануки,Тануки,japanese,55.793173,37.6046507
node,2923205024,fast_food,Теремок,Теремок,crepe;russian,55.792403,37.6045656
node,2923891104,fast_food,Subway,Subway,sandwich,55.7960212,37.5924978
node,2923891105,fast_food,Крошка Картошка,Крошка Картошка,potato,55.7959128,37.5923893
node,2923891106,fast_food,Сбарро,,italian,55.795824,37.592286
node,2930671702,fast_food,Бургер Кинг,Бургер Кинг,burger,55.7946202,37.6173644
node,2930671703,fast_food,Теремок,Теремок,crepe;russian,55.7946991,37.6173792
node,2930671704,fast_food,Крошка Картошка,Крошка Картошка,potato,55.7947822,37.6173497
node,2934037599,fast_food,Теремок,Теремок,crepe;russian,55.7521631,37.59032
node,2934061754,restaurant,Барашка,,azerbaijan,55.7521401,37.5862135
node,2934097334,cafe,Волконский,,cake,55.7529318,37.5889565
node,2934097335,cafe,Волконский,,cake,55.7562213,37.5709539
node,2934288672,bar,Mono Bar,,,55.7575184,37.6464226
node,2934685359,cafe,Кафетеррия,,,55.7015097,37.5778053
node,2935371999,cafe,Вай Мэ!,,georgian,55.7427985,37.6298385
node,2940549542,cafe,Kotleta,,burger,55.764985,37.5757965
node,2940618756,bar,Джемо,,,55.7712625,37.6507891
node,2942419414,fast_food,Domino Pizza,Domino Pizza,pizza,55.7834448,37.6424913
node,2956991676,cafe,Шоколадница,Шоколадница,coffee_shop,55.7648357,37.6394658
node,2957828499,cafe,Kiosk 1936,,coffee_shop,55.7619464,37.6426608
node,2959689196,cafe,Кондитерская Олега Ильина,,cake,55.7595988,37.5801976
node,2966349596,restaurant,Рачули,,georgian,55.7111436,37.6187876
node,2967468685,restaurant,Chekhonte,,russian,55.7672201,37.6014462
node,2968621821,bar,We Cidreria,,european,55.7679619,37.5986916
node,2968661159,cafe,Шоколадница,Шоколадница,coffee_shop,55.7659019,37.6027536
node,2973091642,cafe,Пеперон,,pizza,55.7449156,37.6247746
node,2973091643,cafe,Кулинарная лавка братьев Караваевых,,,55.7446726,37.6248551
node,2973162372,restaurant,Sangre Fresca,,,55.7637144,37.5904015
node,2977551021,bar,Все твои друзья,,,55.7626781,37.6067977
node,2978117735,cafe,Чинар-А,,,55.7916964,37.6605422
node,2984334498,cafe,Lao Lee,,vietnamese,55.7786989,37.5966131
node,2984349075,restaurant,Freya,,,55.7588967,37.6504599
node,2984349076,restaurant,Булошная,,russian;european;chef,55.7596105,37.6520349
node,2995663541,restaurant,Калинка,,russian,55.7612141,37.6206328
node,2995663544,fast_food,Шаурма хаус,,kebab,55.7610052,37.6242451
node,2995684777,restaurant,Bruno,,steak_house,55.763853,37.620217
node,2995684780,restaurant,Романов,,russian,55.7633376,37.6197668
node,2998660309,restaurant,Dubai,,,55.7618567,37.6184433
node,3002643691,pub,Mandy’s Apothecary,,,55.7619975,37.6260365
node,3002643692,restaurant,Шашлыкофф,,czech,55.7620911,37.6254332
node,3006951333,cafe,Баклажан,,,55.7474092,37.6560648
node,3006953833,cafe,Кулинарная лавка братьев Караваевых,,,55.747292,37.6564227
node,3007434084,restaurant,Риальто,,italian,55.7413837,37.6649625
node,3013850340,bar,Кривое колено,,,55.7619213,37.635819
node,3024369344,restaurant,Легенда,,georgian,55.7508993,37.5955922
node,3028683361,pub,Sean O'Neill,,,55.7620534,37.6218381
node,3029452950,restaurant,Пипл&паста,,italian,55.7227538,37.6529923
node,3031804066,restaurant,Тэсти,,russian,55.7307598,37.6449978
node,3032233449,fast_food,,,kebab,55.7607347,37.6248082
node,3032477094,restaurant,Савой,,,55.7606236,37.6232918
node,3032694354,cafe,Морс,,,55.7081019,37.6420148
node,3034464783,restaurant,Coba,,japanese,55.7580884,37.6272958
node,3034464785,bar,Разведка,,,55.7579953,37.6274118
node,3036843833,restaurant,Гамбринус,,,55.7465151,37.6756369
node,3042827382,fast_food,Rostic's,Rostic's,chicken,55.7355779,37.7015504
node,3043118656,cafe,Beats & Brew,,,55.7549992,37.6671558
node,3043118661,restaurant,Рибамбель,,,55.7779135,37.6378874
node,3043238762,restaurant,La Maree,,seafood,55.7502655,37.5805373
node,3045638220,cafe,Амбарчик,,,55.7510725,37.591352
node,3048861948,cafe,Coffee Kiss,,coffee_shop,55.7635928,37.5941761
node,3048937257,restaurant,Ленский,,european,55.7674183,37.6047255
node,3052614753,restaurant,Kochegar,,,55.777295,37.6603402
node,3052614769,cafe,Шоколадница,Шоколадница,coffee_shop,55.7773907,37.6605569
node,3054509347,restaurant,Il Forno,,italian,55.7523493,37.5667184
node,3054509349,restaurant,Белуга,,russian,55.7566151,37.6140374
node,3054509350,fast_food,Росинка,,,55.7851139,37.5951869
node,3054509351,restaurant,Sumosan,,japanese,55.7417239,37.5680755
node,3056419709,restaurant,Gusto,,italian,55.7603121,37.6141999
node,3057078053,restaurant,Пивнушка,,german,55.7132204,37.5883679
node,3059605541,restaurant,Mesopotamia,,turkish,55.75196,37.5984421
node,3067239624,cafe,"Буфет к/ст ""Лужники-Южные""",,regional,55.7159005,37.5638606
node,3068070871,restaurant,Dolmama,,armenian,55.7538706,37.6097838
node,3069190032,bar,Балалаечная,,,55.7503879,37.5950705
node,3069275264,restaurant,Lambic Brasserie,,belgian,55.7315545,37.624365
node,3069977165,restaurant,Вареничная №1,,russian,55.7499041,37.5933877
node,3070893298,fast_food,Cofix,,coffee_shop,55.726781,37.627383
node,3071876664,restaurant,Почтмейстер,,,55.7480586,37.5876271
node,3075505611,fast_food,Вкусно — и точка,,burger,55.7810297,37.6321958
node,3079024497,fast_food,Subway,Subway,sandwich,55.8067289,37.588598
node,3079024499,cafe,bodro coffee,,,55.8064146,37.5872344
node,3079075219,cafe,Академия вкуса,,,55.7691548,37.6728221
node,3092179280,restaurant,Авлабар,,georgian,55.7123258,37.6627651
node,3104234130,restaurant,Dr. Живаго,,russian,55.7568304,37.6143404
node,3105116611,cafe,Чайхона Халяль,,middle_eastern,55.7866009,37.572183
node,3108869026,restaurant,La Familia,,italian;spanish,55.7783954,37.6900674
node,3109151679,bar,Beermarket,,,55.7650604,37.6085225
node,3109754733,restaurant,Хинкальная by Ten,,georgian,55.7489005,37.5883216
node,3113230080,fast_food,Subway,Subway,sandwich,55.7311249,37.6335434
node,3115604638,restaurant,The Бык,The Бык,steak_house,55.7480342,37.5865072
node,3115604640,restaurant,Венеция,,italian,55.7485462,37.5880894
node,3116960204,restaurant,Sky Lounge,,,55.7106306,37.5774879
node,3120409483,restaurant,Русское географическое общество,,,55.7578437,37.6267745
node,3127690258,restaurant,ExtraVirgin,,italian,55.7594245,37.645532
node,3129494973,cafe,Николай-Каравай,,,55.7240193,37.6214957
node,3132081709,cafe,Шоколадница,Шоколадница,coffee_shop,55.7072142,37.6589194
node,3133624930,restaurant,Black Thai,,thai,55.7509276,37.5657269
node,3133624932,restaurant,Molon Lave,,greek,55.7704944,37.5815423
node,3134923409,cafe,СушиТун,,,55.7321263,37.6470791
node,3134924668,restaurant,Кремлевский экспресс,,,55.7321337,37.6469337
node,3147905462,food_court,,,,55.8001793,37.5957012
node,3148066984,cafe,Месье Круассан,,,55.7708462,37.678783
node,3150353746,restaurant,Bosco Café,,,55.7547905,37.6201907
node,3156163384,cafe,Брусника,,,55.7405103,37.6344729
node,3161224871,restaurant,Бобры и утки,,,55.7336316,37.6273828
node,3161224872,restaurant,Хинкалoff,,georgian,55.7386014,37.6287264
node,3169631281,restaurant,Хинкальный дом Арагви,,georgian,55.7175608,37.5954978
node,3183620451,restaurant,True cost,,,55.756982,37.5640863
node,3183738183,bar,Craft republic,,,55.7626139,37.6063432
node,3183738184,restaurant,TownHouse,,,55.736085,37.6350783
node,3183738186,cafe,Старик Хинкалыч,,georgian,55.7470621,37.6074097
node,3183761039,pub,Tap&Barrel,,,55.762391,37.6131911
node,3183761042,restaurant,Театр Корша,,,55.7659527,37.6131916
node,3184286091,restaurant,Fantomas Chateau & Rooftop,,,55.7400241,37.6094651
node,3184413170,restaurant,Марио,,italian,55.7677295,37.5682261
node,3184563132,pub,Брюгге,,,55.7700151,37.6789812
node,3186204755,restaurant,Friends Forever,,,55.757954,37.5969957
node,3186283501,restaurant,Kostèr Сити,,,55.7526317,37.6037556
node,3187497840,fast_food,Трапеза,,,55.6980512,37.5790415
node,3188451781,restaurant,Джонджоли,,georgian,55.7811407,37.5995963
node,3188451785,restaurant,The Бык,The Бык,steak_house,55.7817634,37.5990996
node,3188482361,cafe,Кулинарная лавка братьев Караваевых,,,55.6997145,37.6232042
node,3188482362,cafe,Кулинарная лавка братьев Караваевых,,,55.7704566,37.6259823
node,3188482363,cafe,Кулинарная лавка братьев Караваевых,,,55.7719449,37.5957314
node,3188482364,cafe,Рынок и общепит Шук,,jewish,55.7788685,37.6002741
node,3195846876,fast_food,Стардогs,Стардогs,sausage,55.7245698,37.5645126
node,3203085313,cafe,Bubble Mania,,bubble_tea,55.7576481,37.6366411
node,3203118528,cafe,Patisserie Francois Bodrero,,cake,55.7577028,37.6369488
node,3203938830,cafe,Экслибрис,,,55.764969,37.6342
node,3204791768,cafe,Stolovaya,,,55.7618868,37.6520245
node,3210955856,cafe,Stars Coffee,Stars Coffee,coffee_shop,55.7781896,37.5857264
node,3211452778,fast_food,Subway,Subway,sandwich,55.7733934,37.65516
node,3211452779,restaurant,IL Патио,IL Патио,italian,55.7734605,37.6551222
node,3213901866,cafe,Palati,,,55.7294768,37.6469347
node,3213965861,restaurant,Brasserie Belge 0.33,,belgian,55.770005,37.6468469
node,3214920426,cafe,Cofix,Cofix,coffee_shop,55.7647487,37.5643024
node,3215076561,restaurant,Хинкальная на Пресне,,georgian,55.7622286,37.568425
node,3218033065,restaurant,Бьёрн,,nordic,55.7455974,37.6269162
node,3218033066,restaurant,Бардак,,turkish,55.7444329,37.6278073
node,3218033067,restaurant,Латук,,,55.7503409,37.6435106
node,3220029921,bar,Молодость,,,55.7646168,37.6071692
node,3223156834,restaurant,Canteen,,,55.7561519,37.565115
node,3233679015,cafe,,,,55.754051,37.6125342
node,3234457059,pub,Уайт Харт,,,55.7621915,37.6203592
node,3234461964,bar,Constant,,,55.7797437,37.5796057
node,3234488291,fast_food,Burger first,,burger,55.7531572,37.6667647
node,3234488294,restaurant,Кусочки,,,55.7138722,37.6076492
node,3236597171,restaurant,Soluxe Club,,chinese,55.7523704,37.566473
node,3239524995,bar,Liberty,,,55.7531044,37.6351
node,3239524996,bar,Буховски'с,,,55.7530123,37.6353052
node,3239524997,bar,1929,,,55.7532355,37.6347656
node,3243304961,restaurant,Тануки,Тануки,japanese,55.7597901,37.6316536
node,3244172980,cafe,Борго,,,55.7920762,37.6809832
node,3245941961,cafe,Культ вкуса,,caucasian,55.7906726,37.61317
node,3247029593,cafe,Pinzeria by Bontempi,,pizza,55.7460979,37.6020454
node,3252769254,cafe,Ришон,,,55.7892894,37.6070165
node,3254966493,restaurant,Чайковский в Тифлисе,,georgian,55.7689978,37.5964935
node,3293297149,restaurant,Pinch,,,55.7634149,37.5971359
node,3293297150,cafe,Кофе Хауз,Кофе Хауз,coffee_shop,55.7447606,37.5675998
node,3293297152,restaurant,Flør,,,55.7605395,37.646825
node,3298787202,fast_food,Бургер Кинг,Бургер Кинг,burger,55.708729,37.622091
node,3300339744,restaurant,Anchovy's Club,,seafood,55.7680233,37.6248274
node,3302500819,cafe,Чихо,,asian,55.7411321,37.609552
node,3306168762,cafe,Соло,,,55.7081927,37.6402786
node,3312002402,restaurant,Хмель & Эль,,,55.764859,37.5984988
node,3312704252,fast_food,,,kebab,55.7943976,37.5738811
node,3314146979,bar,10 by Ten,,,55.757901,37.6368454
node,3316589567,cafe,Open Food,,russian,55.7284819,37.6435708
node,3319127361,cafe,Кругозор,,,55.7824018,37.5987009
node,3325864661,fast_food,Бургер Кинг,Бургер Кинг,burger,55.7526407,37.6035641
node,3326157027,restaurant,Travel Cafe,,,55.7444556,37.64955
node,3326157031,restaurant,Зарубежье,,,55.7429821,37.6517864
node,3326292135,restaurant,Hite,,korean,55.7550973,37.5602334
node,3326292138,bar,Хон Гиль Дон,,,55.7443562,37.6270324
node,3327309798,restaurant,,,,55.7246987,37.633162
node,3327310160,restaurant,,,,55.7238143,37.6345608
node,3334424488,restaurant,Хинкальная,,,55.7238731,37.6270275
node,3336224898,bar,Пивбар,,,55.7699838,37.5971951
node,3336312818,bar,Зинзивер,,,55.7588159,37.6455297
node,3338763454,restaurant,Romano,,italian,55.7303976,37.6278787
node,3338763465,cafe,Prime,Prime,coffee_shop,55.770295,37.6207364
node,3339601855,cafe,Sixties,,american;burger;diner,55.7445196,37.6304381
node,3339601856,cafe,Шыкыдым,,turkish,55.7445332,37.6299123
node,3339601857,food_court,Дружба-Москва,,,55.7441483,37.6305105
node,3342282885,pub,Жигули,,russian,55.7522414,37.5967487
node,3344192010,fast_food,Ньокки,,italian;japanese,55.7104764,37.620823
node,3347564467,restaurant,Osso,,italian,55.7741007,37.5866403
node,3348761189,restaurant,O2 Lounge,,,55.7571424,37.6128963
node,3372055204,bar,Империя биллиардный клуб,,,55.7848375,37.5581353
node,3384653130,cafe,Жаровня Офис.,,,55.7237844,37.6539997
node,3386070839,cafe,David B Café,,,55.7640119,37.598511
node,3387496563,restaurant,Субботица,,serbian,55.7613834,37.5867789
node,3387503177,restaurant,Bistro Trompette,,,55.7705752,37.625549
node,3387503179,restaurant,Chère Maman,,french,55.7708261,37.6254594
node,3392530275,fast_food,,,russian,55.736802,37.6611047
node,3392676568,cafe,Убежище,,coffee_shop,55.7611409,37.6375512
node,3396848607,cafe,Pho City,,vietnamese,55.7715675,37.6823101
node,3399848733,bar,La Bottega,,,55.778211,37.5874085
node,3400988358,fast_food,Krunchy Dream,,donut,55.761916,37.6210623
node,3400988360,restaurant,La Scarpetta,,italian,55.7303171,37.5792104
node,3405469761,restaurant,The Nappe Bistro,,italian,55.7559281,37.5945459
node,3408621604,bar,Петров и Васечка,,,55.7710231,37.6223627
node,3410453523,pub,Свинья и роза,,,55.7689659,37.6248713
node,3414025952,restaurant,Krombacher,,,55.7742912,37.5883764
node,3414026668,bar,БИРкрафт,,,55.7770972,37.5851811
node,3414500949,restaurant,Мимино,,georgian,55.7768146,37.5854388
node,3421432940,fast_food,,,coffee_shop,55.7562172,37.6610898
node,3423309124,restaurant,Eva,,greek,55.7738771,37.5862455
node,3424392993,fast_food,СтарДогс,,,55.748652,37.682556
node,3424443479,restaurant,Москва-Дели,,indian,55.7641382,37.5904933
node,3425182961,restaurant,Де Пари,,,55.7635126,37.600895
node,3437231383,fast_food,Grill&Gyros,,greek,55.7754306,37.5462598
node,3437231384,cafe,That Place,,coffee_shop,55.7582469,37.6501341
node,3437853301,fast_food,,,,55.7649027,37.7272495
node,3441521460,fast_food,Rostic's,Rostic's,chicken,55.759983,37.6255399
node,3441521461,fast_food,Теремок,Теремок,crepe;russian,55.7600749,37.6256077
node,3441521465,fast_food,Те самые пончики,,donut,55.7602895,37.6246179
node,3441521468,fast_food,Крошка Картошка,Крошка Картошка,potato,55.760395,37.6253845
node,3441521469,fast_food,Бургер Кинг,Бургер Кинг,burger,55.7601595,37.6256638
node,3441521470,fast_food,Вкусно — и точка,Вкусно — и точка,burger,55.7598147,37.6246591
node,3442452659,cafe,Котиссимо,,,55.770043,37.665554
node,3447490059,restaurant,Хинкали-Гали,,georgian,55.7994319,37.5857736
node,3450432551,restaurant,Вареничная №1,,,55.7521575,37.5911422
node,3451035808,cafe,Чихо,,asian,55.7635527,37.6336686
node,3461793197,restaurant,Filini,,,55.783009,37.579294
node,3461793696,bar,Sure,,,55.783094,37.579106
node,3461857895,bar,Варка,,,55.7421157,37.655284
node,3463084704,fast_food,Правда Кофе,Правда Кофе,coffee_shop,55.781008,37.6889809
node,3464930167,fast_food,Rostic's,Rostic's,chicken,55.7063124,37.5938063
node,3464930168,fast_food,Воккер,Воккер,noodle,55.7065723,37.5935541
node,3470247760,fast_food,,,,55.7124275,37.5910182
node,3471528193,restaurant,Шашлычная 1957,,,55.795753,37.674438
node,3475693954,cafe,Ку-Ка,,,55.7386027,37.5817676
node,3476270850,cafe,Подоконник,,coffee_shop,55.6988993,37.6242424
node,3477298859,cafe,Com 1989,,vietnamese,55.806687,37.5885953
node,3478320893,restaurant,Урюк,,uzbek,55.781629,37.719498
node,3478472276,restaurant,Изя Гриль,,,55.7341068,37.5867768
node,3479661570,restaurant,Генерал Tso,,chinese,55.7743709,37.6783409
node,3481829142,restaurant,Сесто Сенсо,,italian,55.7342305,37.6569217
node,3501419817,fast_food,Чешские колбаски,,,55.7939533,37.6772986
node,3501463293,restaurant,Savva,,,55.7583788,37.6210483
node,3501463294,cafe,Скворец,,coffee_shop;international,55.7594176,37.5975208
node,3509117850,cafe,Блины,,,55.7392107,37.6559545
node,3509117851,restaurant,Чайхана Халва,,,55.7403595,37.6547388
node,3509241707,cafe,Спешилав,,coffee_shop,55.7490787,37.6552163
node,3510484000,fast_food,One Price Coffee,One Price Coffee,coffee_shop,55.7430346,37.6298573
node,3514057725,bar,Винный базар,,,55.7314461,37.5903404
node,3514104104,pub,Pub Daddy,,,55.7648086,37.7011374
node,3514289299,fast_food,Пиццерия Комбината питания МЭИ,,pizza,55.7549723,37.7080239
node,3514289302,fast_food,Буфет,,regional,55.7540057,37.7078801
node,3514289304,fast_food,Столовая №1,,regional,55.7549194,37.7082814
node,3514289305,cafe,Восточное,,,55.7552575,37.711964
node,3514289306,cafe,Восточное,,,55.7554718,37.712007
node,3514289307,fast_food,,,,55.7543776,37.7068008
node,3514289308,cafe,,,,55.7545134,37.7092201
node,3514598445,fast_food,Теремок,Теремок,crepe;russian,55.7536166,37.7164109
node,3519312330,bar,Киану,,korean,55.7636566,37.5940981
node,3519882220,fast_food,МагБургер,,burger,55.7350019,37.7073376
node,3521471099,cafe,Дринкит,Дринкит,coffee_shop,55.7347863,37.5887768
node,3521802831,bar,Kill Fish,,,55.7589682,37.6443189
node,3522041789,bar,Mitzva Bar,,jewish,55.7455553,37.6271367
node,3522044394,cafe,Кофепровод,,coffee_shop,55.7586973,37.6542127
node,3523987249,bar,City Space Bar,,,55.7334271,37.6438481
node,3526774271,restaurant,Харбин,,,55.7311486,37.6116914
node,3526774274,restaurant,Pancho Villa,,mexican,55.7318397,37.6116918
node,3528128353,restaurant,Moni,,,55.7707345,37.6464596
node,3534111752,cafe,Шоколадница,Шоколадница,coffee_shop,55.7371909,37.6188273
node,3536208949,restaurant,Братья Третьяковы,,,55.7416518,37.6208525
node,3538306696,restaurant,Erwin. РекаМореОкеан,,,55.7520105,37.5687956
node,3547086581,cafe,Циники,,,55.7625654,37.5995868
node,3548119685,restaurant,Макото,,japanese,55.7557913,37.5559041
node,3548273987,cafe,Мацони,,georgian,55.7333565,37.6344606
node,3551766614,bar,Dictatura Æstetica,,,55.7466544,37.5990684
node,3552337976,restaurant,Пальмира,,,55.7666578,37.6069674
node,3559318738,restaurant,Sea-Тория,,sushi,55.7960265,37.5436833
node,3562062612,cafe,Барбос,,,55.7128676,37.576856
node,3562262001,cafe,Upside Down Cake Co.,,cake,55.7774907,37.6329172
node,3562262002,cafe,Кулинарная лавка братьев Караваевых,,,55.7254091,37.5631091
node,3573306105,bar,Жига Дрыга,,,55.7328503,37.6271233
node,3574451193,cafe,Кулинарная лавка братьев Караваевых,,,55.7507877,37.5993445
node,3575458265,cafe,Бистро,,oriental,55.7435204,37.6296229
node,3578172170,bar,Зеленая собака,,,55.7616774,37.6170892
node,3581411093,cafe,ЧаЕ,,,55.794188,37.665579
node,3586344494,cafe,Дубки,,,55.8004491,37.6795551
node,3586359895,fast_food,,,sausages;coffee_shop,55.7944055,37.674271
node,3587257493,cafe,Монастырская выпечка,,,55.765033,37.623916
node,3590264593,fast_food,Стардогs,Стардогs,sausage,55.7216177,37.5899019
node,3598897494,cafe,Tabera,,coffee_shop,55.7707098,37.6284925
node,3599930093,restaurant,Capo,,italian,55.7597564,37.6157774
node,3605700087,cafe,,,,55.7466402,37.7126693
node,3608696093,cafe,Либерто,,,55.7809234,37.6079304
node,3608701301,cafe,,,,55.7874103,37.6095154
node,3615331570,cafe,Coffee and the City,,coffee_shop,55.7904907,37.5479462
node,3615331572,cafe,Point 242,,coffee_shop,55.7079762,37.6811645
node,3615331574,cafe,Даблби,Даблби,coffee_shop,55.7409045,37.6228048
node,3615462508,cafe,Дринкит,Дринкит,coffee_shop,55.7739559,37.5848392
node,3615462511,fast_food,Теремок,Теремок,crepe;russian,55.7748372,37.5824411
node,3615462512,restaurant,Аляска,,seafood,55.765356,37.6343054
node,3620575095,cafe,Veranda,,,55.713959,37.549639
node,3628161795,cafe,Волконский,,cake,55.7526007,37.6057766
node,3628162397,cafe,Блюм,,,55.7533533,37.6050733
node,3630754593,cafe,Checkpoint,,,55.763526,37.6345716
node,3630806893,cafe,Зеленая дверь,,,55.7655452,37.632091
node,3630817993,cafe,Тайцы,,thai,55.766712,37.63106
node,3632408393,cafe,Бамбук и капуста,,,55.750815,37.5970965
node,3636920934,cafe,Ош Сити,,,55.7723655,37.5808887
node,3638722830,cafe,Дрозд,,coffee_shop,55.7704613,37.5839049
node,3638722833,cafe,Чебуречная на Тишинке,,,55.7697155,37.5846766
node,3639071092,cafe,Daily Food,,,55.7460564,37.6639628
node,3639492763,fast_food,СтоLOVaya,,,55.7666603,37.6643182
node,3641899493,bar,Шалфей и полынь,,,55.7660524,37.6401204
node,3642902908,bar,Pitcher,,,55.7301033,37.6252868
node,3642902909,fast_food,Cofix,Cofix,coffee_shop,55.765934,37.607572
node,3642902911,bar,ГлавПивМаг,,,55.7608437,37.646085
node,3642902912,restaurant,Кофемания,,coffee_shop,55.7521419,37.5881381
node,3644574789,cafe,Главпирог,,pie,55.7685553,37.684233
node,3644574790,restaurant,Jacky Jacky,,,55.7959981,37.5620461
node,3644574896,cafe,Сити кафе,,regional;international,55.7956486,37.5617738
node,3644574903,cafe,Кулинарная лавка братьев Караваевых,,,55.7589016,37.5528728
node,3644574910,cafe,Pizza? Si!,,pizza,55.7899938,37.6341837
node,3646156694,restaurant,Очаg,,,55.7245503,37.5735952
node,3646270744,cafe,Триумф,,georgian,55.7262178,37.5817509
node,3646658527,restaurant,Луар,,,55.733439,37.5777022
node,3656471070,cafe,Yugen,,coffee_shop,55.7861173,37.6135981
node,3656471078,pub,Big Jim’s,,,55.7573195,37.6024977
node,3656471080,restaurant,Брянский бык,,,55.7654131,37.631
node,3656613963,restaurant,Tilda,,,55.7644073,37.6009085
node,3658993472,restaurant,Георгиевское подворье,,georgian,55.7651208,37.5724036
node,3659068599,cafe,Культурный код,,coffee_shop,55.775971,37.5956266
node,3659068606,cafe,Караван-Л,,,55.7757604,37.5800935
node,3659068613,fast_food,Теремок,Теремок,crepe;russian,55.7778978,37.5872925
node,3661232027,cafe,Уголок вкуса,,,55.7860784,37.6345898
node,3661245425,cafe,Брусника,,,55.783615,37.6341245
node,3661703159,fast_food,The Лапша,,ramen,55.746907,37.6792921
node,3661703162,cafe,Манас,,,55.7469341,37.6790083
node,3662375605,fast_food,Теремок,Теремок,crepe;russian,55.7794169,37.6005439
node,3662375606,cafe,Шоколадница,Шоколадница,coffee_shop,55.7805505,37.6000918
node,3671728813,fast_food,,,,55.7736579,37.6554516
node,3671728815,food_court,,,,55.7740653,37.654572
node,3673025329,restaurant,Balzi Rossi,,italian,55.7593735,37.581671
node,3674742938,restaurant,Mr. Ливанец,,lebanese,55.763131,37.60957
node,3675627723,restaurant,Хинкальная Колхида,,georgian,55.7782341,37.5560064
node,3679274769,pub,Сильвер'с,,,55.7647806,37.65473
node,3680841354,cafe,Правда Кофе,Правdа кофе,coffee_shop,55.7867522,37.5805035
node,3681764625,cafe,СтарХит,,,55.7223237,37.6516555
node,3682445360,ice_cream,,,,55.7250649,37.5980266
node,3689700045,cafe,Hanoi,,vietnamese,55.7545805,37.6557095
node,3689700048,cafe,Пляж,,,55.7243673,37.5932896
node,3689700049,restaurant,Москва,,,55.7570001,37.6175175
node,3689700051,bar,Хлеб и вино,,,55.7641165,37.6076759
node,3693623391,fast_food,,,,55.704611,37.621143
node,3699841065,pub,Snooty Fox,,,55.7310154,37.5891494
node,3699842326,restaurant,Беби Джоли,,,55.7313916,37.5901849
node,3702089270,restaurant,Рукав,,,55.7488065,37.65706
node,3711746884,bar,Rule,,,55.7512978,37.6070209
node,3711746886,fast_food,Пян-се,,korean,55.7526851,37.6093401
node,3719243025,cafe,Поварская лавка,,,55.7613627,37.6834651
node,3722910206,cafe,МотоМосква,,,55.7226779,37.6906544
node,3723256785,restaurant,"Кузнецкий Мост, 20",,,55.7619215,37.611887
node,3725671025,fast_food,Rostic's,Rostic's,chicken,55.744144,37.5662386
node,3727080994,cafe,Crop,,coffee_shop,55.7342808,37.6070436
node,3727080999,cafe,Православная трапеза,,,55.7438987,37.6061744
node,3727081000,fast_food,Трапезная,,,55.7445867,37.6068941
node,3729390922,cafe,Волконский,,cake,55.7390127,37.5765786
node,3730553767,cafe,Брусника,,,55.7711999,37.6011558
node,3732989639,cafe,Burger Heroes,,burger,55.7416406,37.6252731
node,3733065639,bar,Night train,,,55.7164577,37.6901104
node,3736091405,cafe,Буфет № 11,,,55.751813,37.6016615
node,3737537203,cafe,Воронеж,,steak_house,55.7445453,37.6009803
node,3740083751,cafe,Pasta time,,,55.7080252,37.6552893
node,3740153637,cafe,Prime,Prime,coffee_shop,55.7090968,37.6538914
node,3740153639,restaurant,Друзья,,barbecue;grill;kebab,55.7098486,37.655188
node,3742540577,restaurant,Chef,,turkish,55.7521927,37.567917
node,3742832794,restaurant,Margarita bistro,,,55.763794,37.5939292
node,3743271120,fast_food,Стардогs,Стардогs,sausage,55.7942744,37.5867827
node,3744149102,pub,Crafter,,burger,55.7651238,37.6023565
node,3744149104,restaurant,Форте,,,55.762883,37.6010929
node,3744711926,restaurant,Osteria Mario,,italian,55.7584525,37.6393243
node,3744711929,restaurant,Il pizzaiolo,,italian,55.7657757,37.6029864
node,3747685126,restaurant,Steak It Easy,,steak_house,55.7790455,37.5881583
node,3751289501,cafe,Кочерга,,,55.7456329,37.5606193
node,3752620043,restaurant,Воронеж,,steak_house,55.744579,37.6011029
node,3757213186,cafe,Белый лист,,,55.7302813,37.6262951
node,3757337553,pub,Irishman,,,55.7643212,37.555566
node,3759046222,restaurant,Grange,,,55.7384885,37.5874115
node,3763177321,restaurant,Казан,,uzbek,55.7831543,37.5694107
node,3763177322,restaurant,Илья Муромец,,russian,55.7830626,37.5696214
node,3763579660,cafe,,,,55.7563064,37.5525398
node,3763579662,restaurant,Старый город,,,55.7359529,37.5709247
node,3767168590,cafe,Cultura Coffee,,coffee_shop,55.7231294,37.5609162
node,3768852599,ice_cream,,,,55.7089886,37.6573025
node,3775151214,cafe,Хинкали Point,,georgian,55.7546007,37.6376789
node,3782296720,bar,"Арт-площадка ""Массолит""",,,55.736563,37.6948808
node,3783061844,restaurant,Eden,,,55.7911003,37.6081569
node,3783462258,pub,Paddy's,,irish,55.777158,37.5852015
node,3784948862,restaurant,Гнездо глухаря,,,55.7723221,37.6224815
node,3787131218,fast_food,Суши Wok,Суши Wok,asian,55.7097313,37.6587204
node,3787744557,restaurant,Арарат,,armenian,55.7599316,37.6214205
node,3789015872,bar,Настоишная,,,55.7707254,37.5964008
node,3789015873,fast_food,Вкусная еда,,kebab,55.7685255,37.5977476
node,3792621613,cafe,Simit House,,turkish,55.778788,37.6239072
node,3796628847,restaurant,Mimi,,georgian,55.7286359,37.5641566
node,3797821791,restaurant,Zolberg,,,55.7936052,37.5449422
node,3804584615,fast_food,,,,55.7768535,37.6593499
node,3804584616,fast_food,Крошка Картошка,Крошка Картошка,potato,55.7770627,37.6587343
node,3804584619,fast_food,Rostic's,Rostic's,chicken,55.7766448,37.6581232
node,3806714470,fast_food,Плов центр,,uzbek,55.8074787,37.5725386
node,3808185865,pub,Rolling Barrels,,,55.7827402,37.7051051
node,3808185868,restaurant,Мандарин. Лапша и утки,,chinese,55.7581676,37.6256312
node,3808185869,fast_food,RomiRomi,,sandwich,55.7576387,37.6366097
node,3809084055,bar,Let's Twist,,,55.7276518,37.5800302
node,3809857258,bar,Movie & Co,,,55.7349731,37.5858257
node,3809925867,restaurant,Вареничная №1,,russian,55.7566151,37.6214793
node,3810177830,cafe,Бон Архитект,,,55.722218,37.6334732
node,3814060860,restaurant,Ткемали,,georgian,55.7582029,37.6271178
node,3818709630,bar,На кранах,,,55.7718202,37.6194293
node,3827657057,fast_food,Pizza Heart,Pizza Hut,pizza,55.7725221,37.6772754
node,3830804612,fast_food,Rostic's,Rostic's,chicken,55.7768397,37.6567583
node,3830804614,cafe,Гранд Гриль,,,55.7766461,37.6568565
node,3833047387,restaurant,IL Патио,IL Патио,italian,55.7763469,37.6569376
node,3834390971,fast_food,DOMИNO PIZZA,DOMИNO PIZZA,pizza,55.7807861,37.5914117
node,3834499721,fast_food,Донер-кебаб №1,,kebab,55.7774334,37.5854043
node,3838934520,restaurant,Рыбы нет,,steak_house,55.7590183,37.6253269
node,3841583194,fast_food,Столовая №2,,,55.7832137,37.6514304
node,3844250923,bar,Лора Крафт,,,55.7586965,37.6389417
node,3859593136,restaurant,Beer Happens,,,55.7705078,37.6332193
node,3860850317,bar,Kot шрёdiнгера,,,55.7653666,37.6112837
node,3860850320,pub,The Tipsy Pub,,,55.7805449,37.6017665
node,3860850325,cafe,Лепим и варим,,russian,55.763307,37.6150576
node,3860850327,restaurant,Рассольников,,russian,55.7875355,37.6357081
node,3865151377,fast_food,,,,55.7610789,37.5776865
node,3865151378,fast_food,,,,55.7611105,37.5774078
node,3865151400,fast_food,,,,55.7629488,37.5780556
node,3865151402,fast_food,,,,55.7633659,37.5771506
node,3875952489,fast_food,Rostic's,Rostic's,chicken,55.7123695,37.6560648
node,3876413469,cafe,Skuratov Coffee,Skuratov Coffee,coffee_shop,55.7551066,37.6014699
node,3876413474,restaurant,Оджахури,,georgian,55.7643305,37.655204
node,3893310160,bar,Bad.Bro.Bar,,burger,55.7745634,37.5816522
node,3893310161,restaurant,Wu Shu,,chinese,55.7707962,37.6252058
node,3893310165,cafe,Парос,,armenian,55.7717657,37.6738912
node,3904532221,restaurant,Дикий,,,55.7575156,37.6590404
node,3904952653,cafe,Jinju,,coffee_shop,55.7828956,37.6339219
node,3910356371,cafe,Хинкальная Гогиели,,,55.7494923,37.7189404
node,3914869144,bar,Touché,,,55.7556112,37.5626446
node,3917239406,bar,Underdog,,,55.7403052,37.6303688
node,3933712003,cafe,,,,55.7043011,37.5955958
node,3939278823,restaurant,Cote azur,,,55.781678,37.598508
node,3939278825,fast_food,Крошка Картошка,Крошка Картошка,potato,55.7946802,37.5890322
node,3939278830,cafe,Coffeeshop Company,Coffeeshop Company,coffee_shop,55.7817923,37.5984564
node,3939280600,fast_food,Кебаб,,kebab,55.7946401,37.5890358
node,3939280603,fast_food,Донер Кебаб,,,55.7947043,37.5882531
node,3944284124,fast_food,Блинная,,crepe,55.7772602,37.5817733
node,3946173960,restaurant,Mushrooms,,,55.7387359,37.6150649
node,3946173967,restaurant,"Есть хинкали, пить вино",,georgian,55.7597065,37.5972589
node,3953754943,cafe,Пит Брэд,,coffee_shop;cake;sandwich;burger,55.7374743,37.6165436
node,3953754944,cafe,Триумф,,,55.7472834,37.6076933
node,3954037358,fast_food,Бургер Кинг,Бургер Кинг,burger,55.7362369,37.5910152
node,3956705982,restaurant,Spaten House,,german,55.762315,37.6273459
node,3958206546,restaurant,Таможня дает добро,,,55.7950369,37.617342
node,3958305616,restaurant,Mozza,,italian,55.7784622,37.5880038
node,3958305620,bar,Наука и жизнь,,,55.7608611,37.62307
node,3958305621,bar,Молодёжь,,,55.7818513,37.5996707
node,3958305622,restaurant,Рёберная № 1,,,55.74096,37.6274399
node,3965383759,restaurant,Сабор Де Ла Вида,,,55.7678523,37.5586244
node,3965640257,restaurant,Гранд Европейский Экспресс,,,55.7447179,37.5663743
node,3967634574,restaurant,Восточная ночь,,,55.7629455,37.6794699
node,3971026968,restaurant,Коперник,,,55.7383423,37.6134862
node,3987695495,cafe,Don Giulio Pasticceria,,italian,55.7600771,37.6486509
node,3989633676,cafe,Даблби,Даблби,coffee_shop,55.7471201,37.6074749
node,3989633681,cafe,Pho Bo,,vietnamese,55.7222468,37.6518642
node,3998566806,cafe,Prime,Prime,coffee_shop,55.7733772,37.6207755
node,4002705282,cafe,Кафетериус,,coffee_shop,55.7229572,37.6928528
node,4007742108,cafe,Папа Вейдер,,international,55.7592396,37.6324362
node,4019793532,fast_food,Милти,,,55.7901566,37.5538918
node,4021706828,cafe,Чебуречная СССР,,,55.7705595,37.6322432
node,4027401019,fast_food,Rostic's,Rostic's,chicken,55.7943575,37.5877237
node,4027973845,bar,Parka,,,55.7414407,37.6283865
node,4027973846,cafe,Crosby Coffee Company,,coffee_shop,55.7673476,37.6088571
node,4027973852,restaurant,Северяне,,,55.7564903,37.6064197
node,4027973865,bar,13°,,,55.7723655,37.5969705
node,4028241612,cafe,Питербургер,,burger,55.7714688,37.6795831
node,4030098289,fast_food,Стардогs,Стардогs,sausage,55.7933989,37.5923518
node,4037292815,fast_food,Бургер Кинг,Бургер Кинг,burger,55.7582352,37.6572512
node,4039956669,fast_food,Rostic's,Rostic's,chicken,55.7362632,37.5909366
node,4039956671,cafe,Кулинария,,,55.7384681,37.5803527
node,4051080605,restaurant,Вареничная №1,,russian,55.7409647,37.6273068
node,4056663674,bar,Symposy,,tapas,55.7598049,37.6629716
node,4069604891,cafe,Кофе Хауз,Кофе Хауз,coffee_shop,55.7464387,37.682339
node,4069823189,cafe,Сити Пицца,,burger;seafood;pizza;pasta,55.8114652,37.6533026
node,4071758307,cafe,Scrocchiarella,,pizza,55.7586794,37.639607
node,4072640989,fast_food,Суши Wok,Суши Wok,asian,55.7454012,37.6817462
node,4073391198,restaurant,Хаджурао,,indian,55.7584368,37.5511699
node,4073901290,bar,NX,,,55.8134994,37.6203439
node,4073902590,pub,Beef time,,,55.8010669,37.636731
node,4074001189,fast_food,Burger Urway,,,55.7688433,37.5832602
node,4074606994,restaurant,Султан,,regional,55.7101661,37.6034701
node,4074727689,cafe,Цех,,international,55.764374,37.5811776
node,4075079189,cafe,Кулинария,,,55.7802009,37.5458436
node,4076234898,cafe,Кондитерская,,,55.7587697,37.5575969
node,4076678017,cafe,Даблби,Даблби,coffee_shop,55.761909,37.5625909
node,4077015689,cafe,Кулинарная лавка братьев Караваевых,,,55.7612427,37.6326927
node,4077670491,ice_cream,,Айсберри,,55.7270764,37.5828134
node,4086068889,fast_food,Теремок,Теремок,crepe;russian,55.7711229,37.5907668
node,4086863190,cafe,Cofix,Cofix,coffee_shop,55.7568131,37.6212521
node,4087886129,restaurant,Дастархан,,,55.7320917,37.5926769
node,4087954489,cafe,Территория Кофе,,,55.7871847,37.5799222
node,4092312654,cafe,Коворкафе,,coffee_shop,55.8053933,37.585398
node,4092709207,restaurant,Хинкальная,,georgian,55.7346678,37.5955276
node,4096762889,fast_food,Pho Bo,,vietnamese,55.7614142,37.6630084
node,4100396895,cafe,Lavazza,,,55.7962965,37.6167879
node,4104893322,restaurant,Жи Есть,,regional,55.7082538,37.5912745
node,4105550391,restaurant,Апельсин,,,55.7620019,37.680902
node,4106208808,cafe,Пан Запекан,,,55.7823334,37.7085459
node,4111555690,cafe,Surf Coffee,Surf Coffee,coffee_shop,55.7383488,37.6301639
node,4114431573,cafe,Торнадо,,,55.7094529,37.6223574
node,4114628801,restaurant,Max's Beef for Money,,steak_house,55.7619594,37.5986414
node,4114628805,bar,Проточный,,,55.7504305,37.5822543
node,4116009489,cafe,Миллениум,,,55.7685348,37.6245483
node,4116064671,fast_food,Крошка Картошка,Крошка Картошка,potato,55.704723,37.6385975
node,4116064672,fast_food,Бургер Кинг,Бургер Кинг,burger,55.704821,37.6380384
node,4117020292,cafe,Паскуччи,,coffee_shop,55.7567164,37.6788059
node,4119710090,fast_food,,,,55.7379071,37.721234
node,4120753594,restaurant,Легио,,japanese;international,55.7688947,37.5834864
node,4120857193,fast_food,Subway,Subway,sandwich,55.7693191,37.582393
node,4120857194,cafe,Блиняшка,,pancake,55.7692939,37.5824357
node,4120857196,cafe,Территория кофе,,,55.7694504,37.5827764
node,4120996200,cafe,Мадина,,,55.7381615,37.7168021
node,4121053689,restaurant,Экспромт,,,55.7457733,37.6775039
node,4123525021,restaurant,Русская охота,,russian,55.7452395,37.5801952
node,4123525023,cafe,White Fox,,,55.7436573,37.5781359
node,4123545089,cafe,Playground.ru,,,55.7687027,37.5834883
node,4124049235,fast_food,Nathan`s Famous,,hot_dog,55.7665113,37.630624
node,4124049237,restaurant,Loona,,,55.7623578,37.603649
node,4125872965,cafe,Камин,,,55.7734909,37.5838777
node,4126630689,restaurant,Ароматная река,,vietnamese,55.7620285,37.6803755
node,4127873201,cafe,White Fox,,cake;coffee_shop,55.7685179,37.5726997
node,4127984317,restaurant,Аль-Барака,,uyghur,55.7786223,37.7233975
node,4127984321,bar,Полковник и Байрон,,,55.778307,37.7216522
node,4128426251,cafe,Паблик кафе,,russian;breakfast;pizza;coffee_shop;european;burger;italian;seafood;steak_house;fish_and_chips;fish;pasta;salad;mediterranean;grill;sandwich;brunch;soup;dessert;tea;juice;pastry,55.7208497,37.6003827
node,4128489451,cafe,РОС,,,55.7716642,37.6037854
node,4129769492,fast_food,,,shawarma,55.7985099,37.6137243
node,4130512540,restaurant,Yura,,,55.7650701,37.6069375
node,4132817190,cafe,"Буфет-бар ""Бутербург""",,burger,55.7904102,37.5533279
node,4138905098,restaurant,Хачапури,,,55.7779029,37.6332858
node,4140856715,cafe,Coffee Like,Coffee Like,coffee_shop,55.7786449,37.6905339
node,4142818369,cafe,Верона,,,55.7343767,37.6616778
node,4142825993,cafe,Тирольские пироги,,donut;pizza;german;tea;cake;coffee_shop,55.7328635,37.6639478
node,4144981276,cafe,Рич Бро,,,55.7393594,37.6136048
node,4149492825,fast_food,,,kebab,55.759687,37.7156956
node,4151454483,restaurant,Стейкхаус,,steak_house,55.7529573,37.580177
node,4155689928,restaurant,Cutfish,,asian,55.7640076,37.595491
node,4161720598,fast_food,Хот-доги и кофе,,,55.7295763,37.6408145
node,4165442419,restaurant,Муфлон,,armenian,55.751355,37.6074035
node,4169241993,cafe,Presnja,,,55.763645,37.5658882
node,4170034989,bar,Брюс,,,55.7578706,37.6059161
node,4175715089,fast_food,Пончик №1,,donut,55.7295886,37.6409741
node,4178546092,cafe,Меркато,,italian,55.7973254,37.6746038
node,4181512895,cafe,Тирольские пироги,,cake,55.7727744,37.5909851
node,4187376093,cafe,Veranda,,,55.7266512,37.5961064
node,4187407800,cafe,Шоколадница,Шоколадница,coffee_shop,55.7290513,37.6115117
node,4187602445,ice_cream,Movenpick,,,55.7558969,37.6145071
node,4195919044,restaurant,Дорчестер,,,55.7541338,37.5576826
node,4197188189,cafe,Райский пирожок,,,55.7780597,37.6330588
node,4197249489,bar,Бигус,,,55.7845403,37.6738894
node,4198286694,cafe,Даблби,Даблби,coffee_shop,55.7290021,37.5585695
node,4198332831,restaurant,One Chef Studio,,,55.7681823,37.6147594
node,4198784794,cafe,Paul,Paul,,55.7354292,37.6425724
node,4198940491,cafe,Coffeeport,Coffeeport,coffee_shop,55.7865221,37.5947856
node,4198940497,restaurant,Dhaba,,indian,55.7818702,37.5919374
node,4199071189,cafe,Gustatore,,,55.7935889,37.5605127
node,4200155694,cafe,Буфет Паштет,,,55.760781,37.6512565
node,4202360079,restaurant,Ача-чача,,georgian,55.7805599,37.5746825
node,4207422890,cafe,Корпоративное кафе,,russian;breakfast,55.7453482,37.706233
node,4207597016,fast_food,Ракета,,burger;sandwich;coffee_shop;breakfast,55.7770217,37.5816954
node,4215556350,restaurant,Мясная карта,,steak_house,55.741975,37.5838847
node,4217647916,cafe,Ирина,,asian;korean,55.7138858,37.597313
node,4220088693,restaurant,100 хинкали,,georgian,55.7822916,37.5994521
node,4220233990,cafe,Wooden Door,,,55.7618887,37.6322174
node,4223293991,bar,Пиво? Пиво!,,,55.7484659,37.7196056
node,4223734917,bar,Винный базар,,,55.755716,37.6003444
node,4224018389,fast_food,Бургер Кинг,Бургер Кинг,burger,55.7900954,37.6798984
node,4228577356,fast_food,Милти,Милти,deli,55.7714086,37.6822567
node,4230075355,pub,Нора,,,55.7495537,37.7169221
node,4230075356,bar,44,,,55.7491664,37.7171691
node,4231626328,pub,2:2,,,55.768389,37.632381
node,4235494391,cafe,Кушон,,oriental,55.7227999,37.6909622
node,4235494490,fast_food,,,kebab,55.7225696,37.6907158
node,4240921769,fast_food,Римская пицца,,,55.7979259,37.66932
node,4241941479,fast_food,Блинная,,crepe,55.7576669,37.6606603
node,4243064030,restaurant,Мария Санта,,italian,55.76942,37.6250234
node,4243099390,fast_food,Папа Джонс,Папа Джонс,pizza,55.7426339,37.6634741
node,4243182089,fast_food,Buta House,,international;grill,55.7416584,37.6639737
node,4243211003,restaurant,Club Le Chateau,,,55.7467561,37.6591371
node,4243453923,fast_food,Теремок,Теремок,crepe;russian,55.7743336,37.546196
node,4243489454,bar,Широкую на Широкую,,serbian,55.7615105,37.6362353
node,4244620321,cafe,Минутка,,,55.7198386,37.6481015
node,4246901109,fast_food,Farsh,,burger,55.7747497,37.5821788
node,4247950418,restaurant,TGI Friday's,TGI Friday's,american,55.7904823,37.5336899
node,4247950423,cafe,Stars Coffee,Stars Coffee,coffee_shop,55.7900238,37.5308512
node,4247950425,cafe,Шоколадница,Шоколадница,coffee_shop,55.7902463,37.5339119
node,4248312989,restaurant,0.75 please,,,55.7463408,37.5802745
node,4256079192,fast_food,Между делом,,,55.7177033,37.6133617
node,4256189407,restaurant,Guests in thе city,,,55.7390747,37.6055655
node,4258578539,restaurant,Баловень,,,55.7295902,37.5874847
node,4260999693,restaurant,Гранатовый сад,,oriental;bavarian,55.7336853,37.5363109
node,4264145900,cafe,Кулинарная лавка братьев Караваевых,,,55.7788298,37.6000635
node,4268227997,bar,I Like Wine 2.0,,,55.7358442,37.5867365
node,4268282238,cafe,,,,55.7695171,37.5228743
node,4269953020,cafe,Чайных Дел Мастерская,,tea,55.7609557,37.6355068
node,4270645089,cafe,Stars Coffee,Stars Coffee,coffee_shop,55.7339639,37.6671314
node,4271549718,bar,Моряк и чайка,,,55.7414544,37.6287328
node,4274126189,restaurant,Jam Club Мьюзик,,,55.7684211,37.6316762
node,4275640334,cafe,Black Milk,,coffee_shop,55.77048,37.6242631
node,4275872427,fast_food,Бургер Кинг,Бургер Кинг,burger,55.7566499,37.659438
node,4287485492,cafe,Zoo Парк Экспресс,,,55.7627854,37.5808484
node,4288630770,bar,Посторонним В.,,,55.7122882,37.6578732
node,4292657340,cafe,Шашлычок-24,,,55.7493841,37.6649603
node,4298533593,bar,Штольня,,,55.7540713,37.6368607
node,4298662319,fast_food,Бургер Кинг,Бургер Кинг,burger,55.792891,37.6364655
node,4298837989,restaurant,Tacobar,,mexican,55.7329842,37.6276582
node,4299108915,fast_food,Hesburger,Hesburger,burger,55.7501075,37.5932527
node,4304619002,cafe,Loft,,coffee_shop,55.8049005,37.5896439
node,4304619003,bar,Танцы,,mediterranean,55.7388469,37.6054369
node,4304948198,cafe,Восточная сказка,,,55.7781125,37.6621212
node,4304948201,restaurant,Ferragosto,,,55.7774522,37.6606961
node,4305977330,cafe,Meat me,,,55.7217997,37.6106186
node,4307037694,restaurant,Чонг Донг,,vietnamese,55.7840978,37.7098662
node,4309385689,cafe,Натахтари,,georgian,55.7696871,37.6324006
node,4310443572,cafe,,,,55.7642921,37.5742852
node,4311413779,ice_cream,Айсберри,Айсберри,,55.7370848,37.5240383
node,4311488220,restaurant,Нияма,,pizza,55.7408456,37.6546612
node,4311488221,restaurant,Пицца-Пи,,pizza,55.740833,37.6544971
node,4311488223,cafe,Мегрелия,,georgian,55.7397994,37.6540601
node,4313134889,cafe,Даблби,Даблби,coffee_shop,55.7411126,37.6347992
node,4314109437,bar,Beermood,,italian,55.7604868,37.6464661
node,4314160631,restaurant,Мзиани,,georgian,55.7469088,37.654974
node,4314160634,cafe,Пан Запекан,,,55.7462474,37.6548767
node,4316836321,restaurant,Archie,,,55.7218647,37.5725985
node,4320679289,fast_food,Domino Pizza,Domino Pizza,pizza,55.7575214,37.7128
node,4321476094,cafe,Панда,,asian,55.708528,37.5873348
node,4322360590,fast_food,,,,55.7392194,37.5423764
node,4322875202,restaurant,Старина Мюллер,,german,55.7592597,37.5567551
node,4322910589,restaurant,Старина Мюллер,,german,55.7343223,37.6626142
node,4323567453,cafe,Prime,Prime,coffee_shop,55.7425356,37.6521799
node,4328081396,cafe,,,,55.7671111,37.6638902
node,4328148503,restaurant,Wine and Crab,,seafood,55.7584374,37.6238125
node,4328148505,restaurant,Мясо & Рыба,,russian;mediterranean;fish;european,55.7666389,37.5999007
node,4329376089,fast_food,,,shawarma,55.7899894,37.6799404
node,4331984493,fast_food,,,,55.7337892,37.6641909
node,4337099268,restaurant,Hite,,korean,55.7281757,37.6242705
node,4337099272,restaurant,Юджунг,,korean,55.7545603,37.5577095
node,4337761991,bar,Beerman's Brewing Company,,,55.7048745,37.6753134
node,4340777137,cafe,Котики и люди,,,55.7766368,37.6302861
node,4343208491,fast_food,,,,55.7260049,37.5270644
node,4343693789,restaurant,Мир,,chinese,55.7899351,37.6316955
node,4344518800,cafe,2/7,,coffee_shop,55.7634647,37.6428938
node,4344518803,cafe,Пушкарёв,,russian,55.7689625,37.6274979
node,4345082390,cafe,Сэр Хинкаль,,georgian,55.717678,37.6220411
node,4346901393,cafe,Брусника,,,55.765527,37.5639481
node,4348328190,cafe,Столовая,,,55.7717718,37.5181874
node,4348332190,cafe,Столовая,,,55.7704647,37.5196916
node,4348333389,fast_food,,,,55.7663209,37.525519
node,4349033921,restaurant,Чайхана Инжир,,,55.7763385,37.6488541
node,4350554979,cafe,Эспрессиум,,coffee_shop,55.7717465,37.6368879
node,4350916300,fast_food,Обедов,,,55.7742997,37.5202701
node,4352502289,bar,Штаб,,,55.7771658,37.5563462
node,4352909980,restaurant,IL Патио,IL Патио,italian,55.7805508,37.6317126
node,4353523189,fast_food,Стардог!с,,hot_dog,55.7796725,37.557149
node,4354555190,fast_food,Донер кебаб,,kebab,55.7217489,37.609733
node,4357610594,cafe,Кофе с собой,,,55.8070078,37.645716
node,4363078369,pub,Speaker,,,55.7633553,37.6548765
node,4365072918,restaurant,Мануфактура,,,55.7007116,37.6217858
node,4365072920,restaurant,Новоданиловский,,,55.7012317,37.6251038
node,4375522645,restaurant,Lui,,mediterranean,55.7431892,37.6101146
node,4385687866,cafe,Here'n'now,,coffee_shop,55.7535227,37.6056618
node,4386309387,cafe,Даблби,Даблби,coffee_shop,55.7729185,37.6521782
node,4387356892,cafe,Bee's Knees,,,55.7041918,37.6150607
node,4388752090,cafe,КофеМаус,,,55.7225772,37.6322957
node,4391606091,fast_food,Делофф,,russian;georgian;breakfast,55.7555097,37.6546748
node,4393752063,restaurant,Амбассадория,,,55.7302199,37.589145
node,4393752069,bar,ТСЛ,,,55.7585691,37.5543956
node,4400788094,fast_food,Франклинс Бургер,,burger,55.7047366,37.6384534
node,4400788095,fast_food,Rostic's,Rostic's,chicken,55.7047873,37.6381681
node,4400788096,fast_food,Saltenas,,mediterranean,55.7047265,37.6390216
node,4400788100,fast_food,Теремок,Теремок,crepe;russian,55.7047192,37.6388804
node,4400788102,cafe,Pims,,coffee_shop,55.7047589,37.6383043
node,4400915479,fast_food,Пит-Стоп,,,55.7297317,37.6393292
node,4401291194,cafe,Трапезная,,russian;georgian,55.8036923,37.5635586
node,4402075204,cafe,Кивин,,regional,55.7937854,37.6178134
node,4402914747,cafe,Roaster coffee,,coffee_shop,55.7719685,37.5981882
node,4403223578,restaurant,Royal,,chinese,55.7543287,37.6261085
node,4404275044,fast_food,,,,55.7851906,37.6296555
node,4405541816,cafe,Urban kitchen,,,55.7169952,37.6234618
node,4405620793,fast_food,Шашлык на углях,,kebab,55.739602,37.7205367
node,4417314397,restaurant,Чокань,,serbian,55.7236631,37.6079898
node,4423519096,restaurant,Батони,,georgian,55.7464526,37.5612058
node,4423985177,cafe,Coffeeport,Coffeeport,coffee_shop,55.75373,37.6057467
node,4423985178,cafe,Брусника,Брусника,,55.753627,37.6057053
node,4424292054,cafe,Jeffreys coffeeshop,,coffee_shop,55.7624457,37.567558
node,4424292055,bar,Pivbar,,,55.7623535,37.5638915
node,4426336157,restaurant,Mama Tuta,,georgian,55.763354,37.5944617
node,4428565992,fast_food,Stardogs,Stardogs,hot_dog,55.7871816,37.5603137
node,4436111181,fast_food,Tuk Tuk,,asian,55.7047114,37.6392051
node,4437784590,cafe,Правда Кофе,,coffee_shop,55.7403785,37.609686
node,4440505191,cafe,ПроКофе,,coffee_shop,55.7332917,37.5517419
node,4450367660,bar,Los Bandidos,,,55.7572764,37.6324446
node,4451074144,cafe,Столовая,,,55.723282,37.6227477
node,4453628430,cafe,Аджария,,georgian,55.7597469,37.6098742
node,4453628431,cafe,Нам,,vietnamese,55.7340394,37.5643185
node,4453628433,bar,Прогресс,,,55.7713712,37.5702556
node,4455202189,cafe,Кулинарная лавка братьев Караваевых,,,55.7278157,37.6306313
node,4455268825,bar,KillFish,,,55.7572801,37.6334437
node,4455295890,fast_food,Pizza Heart,Pizza Hut,pizza,55.7460821,37.6820172
node,4457908215,pub,Crab pub,,,55.7329113,37.6437065
node,4457908217,bar,Drunk Punk,,,55.7605498,37.6624712
node,4457908220,pub,O'Donoghue's,,,55.7408481,37.6291053
node,4457908222,pub,Schwarzkaiser,,,55.7796428,37.6445057
node,4458172375,fast_food,,,,55.732626,37.5506911
node,4458172376,restaurant,Чайхона,,,55.733064,37.5525485
node,4460703455,restaurant,Казбек,,georgian,55.7547896,37.5606261
node,4463321543,restaurant,Урюк,,uzbek,55.7053371,37.6396679
node,4463321544,fast_food,Cinnabon,Cinnabon,dessert,55.7052294,37.6404186
node,4463680309,restaurant,Дуровъ,,european;sandwich,55.7195073,37.6268917
node,4464720792,cafe,Даблби,Даблби,coffee_shop,55.7513258,37.596524
node,4464723492,cafe,Даблби,Даблби,coffee_shop,55.7470563,37.5388853
node,4464723493,cafe,Даблби,Даблби,coffee_shop,55.7497013,37.5378245
node,4466031400,cafe,Даблби,Даблби,coffee_shop,55.7579589,37.6584436
node,4466373476,bar,БарДАк,,,55.7490899,37.5919338
node,4469720498,restaurant,Ovo,,,55.7500433,37.5841153
node,4469720499,restaurant,NiJi,,japanese,55.7385883,37.5813598
node,4469804595,fast_food,Вкусно — и точка,Вкусно — и точка,burger,55.7836022,37.7190475
node,4469858090,fast_food,Rostic's,Rostic's,chicken,55.783429,37.719625
node,4469865189,cafe,Coffee moon,,coffee_shop,55.7835618,37.71906
node,4472448196,cafe,Даблби,Даблби,coffee_shop,55.7832112,37.5604908
node,4472448198,cafe,Даблби,Даблби,coffee_shop,55.7903048,37.533601
node,4472518491,cafe,Даблби,Даблби,coffee_shop,55.7779052,37.6330075
node,4472530390,cafe,Даблби,Даблби,coffee_shop,55.7916749,37.7057815
node,4475058594,fast_food,Басманный парк,,,55.7671499,37.6573936
node,4475440190,pub,Piggy,,,55.7537799,37.6372227
node,4476978889,cafe,Брик Бистро,,,55.7418471,37.6526794
node,4478263789,restaurant,Вареничная №1,,russian,55.7307719,37.6417643
node,4478263890,fast_food,,,,55.7288421,37.6375572
node,4478263989,cafe,Айва,,uzbek,55.7317326,37.6407361
node,4478266392,fast_food,Кофе на ходу,,coffee_shop,55.7434813,37.5674569
node,4478271590,cafe,Экспресс-кафе,,,55.7434194,37.5661685
node,4478277491,restaurant,Мукузани,,,55.7419562,37.5680785
node,4478289990,cafe,Привет Буфет,,,55.743112,37.5645438
node,4479025192,fast_food,Subway,Subway,sandwich,55.7429687,37.5679162
node,4479045492,cafe,Кафетерии,,,55.7431434,37.5677302
node,4479056691,fast_food,Subway,Subway,sandwich,55.743575,37.5668698
node,4486254291,fast_food,Стардогs,Стардогs,sausage,55.743015,37.5677099
node,4486289089,cafe,Cofix,Cofix,coffee_shop,55.7299199,37.6392738
node,4486317789,cafe,Добродар,,,55.7428695,37.5670799
node,4486860889,bar,Амстел Боулинг,,,55.7449553,37.5668793
node,4487685316,ice_cream,айсберри,,,55.7408739,37.5359138
node,4487866793,fast_food,Крошка Картошка,Крошка Картошка,potato,55.7447764,37.5642723
node,4487866991,fast_food,Tutti Frutti,,,55.7445638,37.5654254
node,4487867093,restaurant,Mammina,,,55.744975,37.5670397
node,4489246389,fast_food,Бургер Кинг,Бургер Кинг,burger,55.7725414,37.6768414
node,4489676992,fast_food,Калимера,,,55.7445829,37.5653704
node,4489681789,fast_food,Крошка Картошка,Крошка Картошка,potato,55.7446088,37.5653184
node,4489681889,fast_food,JD Burger,,,55.744637,37.5652664
node,4490504890,fast_food,Best Kebab,,kebab,55.7447406,37.5649794
node,4490504891,fast_food,Yam Kee,,,55.7447344,37.5651454
node,4490504892,fast_food,Сбарро,,,55.7447839,37.5651454
node,4490578189,fast_food,Saj & Falafel,,,55.7446589,37.5652354
node,4490578190,fast_food,Воккер,Воккер,noodle,55.7448535,37.5653057
node,4490578289,fast_food,Sushilka,,,55.7448192,37.5653727
node,4490578389,restaurant,Грабли,,russian,55.7448355,37.5651576
node,4490972590,cafe,Demi Coffee Shop,,coffee_shop,55.7944968,37.6128248
node,4491541990,fast_food,Saltenas,,,55.7447415,37.5655637
node,4491596989,fast_food,Джери Вингс,,,55.7447876,37.5654427
node,4491597089,fast_food,Rostic's,Rostic's,chicken,55.7447651,37.5655087
node,4491597189,ice_cream,Baskin-Robbins,Baskin-Robbins,ice_cream,55.7447195,37.5656277
node,4491597289,restaurant,Елки-Палки,,,55.7446576,37.5657047
node,4491597290,fast_food,Cinnabon,Cinnabon,dessert,55.7446059,37.5656738
node,4491597389,cafe,CoffeeShopeCompany,,,55.7449048,37.5660457
node,4497027689,cafe,Кулинарная лавка братьев Караваевых,,,55.7648797,37.6202815
node,4500262907,restaurant,The Waiters,,,55.7402125,37.6123964
node,4500262909,cafe,Хинкали Point,,georgian,55.780842,37.5928404
node,4500262919,restaurant,Corner,,asian,55.7513829,37.586701
node,4504229872,fast_food,Rostic's,Rostic's,chicken,55.7282153,37.5802066
node,4504658091,restaurant,Гранд Урюк. Березка,,uzbek,55.7477347,37.5391941
node,4504681189,cafe,Coffee Bean,,coffee_shop,55.748159,37.539777
node,4505657390,cafe,PrimestarCoffee,,,55.7445244,37.567511
node,4508520528,fast_food,Бургер Кинг,Бургер Кинг,burger,55.7834817,37.719085
node,4508520594,restaurant,Открытая кухня,,,55.7484544,37.5404908
node,4508524596,restaurant,Bread&Meat,,,55.7483493,37.540606
node,4508528292,fast_food,Воккер,Воккер,noodle,55.7479563,37.5402182
node,4508568792,restaurant,BB&Burger,,burger,55.748271,37.539566
node,4508600989,restaurant,ABC Kitchen,,,55.748303,37.539637
node,4508606789,cafe,Smoothie&Coffee,,,55.748197,37.53935
node,4508771213,fast_food,Rostic's,Rostic's,chicken,55.7176252,37.6775297
node,4508771214,fast_food,Rostic's,Rostic's,chicken,55.7103396,37.6748658
node,4508771215,fast_food,Бургер Кинг,Бургер Кинг,burger,55.7102802,37.6751997
node,4509693511,restaurant,1812,,italian,55.7357087,37.5245084
node,4512025489,fast_food,Папа Джонс,Папа Джонс,pizza,55.7333654,37.5925152
node,4513520990,fast_food,Оранжерея,,russian;sushi;local,55.8065466,37.588251
node,4513537089,cafe,Шпинат,,,55.8065811,37.5885133
node,4514403806,restaurant,Фу Сян,,chinese,55.7390917,37.526172
node,4515125992,fast_food,Столовая Моспроект-3,,,55.7722626,37.5875935
node,4515853189,fast_food,Food Dep,,,55.8051342,37.5897482
node,4516036996,restaurant,I like grill,,,55.7351707,37.585254
node,4518766390,fast_food,Healthy Food,,,55.7470561,37.5390903
node,4518767289,cafe,Coffeeport,Coffeeport,coffee_shop,55.7469859,37.5391657
node,4518774289,restaurant,Старая Мансарда,,,55.7247411,37.5619947
node,4518776389,fast_food,Тарелка,,,55.7240677,37.5610813
node,4518777690,cafe,Prime,Prime,coffee_shop,55.747037,37.5388218
node,4518786009,restaurant,Buba by Sumosan,,japanese,55.7473802,37.5391285
node,4520329194,bar,Биртайм,,,55.781869,37.6009775
node,4520375491,bar,Ситуация,,,55.7823196,37.6001954
node,4521575849,pub,The Cross Keys,,,55.7670982,37.6061973
node,4521575851,fast_food,БентоWok,,noodle,55.76577,37.608594
node,4521741413,restaurant,Сэлэнгэ,,mongolian;buryat,55.7703441,37.6047693
node,4522706690,cafe,Сокольническая застава,,,55.7907799,37.6829
node,4523598735,ice_cream,Baskin-Robbins,Baskin-Robbins,ice_cream,55.7609293,37.583018
node,4526138574,fast_food,Еврокафе,,,55.7550879,37.6609186
node,4526138577,fast_food,,,,55.7553075,37.6606936
node,4527996490,cafe,Брусника,,,55.7474035,37.5978887
node,4528267333,fast_food,,,,55.7374116,37.6315653
node,4529829226,fast_food,Rostic's,Rostic's,chicken,55.7489855,37.5390289
node,4529839625,fast_food,Rostic's,Rostic's,chicken,55.6960495,37.6648533
node,4532087459,fast_food,Rostic's,Rostic's,chicken,55.7700313,37.6207078
node,4539563025,restaurant,Il Rosso,,,55.7218759,37.5630297
node,4541759629,cafe,Coffee Life,,coffee_shop,55.7154001,37.6967586
node,4545161767,cafe,Советские времена,,,55.7858901,37.6590796
node,4546201419,cafe,Prime,Prime,coffee_shop,55.7607757,37.6625818
node,4546201422,cafe,Кулинарная лавка братьев Караваевых,,,55.7610083,37.6626469
node,4546201424,fast_food,Теремок,Теремок,crepe;russian,55.7612029,37.6628387
node,4546201427,fast_food,vkusno.cafe,,,55.7613938,37.6628991
node,4546201455,restaurant,"Есть хинкали, пить вино",,georgian,55.7446233,37.6268614
node,4548034396,cafe,,,,55.7880221,37.6621008
node,4548103389,cafe,,,,55.7870238,37.6740338
node,4549593693,restaurant,Клубный дом Svoy,,deli;breakfast;italian;pasta,55.7667471,37.6136398
node,4550925493,cafe,Грабли,,international;russian,55.7601389,37.6258707
node,4551366004,cafe,Хинкальная,,georgian,55.748045,37.5993562
node,4557354215,bar,Спица,,,55.7592414,37.625045
node,4557354216,pub,Connolly station,,irish,55.7622393,37.6127444
node,4557354217,restaurant,Didi,,georgian,55.7597692,37.6012252
node,4557354223,restaurant,Steak It Easy,,steak_house,55.7483714,37.5380776
node,4558120390,cafe,Foodland,,,55.7568506,37.611985
node,4566906111,cafe,Surf Coffee,Surf Coffee,coffee_shop,55.7641925,37.6202111
node,4568155389,cafe,Кулинарная лавка братьев Караваевых,,,55.7378025,37.6350218
node,4568729918,restaurant,Oxus,,uzbek,55.7884559,37.6181567
node,4568729919,restaurant,Ruski,,russian,55.7492437,37.5341879
node,4570385629,fast_food,Udon Noodle Bar,,japanese;noodle,55.7788893,37.5872111
node,4575209428,bar,Dictatura Æstetica,,,55.7403598,37.6086876
node,4576644497,cafe,Циники,,,55.771081,37.5958169
node,4579285185,cafe,М Кафе,,,55.7496648,37.5405038
node,4580483591,restaurant,Хинкальная,,georgian,55.7266973,37.5616706
node,4582405345,fast_food,Slider's,,burger,55.7729789,37.6282428
node,4584264593,restaurant,Lucky,,regional;sushi;coffee_shop;friture;beef_bowl;pasta;russian;chicken,55.7097279,37.6528766
node,4593715304,fast_food,ПельмешкинЪ,,,55.7351481,37.5696602
node,4597324936,cafe,Городское кафе,,,55.7343246,37.5675663
node,4597699504,pub,Местный,,,55.7075841,37.5765188
node,4598315947,cafe,Burger Heroes,,burger,55.7660744,37.6079057
node,4598315951,restaurant,Sölna,,,55.7612002,37.6359683
node,4599989515,pub,Paulaner Brauhaus,,german,55.78478,37.623576
node,4600524704,fast_food,Вкусно — и точка,,burger,55.780085,37.6335642
node,4601184798,cafe,Cup n Cup,,,55.7813834,37.5721275
node,4601224192,fast_food,,,,55.7968215,37.6410289
node,4603721003,cafe,Black Milk,,coffee_shop,55.7566559,37.6393252
node,4603995962,restaurant,Батони,,georgian,55.7442008,37.5830195
node,4607891189,cafe,Штолле,Штолле,pie,55.7376505,37.6631344
node,4607984508,restaurant,Пробка,,,55.7623057,37.6351013
node,4607984513,fast_food,Бодрый день,,coffee_shop,55.7862613,37.5836805
node,4607984514,restaurant,Cevicheria,,seafood,55.7385901,37.6051939
node,4607984516,restaurant,Boston,,seafood,55.7290005,37.6445764
node,4608155910,fast_food,Теремок,Теремок,crepe;russian,55.6959493,37.6646107
node,4608166891,fast_food,Вкусно — и точка,,burger,55.6958033,37.6646946
node,4611205432,restaurant,,,,55.7223599,37.6184574
node,4611925094,cafe,Festa & Тесто,,,55.7853135,37.7103431
node,4614154098,restaurant,Миндаль,,,55.7439648,37.5656628
node,4614154099,restaurant,Путь Барашка,,,55.7442671,37.5664407
node,4614154190,restaurant,Хинкальная,,,55.7442935,37.5661307
node,4614154295,fast_food,Хот Дог Киоск,,hot_dog,55.7450844,37.5666425
node,4614155600,fast_food,Dunkin',Dunkin',donut;coffee_shop,55.744031,37.5658418
node,4614159195,restaurant,Ваби Саби,,japanese,55.7443491,37.5659998
node,4614181990,restaurant,Burger&Pizzetta,,,55.744252,37.5662616
node,4614181991,cafe,Кофе Хауз,Кофе Хауз,coffee_shop,55.7452108,37.5657523
node,4615859572,restaurant,Шануар,,french,55.7627925,37.6040554
node,4616197189,fast_food,Вкусно — и точка,Вкусно — и точка,burger,55.7468694,37.6798484
node,4618423114,bar,Magnum,,,55.7782588,37.5866271
node,4618650301,restaurant,Порто Миконос,,greek,55.7829309,37.6012829
node,4618650316,cafe,Правда Кофе,Правdа кофе,coffee_shop,55.7805386,37.6007426
node,4618650337,cafe,ЛандринЪ,,coffee_shop,55.780415,37.6011812
node,4618650344,cafe,Cofix,Cofix,coffee_shop,55.7810918,37.6016228
node,4618650605,cafe,Кофемлет,,,55.7818481,37.6008568
node,4618650606,bar,Настоишная,,,55.7818119,37.6006764
node,4625212190,cafe,EVOO,,,55.7238788,37.6368684
node,4625879087,cafe,Чайхана,,,55.762287,37.5642392
node,4625880617,cafe,Coffee Hub,Coffeeport,coffee_shop,55.7603537,37.5803433
node,4632221068,cafe,Prime,Prime,coffee_shop,55.7820451,37.5983089
node,4632221069,cafe,Prime,Prime,coffee_shop,55.7585876,37.65722
node,4632424946,fast_food,Farsh,,burger,55.7269575,37.6258874
node,4632424954,fast_food,Farsh,,burger,55.7461942,37.682103
node,4632424963,bar,Практика,,,55.7706712,37.5817475
node,4632424966,restaurant,Андерсон,,,55.7449663,37.597665
node,4637001471,restaurant,Дудук,,armenian,55.7181236,37.6616837
node,4638293305,cafe,Столовая №1,,,55.8019057,37.637041
node,4639966292,restaurant,Хинкальная,,,55.7604677,37.6624109
node,4640025589,cafe,Кофе Хауз,Кофе Хауз,coffee_shop,55.760513,37.6623003
node,4643672389,cafe,Дайте Два,,coffee_shop,55.7712202,37.5905457
node,4643963096,fast_food,Coffee point,,coffee_shop,55.7708111,37.5962751
node,4644227169,cafe,Шоколадница,Шоколадница,coffee_shop,55.7251054,37.5801893
node,4646568489,cafe,,,coffee_shop,55.7770738,37.5817992
node,4648522689,pub,Pauwel Kwak,,,55.757898,37.6390713
node,4659823569,bar,Leda,,,55.7662586,37.6510826
node,4663234756,cafe,Hookeh Самса,,coffee_shop,55.7301752,37.6439407
node,4665268694,restaurant,Posolite,,georgian,55.7048617,37.6166486
node,4672978984,cafe,Ароматный кофе,,noodles;cake;pizza,55.7310464,37.577425
node,4676873971,bar,Marion,,,55.7586709,37.642178
node,4676902691,pub,Black Harp,,,55.7429453,37.6275886
node,4683706789,cafe,Кулинарная лавка братьев Караваевых,,,55.7485762,37.5420473
node,4692425789,fast_food,Farsh,,burger,55.7280817,37.580363
node,4692452689,fast_food,Subway,Subway,sandwich,55.7798932,37.6045215
node,4693648314,cafe,Автомаркет,,,55.7834066,37.6044272
node,4695440791,bar,Руки вверх,,,55.7387707,37.6743069
node,4695534893,cafe,Шоколадница,Шоколадница,coffee_shop,55.7306231,37.6456274
node,4701822603,restaurant,Ketch Up,,burger,55.7611362,37.6171686
node,4701822604,fast_food,Чан-Чан,,chinese,55.7767972,37.5855999
node,4702025789,pub,Изи Паб,,,55.7824907,37.5312762
node,4713897689,cafe,Кафе Дель Парко,,coffee_shop,55.7503752,37.5939244
node,4714015474,fast_food,,,kebab,55.7824042,37.7019778
node,4714015484,restaurant,Парламент,,,55.7797582,37.6932529
node,4714015486,fast_food,,,,55.776736,37.6803455
node,4720464701,restaurant,Клёво,,seafood,55.7678538,37.6135041
node,4720464706,restaurant,Yak house,,,55.7448462,37.6297751
node,4720464707,restaurant,Матрешка,,russian,55.7522802,37.5673135
node,4720968989,fast_food,Калач и какао,,,55.7765571,37.6747143
node,4720968990,fast_food,Bao + Noodles,,noodle,55.7767853,37.6745387
node,4720968991,fast_food,Plov.com,,,55.7765828,37.6746808
node,4720968992,fast_food,Baran baran,,,55.7764361,37.6748821
node,4723933852,cafe,Магнолия,,,55.7582001,37.6392997
node,4724332091,cafe,Surf Coffee,Surf Coffee,coffee_shop,55.7586704,37.6129187
node,4724750788,restaurant,O Mela,,,55.7628018,37.5959182
node,4725349358,fast_food,Донер,,kebab,55.7289732,37.6114329
node,4728996928,fast_food,vkusno.cafe,,,55.7612735,37.6628092
node,4728996932,cafe,Newtone,,,55.7547996,37.5977146
node,4728996980,cafe,Компот,,,55.7537981,37.6626107
node,4730381091,cafe,Волконский,,cake,55.7342975,37.5649082
node,4731801418,bar,Винный базар,,,55.7682089,37.615961
node,4736659866,cafe,Here'n'Now,,coffee_shop,55.7538185,37.6617363
node,4737832890,fast_food,Ладушки оладушки,,,55.7090503,37.5959992
node,4739328257,ice_cream,,,,55.7111095,37.6196295
node,4739572516,fast_food,Теремок,Теремок,crepe;russian,55.7089885,37.5945748
node,4739726508,cafe,Уютбуфет,,,55.700277,37.5726495
node,4740186255,cafe,,,,55.7696022,37.6672871
node,4745186443,restaurant,Piazza Italiana,,italian,55.7380332,37.6040181
node,4745818244,fast_food,Правда Кофе,Правdа кофе,coffee_shop,55.7636556,37.6573452
node,4745818788,restaurant,Генацвале,,georgian,55.7602194,37.6567869
node,4745899895,cafe,Грамотный Кофе,,coffee_shop,55.7601305,37.6467933
node,4748617160,fast_food,Subway,Subway,sandwich,55.7092019,37.5944173
node,4749204521,cafe,Caffein Lab,,coffee_shop,55.7818292,37.6967669
node,4750935318,fast_food,Пончиковая,,,55.7415274,37.6283814
node,4751591243,cafe,,,,55.7323298,37.5647208
node,4754436174,cafe,Кофе остров,,,55.7427457,37.625189
node,4758366142,cafe,Thai Kitchen,,thai,55.7811702,37.5866105
node,4763136133,fast_food,,,coffee_shop,55.7691739,37.6574069
node,4764989681,cafe,Campus,,regional,55.73775,37.6035981
node,4766977027,cafe,Floo,,coffee_shop,55.8064998,37.5843029
node,4769507532,cafe,Пловно-сытно,,,55.7199357,37.6260983
node,4769904521,cafe,Тирольские пироги,,pie,55.7482455,37.5924018
node,4770108621,bar,Grabbeer,,sandwich,55.7803359,37.5345781
node,4771892346,bar,StereoPeople,,,55.7820778,37.5996993
node,4771892405,fast_food,Krunchy Dream,,donut,55.7604559,37.614584
node,4775040929,bar,Berlin,,,55.7668704,37.5971366
node,4777794833,cafe,Сыто Piano,,,55.7634911,37.6066773
node,4782893124,fast_food,United Kitchen,,,55.7121863,37.6211109
node,4782893125,fast_food,Ребро Адама,,steak_house,55.7119853,37.6202405
node,4782893126,fast_food,Plov.com,,uzbek,55.7121962,37.6201445
node,4782893127,fast_food,Дагестанская лавка,,caucasian,55.7122935,37.6201923
node,4786527213,cafe,Pho,,vietnamese,55.7614817,37.5622169
node,4786527219,bar,Номер 15,,,55.7691466,37.6318551
node,4786528884,fast_food,,,,55.7224898,37.6906205
node,4786529026,restaurant,Рамен-Клаб,,ramen,55.7365792,37.6405029
node,4786529028,restaurant,Бутчер,,steak_house,55.7361505,37.6407642
node,4786529029,restaurant,Sugar,,,55.750675,37.5986119
node,4786529032,fast_food,Greka Gyros,,greek,55.7328316,37.5921417
node,4786529033,cafe,Holy Basil Café,,,55.7745357,37.5889036
node,4786529034,fast_food,Три утки,,chinese,55.7119146,37.6205101
node,4786529035,restaurant,Atlantica Bistro,,seafood,55.769927,37.6207435
node,4786529047,fast_food,Serbs,,serbian,55.7766477,37.6745962
node,4790088822,cafe,Ла Специя,,pizza,55.7255585,37.579045
node,4797001233,cafe,Prime,Prime,coffee_shop,55.7742234,37.6740999
node,4797220273,restaurant,Hong Kong,,chinese,55.7878639,37.680425
node,4797220276,restaurant,Кофемания,,coffee_shop,55.7275558,37.567344
node,4801212319,fast_food,Теремок,Теремок,crepe;russian,55.7097656,37.6572752
node,4809609223,cafe,Сочи,,,55.7825517,37.7117295
node,4810337221,bar,KS Element,,,55.7713355,37.6327506
node,4811590139,ice_cream,Айсберри,,,55.7206051,37.6094862
node,4811799641,ice_cream,,,,55.7231584,37.5972141
node,4818326578,fast_food,Bô,,vietnamese,55.7123059,37.6203475
node,4822659823,fast_food,Суши Wok,Суши Wok,asian,55.7753399,37.5460663
node,4825730521,cafe,Kebab house,,kebab,55.7500462,37.5930403
node,4825883877,fast_food,Стардогs,Стардогs,sausage,55.7935096,37.5899302
node,4825883878,restaurant,Шашлычный дворик,,,55.7935639,37.5899852
node,4825924668,cafe,Шашлычок,,kebab,55.7471328,37.6796102
node,4827409507,cafe,Миксер,,,55.8068436,37.5886272
node,4829441344,fast_food,Fishop,,seafood,55.7768265,37.6746102
node,4829441345,fast_food,"С любовью, Грузия",,georgian,55.7764674,37.6748261
node,4829441348,restaurant,Butler,,italian,55.7660949,37.5956923
node,4830961021,cafe,Вертикалье,,tea,55.7693311,37.604131
node,4847259776,fast_food,Бургер Кинг,Бургер Кинг,burger,55.7351874,37.6190936
node,4849540122,fast_food,Правда Кофе,Правdа кофе,coffee_shop,55.721923,37.6359899
node,4856123022,bar,Настоишная,,,55.7616357,37.6237269
node,4856123023,cafe,Bodrero,,cake,55.7676513,37.6314957
node,4856123026,fast_food,The Hummus,,,55.7765025,37.6747772
node,4856123027,fast_food,Boo,,,55.7764852,37.674802
node,4856123028,restaurant,На свежем воздухе,,,55.7492455,37.5340337
node,4856556707,fast_food,Бургер Кинг,Бургер Кинг,burger,55.7063664,37.5936982
node,4860196125,cafe,Лоза,,,55.7842668,37.6148534
node,4862236829,bar,Пролив на Проспекте,,,55.727601,37.6090899
node,4865324722,restaurant,Remy Kitchen Bakery,,,55.7588204,37.5984691
node,4865856321,cafe,Ред36,,,55.7800116,37.6054762
node,4867416682,cafe,Чистая линия,Чистая линия,ice_cream,55.7579939,37.6124806
node,4867480421,pub,Пивзавод 77,,burger;deli;breakfast;grill;coffee_shop;tea;friture;german;fish_and_chips;sausage;american;bavarian;barbecue,55.7788599,37.6737576
node,4868045023,cafe,Эль Кафе,,coffee_shop,55.7594611,37.6658372
node,4868375121,cafe,Кулинарная лавка братьев Караваевых,,,55.7432142,37.5903659
node,4870176969,cafe,Хлебная Лавка,,georgian,55.7656625,37.5770161
node,4870423021,cafe,Кафе здоровой еды,,,55.7751022,37.6081681
node,4870440521,cafe,Кулинарная лавка братьев Караваевых,,,55.7769732,37.6071691
node,4871324721,fast_food,Domino's,Domino's,pizza,55.8045809,37.6164258
node,4872104822,fast_food,Nagoya,,japanese,55.7684574,37.6841891
node,4872782330,bar,Штопор,,,55.7150312,37.6772995
node,4873044368,cafe,SiO,,,55.7403997,37.5275347
node,4873044369,bar,"Биллиардный клуб ""Кутузовский""",,,55.7404949,37.5274006
node,4876310321,cafe,Carte Blanche,,,55.781147,37.5715267
node,4879091021,restaurant,Мистер Хинкали,,regional,55.7228763,37.6925812
node,4881942727,cafe,Кофе Хауз,Кофе Хауз,coffee_shop,55.8033169,37.6181139
node,4881972322,fast_food,Udon&Soba,,asian,55.8028879,37.6182153
node,4882947322,fast_food,Шаурма,,,55.8065003,37.615013
node,4883893475,bar,Úность,,,55.7692844,37.6205209
node,4884000423,cafe,,,,55.7527077,37.6285095
node,4884458841,pub,Подозрительные лица,,,55.7456656,37.6264151
node,4885450021,fast_food,K-Town,,korean,55.7119198,37.6207852
node,4886258521,restaurant,Vasilchuki Chaihona №1,,uzbek,55.7833282,37.5598436
node,4887344523,fast_food,Правда Кофе,Правда Кофе,coffee_shop,55.7759798,37.6034875
node,4888321940,cafe,Клуб чайной культуры,,tea,55.7715885,37.60611
node,4889179432,restaurant,Планета Суши,Планета Суши,sushi,55.7808717,37.6115845
node,4889192226,restaurant,IL Патио,IL Патио,italian,55.7808857,37.6116961
node,4889619963,fast_food,,,coffee_shop,55.7767925,37.5970186
node,4891933523,fast_food,Крошка Картошка,Крошка Картошка,potato,55.7750426,37.5454937
node,4892019805,fast_food,Rostic's,Rostic's,chicken,55.7699658,37.5965519
node,4895847011,fast_food,Чебуречная,,,55.7964418,37.5428634
node,4895883013,cafe,Coffee Point,,coffee_shop;sandwich,55.7457464,37.6637421
node,4897566992,pub,Птицаcиница,,,55.7564139,37.6352577
node,4897760845,pub,Left Bank,,,55.7577525,37.6337609
node,4908791836,fast_food,,,,55.7938432,37.6767083
node,4908808386,restaurant,Osteria Unica,,italian,55.7676037,37.5984805
node,4908808387,restaurant,Sempre,,,55.7634345,37.6128021
node,4913375007,fast_food,Столовая,,,55.7842816,37.708966
node,4914822522,fast_food,Столовая,,,55.7219775,37.6386198
node,4915370173,cafe,Вкус внутри,,vietnamese,55.7819619,37.6968075
node,4916438925,cafe,Chef's,,,55.7507497,37.6529972
node,4916473024,cafe,Pho Bo,,vietnamese,55.7506424,37.6543112
node,4924375710,cafe,Шоколадница,Шоколадница,coffee_shop,55.7566505,37.6192744
node,4924401913,cafe,Conversation,,cake,55.7573559,37.5992308
node,4924401918,restaurant,Bro&N,,pizza,55.7635313,37.5938624
node,4924727711,fast_food,,,coffee_shop,55.7666464,37.6631619
node,4926521031,fast_food,Mr. Донер,,kebab,55.784711,37.5965285
node,4933319852,cafe,Гренки Пенки,,,55.698374,37.6252964
node,4935383387,cafe,Кулинарная лавка братьев Караваевых,,,55.7528751,37.6065123
node,4936299476,cafe,Cofix,Cofix,coffee_shop,55.7554675,37.6140437
node,4937003307,cafe,La Mortazza,,pizza,55.7806745,37.6017286
node,4937003309,bar,Neon Monkey,,,55.7654694,37.6113751
node,4937096858,cafe,Cofix,Cofix,coffee_shop,55.7473009,37.7071007
node,4937096861,fast_food,Cofix,Cofix,coffee_shop,55.7905133,37.5340099
node,4938031921,cafe,Главпирог,,,55.7815337,37.559577
node,4941221947,fast_food,,,,55.7564719,37.6613632
node,4945834025,fast_food,Человек и пароход,,coffee_shop,55.7119701,37.6209478
node,4948754562,pub,Раковая на Усачева,,,55.7277596,37.5701845
node,4948887076,bar,Пока никто не видит,,,55.7598444,37.6451884
node,4949744952,food_court,,,,55.7064094,37.5936494
node,4949744953,fast_food,Cofix,Cofix,coffee_shop,55.7062128,37.5935508
node,4951991521,fast_food,Любовь Пирогова,,,55.711993,37.6210611
node,4951991621,fast_food,#пропельмени,,,55.7120371,37.6210799
node,4951991721,fast_food,Щепка,,,55.7120781,37.6211091
node,4953263321,fast_food,,,,55.763726,37.5836071
node,4953263322,fast_food,,,,55.763961,37.5832959
node,4953263421,fast_food,,,,55.7616556,37.5824815
node,4957159123,restaurant,Марчеллис,,,55.7603308,37.6149131
node,4957431922,cafe,Upside Down Cake,,cake,55.7294662,37.6363705
node,4966090922,cafe,Хинкальная,,georgian,55.7236742,37.6437766
node,4968768401,pub,Тоже паб,,,55.7302004,37.6314152
node,4968768406,cafe,Pinzeria by Bontempi,,pizza,55.7275708,37.5674782
node,4971171721,cafe,Приятного аппетита,,,55.7509775,37.6546177
node,4972557012,cafe,Токпокки,,korean,55.7674554,37.6794887
node,4973475008,restaurant,Чито-Ра,,georgian,55.7834506,37.5963078
node,4973705611,pub,Ye Olde Shed,,,55.780612,37.5921718
node,4975713192,cafe,That place,,coffee_shop,55.761558,37.642981
node,4979465369,restaurant,Белый,,georgian,55.7474275,37.5854444
node,4983881722,cafe,Cofix,Cofix,coffee_shop,55.7361695,37.5912243
node,4983945287,cafe,Happy people,,,55.7411396,37.6302968
node,4986769122,cafe,Fave,,coffee_shop,55.7287406,37.5696199
node,4988054437,restaurant,Цин Дао,,chinese,55.7495639,37.6448786
node,4991374057,restaurant,Казан Чай Бар,,,55.7378305,37.632342
node,4994512898,cafe,Делюсь душой,,coffee_shop,55.7352659,37.6279518
node,4994531046,cafe,Cofix,Cofix,coffee_shop,55.7409743,37.6270738
node,4995604982,cafe,BB&Burgers,,burger,55.7273283,37.5676807
node,4996713263,restaurant,Jai Hind,,indian,55.7850727,37.624239
node,4999031644,cafe,Столовая,,,55.7054667,37.5979047
node,4999666352,cafe,Перезвон,,coffee_shop,55.7448018,37.6271398
node,5001747221,ice_cream,Айсберри,,,55.7204907,37.5738384
node,5005447610,cafe,West 4,,coffee_shop,55.7749031,37.6703409
node,5017976724,fast_food,Чешский трдельник,,churro;waffle;pancake;coffee_shop,55.7944119,37.674171
node,5017977426,pub,Bradu bar,,,55.7980133,37.6698832
node,5020405212,restaurant,Восход,,,55.7504139,37.6270957
node,5020466778,cafe,Хищnик,,burger,55.7602889,37.6147817
node,5032545464,cafe,Cofix,Cofix,coffee_shop,55.7500037,37.5424102
node,5034498540,restaurant,Ламаджо Пицца,,,55.6932255,37.6219974
node,5034502541,cafe,Высота,,,55.6925156,37.622611
node,5035455222,restaurant,Solo,,italian,55.7561463,37.6274403
node,5038579667,fast_food,Domino Pizza,Domino Pizza,pizza,55.6918695,37.6222236
node,5041988677,cafe,Кулинарная лавка братьев Караваевых,,,55.7346686,37.6191964
node,5042602321,fast_food,Stardogs,Стардог!s,hot_dog,55.773005,37.6562581
node,5046478822,fast_food,Pizza Like Pie & Bike,,pizza,55.7443903,37.6794051
node,5048557887,cafe,Мангал-кафе,,,55.7008842,37.6219068
node,5048557915,cafe,Клуб Авторадио,,,55.6957675,37.6198593
node,5048964621,cafe,,,,55.7327852,37.5649938
node,5049013123,cafe,,,coffee_shop,55.7248713,37.6326944
node,5049648499,fast_food,Стардогs,Стардогs,sausage,55.7237751,37.5649292
node,5051604221,fast_food,Rostic's,Rostic's,chicken,55.7489098,37.543157
node,5058042397,cafe,Clever Coffee,,coffee_shop,55.7004177,37.6234405
node,5058042398,cafe,Take and Wake,,,55.7002113,37.6233768
node,5059352927,cafe,Cofix,Cofix,coffee_shop,55.7540556,37.636764
node,5060420222,cafe,Espressioni,,,55.7962855,37.6166762
node,5064122493,bar,Трибуна,,,55.7823128,37.5995563
node,5066993976,cafe,Cofix,Cofix,coffee_shop,55.7280303,37.6226574
node,5068878697,fast_food,,,,55.6913975,37.6229286
node,5069491453,cafe,Blanc de Blancs,,,55.7218062,37.6216966
node,5069495455,cafe,,,,55.7225763,37.6216542
node,5075505209,fast_food,Дон Кофеон,,coffee_shop,55.7956915,37.67615
node,5075654023,cafe,Шоколадница,Шоколадница,coffee_shop,55.7450361,37.6005367
node,5075694574,fast_food,Subway,Subway,sandwich,55.7903292,37.67991
node,5075695513,fast_food,Subway,Subway,sandwich,55.7957753,37.6752342
node,5075889821,fast_food,Rostic's,Rostic's,chicken,55.7645995,37.5644183
node,5076070457,fast_food,Плов центр,,,55.7849527,37.660184
node,5083412355,cafe,But first Coffee,,coffee_shop,55.7393225,37.5486521
node,5085630828,cafe,Prawn Bar,,seafood,55.7121204,37.6204936
node,5087822422,cafe,Orange Cafe,,,55.7781698,37.6550913
node,5087822521,fast_food,WOW!Wok,,asian,55.7781369,37.6549258
node,5087822524,fast_food,Блинная,,,55.7778917,37.6546936
node,5087822526,fast_food,Гранд Гриль,,,55.7779243,37.6548627
node,5087822527,fast_food,Нейтан'с,,,55.7776124,37.6550857
node,5087822621,fast_food,Чебурек без границ,,,55.7781078,37.6547706
node,5087822622,fast_food,WOW!Кофе,,coffee_shop,55.778066,37.6543078
node,5087822623,cafe,Гранд Хаус,,,55.7779441,37.6545278
node,5087822624,fast_food,Мистер Картошка,,,55.7779129,37.6546411
node,5087822625,fast_food,Кофе с булочкой,,,55.7778295,37.6547197
node,5087891132,ice_cream,,,,55.7800551,37.5574833
node,5089267632,cafe,Брусника,,,55.7610456,37.5984602
node,5089480380,cafe,Успенский дворик,,,55.76905,37.6071514
node,5089481078,cafe,Горбуфет Пельменная,,russian,55.7671762,37.6061668
node,5089481079,bar,Заг-Заг,,,55.7728845,37.598007
node,5097189837,cafe,Kaffebröd,,coffee_shop,55.7349316,37.6033042
node,5098459823,pub,Viktoria&Albert,,,55.7604935,37.5613418
node,5098756499,bar,Ron de Pipa,,,55.7697931,37.6324345
node,5105704322,cafe,Даблби,Даблби,coffee_shop,55.7412505,37.6092988
node,5107823524,fast_food,Папа Джонс,Папа Джонс,pizza,55.7797847,37.6288518
node,5111409611,restaurant,Bébé de la mer,,seafood,55.768046,37.61475
node,5115326122,ice_cream,,,,55.782903,37.6634334
node,5116889423,cafe,Cofix,Cofix,coffee_shop,55.7726663,37.6786911
node,5124241207,bar,Вода,,,55.764764,37.6157968
node,5124243223,restaurant,Ача-Чача,,georgian,55.730519,37.6255439
node,5126470639,restaurant,Mollusca,,seafood,55.7641364,37.5953529
node,5126566636,fast_food,Cofix,Cofix,coffee_shop,55.7690243,37.597079
node,5131137105,cafe,Kook,,korean,55.7682386,37.6157036
node,5135339956,fast_food,OneBucksCoffee,OneBucksCoffee,coffee_shop,55.7281288,37.5799334
node,5137638623,ice_cream,Gelateria Plombir,,,55.7602413,37.625273
node,5139051620,fast_food,Бургер Кинг,Бургер Кинг,burger,55.781077,37.6317994
node,5141324023,cafe,Однажды в Ташкенте,,asian,55.7188132,37.6765857
node,5143746665,cafe,Ku:,,ramen,55.7461793,37.5805539
node,5143746666,restaurant,Avenue,,,55.7463092,37.5800658
node,5143746670,bar,Sporco,,pizza,55.7550158,37.6371109
node,5144047127,cafe,Сыр & кофе,,coffee_shop,55.7533968,37.6432961
node,5145562622,fast_food,Кофе&молоко,,coffee_shop,55.7402607,37.5372629
node,5148595033,restaurant,Svet,,,55.7545128,37.642293
node,5151924543,fast_food,Бургер Кинг,Бургер Кинг,burger,55.6959082,37.6650043
node,5151924555,fast_food,Бургер Кинг,Бургер Кинг,burger,55.795628,37.5920841
node,5151926940,fast_food,Бургер Кинг,Бургер Кинг,burger,55.777648,37.523712
node,5153213589,fast_food,,,,55.7153412,37.6965465
node,5153521793,fast_food,Вкусно — и точка,Вкусно — и точка,burger,55.7103254,37.675252
node,5153689322,cafe,Му-му,,,55.7605664,37.5794969
node,5154810324,fast_food,,,,55.7912944,37.692355
node,5155631121,bar,Хищник,,steak_house;burger,55.7299932,37.6360531
node,5161593995,cafe,Кофеварня,,coffee_shop,55.7408184,37.6377479
node,5163013521,restaurant,TGI Fridays,TGI Fridays,american,55.7078968,37.6220673
node,5164091525,restaurant,Магадан,,seafood,55.7546245,37.6247312
node,5164091535,restaurant,Кольчуга,,,55.752811,37.6272987
node,5164091540,restaurant,Il pizzaiolo,,italian,55.7567575,37.6216802
node,5164091541,fast_food,Правда Кофе,Правда Кофе,coffee_shop,55.7567376,37.6213449
node,5164772222,fast_food,Додо Пицца,Додо Пицца,pizza,55.7819252,37.7077255
node,5167750848,cafe,Буркина фасоль,,,55.7645258,37.5642625
node,5173200124,cafe,Осетинские пироги,,,55.7729641,37.5270669
node,5175195840,cafe,Cofix,Cofix,coffee_shop,55.7432323,37.567234
node,5177028398,bar,Дневник,,,55.7633528,37.61409
node,5180228769,cafe,Лепим и варим,,local;regional;russian,55.7774714,37.6331494
node,5183649121,restaurant,Мясо&Паста,,international,55.7788693,37.5915617
node,5188519923,restaurant,ВьетКафе,,,55.7486595,37.5377971
node,5188917579,fast_food,Суши Мастер,,sushi,55.7994587,37.5587447
node,5190869496,cafe,Coffee Point,,coffee_shop,55.8072012,37.6217776
node,5194673627,fast_food,Теремок,Теремок,crepe;russian,55.7489156,37.538859
node,5196263621,restaurant,Сварня,,,55.7899893,37.6351623
node,5198123221,restaurant,Officina,,italian,55.7545548,37.6375719
node,5199068622,fast_food,Папа Джонс,Папа Джонс,pizza,55.7568085,37.6327631
node,5199976326,cafe,Школьник,,coffee_shop,55.7617255,37.6567702
node,5200560062,cafe,Брусника,,,55.7308851,37.578904
node,5203271238,pub,Harat's,,,55.7587274,37.6419415
node,5205341241,cafe,Бистро,,,55.7253088,37.5632577
node,5209001442,fast_food,Таком донер,,,55.7737148,37.655546
node,5209036323,fast_food,Rostic's,Rostic's,chicken,55.7731074,37.6567077
node,5209036324,cafe,Самарканд,,,55.7732792,37.6566133
node,5209046285,fast_food,С булочкой,,,55.7736533,37.6557327
node,5209077452,fast_food,Мистер картошка,,,55.7736994,37.6557791
node,5209087721,fast_food,Мясо в лаваше,,,55.77325,37.6569672
node,5209115770,fast_food,Пекарня,,,55.7311914,37.7100626
node,5212682321,cafe,Рамён Бульон,,ramen,55.7207824,37.6093702
node,5213195302,cafe,,,,55.7121659,37.5561377
node,5215948321,cafe,SeDelice,,coffee_shop,55.7750244,37.5833022
node,5216004764,restaurant,Дружба,,,55.7556908,37.5612393
node,5216004765,restaurant,Sono,,italian,55.7733047,37.6195465
node,5216004766,cafe,Fontana,,pizza,55.7690251,37.5969583
node,5217150829,fast_food,Шаурмидзе,,kebab,55.7574033,37.6331815
node,5217150864,fast_food,,,,55.7589826,37.6352482
node,5218841573,bar,Делай культуру,,,55.7651457,37.6317854
node,5219218624,cafe,VietExpress,,vietnamese,55.7280158,37.6234835
node,5219873323,pub,Smith's,,,55.7415372,37.6564819
node,5220577342,fast_food,Донерчик,,kebab,55.7524879,37.5973292
node,5223010961,cafe,Там Ем,,chinese,55.8065616,37.5841333
node,5223010962,restaurant,Magura,,asian,55.7464405,37.5361473
node,5223010979,bar,Big Wine Freaks,,,55.758903,37.5851465
node,5228425876,restaurant,Лима,,peruvian,55.7794844,37.580169
node,5230991776,restaurant,Одуван,,,55.7505852,37.5998873
node,5232473519,restaurant,Burgers and Crabs,,,55.7612607,37.5517456
node,5234551604,cafe,Les,,coffee_shop,55.776613,37.6746431
node,5236189724,fast_food,Восточное бистро,,kebab,55.7053032,37.5886672
node,5236286130,cafe,,,,55.7048459,37.5890486
node,5238248621,cafe,AlexMilana,,cake,55.8116419,37.6245836
node,5239710214,fast_food,,,kebab,55.8059293,37.5829806
node,5240078570,restaurant,Buba by Sumosan,,sushi,55.7355747,37.5846405
node,5240078593,cafe,PhoBo,,vietnamese,55.7666592,37.6778631
node,5240078595,restaurant,Twins Garden,,,55.7661359,37.6107574
node,5241471397,cafe,Даблби White,,coffee_shop,55.7058219,37.6562872
node,5241738387,fast_food,Burger Heroes,,burger,55.7421476,37.6552864
node,5244465231,cafe,Кура,,georgian;international,55.8164057,37.6206852
node,5247146609,cafe,Cofix,Cofix,coffee_shop,55.7589946,37.64542
node,5249589168,bar,Veladora,,,55.7582469,37.6400413
node,5249589175,cafe,Кофе & Пряник,,coffee_shop,55.7610758,37.6030388
node,5249589204,bar,Ещё вина,,,55.7444469,37.6005886
node,5249589543,fast_food,Дайте два,,coffee_shop,55.7713366,37.59334
node,5249589551,cafe,Cup'n'Cup,,coffee_shop,55.7783515,37.5855938
node,5250213591,cafe,Угол,,,55.7763909,37.5753614
node,5250231638,fast_food,"С пылу, с жару",,,55.7764297,37.5755137
node,5251530249,fast_food,BB&Burgers,,burger,55.7908378,37.5315916
node,5252553047,fast_food,,,,55.7269872,37.6097265
node,5252559508,fast_food,Nanika,,coffee_shop,55.7272636,37.6099664
node,5254420521,fast_food,Бутер Бар,,,55.7771323,37.6558888
node,5255960121,fast_food,Теремок,Теремок,crepe;russian,55.7468715,37.706692
node,5255971123,fast_food,Крошка Картошка,Крошка Картошка,potato,55.7468918,37.7069071
node,5259292658,cafe,Рубим Бургер,,burger,55.7917454,37.5837143
node,5260252116,pub,Раковая на Таганке,,,55.7355805,37.6498836
node,5260252118,restaurant,Community,,,55.7459665,37.6381838
node,5260252120,bar,Дежурная,,,55.7525812,37.5972875
node,5260314980,restaurant,Pizzamento,,pizza,55.7600269,37.6248425
node,5266686113,restaurant,Генацвале,,georgian,55.7251593,37.5639188
node,5266686114,cafe,Один прекрасный день,,coffee_shop,55.7241863,37.5643239
node,5270204954,cafe,WakeCup Coffee,,,55.7527258,37.6687599
node,5270215509,cafe,WakeCup Coffee,,,55.7112259,37.652143
node,5270221021,cafe,WakeCup Coffee,,,55.7959289,37.5605676
node,5270961321,cafe,Другая кофейня,,coffee_shop,55.7663971,37.6625718
node,5271859469,restaurant,800 Contemporary Steak,,steak_house,55.7627305,37.592196
node,5271859475,bar,Barrel,,,55.7559052,37.6646975
node,5273927786,fast_food,OneBucksCoffee,OneBucksCoffee,coffee_shop,55.72912,37.6114829
node,5273927789,fast_food,OneBucksCoffee,OneBucksCoffee,coffee_shop,55.7113378,37.6530325
node,5273927791,fast_food,One Price Coffee,One Price Coffee,coffee_shop,55.7718418,37.6206449
node,5273927796,fast_food,OneBucksCoffee,OneBucksCoffee,coffee_shop,55.7363808,37.5904901
node,5273927797,fast_food,OneBucksCoffee,OneBucksCoffee,coffee_shop,55.7836514,37.7191897
node,5273927799,fast_food,OneBucksCoffee,OneBucksCoffee,coffee_shop,55.7745189,37.6085264
node,5277156633,cafe,Буфет,,european;russian,55.8104336,37.5942728
node,5279925073,fast_food,Rostic's,Rostic's,chicken,55.761208,37.5761103
node,5280602969,fast_food,Столовая № 1,,,55.7573917,37.6353167
node,5283244137,fast_food,Правда Кофе,Правdа кофе,coffee_shop,55.7853744,37.5792316
node,5283244150,fast_food,Правда Кофе,Правdа кофе,coffee_shop,55.7879747,37.5839236
node,5283244153,fast_food,Правда Кофе,Правdа кофе,coffee_shop,55.7804347,37.6319933
node,5283244154,cafe,Правда Кофе,Правdа кофе,coffee_shop,55.7698206,37.6607423
node,5283244159,fast_food,Правда Кофе,Правда Кофе,coffee_shop,55.7412624,37.5259376
node,5283244160,fast_food,Правда Кофе,Правdа кофе,coffee_shop,55.7661628,37.5324887
node,5283244166,fast_food,Правда Кофе,Правdа кофе,coffee_shop,55.7357262,37.6230454
node,5284896377,ice_cream,Айсберри,,,55.7391556,37.5486181
node,5289100427,fast_food,,,,55.8024721,37.6490106
node,5289890255,ice_cream,,,,55.7254952,37.6260196
node,5290508982,cafe,Skuratov Coffee,Skuratov Coffee,coffee_shop,55.7396131,37.5273925
node,5290618379,cafe,Skuratov Coffee,Skuratov Coffee,coffee_shop,55.7780853,37.6330058
node,5292752082,cafe,Даблби,Даблби,coffee_shop,55.7334125,37.5639903
node,5293645436,restaurant,Клешни и ракушки,,,55.7655649,37.5976914
node,5298221029,cafe,Алёнка,,coffee_shop,55.7651534,37.607132
node,5299436030,restaurant,Stone Crab,,seafood,55.7813397,37.5723812
node,5299569259,cafe,Пита & Сувлаки,,greek,55.7774108,37.617756
node,5302311862,cafe,КофейнЯ,,,55.7308796,37.6642324
node,5302317013,fast_food,,,,55.7309148,37.6645318
node,5305981922,cafe,Шантимэль,,italian_pizza;seafood;russian;cake,55.7865793,37.5706642
node,5305981923,cafe,Mecca,,coffee_shop,55.7857143,37.5695376
node,5306374535,cafe,Шоколадница,Шоколадница,coffee_shop,55.7543649,37.6369071
node,5312074363,food_court,Streat,,,55.7101105,37.6538596
node,5313870046,cafe,Secret Place,,,55.7479872,37.5923261
node,5322312567,fast_food,Pizza Paolo,,pizza,55.8079449,37.5733128
node,5324523423,cafe,Кофик,,coffee_shop,55.7630182,37.6791931
node,5326269775,fast_food,Subway,Subway,sandwich,55.7764897,37.5816046
node,5329573885,cafe,La Ferme,,,55.8008811,37.5549248
node,5330983121,cafe,Cassette,,coffee_shop,55.7045961,37.6152527
node,5331377826,cafe,StarHit,,,55.7835637,37.5594662
node,5331748225,cafe,Bloom-n-brew,,coffee_shop,55.774651,37.6732912
node,5331800121,cafe,LISObon,,coffee_shop,55.7700247,37.6334446
node,5335119716,cafe,Интернациональная,,,55.7820546,37.6015227
node,5335126645,restaurant,Рыба моя,,seafood,55.7744716,37.5872782
node,5335838828,restaurant,Замечательные люди,,,55.7558515,37.6281685
node,5339377921,restaurant,Моремясо,,,55.7506821,37.5389153
node,5349310462,fast_food,Симона,,pizza,55.7475871,37.6599567
node,5366216842,food_court,,,,55.7737368,37.6578753
node,5369036724,cafe,Short Talk,,coffee_shop,55.7653347,37.5905333
node,5370408181,restaurant,Ганга,,,55.7913503,37.6046695
node,5370460536,cafe,La prima pizzeria Margarita,,pizza,55.7868296,37.6327216
node,5370510062,cafe,Прана,,,55.7652391,37.5808588
node,5370694751,cafe,Nord,,coffee_shop,55.7726092,37.592601
node,5378834122,cafe,Prime,Prime,coffee_shop,55.7469452,37.6266387
node,5380944326,cafe,Svoё cafe,,italian,55.7766056,37.6999993
node,5382630621,cafe,Маркет бургер бар,,burger,55.8048106,37.5853835
node,5396677522,cafe,Coffee Never,,coffee_shop,55.794721,37.5885844
node,5396677532,fast_food,1-2-3 Coffee Club,,,55.7947134,37.5883189
node,5398915512,cafe,Prime,Prime,coffee_shop,55.7656403,37.638924
node,5403382418,restaurant,Рыба Мечты,,seafood,55.7402919,37.6409515
node,5403382937,cafe,Марс,,,55.7689075,37.6268971
node,5403382938,food_court,Вокруг света,,,55.7577988,37.6242387
node,5410324006,cafe,Дела кофейные,,coffee_shop,55.7625683,37.648218
node,5412548313,bar,Punk Fiction,,burger,55.7746059,37.6709618
node,5412755022,cafe,Cofix,Cofix,coffee_shop,55.7409514,37.6579123
node,5416334438,cafe,Cats & Coffee,,,55.7523521,37.5988116
node,5418615760,restaurant,Козловна,,czech,55.7620622,37.634241
node,5418793622,fast_food,Rostic's,Rostic's,chicken,55.807553,37.6377124
node,5418889456,fast_food,Спектр,,,55.7226687,37.5618926
node,5422226540,restaurant,Lari,,georgian,55.7794091,37.6287997
node,5422226541,restaurant,Горыныч,,,55.7667166,37.6243718
node,5423543160,bar,Nomer,,,55.7588181,37.6398167
node,5424827021,cafe,Зам Зам,,,55.7810274,37.6128826
node,5426115623,restaurant,Hell Tower,,barbecue;grill,55.7347473,37.5528461
node,5426939122,pub,Шварц Кайзер,,,55.7810055,37.6126785
node,5433346442,bar,Royal Space,,,55.7519399,37.5841776
node,5434230654,bar,Наше кафе,,,55.7669844,37.6000256
node,5435724421,cafe,Кофепорт,,coffee_shop,55.8046041,37.5901795
node,5443883610,cafe,,,,55.7415622,37.6205385
node,5443944457,cafe,Эль Кафе,,coffee_shop,55.7565119,37.6501559
node,5448078611,cafe,Бомбей экспресс,,indian,55.7276146,37.5675505
node,5448078612,cafe,Dizengof//99,,jewish,55.7572553,37.6467414
node,5452276353,cafe,Телескоп,,,55.7614872,37.5835499
node,5459348921,pub,Roy Castle,,american,55.7875673,37.6139371
node,5460731524,cafe,Шаурмания,,,55.7741041,37.6556587
node,5463090636,cafe,Prime,Prime,coffee_shop,55.7241442,37.5643922
node,5466776800,restaurant,Pinzeria by Bontempi,,pizza,55.7318465,37.6443797
node,5467471777,fast_food,Донер Гриль,,,55.7676232,37.7295926
node,5468848553,fast_food,,,kebab,55.7845515,37.6002001
node,5472868921,cafe,Surf Coffee,Surf Coffee,coffee_shop,55.753995,37.6374709
node,5473052037,restaurant,Вареничная №1,,,55.7573813,37.6212484
node,5473052039,restaurant,Uhvat,,russian,55.7560093,37.5619877
node,5474941222,bar,Океан,,,55.8072826,37.6359548
node,5478395868,cafe,Кофеоно,,coffee_shop,55.7102008,37.6741804
node,5478395870,cafe,I-chef,,,55.7103247,37.6746471
node,5478395871,cafe,Coffeeshop Company,,,55.7102008,37.6747276
node,5478395872,fast_food,Мясо и овощи,,,55.7102038,37.6748939
node,5478395873,fast_food,Сушиwok,,japanese;asian,55.7101856,37.6750548
node,5478493211,fast_food,Ветераны фалафеля,,,55.8016112,37.5848776
node,5478493212,fast_food,Misada,,jewish,55.806934,37.5835083
node,5478493219,bar,Крафтейнер,,pizza,55.8069224,37.5850298
node,5481445910,cafe,Салатница,,,55.8065292,37.5842151
node,5482167830,cafe,Casa Leone,,italian,55.7566384,37.6323646
node,5485415022,cafe,Prime,Prime,coffee_shop,55.7343018,37.5683353
node,5485828821,restaurant,Клуб Высоцкий,,russian,55.7446093,37.6515694
node,5491491282,cafe,,,,55.7496975,37.7317953
node,5491498779,fast_food,Rostic's,Rostic's,chicken,55.7509324,37.7155329
node,5494535621,restaurant,Trattoria di Flavio,,italian,55.7959665,37.5438266
node,5500209922,fast_food,,,,55.7771464,37.6571305
node,5500220621,fast_food,Донер Кебаб,,kebab,55.7770675,37.6566083
node,5500220626,fast_food,WowКофе,,coffee_shop,55.7770082,37.656345
node,5502941684,bar,Chainaya,,,55.7759478,37.5852022
node,5506168922,cafe,Кофе Краш,,coffee_shop,55.7107559,37.6208886
node,5506430015,cafe,Такеши,,asian,55.807044,37.5841783
node,5506691329,cafe,Scrocchiarella,,pizza,55.7551664,37.6007858
node,5506691331,restaurant,СибирьСибирь,,russian,55.7461386,37.5801166
node,5511434057,cafe,Red Brick,,,55.7558637,37.6440659
node,5514300387,restaurant,Signature art,,,55.7481548,37.6445514
node,5515177607,fast_food,Ускюдар Донер,,kebab,55.7406987,37.6288377
node,5522684623,restaurant,Il Патио,IL Патио,italian,55.7903503,37.5327446
node,5533109621,restaurant,Dante,,,55.7614817,37.6174857
node,5536074121,pub,Арма крафт,,,55.7607466,37.6639142
node,5536598871,fast_food,Бургер Кинг,Бургер Кинг,burger,55.7752236,37.6571762
node,5538644143,cafe,ОбедБуфет,,,55.7468322,37.5371423
node,5538651821,fast_food,Папа Джонс,Папа Джонс,pizza,55.7337064,37.7088015
node,5538718142,fast_food,Папа Джонс,Папа Джонс,pizza,55.7489419,37.5430779
node,5539837721,restaurant,Моремания,,seafood,55.7288642,37.5802695
node,5540105744,bar,Iggy,,,55.757105,37.5996646
node,5541156311,pub,Лес,,,55.795545,37.5596903
node,5541234501,fast_food,Додо Пицца,Додо Пицца,pizza,55.7588634,37.709021
node,5541234518,restaurant,Манга,,sushi,55.7540646,37.7098247
node,5546353721,cafe,Prime,Prime,coffee_shop,55.73641,37.5339822
node,5551583078,fast_food,Black Шаурма,,kebab,55.7272913,37.5795561
node,5551583490,cafe,7 сэндвичей,,coffee_shop,55.7365477,37.5700731
node,5551948640,fast_food,,,,55.7778706,37.6545069
node,5551950322,cafe,One&Double,,,55.7781511,37.6550031
node,5551950325,cafe,Кафетерий,,,55.7779611,37.6544532
node,5552577512,bar,PR11,,,55.7674793,37.631438
node,5554140122,cafe,КофеПорт,,,55.7039872,37.6257092
node,5557758977,fast_food,Ивис,,,55.7897727,37.687688
node,5573861666,restaurant,City Voice,,japanese;steak_house;sushi,55.7494711,37.5340699
node,5576654593,ice_cream,Айсберри,,,55.7713584,37.6786731
node,5576654614,fast_food,Stardogs,Stardogs,hot_dog,55.771352,37.6811012
node,5576654616,cafe,Десертный рай,,,55.7713497,37.681034
node,5577238221,fast_food,Додо Пицца,Додо Пицца,pizza,55.7344163,37.6191717
node,5581166520,restaurant,Buro,,,55.761054,37.6191664
node,5581267923,restaurant,Пекинский сад,,chinese,55.7806564,37.6968572
node,5581434621,cafe,Штрудель,,,55.7456259,37.667451
node,5584867122,fast_food,Jerry Wings,,,55.7446931,37.5672025
node,5587044773,cafe,Линдфорс,,pie,55.7083744,37.5871212
node,5588157321,bar,Золотая Вобла,,,55.7805447,37.6342883
node,5590314373,cafe,СтоЛовУЖКИ,,,55.718412,37.5611025
node,5592712521,cafe,,,,55.718248,37.5486745
node,5595025779,fast_food,Cafetera,,,55.7411457,37.5312751
node,5597318044,fast_food,,,,55.734027,37.7028511
node,5597327822,cafe,Мадиани,,,55.7333127,37.7100931
node,5597366053,fast_food,"Столовая ""Клюква""",,,55.73349,37.7126593
node,5599001953,cafe,Дринкит,Дринкит,coffee_shop,55.7965527,37.5794857
node,5601606385,cafe,Coffee Point,,,55.7400228,37.6359571
node,5607106313,fast_food,8956,,hot_dog,55.7695828,37.6471616
node,5607126656,bar,Black Hat,,,55.7730128,37.6108286
node,5607341659,bar,Teddy Bar,,,55.7601898,37.6244841
node,5609943018,bar,Oriental,,,55.7873342,37.5666415
node,5609943019,restaurant,Heritage,,russian,55.787123,37.5664269
node,5609943020,cafe,Брусника,,,55.7621186,37.6447123
node,5609946321,cafe,Торт «Москва»,,coffee_shop,55.7699111,37.5955548
node,5609946322,restaurant,Черетто Море,,,55.7346182,37.6275093
node,5609946323,restaurant,Masters & Margaritas,,,55.7450746,37.6273581
node,5613517125,restaurant,"Есть хинкали, пить вино",,georgian,55.7408724,37.5982752
node,5613517126,restaurant,Shiba,,japanese,55.7635552,37.5970159
node,5613517127,restaurant,Brooms,,,55.7421957,37.6556142
node,5620601918,fast_food,Coffee and the City,,coffee_shop,55.7554961,37.5531578
node,5620601922,fast_food,,,,55.7552614,37.5524752
node,5620601923,fast_food,,,coffee_shop,55.7551822,37.5522324
node,5621720490,cafe,Этлон Кофе,,coffee_shop,55.7612129,37.7177412
node,5621823101,fast_food,Cafetera,,,55.7412377,37.5319496
node,5622459878,cafe,Prime,Prime,coffee_shop,55.7412573,37.531503
node,5625424254,cafe,Dav Doner club,,kebab,55.7406504,37.5262633
node,5627205212,fast_food,Бургер Кинг,Бургер Кинг,burger,55.728865,37.6236355
node,5628100624,fast_food,Столовая ОКБ Сухого,,,55.780095,37.5456683
node,5628572924,cafe,Чайхона Бухора,,oriental,55.7777645,37.6281577
node,5628777516,bar,Megobari,,georgian,55.7578102,37.6363903
node,5630658588,bar,Север,,,55.7648251,37.6085548
node,5630658593,bar,Практика,,,55.7677426,37.6065217
node,5630658611,restaurant,Довлатов,,,55.7705384,37.6012901
node,5630658617,restaurant,Мама Хуана,,spanish,55.7702277,37.5939032
node,5634903354,cafe,Сытый Гусь,,,55.7349088,37.640012
node,5640528222,cafe,Stories,,,55.7652659,37.5892038
node,5641681127,restaurant,TGI Fridays,TGI Fridays,american,55.7493271,37.5387694
node,5641681134,restaurant,TGI Fridays,TGI Fridays,american,55.7082008,37.6219565
node,5641997335,restaurant,Якитория,Якитория,japanese;international,55.8100217,37.6364967
node,5642207215,bar,Варка,,,55.7692537,37.6207514
node,5642207216,pub,Tweed & Stout,,,55.7710012,37.5964836
node,5642207217,bar,Gastroлёр,,,55.7492022,37.5900814
node,5642207624,bar,Волковская пивоварня,,,55.7592226,37.6633108
node,5642207625,bar,Prscco,,,55.7413616,37.6283837
node,5643722681,restaurant,Шикари,,asian,55.7775083,37.5240719
node,5643722683,restaurant,Шикари,,asian,55.7098993,37.6240057
node,5643722687,restaurant,Шикари,,asian,55.7903284,37.5329876
node,5643722688,restaurant,IL Патио,IL Патио,italian,55.7772971,37.5230312
node,5643722701,restaurant,IL Патио,IL Патио,italian,55.7494236,37.5390789
node,5643723623,restaurant,Планета Суши,Планета Суши,sushi,55.7885972,37.6789373
node,5643723627,restaurant,Планета Суши,Планета Суши,sushi,55.7469402,37.7065319
node,5643723628,restaurant,IL Патио,IL Патио,italian,55.7469614,37.7061993
node,5643723647,cafe,Costa,Costa,coffee_shop,55.7088327,37.6223843
node,5644454618,cafe,Costa,Costa,coffee_shop,55.7767625,37.656887
node,5645767543,fast_food,,,,55.7608624,37.7308257
node,5649964821,fast_food,Шаурма в пите,,,55.7046175,37.6539651
node,5650263399,ice_cream,,,,55.7055554,37.6557724
node,5653736244,fast_food,Coffeebrain,,coffee_shop,55.7668078,37.6344851
node,5660870482,cafe,Хинкальная,,georgian,55.769766,37.6573577
node,5662568307,fast_food,,,,55.7401518,37.6358168
node,5664637375,bar,Vinoqoor,,,55.7733371,37.681751
node,5667335883,cafe,MFC Foods,,,55.7199361,37.6280375
node,5672336522,fast_food,,,,55.7986984,37.6950177
node,5674555094,fast_food,Бистро Столовая №1,,,55.7406593,37.6293189
node,5678181202,restaurant,Чайка,,,55.7528124,37.5565132
node,5678235237,restaurant,Рыба моя,,seafood,55.767603,37.6231285
node,5678235238,bar,Bambule,,,55.7544059,37.6377512
node,5678348380,fast_food,Столовая ИНЭОС РАН,,regional,55.6998048,37.574941
node,5694054032,bar,Крафт Бар,,burger;russian;fish_and_chips;sandwich;chicken;friture;coffee_shop;international;grill;local,55.8098969,37.6341402
node,5694344221,cafe,22см,,pizza,55.7545511,37.6381215
node,5694957121,bar,WineState,,,55.7371829,37.6003688
node,5701776642,fast_food,,,,55.8074555,37.6258108
node,5707528921,cafe,Mafia Café,,,55.7041353,37.6164277
node,5715660596,cafe,Грабли,,,55.7516816,37.5984535
node,5715689429,fast_food,Стардогs,Стардогs,sausage,55.7271554,37.6224299
node,5715689430,fast_food,Суши Wok,Суши Wok,asian,55.7272256,37.6224446
node,5720241605,cafe,Шоколадница,,coffee_shop,55.7521302,37.5884986
node,5720241613,cafe,КофеTerraca,,coffee_shop,55.69587,37.664896
node,5720245344,cafe,Шоколадница,Шоколадница,coffee_shop,55.7529313,37.5888305
node,5720245346,cafe,Шоколадница,Шоколадница,coffee_shop,55.7601631,37.6257853
node,5720245347,cafe,Шоколадница,,coffee_shop,55.7064689,37.5928062
node,5720245352,cafe,Шоколадница,Шоколадница,coffee_shop,55.7396264,37.6675173
node,5720245357,cafe,Шоколадница,,coffee_shop,55.7953033,37.6171658
node,5720245360,cafe,Шоколадница,Шоколадница,coffee_shop,55.7774057,37.5234497
node,5720245364,cafe,Шоколадница,Шоколадница,coffee_shop,55.7482627,37.5369921
node,5721223059,bar,Крым,,,55.7628581,37.6538493
node,5721223060,restaurant,Ketch Up,,burger,55.759052,37.6443073
node,5721223076,restaurant,"Вино, Танцы, Хачапури",,georgian,55.7620809,37.6122951
node,5721223078,restaurant,Сынри,,korean,55.764094,37.6059611
node,5721223079,fast_food,Hot Dog Bulldog,,hot_dog,55.7660073,37.6077501
node,5728925077,cafe,Флориста Бариста,,,55.7310818,37.6094479
node,5730559771,pub,Borrachitos,,,55.7676619,37.6024823
node,5730559774,pub,The black swan,,,55.754476,37.6379274
node,5754225232,fast_food,Nephew,,bagel,55.7627886,37.6545269
node,5762049953,bar,,,chicken;burger;russian;grill;regional;seafood;pasta;coffee_shop,55.7606869,37.6871736
node,5763611813,cafe,Coffeebara,,coffee_shop,55.7395229,37.6649006
node,5764529697,cafe,Maestrello,,italian,55.7124016,37.6205858
node,5764529698,restaurant,Магадан,,seafood,55.7418002,37.6095257
node,5764529699,restaurant,Сыроварня,,,55.7275693,37.5678898
node,5764529700,food_court,Садовый буфет,,,55.7774359,37.6360112
node,5764529709,bar,The Bix,,,55.7629413,37.5968701
node,5765822454,cafe,Patisserie Francois Bodrero,,cake,55.7653472,37.6159588
node,5765863045,restaurant,Cazaban,,,55.7300752,37.6241193
node,5767477253,cafe,Трапезная,,,55.766942,37.6157513
node,5771732920,cafe,Кулинарная лавка братьев Караваевых,,,55.7768544,37.585695
node,5772737477,fast_food,Папа Джонс,Папа Джонс,pizza,55.753783,37.5886877
node,5773235114,restaurant,Lúwo,,greek,55.7567262,37.6037469
node,5773235117,cafe,Favorite cake,,cake,55.7570764,37.5991282
node,5773235121,fast_food,Krunchy Dream,,donut,55.7517158,37.5976476
node,5773618236,cafe,J'pan,,japanese,55.7705165,37.6248249
node,5773618237,bar,Blush,,,55.7704282,37.6340972
node,5784094062,bar,ЛавКрафт,,,55.737766,37.5202873
node,5787265734,fast_food,Вкусно — и точка,,burger,55.7646221,37.6031327
node,5792305258,cafe,Kobe,,asian,55.7275189,37.567619
node,5793468954,restaurant,Вареничная №1,,russian,55.7446964,37.5675208
node,5805274753,cafe,Офицерское,,regional,55.7605476,37.6906241
node,5808014053,cafe,Хинкальный дом,,georgian,55.7901601,37.6137057
node,5819733654,bar,Happy End,,,55.7624919,37.5946203
node,5820637372,fast_food,Coffeeport,,coffee_shop,55.7413887,37.5242168
node,5821410815,bar,ДК,,,55.7393685,37.5246298
node,5823712683,bar,Горбуфет Шашлычная,,kebab,55.7387243,37.5264804
node,5831682283,fast_food,Турецкий кебаб,,kebab,55.7869024,37.6753539
node,5837945800,cafe,StarHit,,,55.7100469,37.6236773
node,5837965685,cafe,StarHit,,,55.7735254,37.6550688
node,5846276436,fast_food,Какао Дом,,,55.7658248,37.6602959
node,5856249585,fast_food,,,,55.7642138,37.5773172
node,5856250880,bar,Оптимист,,,55.7520162,37.5972868
node,5856250883,restaurant,Раковарня,,seafood,55.7559044,37.5612205
node,5856251085,bar,yosya,,,55.7668229,37.5970066
node,5856251086,bar,Вишневый сад,,,55.7633576,37.5953637
node,5856404052,bar,Støy,,,55.7302453,37.6266457
node,5862230733,restaurant,"Чайхана ""Сезам""",,balkan;kebab;oriental,55.8048334,37.5683109
node,5862598984,cafe,Marketplace,,european,55.7446572,37.5673957
node,5865274251,fast_food,Цыпа доннер,,kebab,55.7590562,37.6445085
node,5865608099,cafe,pausa caffe,,italian,55.7441388,37.6796826
node,5878992388,cafe,БуфетЪ,,,55.7947063,37.5890313
node,5897135395,cafe,Грабли,,russian,55.7537785,37.6378136
node,5901062286,fast_food,проШашлык.ру,,kebab,55.725659,37.6674857
node,5904932490,bar,Компаньон,,,55.7575669,37.6398629
node,5904932546,cafe,Котофейня,,coffee_shop,55.7574643,37.6371619
node,5904932595,fast_food,Hey Morning,,coffee_shop,55.7573857,37.6332654
node,5904932596,food_court,Гастромаркет на Маросейке,,,55.7573511,37.6333398
node,5906743559,cafe,Эклерная Клер,,cake,55.7704841,37.6334846
node,5906743562,restaurant,Navat,,,55.7521513,37.5919425
node,5906743563,restaurant,Taksim,,turkish,55.7506448,37.595656
node,5906743565,restaurant,Bruxelles,,belgian,55.7462744,37.5804922
node,5906743567,cafe,Брусника,,,55.7771372,37.6070661
node,5906743569,cafe,Umami,,seafood,55.7274107,37.5677222
node,5907862269,cafe,Lifetime,,coffee_shop,55.7646002,37.6291461
node,5911600187,fast_food,Rostic's,Rostic's,chicken,55.755734,37.615382
node,5914101360,cafe,Живое кафе,,,55.7001718,37.5802535
node,5914101361,cafe,Prime,Prime,coffee_shop,55.7001476,37.5805432
node,5915088873,cafe,Какао Дом,,coffee_shop,55.7403371,37.6628347
node,5919285533,fast_food,Кофе и кофе,,coffee_shop,55.7576695,37.6527301
node,5922051385,bar,Method,,,55.7416263,37.6597973
node,5927588586,bar,Share house,,,55.7709269,37.5968005
node,5928676125,ice_cream,,,,55.7839061,37.6343415
node,5928676137,cafe,Point 242,,coffee_shop,55.7858551,37.6345984
node,5935772131,cafe,Mr. croissant,,,55.8060495,37.6374026
node,5937054302,cafe,Кофейня,,,55.7459912,37.7202401
node,5937054345,fast_food,Донеретт,,,55.7493864,37.7181856
node,5938286986,cafe,Заря,,coffee_shop,55.7681749,37.6148782
node,5939290875,pub,Пивотека 465,,,55.7889973,37.5363925
node,5939290876,restaurant,Amarena,,italian,55.7896002,37.5375838
node,5940634191,ice_cream,,,,55.7255442,37.5325441
node,5948307070,pub,13 rules,,,55.7935569,37.6042822
node,5949317391,bar,Двойка,,,55.75388,37.6387085
node,5952086860,cafe,Ku:,,ramen,55.7739873,37.5864333
node,5952157395,cafe,Кулинарная лавка братьев Караваевых,,,55.7711947,37.5831583
node,5952157401,restaurant,Fish Проект,,seafood,55.7705052,37.6270728
node,5952157404,cafe,Jules Zang,,,55.7474467,37.5976422
node,5952391086,cafe,Pho Ngon,,vietnamese,55.7412898,37.5242999
node,5955463978,cafe,Трапезная,,,55.7535973,37.654269
node,5955465345,cafe,Пересвет,,,55.7559739,37.6555525
node,5961118985,bar,Anton,,,55.7479604,37.5390077
node,5966027387,cafe,Гнездо,,coffee_shop,55.7601293,37.6510493
node,5967492879,bar,"Кино, вино и домино",,,55.7528728,37.5871655
node,5971811241,fast_food,,,,55.7606076,37.6518457
node,5972686285,cafe,Вкусно,,,55.7624951,37.5876712
node,5972686454,fast_food,IQкофе2018,,coffee_shop,55.7611656,37.5866586
node,5975163158,cafe,Штолле,Штолле,pie,55.7376134,37.5274025
node,5975597727,fast_food,Take and wake,,coffee_shop,55.7913877,37.5842534
node,5975599631,fast_food,Take and Wake,,coffee_shop,55.74694,37.6290349
node,5975612576,fast_food,Take and wake,,coffee_shop,55.777097,37.5238564
node,5975615017,fast_food,Take and wake,,coffee_shop,55.7939,37.590273
node,5975615057,fast_food,Take and Wake,,coffee_shop,55.778715,37.665309
node,5975688679,fast_food,Take and Wake,,coffee_shop,55.711356,37.683527
node,5976306596,bar,Jawsspot,,,55.7302688,37.6268223
node,5978478811,fast_food,Take and Wake,,coffee_shop,55.707618,37.688467
node,5978479791,fast_food,Take and wake,,coffee_shop,55.7131628,37.6889998
node,5979516307,cafe,ABC coffee roasters,,coffee_shop,55.759009,37.6421616
node,5981907085,cafe,Surf Coffee,,coffee_shop,55.7216838,37.6117257
node,5981974362,restaurant,чайхана Баракат,,uzbek,55.7286685,37.6240049
node,5986796881,fast_food,Праймбиф,,steak_house,55.7121327,37.6211156
node,5992632403,cafe,Cafio,,coffee_shop,55.7243933,37.7163254
node,5992633565,cafe,Экспрессо,,coffee_shop,55.7242477,37.7158006
node,6002677043,fast_food,Doner Club на Мясницкой,,kebab,55.763027,37.6356055
node,6005863539,cafe,Хищник,,burger,55.7619254,37.6233405
node,6005863540,fast_food,,,,55.7617881,37.6238434
node,6005863546,restaurant,Грузинские каникулы,,georgian,55.7622507,37.6277876
node,6006974314,fast_food,Много лосося,,seafood,55.7674272,37.5878759
node,6012079979,restaurant,"Красная площадь, дом 1",,,55.7553617,37.6182191
node,6013294750,cafe,Даблби,Даблби,coffee_shop,55.7481359,37.5406426
node,6015816796,restaurant,Casting,,,55.7529739,37.5881311
node,6015816808,cafe,Point,,coffee_shop,55.7801149,37.5999087
node,6015816809,cafe,Bloom-n-Brew,,coffee_shop,55.7966926,37.5819322
node,6017492805,ice_cream,,,,55.7833744,37.5764977
node,6017708599,fast_food,Shawarma house,,,55.7069973,37.5601124
node,6017737470,cafe,Буфетрина,,cake;coffee_shop;sandwich,55.7530622,37.6710288
node,6017738628,cafe,Чихо,,asian,55.7528577,37.6693887
node,6019129986,restaurant,Aroma,,,55.7663101,37.5891946
node,6019254740,fast_food,ШефДонер'с,,kebab,55.7583168,37.6604149
node,6019902451,fast_food,Esh Шаурма,,kebab,55.7586196,37.6588087
node,6021825263,cafe,Пицца Паоло,,pizza,55.7597138,37.6597112
node,6022260587,restaurant,Сахалин,,asian;fish;mediterranean,55.7462015,37.5803817
node,6022318685,fast_food,Ракета,,burger;sandwich;coffee_shop;breakfast,55.7298522,37.6397261
node,6026702591,ice_cream,,,,55.7296989,37.6678437
node,6030605798,cafe,gaufré,,coffee_shop,55.7384138,37.6665053
node,6031825686,fast_food,Кулинария,,,55.7798376,37.6934161
node,6036620487,bar,Место встреч,,,55.742178,37.6555327
node,6038641187,fast_food,Domino Pizza,Domino Pizza,pizza,55.723727,37.6350764
node,6042607364,cafe,,,coffee_shop,55.7379272,37.6579423
node,6042611288,restaurant,Гамбринус,,international,55.738513,37.6596898
node,6042611289,restaurant,Труффальдино,,italian,55.7384277,37.6598293
node,6042611389,fast_food,Суши Wok,Суши Wok,asian,55.7395712,37.6685953
node,6043511685,cafe,Jeffrey's Coffee,,coffee_shop,55.7658598,37.6162107
node,6043748901,cafe,Мустафа Кебаб,,kebab,55.7399849,37.6328627
node,6055695087,cafe,Мох / Волна,,coffee_shop,55.7521498,37.6689514
node,6055695098,cafe,Prime,Prime,coffee_shop,55.7814447,37.5825099
node,6055695099,cafe,Чихо,,asian,55.781396,37.5826167
node,6061573703,cafe,Prime,Prime,coffee_shop,55.7388417,37.659141
node,6067805386,cafe,Пития и брашна,,russian,55.7776209,37.5853987
node,6068371985,restaurant,Недальний Восток,,,55.7583913,37.586484
node,6068450788,cafe,Old grinder,,coffee_shop,55.7379791,37.5929886
node,6068450789,fast_food,Крошка Картошка,Крошка Картошка,potato,55.7376309,37.5949933
node,6080424986,cafe,Кулинарная лавка братьев Караваевых,,,55.7215228,37.6105668
node,6085432683,cafe,Croissant Atelier,,,55.7408068,37.6261109
node,6090045961,cafe,Кофе и другие прелести,,,55.717051,37.6220836
node,6093132163,cafe,Mr. Croissant,,,55.7417712,37.655896
node,6093146228,fast_food,Take and wake,,coffee_shop,55.741784,37.655894
node,6093146229,fast_food,Take and wake,,coffee_shop,55.693546,37.625109
node,6104490381,cafe,Stars Coffee,Stars Coffee,coffee_shop,55.7288751,37.6199138
node,6106166698,cafe,Quidi,,cake,55.7622481,37.5956019
node,6106748437,fast_food,Domino Pizza,Domino Pizza,pizza,55.7186901,37.6768033
node,6108903732,cafe,Релакс,,,55.7115746,37.6833492
node,6110646951,bar,Bigati,,,55.7637099,37.6574931
node,6111673099,pub,Michael Collins,,,55.7719846,37.6199676
node,6111673113,food_court,"Food Market ""Красная роза""",,,55.7345937,37.5887025
node,6111673114,cafe,Клевер кофе,,coffee_shop,55.7657388,37.5935519
node,6111673119,cafe,Coffee Buro,,coffee_shop,55.7532864,37.633726
node,6112826996,cafe,coffee first,,coffee_shop,55.731364,37.6086996
node,6112827004,fast_food,,,coffee_shop,55.7349183,37.6062012
node,6112827005,cafe,,,,55.7345891,37.6058203
node,6115932411,fast_food,Правда Кофе,Правда Кофе,coffee_shop,55.7399862,37.5261778
node,6115932443,fast_food,Вкусно — и точка,Вкусно — и точка,burger,55.7820335,37.706489
node,6117603126,cafe,,,coffee_shop,55.7846969,37.7042518
node,6121022056,fast_food,,,,55.7373043,37.5145809
node,6123884745,cafe,Lancheria,,,55.7520323,37.6701613
node,6138956733,fast_food,Теремок,Теремок,crepe;russian,55.7829197,37.7059351
node,6138956734,fast_food,Вкусно — и точка,,burger,55.7829272,37.7059941
node,6138956753,bar,Пробка и штопор,,,55.7629162,37.592597
node,6138956757,restaurant,Мама будет рада,,italian,55.7663468,37.6071896
node,6140344466,fast_food,Coffee,,coffee_shop,55.7757557,37.5846
node,6140344472,cafe,Правда Кофе,Правdа кофе,coffee_shop,55.7394526,37.6332405
node,6140344614,fast_food,Ngon,,,55.7009986,37.6218532
node,6147321027,cafe,Meat-man,,,55.6969726,37.5784912
node,6160277785,fast_food,Serb&Я,,serbian,55.7907082,37.5596729
node,6161704985,fast_food,Бистро,,,55.7360021,37.5952301
node,6162686714,cafe,Барбекю,,doner,55.7992864,37.6149927
node,6165569093,cafe,Кулинарная лавка братьев Караваевых,,,55.8094498,37.6380693
node,6166442785,cafe,Coffee Clever,,coffee_shop,55.7702642,37.6414905
node,6168057559,bar,Дело не в вине,,,55.7579792,37.6363251
node,6173592278,cafe,Лукум,,,55.7624693,37.56693
node,6177029413,fast_food,Bodro coffee,,coffee_shop,55.7568507,37.5661102
node,6178998873,cafe,Волшебная страна Ангария,,,55.7602322,37.6249069
node,6178998874,cafe,Dolphin,,coffee_shop,55.7687505,37.5811681
node,6178998875,restaurant,FireLake,,,55.7846391,37.6265565
node,6182787139,cafe,ЛяКафе,,,55.7865557,37.6410753
node,6185959129,fast_food,,,,55.7421166,37.6534335
node,6193233301,cafe,Циферблат,,,55.7620423,37.6259837
node,6200361836,cafe,Монтероссо,,,55.7405345,37.6541884
node,6200361894,pub,Harat's,,,55.7406701,37.6542954
node,6200361899,fast_food,,,coffee_shop,55.7401068,37.6538533
node,6209778539,fast_food,Донёр Кинг,,doner,55.8080031,37.6362809
node,6221141785,fast_food,Дон Кофеон,,coffee_shop,55.7661135,37.6606193
node,6221254082,bar,Undr Bar,,,55.7410633,37.6525859
node,6221254083,cafe,ABC coffee roasters,,coffee_shop,55.7571549,37.6006034
node,6224558085,cafe,Good point,,coffee_shop,55.7240105,37.651215
node,6225717514,bar,Во сколько начинается аперитив?,,,55.7615263,37.6360957
node,6225900477,bar,Свобода,,,55.7625245,37.6374516
node,6225900483,bar,Wine Door,,,55.7626,37.6353219
node,6226788835,bar,Дача Гашека,,,55.7775177,37.601864
node,6235850339,restaurant,Илиадис,,greek,55.7741419,37.6184428
node,6236743385,bar,Meow,,,55.7625618,37.6257811
node,6238514051,restaurant,Амадеус,,,55.786347,37.6226831
node,6243772485,cafe,Pinzeria by Bontempi,,pizza,55.7667934,37.6242559
node,6251911185,cafe,Gaswag coffee,,coffee_shop,55.7287383,37.6109936
node,6253416853,restaurant,Абрамовъ,,russian,55.7379468,37.6188371
node,6253712922,bar,Beer & Fries,,,55.765157,37.6081484
node,6253712923,restaurant,А.Р.Т,,,55.7634919,37.5942984
node,6253712929,bar,Берг-коллегия,,,55.7398962,37.5962824
node,6253712940,bar,Двойка,,,55.7511965,37.6065458
node,6254080969,cafe,,,,55.7195284,37.6283978
node,6257421333,cafe,Coffiberry's,,coffee_shop,55.7204855,37.6004921
node,6257489035,restaurant,Дафеншо,,chinese,55.7201207,37.5999315
node,6257489045,pub,Лиса и Гусь,,,55.7201879,37.5994018
node,6257568619,fast_food,Вкусно — и точка,Вкусно — и точка,burger,55.7753813,37.5840556
node,6257568621,fast_food,Донер-хаус,,kebab,55.7361143,37.5913893
node,6258395544,pub,Так себе бар,,,55.7594353,37.5507197
node,6258395545,pub,Дублинец,,,55.7576167,37.6243597
node,6260710741,cafe,Surf Coffee,Surf Coffee,coffee_shop,55.7582138,37.625314
node,6262633360,restaurant,Сорока,,georgian,55.7577405,37.6230642
node,6263786986,cafe,Уно,,,55.7516034,37.5329227
node,6264407163,cafe,Маяк,,coffee_shop,55.7730701,37.5971648
node,6265049822,fast_food,,,,55.759457,37.6507848
node,6265766884,cafe,Кофекуб,,coffee_shop,55.6935881,37.6248693
node,6265767311,fast_food,Take and wake,,coffee_shop,55.7277113,37.6452112
node,6267536949,restaurant,Kupol,,,55.7751716,37.606971
node,6267536951,restaurant,Soul & Spirits,,,55.7703219,37.6326155
node,6267536955,cafe,Бургер & фрайс,,burger,55.7420463,37.6163157
node,6274827873,bar,StandUp Store,,,55.7655388,37.6158088
node,6276699487,cafe,Хуан,,coffee_shop,55.7016228,37.5801666
node,6277177505,restaurant,Онегин,,,55.7653219,37.6082142
node,6277177508,fast_food,Food rec.,,kebab,55.7658404,37.6086676
node,6277177512,restaurant,Козловна,,czech,55.7662553,37.6083468
node,6279475843,bar,Давид,,jewish,55.7569398,37.5981598
node,6294498688,food_court,StrEAT,,,55.7092698,37.6529153
node,6295176385,cafe,CoffeePort,,coffee_shop,55.749291,37.5373898
node,6295176485,cafe,CoffeePort,,,55.7499411,37.5374218
node,6295181985,cafe,OneBucksCoffee,,coffee_shop,55.7492946,37.5372984
node,6295189390,cafe,Зелёная точка,,,55.7488242,37.5380322
node,6295191286,cafe,Хайнань экспресс,,chinese,55.7494048,37.5372678
node,6295191288,cafe,Prime,Prime,coffee_shop,55.7489248,37.5379368
node,6297927353,restaurant,Хачапури и вино,,georgian,55.7596934,37.6473992
node,6297927356,restaurant,Сыроварня,,,55.7795673,37.5915483
node,6297927360,cafe,Гоген,,,55.7532252,37.6675513
node,6297927361,restaurant,Drinks@Dinners,,,55.7369305,37.6278493
node,6297927362,restaurant,КрабыКутабы,,,55.7796428,37.5917146
node,6297927363,bar,Dry & Wet,,,55.7680746,37.5976463
node,6298031885,fast_food,Правда Кофе,Правда Кофе,coffee_shop,55.7868189,37.5609709
node,6303242565,restaurant,Green Lounge,,,55.7466398,37.6306589
node,6305906666,cafe,XXI,,coffee_shop,55.7411018,37.5255237
node,6312240734,restaurant,Орда,,buryat,55.768426,37.6430963
node,6312240735,restaurant,Дом культур,,,55.7708737,37.6321737
node,6312240737,restaurant,Рихтер,,,55.737857,37.6277487
node,6312359299,cafe,ABC coffee roasters,,coffee_shop,55.7613489,37.6315709
node,6314529785,bar,Kill Fish,,,55.7501533,37.5928775
node,6316389295,fast_food,Fresh,,,55.7762433,37.6557412
node,6324879631,cafe,Stars Coffee,Stars Coffee,coffee_shop,55.7195152,37.6083173
node,6326667421,restaurant,,,,55.7545173,37.6500808
node,6327125285,cafe,Charlie coffee,,,55.7587578,37.6776783
node,6334313843,fast_food,Чайхана Халяль 24,,,55.805647,37.5863233
node,6338288106,cafe,Чайникофф,,,55.7055543,37.6560783
node,6338703185,cafe,Свежъ,,russian,55.7725173,37.651901
node,6341081866,cafe,Кулинарная лавка братьев Караваевых,,,55.7686866,37.6792762
node,6341492586,cafe,Самаргало,,georgian,55.7768163,37.6078903
node,6343772762,fast_food,Coffeeport,,coffee_shop,55.7758112,37.5552258
node,6347418554,cafe,БуфетЪ Чайковский,,,55.7571247,37.6052865
node,6348232456,cafe,Naiv,,coffee_shop,55.7568077,37.5963333
node,6349566385,cafe,YesNoMilk,,coffee_shop,55.719555,37.5493597
node,6350897920,fast_food,Универ,,,55.7802424,37.6647049
node,6354094385,restaurant,Вареничная №1,,russian,55.7629564,37.6353301
node,6354793285,cafe,Yumbaker,,cake,55.7322963,37.6267101
node,6360214985,cafe,Трапезная,,,55.7488993,37.66982
node,6368025785,cafe,Pinsapositana,,,55.7817167,37.5804328
node,6371796388,restaurant,Джумбус,,mediterranean,55.7454268,37.6679263
node,6372216285,bar,Колбаса,,,55.7543998,37.6371807
node,6372330043,restaurant,Lesnoy,,,55.7794158,37.590934
node,6372330044,cafe,ЦентроЧай,,,55.7531631,37.671212
node,6372330045,fast_food,Ramen House,,ramen,55.7801646,37.6336063
node,6372330046,cafe,Печорин,,,55.7345513,37.5887266
node,6372330049,restaurant,Gutai,,asian,55.7477419,37.5350314
node,6372330050,cafe,Ku:,,ramen,55.7477494,37.5345164
node,6372330051,restaurant,Littles,,,55.7607362,37.5497997
node,6372330052,restaurant,Андерсон,,,55.736069,37.5833353
node,6372330058,restaurant,Жаровня,,,55.781885,37.5807451
node,6372330060,restaurant,Мясо & Рыба,,,55.7291944,37.5697714
node,6373695783,restaurant,Brasserie Lambic,,belgian,55.767096,37.6081283
node,6375839796,bar,Рюмочная мечты,,,55.754952,37.6372451
node,6375839820,cafe,Несвятые святые,,,55.7662164,37.6290844
node,6375839821,restaurant,Roberto,,italian,55.7663008,37.6301426
node,6378471334,restaurant,Pasta Queen,,italian,55.7620296,37.6258524
node,6379704074,cafe,Syncope,,coffee_shop,55.7842394,37.6611674
node,6381045889,fast_food,Вкусно — и точка,Вкусно — и точка,burger,55.7439086,37.563758
node,6383723885,fast_food,Crazy Noodle,,,55.7917767,37.5412747
node,6384348096,cafe,Шоколадница,Шоколадница,coffee_shop,55.7392703,37.596281
node,6385912186,cafe,Are,,coffee_shop,55.7583046,37.6396818
node,6386160522,cafe,Хан Кебаб,,kebab,55.7112751,37.612828
node,6394050985,cafe,1554,,coffee_shop,55.7865874,37.5951414
node,6397244287,fast_food,,,shawarma,55.750484,37.7138328
node,6397254110,cafe,Рамен Клаб,,ramen,55.7301776,37.6253588
node,6397254433,fast_food,,,,55.7323691,37.6211478
node,6398649923,cafe,Jam nail cafe,,,55.7165429,37.616894
node,6399371113,cafe,Буркина фасоль,,,55.7077795,37.5833066
node,6399556221,restaurant,Вареничная №1,,russian,55.7430365,37.6531249
node,6399556222,restaurant,Карло,,italian,55.7431597,37.6530736
node,6399556242,fast_food,Rostic's,Rostic's,chicken,55.7427215,37.6532556
node,6400689401,cafe,Кофе для души,,coffee_shop,55.7328312,37.6240519
node,6402527122,restaurant,На Казачьем,,,55.7350718,37.6234528
node,6407632978,fast_food,Чайхана,,,55.7926827,37.5900296
node,6413611907,fast_food,Донер 24,,shawarma,55.7882383,37.6134182
node,6416447219,cafe,Кочевник,,,55.7660339,37.5564982
node,6420457588,cafe,Сэр Пуэр,,tea,55.7393447,37.6604102
node,6421202975,fast_food,,,,55.793904,37.6773195
node,6421206516,fast_food,,,,55.7938995,37.6766676
node,6423962453,fast_food,Coffee Matters,,coffee_shop,55.7695137,37.6226836
node,6426593632,restaurant,Шеф Амазония,,steak_house,55.7793079,37.590867
node,6426593634,restaurant,Tinta,,pizza,55.8037307,37.5912157
node,6426593638,fast_food,Утка по-пекински,,chinese,55.7628332,37.5513352
node,6426593645,bar,Котельная,,,55.7791601,37.5913578
node,6426593649,restaurant,Эль Краб,,seafood,55.7652136,37.568987
node,6426593650,bar,Журавли,,,55.7629108,37.6155647
node,6426593651,bar,Collider,,,55.7963931,37.5797707
node,6426593652,food_court,Eat Market,,,55.7963117,37.580511
node,6428738094,cafe,Cannibal Coffee,,coffee_shop,55.7363231,37.6144933
node,6434070064,restaurant,Meat Dealers,,steak_house,55.7803231,37.5935519
node,6434070065,bar,Черта,,,55.7363982,37.6737338
node,6434070066,restaurant,Пилзнер,,czech,55.7714333,37.5931686
node,6443397868,fast_food,Правда Кофе,Правdа кофе,coffee_shop,55.7681417,37.5888386
node,6443397870,fast_food,Самолет,,coffee_shop,55.7678335,37.5882445
node,6448261485,fast_food,Стейк & Бургер,,burger,55.7822667,37.7091225
node,6448748839,cafe,Pho City,,vietnamese,55.7935807,37.5798696
node,6449483068,restaurant,Sadu,,,55.7392099,37.6178366
node,6456478633,fast_food,,,,55.7471682,37.6314045
node,6458173736,cafe,Swift Coffee and Tea,,coffee_shop,55.7000526,37.6221832
node,6468241485,cafe,Má Mì,,vietnamese,55.7968387,37.5819297
node,6472885185,cafe,Healthy Boom,,,55.7091754,37.6527192
node,6480074636,cafe,1913,,,55.7856324,37.5791155
node,6482362249,bar,Шабаш,,,55.7879475,37.5934197
node,6482362250,bar,Right Hops,,,55.7802144,37.5934392
node,6482362251,bar,Right Hops,,,55.7644614,37.5683297
node,6482362252,cafe,Mr. Big,,jewish,55.7345846,37.5886086
node,6482362254,cafe,Сибирские истории,,,55.7276146,37.5677665
node,6482362256,restaurant,Джаганнат,,,55.7749679,37.5834024
node,6482362259,restaurant,Capito,,,55.7811828,37.5830818
node,6482362260,cafe,Тако Тако Буррито Буррито,,mexican,55.7788524,37.5985368
node,6486540286,cafe,Surf Coffee,Surf Coffee,coffee_shop,55.7773763,37.5852793
node,6489431787,ice_cream,,,,55.7377376,37.526156
node,6496301045,fast_food,Кофе & Моlоkо,,coffee_shop,55.7365726,37.5244394
node,6506035889,cafe,One&Double,One&Double,coffee_shop,55.794466,37.5890387
node,6510872887,fast_food,Папа Джонс,Папа Джонс,pizza,55.7197358,37.6700603
node,6512712372,restaurant,Babacha,,georgian,55.7313391,37.5917454
node,6521488968,cafe,Frank by Баста,,beef,55.7611943,37.6233713
node,6521488983,restaurant,Remy Kitchen Bakery,,,55.7800244,37.5912667
node,6524133286,cafe,Эспрессоварня,,coffee_shop,55.7345755,37.6381983
node,6532037498,restaurant,Кофемания,,coffee_shop,55.7746643,37.5876126
node,6532084783,cafe,Чебуреки решают,,,55.7963334,37.5819256
node,6533469540,cafe,Осетинские пироги,,,55.7100432,37.6205525
node,6533864847,bar,Sporco,,pizza,55.7297329,37.6320201
node,6533864850,bar,Ровесник,,,55.7623631,37.6059678
node,6533864852,food_court,Degustator,,,55.7493587,37.5370029
node,6533864854,bar,Игристый,,,55.7302547,37.6253954
node,6533864856,cafe,Cream Soda,,coffee_shop,55.7776426,37.5868705
node,6536736855,cafe,Coffee Like,Coffee Like,coffee_shop,55.810688,37.63676
node,6536736856,cafe,Допинг,,,55.7469167,37.6791924
node,6542335785,fast_food,Правда Кофе,Правда Кофе,coffee_shop,55.7503371,37.5939362
node,6545995111,cafe,Cofix,Cofix,coffee_shop,55.752705,37.5983009
node,6545995124,cafe,Surf Coffee,Surf Coffee,coffee_shop,55.7524098,37.5973412
node,6545995125,ice_cream,,,,55.7518947,37.5968953
node,6546875545,restaurant,EIWA,,asian,55.7886303,37.5389497
node,6547192469,restaurant,Dai Viet,,vietnamese,55.7587487,37.5528507
node,6547531940,cafe,Surf Coffee,Surf Coffee,coffee_shop,55.7822462,37.5998112
node,6550999195,bar,Пролив,,,55.7555546,37.6004623
node,6552978985,cafe,Univer Club,,coffee_shop,55.7404487,37.6360728
node,6554985160,cafe,,,,55.7978841,37.594903
node,6555145167,fast_food,Pita & Meat,,kebab,55.7485664,37.5436174
node,6555766085,cafe,ShakeUp,,,55.7547853,37.6131784
node,6558514117,cafe,Кофе Пончик,,coffee_shop,55.7307833,37.6017085
node,6565965385,restaurant,Спецбуфет No.2,,russian,55.7444621,37.6128825
node,6566460485,cafe,Му-Му,,russian;sushi;local,55.7798106,37.6019926
node,6570166285,restaurant,Бокончино,,,55.7474304,37.5351538
node,6570297504,fast_food,Coffee Like,Coffee Like,coffee_shop,55.714191,37.670914
node,6583693839,cafe,Bollo,,coffee_shop,55.7700647,37.585477
node,6586931506,cafe,Cream Soda,,coffee_shop,55.7403628,37.6207495
node,6587036809,fast_food,Шаурма,,,55.7246079,37.5645498
node,6587036811,fast_food,Донер Кебаб Вок,,,55.7243949,37.5653947
node,6587036812,cafe,Di Luca,,,55.7244115,37.5654282
node,6589574057,cafe,Coffee Inn,,coffee_shop,55.7476224,37.6276765
node,6589625337,ice_cream,,,,55.7190742,37.5873638
node,6589820739,fast_food,DUDU,,kebab,55.7100935,37.5989411
node,6593150004,bar,Craftland,,,55.7439487,37.6614587
node,6593150005,restaurant,Cihan,,turkish,55.7521347,37.5854596
node,6593150006,bar,Цирк,,,55.7721633,37.6194164
node,6593150007,cafe,Ra'men,,ramen,55.7721777,37.6196055
node,6593150009,cafe,Кофе-Москва,,coffee_shop,55.7781223,37.6066812
node,6593150010,fast_food,Кремлёвский,,,55.7522351,37.6134056
node,6593150011,fast_food,Cofix,Cofix,coffee_shop,55.7412068,37.6099764
node,6593150019,restaurant,Крабоlove,,seafood,55.7837258,37.574594
node,6593150020,bar,Сообщники,,,55.7298175,37.6320778
node,6603537185,restaurant,Everest Mansion,,,55.7301554,37.6222809
node,6605131899,fast_food,Додо Пицца,Додо Пицца,pizza,55.7397686,37.6520335
node,6609203957,cafe,Джи Пи Вингс,,,55.767898,37.6467669
node,6611639019,fast_food,Первая шаурма,,kebab,55.7287528,37.6240419
node,6611639020,cafe,Pho Diem,,vietnamese,55.7285838,37.6241024
node,6617755705,bar,Караоке Pro,,,55.7422267,37.6163694
node,6618558586,cafe,Едим как дома,,,55.7768088,37.6575799
node,6625058424,cafe,Red Black Family,,,55.7620069,37.6489328
node,6627660765,cafe,BongBong,,vietnamese,55.765369,37.6394596
node,6627660766,bar,Рюмка,,,55.7652449,37.639764
node,6631423338,cafe,Vатук,,,55.779777,37.5930435
node,6631423339,cafe,Soul in the Bowl,,,55.7797363,37.5930624
node,6631423340,cafe,Kulek,,italian,55.7798019,37.5931321
node,6631423343,cafe,Inchoco,,waffle,55.7799776,37.5931321
node,6631423347,cafe,Tsomi,,georgian,55.780038,37.5933239
node,6631423348,cafe,Gilo,,italian,55.780084,37.5933963
node,6631423349,cafe,Cheesemania,,,55.7800033,37.5934017
node,6631423350,cafe,Greek street,,greek,55.779992,37.5934298
node,6631423351,cafe,Mollusca,,seafood,55.7800387,37.5934835
node,6631423352,cafe,Ryba Family,,seafood,55.7800802,37.5935478
node,6631423354,cafe,Mr. Crabs,,seafood,55.7801481,37.5936015
node,6631423355,cafe,Buffalo's,,chicken,55.7801594,37.5935505
node,6631423356,cafe,Сокровища морей,,seafood,55.780231,37.5938436
node,6631423358,bar,Best Bar,,,55.7804475,37.5936457
node,6631423360,bar,Martini,,,55.7802687,37.592994
node,6631423361,cafe,Шеф,,turkish,55.7803328,37.5931442
node,6631423364,cafe,Шеф Тантуни,,turkish,55.7805425,37.5934432
node,6631423369,cafe,Bổ,,vietnamese,55.7802484,37.5927754
node,6631423370,cafe,Mama Mia,,italian,55.7803345,37.5928841
node,6631423371,cafe,Glukoza,,drinks,55.7803887,37.5929229
node,6631423372,bar,Right Hops,,,55.7804437,37.5930637
node,6631423374,cafe,Чосон,,korean,55.7805387,37.5930054
node,6631423375,cafe,Poke House,,,55.7805719,37.5930557
node,6631423376,cafe,Bright,,jewish,55.7805825,37.5929779
node,6631423377,fast_food,Mac Factory,,american,55.7806323,37.5929739
node,6631432886,cafe,The Truffle,,italian,55.7805282,37.5926802
node,6631432887,cafe,Новые русские пельмени,,russian,55.7804912,37.5926252
node,6631432889,cafe,China Má,,chinese,55.780486,37.592772
node,6631432890,cafe,Ламянь,,chinese,55.7804513,37.592719
node,6631432891,cafe,Siam,,thai,55.7804441,37.5927828
node,6631432892,cafe,Три утки,,chinese,55.7804053,37.592719
node,6631432896,cafe,Бакинский уголок,,azerbaijan,55.7803359,37.5926118
node,6631432898,cafe,Ku:,,ramen,55.7801356,37.5923013
node,6637749865,cafe,Burger Heroes,,burger,55.7745303,37.581638
node,6638710185,cafe,Mac&cheese,,,55.7603274,37.6248237
node,6641997177,fast_food,Крошка Картошка,Крошка Картошка,potato,55.7579171,37.6591265
node,6654947355,fast_food,Правда кофе,,coffee_shop,55.7376625,37.5950094
node,6655714737,fast_food,Coffeeport,,coffee_shop,55.7650635,37.6203599
node,6655919470,cafe,Surf Coffee,Surf Coffee,coffee_shop,55.7677079,37.5994621
node,6655919484,fast_food,Stardogs,Стардог!s,hot_dog,55.7661122,37.6041386
node,6657164933,cafe,Поколение кофе,,coffee_shop,55.741624,37.5311249
node,6657164934,cafe,Boring Coffee,,coffee_shop,55.7410717,37.5318235
node,6658181613,restaurant,По Чесноку,,,55.7303848,37.6452135
node,6658327269,pub,The Good Job,,,55.7275754,37.6446565
node,6658419415,cafe,Cofix,Cofix,coffee_shop,55.7097006,37.6572847
node,6658429603,pub,Стражек,,,55.7073544,37.6567634
node,6660933585,bar,Howard Loves Craft,,burger,55.7403484,37.6104668
node,6668058286,fast_food,Rostic's,Rostic's,chicken,55.7886068,37.5363334
node,6669881589,cafe,Cofix,Cofix,coffee_shop,55.7552186,37.6606795
node,6679499171,restaurant,Вареничная №1,,russian,55.7567141,37.6588688
node,6680035282,restaurant,Il pizzaiolo,,italian,55.7485857,37.6087949
node,6680035284,restaurant,Il pizzaiolo,,italian,55.7498462,37.5932005
node,6680039786,cafe,Булка и кофе,,coffee_shop,55.7252567,37.6256492
node,6680039787,bar,Michelada,,mexican,55.7572643,37.634182
node,6680039790,bar,High,,,55.748006,37.5401276
node,6680039791,cafe,Домик в саду,,pizza,55.718551,37.5904378
node,6680565164,cafe,Prime,Prime,coffee_shop,55.7305062,37.63516
node,6681612733,cafe,Pho №1,,vietnamese,55.7694101,37.6207982
node,6684323745,cafe,Салют,,,55.7669509,37.6124768
node,6684661389,cafe,Кафетериус,,coffee_shop,55.7408225,37.5316948
node,6685418399,restaurant,Мясо & Рыба,,european;russian;fish,55.7053296,37.6414565
node,6685476640,cafe,Cofix,Cofix,coffee_shop,55.7488137,37.5831945
node,6685477390,restaurant,Мясо & Рыба,,european;fish;mediterranean,55.7479652,37.5370963
node,6687049865,cafe,Prime,Prime,coffee_shop,55.725487,37.6434366
node,6690633269,ice_cream,33 пингвина,33 пингвина,ice_cream,55.750431,37.593962
node,6693512579,bar,Гетнатун,,,55.7546426,37.6065163
node,6698967431,cafe,Кофе с тобой,,,55.7711815,37.6515342
node,6699339262,cafe,Пшеница,,,55.7711885,37.6511765
node,6700881367,fast_food,CofAir,,coffee_shop,55.7526624,37.6051448
node,6700935385,bar,Сосна и Липа,,,55.7631573,37.6369048
node,6702620993,fast_food,Теремок,Теремок,crepe;russian,55.7304871,37.6427529
node,6709761076,bar,Кабинет психолога,,,55.7403001,37.6280572
node,6717889946,cafe,Шоколадница,Шоколадница,coffee_shop,55.7319343,37.6641172
node,6718177977,bar,Sol x Magneto,,,55.7639053,37.6073412
node,6718177980,restaurant,Dolce Far Niente,,italian,55.7464625,37.5812638
node,6718444022,cafe,Мараканд,,uzbek,55.7532026,37.5828633
node,6718447568,fast_food,,,kebab,55.7282535,37.6235242
node,6719098454,fast_food,Rostic's,Rostic's,chicken,55.7245191,37.6370756
node,6720407446,cafe,Surf Coffee,Surf Coffee,coffee_shop,55.7308701,37.6414574
node,6721696764,fast_food,Subway,Subway,sandwich,55.7328035,37.664048
node,6721878577,restaurant,Duets,,,55.759126,37.5853872
node,6722349686,fast_food,Rostic's,Rostic's,chicken,55.7809653,37.6683804
node,6724571535,cafe,Кулинарная лавка братьев Караваевых,,,55.7293555,37.6219022
node,6725103305,cafe,Хабурзак,,,55.7678814,37.5928907
node,6725841185,cafe,Провинчи,,,55.7937555,37.6102835
node,6726427823,cafe,Familyfarm,,coffee_shop,55.727777,37.6140238
node,6726427828,cafe,Cofix,Cofix,coffee_shop,55.7288474,37.6111119
node,6731638978,cafe,Инсайт,,coffee_shop,55.7674048,37.6508684
node,6735651265,ice_cream,,,,55.7391851,37.6742576
node,6736865893,restaurant,Bebo,,georgian,55.7540539,37.6374006
node,6738102130,ice_cream,,,,55.7457531,37.6065395
node,6739140185,cafe,Зайкафе,,,55.7796543,37.6038401
node,6743160886,cafe,Lao Lee,,vietnamese,55.7636472,37.5694277
node,6743614231,fast_food,Суши Бар,,sushi,55.7458743,37.6826896
node,6744655526,cafe,,,coffee_shop,55.7854589,37.5304096
node,6745453129,fast_food,Rostic's,Rostic's,chicken,55.701146,37.6219229
node,6745952685,cafe,Трапезная,,,55.7384079,37.6241876
node,6747196910,restaurant,Ambassador,,,55.7485073,37.6262614
node,6747196911,restaurant,Балчуг Гриль,,,55.7483125,37.6257464
node,6757537886,cafe,Conversation,,,55.738595,37.5958781
node,6764848385,restaurant,Хинкали-Гали!,,georgian,55.7889349,37.582858
node,6764889185,cafe,Coffee Shots,,coffee_shop,55.7895199,37.5834989
node,6767294825,cafe,Jumbo Cafe,,,55.7073102,37.6664464
node,6768908024,restaurant,Урюк,,uzbek,55.7448472,37.5661741
node,6776238903,ice_cream,,,,55.7438622,37.6070166
node,6776767229,cafe,Наши люди,,,55.7295313,37.6323178
node,6776805586,fast_food,,,russian;coffee_shop,55.7902687,37.6310835
node,6777109722,restaurant,Чайхона №1,,,55.7698306,37.6099671
node,6777109723,restaurant,Чайхона №1,,,55.7903863,37.5320006
node,6777109743,fast_food,Шаурмен,,,55.7273684,37.5678161
node,6778102856,fast_food,Стардог!s,Стардог!s,sausage,55.7242101,37.7157322
node,6779217175,cafe,Всё Лень,,,55.7556878,37.5510107
node,6780335705,fast_food,Лангет Бургер,,,55.7242686,37.7159388
node,6780335706,cafe,Barista Style,,,55.7243018,37.7160595
node,6783481707,cafe,Stars coffee,,coffee_shop,55.7093158,37.6535555
node,6795518093,cafe,Cofix,Cofix,coffee_shop,55.7651978,37.6386688
node,6799917902,cafe,Harvard Café,,kebab,55.7558882,37.7043478
node,6801999749,fast_food,,,coffee_shop,55.7901931,37.5538107
node,6802682986,bar,Крафт будка,,savory_pancakes,55.7936823,37.6189545
node,6803061109,cafe,Cofix,Cofix,coffee_shop,55.7643218,37.6028846
node,6804187965,restaurant,Вилла Паста,,italian,55.7652083,37.6110399
node,6805220385,fast_food,,,,55.7717937,37.6191857
node,6805220386,restaurant,J. Z. Peking Duck,,chinese,55.7720538,37.6200623
node,6812175675,fast_food,Курочка рядом,,,55.7996655,37.5844431
node,6812226977,fast_food,Coffee Like,,coffee_shop,55.8118343,37.6363481
node,6814212680,fast_food,Ленивый Кофе,,coffee_shop,55.7379853,37.6730199
node,6814227871,cafe,Родник,,,55.7382645,37.6732447
node,6821914865,fast_food,Бистро24,,,55.7761601,37.5812023
node,6821914870,cafe,Кофе муз,,coffee_shop,55.7741541,37.5805855
node,6821914871,cafe,#Шаурмяне,,,55.7753515,37.5839996
node,6822775186,cafe,White Fox,,coffee_shop,55.7437623,37.6564249
node,6831578487,pub,Пушки-мишки,,,55.7860132,37.5956233
node,6845432609,bar,Analog,,,55.7414683,37.6599793
node,6845435108,bar,"Дом, В Котором",,,55.7585711,37.6453773
node,6846248344,bar,Puerto Madero,,,55.7883589,37.5384193
node,6847080185,cafe,Рыжая Кошка,,coffee_shop,55.7431097,37.6388075
node,6852796638,cafe,Cafe for persons,,,55.7922525,37.5408443
node,6855897863,fast_food,7 сэндвичей,,sandwich,55.7127166,37.5943261
node,6855905819,cafe,Gusto cosmico,,pizza,55.7143622,37.5911075
node,6863975633,fast_food,Вкусно — и точка,Вкусно — и точка,burger,55.708169,37.65719
node,6864990685,cafe,Сыто Пьяно,,japanese;local;russian;american;austrian;burger;greek;italian;italian_pizza;french;thai;sushi;sandwich;steak_house;fish_and_chips;pizza;pasta,55.7534174,37.7165114
node,6875534986,food_court,Брикет маркет,,,55.7712212,37.6200682
node,6882438288,fast_food,Farsh,,burger,55.7073018,37.5898706
node,6885605685,pub,Пьяный тюлень,,,55.7183792,37.6477843
node,6885605687,pub,Beer's tale,,,55.8027291,37.5840588
node,6885605688,pub,Пивотека 465,,,55.7005962,37.6258088
node,6885605689,fast_food,,,,55.7287817,37.6480185
node,6896622690,bar,351,,,55.7715008,37.6798451
node,6897918961,restaurant,Levantine,,arab,55.7515928,37.5840166
node,6897918962,cafe,Laffa Laffa,,kebab,55.7596059,37.5973995
node,6898004642,restaurant,Midsummer,,,55.7683725,37.645521
node,6898004644,bar,Винил и вино,,,55.7727449,37.6096867
node,6898283238,fast_food,Росинка,,,55.7741038,37.6744829
node,6898919186,cafe,Senti Menti,,italian,55.7543448,37.6375929
node,6903819933,cafe,Виктория,,,55.7852077,37.6598869
node,6915246585,pub,Harat’s,,friture;chicken;burger;pasta;fish_and_chips,55.7531005,37.5868604
node,6917048685,cafe,Nice to meet you,,burger,55.7088882,37.6559382
node,6918453197,cafe,Supernova,,pizza,55.7729848,37.6103741
node,6918453199,restaurant,Izumi,,japanese,55.7662246,37.64006
node,6918453205,restaurant,La vie,,,55.7814739,37.5701174
node,6918453206,restaurant,Жаровня. Чайхона,,,55.7602126,37.6247513
node,6918453209,restaurant,True Cost,,,55.7622348,37.6134451
node,6918453212,restaurant,Remy Kitchen Bakery,,,55.747018,37.5566742
node,6918453213,bar,Кабинет 3.14,,,55.7718144,37.6258
node,6918453218,cafe,On Sight,,coffee_shop,55.7587721,37.6475138
node,6919764785,fast_food,Shawarma house,,kebab,55.7349087,37.603149
node,6922143209,restaurant,Экспромт,,,55.7587736,37.6325485
node,6922143213,fast_food,One Price Coffee,,coffee_shop,55.7574432,37.6335409
node,6926120674,cafe,Cofix,Cofix,coffee_shop,55.7765437,37.58182
node,6937873685,cafe,Cofix,Cofix,coffee_shop,55.733062,37.639968
node,6939561310,fast_food,Ля фантазия,,coffee_shop,55.7809769,37.5739825
node,6943334888,cafe,Чайхона Восточная кухня,,,55.7963975,37.5916434
node,6943438012,fast_food,MinutaScoffee,,coffee_shop,55.7096892,37.5947441
node,6943476021,bar,ББ Крафт,,,55.8041496,37.5905002
node,6947600568,restaurant,Библиайтека,,,55.7673034,37.6075207
node,6959964047,fast_food,Вертел,,kebab,55.7681466,37.6472149
node,6959964049,pub,Abbey Players,,,55.7526778,37.5981413
node,6959964053,bar,Door 2310,,,55.7662744,37.6147842
node,6960390504,fast_food,,,kebab,55.7816164,37.7061422
node,6961663247,fast_food,Subway,Subway,sandwich,55.7915966,37.6548149
node,6966443903,cafe,Calma,,coffee_shop,55.7786573,37.5822059
node,6966443910,fast_food,Экспрессо,,coffee_shop,55.7721563,37.6007009
node,6966443929,cafe,Кофе муз,,,55.787513,37.706766
node,6966443932,cafe,Smart Day,,,55.7761177,37.6790725
node,6977323285,cafe,Seadog,,coffee_shop,55.7445657,37.6248883
node,6977883848,fast_food,Domino Pizza,Domino Pizza,pizza,55.7507822,37.5925541
node,6978017066,fast_food,Кебабар,,kebab,55.7084452,37.5915804
node,6979790168,pub,Mission,,,55.7704585,37.6708183
node,6985840744,restaurant,Wu Shu,,chinese,55.7592308,37.6458496
node,6990965219,cafe,Старая Грузия,,,55.7528064,37.6456203
node,6992646415,bar,Kisski,,,55.766955,37.6321435
node,6993396032,cafe,Кафе №1,,regional,55.8009047,37.5864734
node,7002878683,restaurant,Sartoria Lamberti,,,55.7574915,37.6130354
node,7003294066,pub,16 тонн,,,55.7494658,37.590993
node,7005924730,restaurant,Чёрное море,,seafood,55.7402865,37.5325504
node,7006657288,cafe,Colaba coffee,,coffee_shop,55.7812673,37.6005095
node,7006657290,cafe,Жасмин,,chinese,55.7817424,37.6003204
node,7006657299,cafe,Мидийное место,,seafood,55.7827228,37.5998658
node,7006657300,bar,Сон Менделеева,,,55.7824197,37.6002882
node,7006657301,bar,Пороселло,,,55.7823186,37.5998269
node,7006657302,bar,Bijou,,,55.7739899,37.5846146
node,7006657304,restaurant,Коптильня,,,55.7823774,37.5999556
node,7011710233,cafe,Трапезная,,,55.7558486,37.6228188
node,7012442294,bar,Контрразведка,,,55.7580454,37.6273531
node,7021641986,restaurant,Гао,,,55.727796,37.6442366
node,7027167008,cafe,Кулинарная лавка братьев Караваевых,,,55.7694702,37.6052222
node,7034470967,cafe,History,,coffee_shop,55.7738908,37.6154374
node,7037843452,cafe,For Friends,,,55.7067403,37.5772714
node,7039315244,cafe,Cassette,,,55.7109305,37.610618
node,7040344937,cafe,Pho City,,vietnamese,55.7757894,37.6717409
node,7040344938,bar,Do Not Disturb,,,55.7641249,37.6176877
node,7040344939,restaurant,№ 13,,,55.7600662,37.5964782
node,7040839472,cafe,Smoothie & Coffee,,coffee_shop,55.7561957,37.5513715
node,7040839473,cafe,Лейкин и закон,,italian,55.7561897,37.5512481
node,7041014889,cafe,Pasta na Solyanke,,italian,55.7540343,37.6369098
node,7041014890,fast_food,Zotman Pizza,,pizza,55.7542011,37.6372384
node,7041952850,restaurant,Арарат,,armenian,55.749046,37.5896225
node,7042277287,restaurant,Greeks & pasta,,greek,55.7628784,37.6197971
node,7044063678,cafe,Jeffreys coffeeshop,,,55.786313,37.542428
node,7044063682,cafe,Jeffreys coffeeshop,,,55.765695,37.609602
node,7044984289,fast_food,Кебаб-экспресс,,kebab,55.7613403,37.5747107
node,7047294675,cafe,Чайхана Ош,,,55.7825992,37.7172016
node,7049346112,fast_food,Донер кебаб,,kebab,55.7395111,37.665073
node,7049346114,fast_food,Шаверма&шашлык,,kebab,55.7394979,37.6647122
node,7050759285,fast_food,Додо Пицца,Додо Пицца,pizza,55.7911927,37.6805752
node,7053094689,cafe,NYM Kitchen,,,55.744191,37.5887736
node,7054302802,bar,Drinx,,,55.7731437,37.5902506
node,7054535097,cafe,Дринкит,Дринкит,coffee_shop,55.7632834,37.6352537
node,7056592900,restaurant,Steak It Easy,,steak_house,55.7521339,37.5868343
node,7056592928,restaurant,Loro,,italian,55.7572077,37.6002815
node,7056592929,cafe,Ладо,,,55.7628022,37.6374114
node,7057705485,fast_food,,,kebab,55.7014589,37.6244474
node,7059996048,cafe,Chef's kitchen,,,55.747249,37.5372731
node,7059996050,cafe,Shake up,,,55.7471226,37.5372595
node,7059996052,cafe,Poke House,,seafood,55.7468867,37.5371516
node,7059996055,cafe,Prime,Prime,coffee_shop,55.7466404,37.5365082
node,7059996068,cafe,Tim n Tim,,ice_cream,55.7467666,37.5370899
node,7059996069,cafe,Столичный вкус,,,55.7467084,37.5370503
node,7061533903,restaurant,Хаос,,,55.7602043,37.6494806
node,7064142733,cafe,Мурчашка,,,55.7919449,37.6810724
node,7066256376,fast_food,One Price Coffee,One Price Coffee,coffee_shop,55.779547,37.6657205
node,7068953785,fast_food,Спортрезерв,,russian,55.7628249,37.6707508
node,7074571275,cafe,PhoBo,,vietnamese,55.7512931,37.5972815
node,7074571276,fast_food,3*30,,kebab,55.8036192,37.59128
node,7079283314,cafe,,,coffee_shop,55.7460197,37.5132419
node,7079758376,restaurant,Кофемания,,,55.7773358,37.5249719
node,7079758379,restaurant,Кофемания,,,55.7294462,37.6267301
node,7080708915,restaurant,La veranda,,,55.7680647,37.6452595
node,7080708916,cafe,Prime,Prime,coffee_shop,55.7684238,37.6468514
node,7083143213,cafe,Ни свет ни заря,,coffee_shop,55.7621564,37.6518014
node,7089312586,restaurant,Cépage,,,55.7627754,37.5680883
node,7090779770,cafe,Лепим и варим,,russian,55.7577277,37.6349974
node,7090779774,food_court,Профсоюз,,,55.7823593,37.6004424
node,7095783570,cafe,Burger Heroes,,burger,55.7661424,37.6400104
node,7097900685,cafe,Fanfood,,,55.7893232,37.5608224
node,7114749542,cafe,Alpini,,coffee,55.7832739,37.6951986
node,7119807485,cafe,Диемме,,cake;coffee_shop,55.7190165,37.5820281
node,7123333040,restaurant,Дальний Восток,,seafood,55.7883835,37.5381591
node,7126208978,restaurant,Vabene!,,italian,55.7661914,37.5679314
node,7126208979,bar,Слоны и мамонты,,,55.7582227,37.6363572
node,7126900920,fast_food,Kutuza,,,55.7401748,37.5266898
node,7128150640,restaurant,San Si,,chinese,55.7641785,37.6168174
node,7128184285,cafe,Stars Coffee,,coffee_shop,55.7802213,37.63368
node,7129381006,cafe,Prime,Prime,coffee_shop,55.7695064,37.6500526
node,7130832893,cafe,Брусника,,,55.7447911,37.5950888
node,7130919413,fast_food,Pita&Grill,,international;kebab;turkish;indian,55.7075921,37.6568365
node,7131586139,cafe,Шоколадница,Шоколадница,coffee_shop,55.7737369,37.6558057
node,7131586142,cafe,Cofix,Cofix,coffee_shop,55.7736905,37.6554409
node,7131586143,fast_food,Fix story,,,55.773813,37.6557872
node,7131586144,fast_food,Шаурмания,,,55.7734344,37.6562217
node,7133530132,bar,El borracho,,mexican,55.7693653,37.6247473
node,7133530133,restaurant,Smoke BBQ,,,55.7695668,37.6253133
node,7136952867,restaurant,Гамбринус,Гамбринус Сеть ресторанов,german;burger;italian;seafood;steak_house,55.7458751,37.571079
node,7141020119,bar,Zudwa,,,55.7642962,37.5684893
node,7141020122,bar,Рассвет,,,55.7646176,37.5685577
node,7141020137,restaurant,Maer,,,55.74307,37.6024353
node,7141020138,restaurant,Remy Kitchen Bakery,,,55.7469402,37.5389743
node,7141020140,bar,На вина!,,,55.7570198,37.5997438
node,7146330085,restaurant,Квели & Сунели,,georgian,55.8039187,37.5906104
node,7146957792,fast_food,Вэйк Ап,,coffee_shop,55.7635586,37.569249
node,7150536673,restaurant,Assunta Madre,,seafood,55.7575194,37.5867821
node,7162442978,bar,Прогресс,,,55.7888582,37.633307
node,7162442979,bar,Прогресс,,,55.7250566,37.5823268
node,7164893979,cafe,Старик Хинкалыч,,georgian,55.7431122,37.6298569
node,7167707906,ice_cream,,,,55.7990663,37.5576652
node,7174769185,cafe,Hachiko,,japanese,55.7415347,37.6287292
node,7185289334,pub,Harat's,,,55.7758595,37.5856541
node,7188772994,restaurant,Джонджоли,,georgian,55.7698912,37.5978448
node,7191715287,cafe,Волконский,,cake,55.7388459,37.6284664
node,7192026285,restaurant,Pino,,,55.7626164,37.5949701
node,7194169868,cafe,Tropic,,,55.7862505,37.6580452
node,7196977973,fast_food,СтарДогс,,,55.7242222,37.6886523
node,7197024837,cafe,Эрна,,coffee_shop,55.7328751,37.6183569
node,7198590427,cafe,Без рецепта,,cake;coffee_shop,55.750044,37.5715658
node,7206254158,cafe,Буфетоф&Рамен,,asian,55.7528675,37.6475769
node,7206956348,pub,Клаштер,,,55.7600028,37.6460883
node,7208618067,fast_food,Grill room,,kebab,55.761279,37.663018
node,7208711973,cafe,Cofix,Cofix,coffee_shop,55.8077508,37.5802685
node,7213882858,restaurant,Zabaaava,,,55.7396886,37.6058203
node,7213882860,restaurant,Arch 1908,,,55.7633017,37.5897257
node,7214000671,fast_food,Doner Xan,,,55.7034415,37.6853774
node,7214000672,cafe,Чайхана,,,55.7035881,37.6855631
node,7217249732,cafe,Мимино,,georgian,55.7898519,37.6344569
node,7227202763,fast_food,Бургер Кинг,Бургер Кинг,burger,55.7910746,37.5611819
node,7234554909,fast_food,Фанцзеюань,,chinese,55.8000617,37.5607836
node,7242781156,restaurant,Джонджоли,,georgian,55.7473335,37.5349503
node,7248687785,cafe,Daily Green,,coffee_shop,55.7426841,37.6348064
node,7254231635,pub,Delirium tremens,,,55.8034058,37.5825119
node,7254671586,bar,Bad Crown,,,55.7544659,37.6373436
node,7258909340,fast_food,Вкусно — и точка,Вкусно — и точка,burger,55.7297375,37.6441321
node,7259141981,restaurant,"Есть хинкали, пить вино",,georgian,55.753955,37.5990397
node,7259146903,bar,Decembeer,,,55.7795621,37.6046589
node,7259146915,cafe,МамаМай,,vietnamese,55.7723926,37.6059528
node,7267060385,fast_food,,,kebab,55.7974614,37.5481299
node,7287958385,cafe,Surf Coffee,Surf Coffee,coffee_shop,55.7622517,37.5682856
node,7292223904,cafe,Flip,,coffee_shop,55.7280968,37.5599867
node,7299186116,restaurant,Халва,,uzbek,55.7858554,37.6018399
node,7299186132,bar,Jawsspot,,,55.7673069,37.6073431
node,7299186135,cafe,Fine,,coffee_shop,55.7471795,37.607895
node,7299186136,bar,The Nest,,,55.7669663,37.6324318
node,7299186137,restaurant,Le carré,,french,55.7371321,37.6423104
node,7299186138,cafe,Печорин,,,55.7235644,37.6111843
node,7299186139,restaurant,Cutfish,,asian,55.7479205,37.5400315
node,7299186140,cafe,Frank by Баста,,beef,55.7354612,37.5880238
node,7299186141,restaurant,Sigma,,,55.7619834,37.5507335
node,7299604236,fast_food,Cofix,Cofix,coffee_shop,55.7478578,37.5328547
node,7301998882,bar,Ладно,,,55.7682315,37.6427255
node,7309604644,cafe,Котлет.нет,,,55.7713783,37.7139376
node,7318413187,fast_food,Rostic's,Rostic's,chicken,55.7817576,37.7054062
node,7318506585,cafe,Cofix,Cofix,coffee_shop,55.7816232,37.7053182
node,7320198488,restaurant,360,,,55.7495386,37.5368276
node,7326254166,cafe,Oh My Toast,,,55.7465181,37.5814706
node,7328541882,fast_food,,,,55.8044415,37.6509981
node,7332260277,bar,9,,,55.8071315,37.5845933
node,7332260278,bar,Барка,,,55.7542434,37.6261944
node,7332260280,bar,Южная рюмочная,,,55.7424509,37.631477
node,7340009585,fast_food,,,,55.7053855,37.5890978
node,7347499659,fast_food,МореLove,,seafood,55.726062,37.5326139
node,7366466235,cafe,Кофе In,,,55.7933488,37.5639376
node,7370160398,fast_food,Rostic's,Rostic's,chicken,55.7609,37.6237723
node,7370160403,cafe,Cofix,Cofix,coffee_shop,55.7617024,37.6240221
node,7370160406,restaurant,Bosco,Bosco,,55.7625653,37.619804
node,7395264686,cafe,Mátes,,coffee_shop,55.7616638,37.5960155
node,7397131043,fast_food,,,kebab,55.7898832,37.6781042
node,7401494741,cafe,Кулинарная лавка братьев Караваевых,,,55.7653902,37.5639054
node,7417148956,bar,Пивотека 465,,,55.7704162,37.5650775
node,7417184551,restaurant,М2,,,55.7626053,37.5898853
node,7437460032,cafe,Jeffreys coffeeshop,,,55.7540809,37.649733
node,7437501389,cafe,Выпей Кофе!,,coffee_shop,55.7868366,37.6361279
node,7437501390,cafe,Хинкальная на Руставели,,,55.813607,37.596821
node,7437501395,cafe,Кофе муз,,,55.7081101,37.6551434
node,7442048645,cafe,Cofix,Cofix,coffee_shop,55.758311,37.6133627
node,7505840277,fast_food,Бургер Кинг,Бургер Кинг,burger,55.7169119,37.6904667
node,7505868607,fast_food,Бургер Кинг,Бургер Кинг,burger,55.7477134,37.7074277
node,7505868661,fast_food,Бургер Кинг,Бургер Кинг,burger,55.709236,37.5959283
node,7518319368,cafe,Cofix,Cofix,coffee_shop,55.7244771,37.5639346
node,7553973296,cafe,Казимир,,,55.8053015,37.6421213
node,7578671166,fast_food,,,kebab,55.7270349,37.6114839
node,7580137302,restaurant,Slava,,,55.7963509,37.5813022
node,7593099880,cafe,Телиани,,georgian,55.7582535,37.7006601
node,7593099900,cafe,Лефортово,,regional,55.7582465,37.6973396
node,7593192685,cafe,Prime,Prime,coffee_shop,55.7200537,37.6055389
node,7593223387,cafe,Kombinat,,,55.7208169,37.6003603
node,7596820432,cafe,SeDelice,,,55.7193766,37.6088338
node,7616935649,cafe,Coffee Waffles Fresh,,,55.6982114,37.6432159
node,7625741869,cafe,Столовая,,,55.7845877,37.6895523
node,7635326729,cafe,Рохат,,,55.8064282,37.582477
node,7640415422,fast_food,,,,55.7646334,37.6399668
node,7643673464,cafe,Овсянки,,,55.7642516,37.568802
node,7644566965,fast_food,Правда Кофе,Правdа кофе,coffee_shop,55.8000184,37.5852142
node,7644566966,fast_food,Милти,,,55.7998608,37.585237
node,7644566967,cafe,Jojo,,asian,55.7999407,37.5852255
node,7644571090,cafe,Prime,Prime,coffee_shop,55.804152,37.5833112
node,7647049835,bar,Вова's бар,,,55.7574601,37.6369198
node,7653798219,bar,Audience,,,55.804541,37.5858606
node,7666472019,bar,Сюр,,,55.7547391,37.6428019
node,7666472020,bar,Unico,,,55.7276606,37.5678724
node,7666472023,restaurant,Coba,,japanese,55.7670093,37.6062289
node,7671890149,fast_food,,,,55.80298,37.5846121
node,7671897686,ice_cream,,,,55.8078972,37.5812767
node,7671897698,cafe,SeDelice,,coffee_shop,55.8077601,37.5803179
node,7678282462,fast_food,,,kebab,55.7907435,37.5891162
node,7682606994,fast_food,Кофе твой друг,,coffee_shop,55.7857076,37.5956038
node,7682607010,cafe,Chicko,,korean,55.7842763,37.5969449
node,7682711585,restaurant,Coperto,,,55.7560904,37.6489345
node,7685922880,fast_food,Додо Пицца,Додо Пицца,pizza,55.7822311,37.5991389
node,7687043592,restaurant,Ambassadori,,,55.7085373,37.5445693
node,7688430585,bar,Rizz,,,55.7412916,37.6283827
node,7689108586,fast_food,Чуррос Мания,,,55.721519,37.589773
node,7696064326,fast_food,Шаурма №1,,kebab,55.7510305,37.717824
node,7696065360,cafe,Караван One,,,55.7481857,37.7168047
node,7696200245,fast_food,Донер Хаус,,kebab,55.7608555,37.7036539
node,7696200246,cafe,Хинкальная,,georgian,55.7608102,37.7037451
node,7696200247,cafe,Венский цех,,cake,55.7588181,37.7091551
node,7702262565,cafe,Охотка,,seafood,55.757533,37.6366603
node,7702262566,bar,Тебураси,,,55.7676392,37.6079191
node,7702890485,bar,Parka,,,55.7575089,37.6344157
node,7703054287,restaurant,Masters & Margaritas,,,55.7701373,37.5975048
node,7710137783,fast_food,Бургер Кинг,Бургер Кинг,burger,55.7763916,37.6570961
node,7710157286,fast_food,Бургер Кинг,Бургер Кинг,burger,55.7767698,37.5815597
node,7710236399,bar,Буква Ю,,,55.7628513,37.6357041
node,7710236400,cafe,Film.bar,,,55.7616349,37.6404838
node,7710236403,cafe,Coffee Cona,,coffee_shop,55.7544419,37.6364981
node,7710236412,pub,The Backyard Pub,,,55.7565104,37.6351663
node,7710941985,cafe,Hav.Palass,,coffee_shop,55.764696,37.6539351
node,7711481012,bar,Delight,,,55.7722276,37.6008998
node,7714534110,fast_food,Какао Дом,,,55.7673929,37.6596167
node,7714534133,fast_food,Трдельник,,cake,55.7658563,37.6603929
node,7716830767,fast_food,Додо Пицца,Додо Пицца,pizza,55.7651012,37.6597139
node,7722197902,bar,Wine Depot,,,55.780274,37.5933065
node,7722197904,fast_food,Шаурму хочу,,kebab,55.7805003,37.5935304
node,7722197905,bar,Главный бар,,,55.780139,37.5926815
node,7722197906,cafe,Русский,,russian,55.7801707,37.5926172
node,7722197908,cafe,Карри Тандури,,indian,55.7802906,37.592544
node,7723860123,bar,Lobby,,,55.7526441,37.6260991
node,7724210970,fast_food,,,,55.8027304,37.5587261
node,7724213685,cafe,Тхань,,vietnamese,55.772401,37.664266
node,7726971085,cafe,Альпака и кофе,,coffee_shop,55.7471247,37.59502
node,7727342347,bar,Круглый шар,,,55.7637646,37.614111
node,7727342348,restaurant,Дружба,,chinese,55.7796179,37.6021001
node,7727342349,food_court,Дружба,,,55.7798464,37.6017863
node,7727342350,restaurant,Loomi,,,55.7612901,37.6205939
node,7732297072,fast_food,,,kebab,55.799015,37.5675479
node,7734616127,fast_food,One Price Coffee,One Price Coffee,coffee_shop,55.7614787,37.6630694
node,7734616157,cafe,Дринкит,Дринкит,coffee_shop,55.7606216,37.6637533
node,7739339395,cafe,Бишкек сити,,,55.7960924,37.5912534
node,7739339399,cafe,Чайхона Баракат №1,,,55.7967626,37.5925864
node,7739339403,cafe,Мандарин,,,55.7970829,37.5929439
node,7739339404,cafe,Лагманная №1,,,55.7972335,37.5931895
node,7739339405,cafe,Уют,,,55.7971859,37.5930954
node,7739339410,cafe,Плов Центр,,,55.797605,37.5938517
node,7739339411,cafe,Чайхана Исфара,,tajik,55.7975411,37.593739
node,7739339413,cafe,Basket Lunch,,,55.7987874,37.5941757
node,7742969025,cafe,Чайхона Омар Хайам,,,55.795424,37.7003511
node,7745024883,cafe,Cofix,Cofix,coffee_shop,55.7612323,37.5856365
node,7756869014,cafe,Terrapieno,,pizza,55.7372959,37.640056
node,7756869016,cafe,6 a.m.,,,55.7375066,37.6413341
node,7756869039,bar,Single,,,55.7520743,37.5971675
node,7756869043,restaurant,Сыроварня,,,55.7313474,37.6047863
node,7756869044,restaurant,The 312,,american;pizza,55.7826904,37.6008126
node,7756869045,bar,Шесть-you-Шесть,,russian,55.7825637,37.6002292
node,7756869046,bar,Шесть-you-Шесть,,,55.7700864,37.5974021
node,7756872933,cafe,Surf Coffee,Surf Coffee,coffee_shop,55.7448093,37.6368776
node,7762622605,bar,Беловъ,,,55.7579838,37.6334189
node,7764489746,fast_food,Додо Пицца,Додо Пицца,pizza,55.7613099,37.5857011
node,7770600285,fast_food,,,kebab,55.7501866,37.5933612
node,7771224937,fast_food,Додо Пицца,Додо Пицца,pizza,55.7723753,37.5852464
node,7775914286,pub,8 градусов,,,55.7651494,37.6084043
node,7782447572,bar,,,,55.7847808,37.7059543
node,7782447573,cafe,,,,55.784914,37.7064399
node,7783724816,bar,Maple,,,55.7745011,37.6735329
node,7783724819,restaurant,Суши GOOD,,sushi,55.769537,37.6791083
node,7783724820,cafe,Cofix,Cofix,coffee_shop,55.7690555,37.6792221
node,7783837298,bar,Stand Up Патрики,,,55.762405,37.5875894
node,7784865585,restaurant,Il Letterato,,italian,55.7522173,37.6116093
node,7786986395,restaurant,Джонджоли,Джонджоли,georgian,55.7574149,37.6333831
node,7794969088,cafe,Corner Coffee,,,55.7550789,37.6477896
node,7801432939,cafe,Брусника,,,55.7478714,37.5648534
node,7801432940,cafe,Брусника,,,55.7387667,37.5763884
node,7801432941,cafe,Брусника,,cake;coffee_shop;local,55.7664412,37.590875
node,7801836847,fast_food,Shawarma №1,,shawarma,55.7154638,37.6082677
node,7806292240,bar,Алёша и графин,,,55.7434353,37.6520475
node,7806292241,restaurant,Brasserie Lambic,,belgian,55.7433833,37.6521856
node,7806292244,restaurant,Maritozzo,,italian,55.763301,37.5945121
node,7806292246,cafe,Cream Soda,,coffee_shop,55.7630625,37.6350376
node,7810748093,restaurant,Subzero,,seafood,55.7680387,37.6148547
node,7816984491,cafe,CofeFest,,coffee_shop,55.7757431,37.6718025
node,7816984492,restaurant,Masseter,,,55.7756905,37.6718725
node,7816984493,cafe,Surf Coffee,,coffee_shop,55.7756362,37.6719448
node,7816984494,restaurant,Simach в Недальнем,,,55.7604264,37.6001848
node,7820132985,fast_food,Точка Кофе,,coffee_shop,55.7368342,37.6240609
node,7820796385,restaurant,Kiyomi,,asian,55.7418134,37.6008548
node,7823119764,bar,Каюк-Компания,,,55.7713102,37.6556343
node,7826222675,cafe,Шафран,,,55.7617934,37.5927432
node,7829949651,cafe,Prime,Prime,coffee_shop,55.7260963,37.5778387
node,7829977773,cafe,Prime,Prime,coffee_shop,55.7282995,37.6199812
node,7829977776,cafe,Prime,Prime,coffee_shop,55.7327389,37.6443243
node,7829979782,cafe,Prime,Prime,coffee_shop,55.7537544,37.6626499
node,7830017832,cafe,Prime,Prime,coffee_shop,55.7472845,37.534778
node,7830021401,cafe,Prime,Prime,coffee_shop,55.7838829,37.5591986
node,7830023206,cafe,Prime,Prime,coffee_shop,55.7446619,37.6307567
node,7830033578,cafe,Prime,Prime,coffee_shop,55.7627839,37.5652098
node,7830036828,cafe,Prime,Prime,coffee_shop,55.7425149,37.6472549
node,7830061712,cafe,Stoleshnikov,,,55.7222409,37.6512475
node,7832267261,fast_food,Cinnabon,Cinnabon,dessert,55.7561893,37.6150605
node,7832285749,cafe,Cinnabon,,,55.7782143,37.6020867
node,7832285750,fast_food,Cinnabon,Cinnabon,dessert,55.760038,37.625846
node,7832285762,cafe,Cinnabon,,,55.7067953,37.5932568
node,7832285778,cafe,Breakfast Club,,breakfast,55.7579941,37.6249149
node,7832285779,cafe,Cinnabon,,,55.7107077,37.6752895
node,7832285783,cafe,Cinnabon,,,55.7770919,37.5234577
node,7832342025,bar,MosKalyan,,,55.7884977,37.5373167
node,7832400980,bar,High Ground,,,55.7287201,37.6478586
node,7832400981,restaurant,Grammy`s,,,55.7521478,37.5682043
node,7836083003,cafe,Шоколадный бункер,,,55.7344062,37.6302391
node,7838264557,cafe,Degtyarny,,coffee_shop,55.7680612,37.6018108
node,7838264558,fast_food,Правда Кофе,Правdа кофе,coffee_shop,55.7705108,37.5968572
node,7839207431,fast_food,Фудкорт № 1,,,55.7252414,37.6488426
node,7843177385,cafe,,,,55.7974598,37.6124175
node,7844583150,fast_food,,,coffee_shop,55.7719861,37.6048681
node,7846871528,bar,ToTo,,,55.7637103,37.6138837
node,7851352391,restaurant,Osteria Mario,,italian,55.7613263,37.6581019
node,7851370085,restaurant,Greenside,,,55.7261722,37.5737413
node,7853177844,fast_food,,,kebab,55.8077754,37.5803995
node,7853963184,restaurant,Mollusca,,seafood,55.76157,37.6145388
node,7853996285,bar,Шашлычная,,kebab,55.771636,37.6325525
node,7853996290,restaurant,Имрус,,,55.756684,37.584997
node,7853996291,restaurant,Steak It Easy,,steak_house,55.7608525,37.6316459
node,7854514586,cafe,Хинкали-Гали! буфет,,,55.789161,37.583095
node,7856859192,cafe,Шоколадница,Шоколадница,coffee_shop,55.790917,37.5589355
node,7876635784,fast_food,,,shawarma,55.7281631,37.5798992
node,7878432485,cafe,Музей кофеграфии,,,55.7695155,37.6304135
node,7882084872,fast_food,Милти,,,55.7682126,37.6840791
node,7882084873,cafe,Taco Time,,mexican,55.7685092,37.6842123
node,7883089054,cafe,,,,55.8129201,37.6040282
node,7884512741,bar,15й шар,,,55.762423,37.6608726
node,7887906585,cafe,St. Cultura,,,55.7106613,37.6457419
node,7891064792,cafe,Gorilla by Баста,,sushi,55.7616666,37.6328559
node,7899433975,fast_food,Rostic's,Rostic's,chicken,55.7928557,37.6355392
node,7900100686,restaurant,Babacha,,georgian,55.7424248,37.6518201
node,7901333512,cafe,Пан Круассан,,,55.7838793,37.71906
node,7903427561,cafe,Кофедей,,coffee_shop,55.7715983,37.6026325
node,7904780082,cafe,,,,55.7843516,37.7148809
node,7908252694,cafe,Prime,Prime,coffee_shop,55.7495731,37.5369713
node,7912792233,cafe,Antipa,,,55.7477683,37.6056218
node,7912792234,cafe,Angel Cakes,,cake,55.7638069,37.5957004
node,7912792239,bar,Коллеги,,,55.7698194,37.6328127
node,7912792240,restaurant,Санта Базилия,,italian,55.7773952,37.6332231
node,7913749208,cafe,Буфетрина,,,55.7528381,37.6675943
node,7914319813,restaurant,Kislovsky,,,55.7534298,37.6056191
node,7914319833,fast_food,,,,55.7511165,37.6070662
node,7918373787,cafe,Prosvet,,coffee_shop;cake;breakfast,55.7758813,37.5967027
node,7918395284,restaurant,Тануки,Тануки,japanese,55.7688471,37.6208112
node,7918468685,cafe,Prosvet,,coffee_shop,55.7546358,37.6256038
node,7922165716,cafe,Алёнка,,,55.7868968,37.6595986
node,7922165787,pub,Аут Паб,,,55.784863,37.6599701
node,7923018384,cafe,Старик Хинкалыч,,georgian,55.7676558,37.6467455
node,7925452990,fast_food,,,coffee_shop,55.7717696,37.5946395
node,7925452991,bar,Териберка,,,55.7700545,37.5973378
node,7925452992,bar,Valdo,,,55.7700229,37.5972741
node,7925619834,cafe,Layerz Bakery,,,55.7906631,37.5895908
node,7928649768,fast_food,Вкус Востока,,,55.7760997,37.5852404
node,7928680586,cafe,Кофепорт,,coffee_shop,55.7516773,37.6001099
node,7928680592,bar,Geisha Superman,,,55.7589539,37.59875
node,7935652917,cafe,Правда Кофе,Правdа кофе,coffee_shop,55.7365764,37.6187807
node,7935652955,cafe,Ska vi Fika?,,coffee_shop,55.737709,37.6351918
node,7935652958,fast_food,Большая столовая,,,55.7373428,37.6353997
node,7939877374,cafe,Сиеста,,,55.7347439,37.6192059
node,7942465844,fast_food,Шаурмен,,,55.758226,37.624517
node,7942476510,cafe,Footbe,,,55.7866473,37.5830563
node,7948859759,cafe,Совиный дом,,,55.7911962,37.633848
node,7948898557,fast_food,Вкусно — и точка,,burger,55.7586457,37.6586873
node,7963608191,restaurant,Hands,,,55.7353159,37.5729373
node,7963608192,restaurant,Скандинавия,,,55.7369056,37.6592459
node,7963608193,restaurant,Leo,,,55.7629267,37.5961979
node,7970684417,fast_food,Милти,,,55.7618042,37.6241016
node,7974919117,fast_food,Стардогs,Стардогs,sausage,55.7883853,37.5770482
node,7981628627,cafe,Pho Ly Quoc Su,,vietnamese,55.781794,37.6005683
node,7988923333,fast_food,,,,55.786804,37.584148
node,7988923339,cafe,Правда Кофе,Правdа кофе,coffee_shop,55.7864436,37.5832763
node,7989050385,restaurant,Пепе неро,,italian,55.7449331,37.6218411
node,7995085880,bar,Brodo,,,55.7678558,37.6144798
node,7995085881,cafe,,,,55.7359135,37.5941192
node,7995085882,cafe,Kitsune,,coffee_shop,55.7684154,37.6841702
node,7995085883,restaurant,Порто Романо,,italian,55.7398924,37.6186654
node,7999905841,pub,Пивотека 465,,,55.8031507,37.5917255
node,8000012890,pub,Пивотека 465,,,55.7538065,37.5117935
node,8001369879,cafe,Литали,,italian,55.7740816,37.6397113
node,8001377391,bar,"0,5 промилле",,,55.7723474,37.6382348
node,8001508399,restaurant,Reina,,,55.7376108,37.584435
node,8001508400,cafe,Clever,,coffee_shop,55.7374062,37.5846161
node,8001508416,restaurant,Рыба моя,,seafood,55.7352271,37.585174
node,8001508417,cafe,Pro тесто,,pizza,55.7357111,37.5841068
node,8003884080,cafe,Platforma934,,,55.7958218,37.5603584
node,8005838547,fast_food,Ярко Кофе,,coffee_shop,55.7948666,37.5837977
node,8006225839,cafe,,,,55.8103733,37.5900594
node,8006902377,cafe,Baggins Coffee,,,55.7028962,37.6485533
node,8009242326,fast_food,Донер номер 1,,kebab,55.811594,37.624701
node,8009242327,cafe,,,,55.811539,37.6247813
node,8010964078,cafe,Pho Cafe,,vietnamese,55.7324976,37.5842018
node,8012117332,restaurant,Dinamo,,georgian,55.792509,37.5642764
node,8018130662,fast_food,Хачапури,,,55.707472,37.5755529
node,8018130663,cafe,Кулинариум,,,55.7073899,37.5754509
node,8018153987,fast_food,,,,55.7075998,37.5765894
node,8024486185,cafe,Street9 Coffee,,coffee_shop,55.7137775,37.6593829
node,8044065198,restaurant,Curry India,,indian,55.7463447,37.5619139
node,8044622270,fast_food,Wow!кофе,,coffee_shop,55.7561233,37.6608203
node,8045210658,cafe,Сыто Piano,,,55.7586445,37.6414816
node,8046498183,cafe,Вареничная №1,,coffee_shop,55.7613729,37.6233604
node,8052435126,cafe,Eggsellent,,coffee_shop;international;eggs,55.7690006,37.5920539
node,8052435127,restaurant,Shagal,,,55.7445503,37.6546097
node,8052435129,food_court,Tishinka,,,55.7691345,37.5833434
node,8052435131,bar,Настоишная,,,55.755649,37.6335758
node,8059196229,bar,Semenov,,,55.7788674,37.6001702
node,8059196237,cafe,Универ,,coffee_shop,55.778645,37.5989243
node,8059964854,restaurant,Чайхана Самарканд,,,55.7902108,37.6804293
node,8065673660,fast_food,Готовит Мама,,,55.738168,37.655577
node,8068206549,cafe,Take & Wake,,coffee_shop,55.7791902,37.666225
node,8068588422,cafe,Cofix,Cofix,coffee_shop,55.7318385,37.6358688
node,8069234885,cafe,Загорами,,georgian,55.7739454,37.6818205
node,8075865427,restaurant,Одесса-мама,,,55.7638895,37.6071359
node,8078183115,restaurant,Bocconcino,,italian,55.7795191,37.5923449
node,8078183116,restaurant,Buba by Sumosan,,sushi,55.746722,37.5365134
node,8085917178,restaurant,Хуго,,,55.7371389,37.6401781
node,8087286102,fast_food,Точка питания,,,55.7833335,37.5807267
node,8093205224,cafe,Ставр,,,55.7918424,37.6929331
node,8096959952,bar,Pace,,,55.7233925,37.6111426
node,8096959953,cafe,Stim,,coffee_shop,55.7760473,37.6782895
node,8098381451,restaurant,Darbars,,indian,55.7906903,37.634237
node,8100832471,fast_food,Boss doner,,kebab,55.774513,37.5814881
node,8104894082,pub,Paulaner Wirtshaus,,german,55.734833,37.6197128
node,8106211969,restaurant,FunFam,,,55.7955555,37.7001565
node,8108662733,bar,Золотая Балка,,,55.7756754,37.5845088
node,8112999692,restaurant,Галки,,,55.7648706,37.6088408
node,8125172628,restaurant,Narval,,seafood,55.7653155,37.602143
node,8125172630,cafe,Dizengof99,,jewish,55.7846453,37.656239
node,8137028209,fast_food,,,coffee_shop,55.78918,37.6343456
node,8140050024,cafe,Тесто,,,55.7895427,37.631882
node,8145999717,cafe,Нитка,,,55.7356401,37.624091
node,8154393580,bar,Харизма Friends Hall,,,55.775393,37.685666
node,8154394710,cafe,Crosby Coffee,,coffee_shop,55.7735074,37.6653657
node,8154434487,fast_food,Бургер Кинг,Бургер Кинг,burger,55.755561,37.6148835
node,8154490246,restaurant,Vasilchuki Chaihona №1,,uzbek,55.7491217,37.5384191
node,8158588009,fast_food,,,kebab,55.7649858,37.6203176
node,8179706250,cafe,From Berlin,,coffee_shop,55.7732941,37.6193561
node,8179706253,restaurant,Koji,,asian,55.7570477,37.5997035
node,8183884733,cafe,Вспышка,,coffee_shop,55.7759978,37.6724583
node,8187103711,cafe,CoffeeShots,,coffee_shop,55.783164,37.6326652
node,8187103714,cafe,Борис Сонный,,coffee_shop,55.7807529,37.6117507
node,8188768556,cafe,Хинкали Point,,georgian,55.7623563,37.5675753
node,8188768557,fast_food,Кебабчик,,kebab,55.7623344,37.5677209
node,8196087179,cafe,Мао Едун,,asian,55.7739556,37.5779079
node,8196087180,restaurant,Krasota,,,55.7542634,37.6085293
node,8205992249,bar,The Lobbiest Bar,,,55.7626128,37.5681648
node,8207533763,cafe,Fabbrica,,italian,55.7643965,37.5685175
node,8209006491,cafe,Шашлычок,,,55.7771496,37.674006
node,8210180918,restaurant,Джонджоли,,georgian,55.7618895,37.6205517
node,8212697420,cafe,Coffee Style,,coffee_shop,55.7247905,37.6440047
node,8212697421,fast_food,Милти,,,55.7247676,37.6440256
node,8212697422,fast_food,Милти,,,55.7301088,37.6451726
node,8215159113,restaurant,Тот еще Гусь,,,55.7307924,37.6286995
node,8219364086,fast_food,Столовая бумажной фабрики,,,55.7790002,37.6895294
node,8228476050,fast_food,Шаурмагия,,,55.7376659,37.6756825
node,8228715390,bar,Йорик убил Хамлета,,,55.7589811,37.6457329
node,8228715391,restaurant,Рыба моя,,seafood,55.753457,37.6340613
node,8234070624,cafe,Yug,,georgian,55.8057929,37.5843734
node,8234070628,restaurant,Lars Vegans,,brazilian,55.806299,37.584819
node,8237607377,fast_food,Грузинский дворик,,,55.745337,37.664518
node,8238252375,fast_food,Subway,Subway,sandwich,55.784041,37.5971474
node,8238462429,fast_food,SiO,,,55.725487,37.6430153
node,8241352420,fast_food,Rostic's,Rostic's,chicken,55.7350356,37.517815
node,8244655527,cafe,Лайнбер,,,55.8083426,37.5875357
node,8244655537,cafe,Юрта,,mongol,55.8074947,37.5888661
node,8244825697,restaurant,Тенили,,georgian,55.7669565,37.5973539
node,8247764624,restaurant,Раки реки,,seafood,55.711256,37.6106154
node,8255888544,cafe,Hoi An,,vietnamese,55.7836444,37.635861
node,8261664819,restaurant,Реберная № 1,,,55.7572179,37.6209207
node,8261680881,bar,"Земля, прощай!",,,55.7579324,37.6369901
node,8261786218,restaurant,Marmo,,steak_house,55.7674472,37.6324875
node,8261786219,restaurant,12,,,55.7455732,37.6012726
node,8261786220,bar,Антикварный,,,55.76465,37.6218264
node,8261786221,cafe,Valiko,,cake,55.7631437,37.596908
node,8261786222,restaurant,Alma,,,55.764269,37.5682989
node,8261786223,restaurant,Кочевники,,kebab,55.7673193,37.6314166
node,8261786224,cafe,Rockets,,coffee_shop,55.7582133,37.5979753
node,8261786225,cafe,Кулинарная лавка братьев Караваевых,,,55.7776789,37.6332837
node,8261786226,restaurant,Одесса-мама,,,55.7778626,37.6333638
node,8271502727,fast_food,,,kebab,55.7705641,37.6489315
node,8281001161,cafe,Даблби,Даблби,coffee_shop,55.7884042,37.5680575
node,8281977380,bar,Коктейльная,,,55.7730772,37.6200735
node,8282135349,cafe,Пинки&Кофе,,,55.7714645,37.6371452
node,8299976017,cafe,Город,,,55.7082097,37.5449646
node,8300029117,fast_food,,,,55.7121932,37.560454
node,8300029217,fast_food,Greeka Gyros,,greek,55.7111539,37.561819
node,8307464043,cafe,Ванильное небо,,,55.7885233,37.5887507
node,8307464056,cafe,Cofix,Cofix,coffee_shop,55.8080535,37.5822598
node,8307464057,fast_food,Правда Кофе,Правда Кофе,coffee_shop,55.8081738,37.5835915
node,8307464059,cafe,Brasserie Bruxelles,,,55.8006463,37.5840971
node,8308208345,fast_food,Zatochi,,,55.778795,37.6637252
node,8316226507,restaurant,Ашхабад,,,55.7855945,37.6354775
node,8316226508,cafe,Груzinsкий Буffет,,georgian,55.7899913,37.6338119
node,8316802419,cafe,Штолле,Штолле,pie,55.7824641,37.5984724
node,8316802420,cafe,Дафеншо,,chinese,55.7818895,37.6010849
node,8319265287,fast_food,Cofix,Cofix,coffee_shop,55.7083514,37.5877265
node,8321775749,fast_food,Stardogs,Stardogs,hot_dog,55.7254984,37.599448
node,8323630101,restaurant,Riesling Boyz,,,55.7684291,37.6320818
node,8327574109,restaurant,Flâner,,jewish,55.7624204,37.6365302
node,8331971934,fast_food,ВьетБуфет,,,55.8060949,37.583789
node,8353759717,restaurant,Хорошая девочка,,,55.7607921,37.5965622
node,8357613937,cafe,Crosta,,pizza,55.7313376,37.590014
node,8357613967,fast_food,Abrakadabra,,kebab,55.7269779,37.6262587
node,8361371739,restaurant,She,,burger;italian;japanese;pizza;seafood;sushi,55.7567444,37.6035919
node,8368127759,cafe,Pear-6,,coffee_shop,55.7540267,37.6501693
node,8372657419,fast_food,Вкусно — и точка,,burger,55.7907354,37.5584639
node,8375416010,bar,Insider,,,55.7695163,37.6327591
node,8376076018,cafe,Скалка,,,55.7199454,37.6061497
node,8377696717,cafe,Mikale,,,55.7045892,37.6155262
node,8377845113,cafe,Лунго,,coffee_shop,55.7673412,37.650634
node,8377993118,bar,Degustore,,,55.7691745,37.583448
node,8390987308,fast_food,,,,55.7780958,37.6477057
node,8390987309,restaurant,ВьетПлюс,,vietnamese,55.7778371,37.6480369
node,8390987339,fast_food,Mr. Кебаб,,,55.7767895,37.6491125
node,8397377876,cafe,Иван-Чайное купе,,,55.7374913,37.6399608
node,8399252696,cafe,МореКофеОкеан by Erwin,,,55.7448795,37.5658607
node,8399252697,bar,Sous Sol,,,55.765114,37.5946744
node,8405616217,restaurant,Il Tomato,,,55.7147448,37.6601321
node,8405775852,fast_food,,,,55.77352,37.665551
node,8411846044,cafe,8/25,,coffee_shop,55.8024458,37.5916064
node,8412348208,cafe,Даблби,Даблби,coffee_shop,55.7827419,37.5986061
node,8412858936,fast_food,Rostic's,Rostic's,chicken,55.7097023,37.6240917
node,8419475957,cafe,Так сказала моя мама,,coffee_shop,55.72829,37.6729747
node,8419507182,fast_food,Cinnabon,Cinnabon,dessert,55.7100881,37.6746768
node,8422575290,cafe,The Crepes,,,55.7091513,37.6529253
node,8422575298,restaurant,Магадан,,seafood,55.7784345,37.5864708
node,8426943261,restaurant,Shokunin,,japanese,55.7569889,37.6463056
node,8429825842,cafe,,,,55.7070578,37.688886
node,8431764915,restaurant,Кухня Полли,,,55.7222242,37.5844783
node,8439699523,restaurant,Kaif Provenance,,,55.7623193,37.6134229
node,8442126817,restaurant,Gem,,,55.7705597,37.5642088
node,8442825667,cafe,Sue,,coffee_shop,55.7311148,37.6347627
node,8445715631,fast_food,,,,55.7858543,37.667324
node,8449308516,bar,Nightcall,,,55.7704968,37.6706346
node,8449309117,bar,Davno,,,55.7632926,37.596902
node,8449309120,cafe,Lila Pastry,,,55.7694627,37.6324922
node,8449326226,fast_food,Istanbul,,kebab,55.7686667,37.679056
node,8449357418,cafe,Пороселло,,,55.7707808,37.6787952
node,8458401617,fast_food,Суши таки,,sushi,55.7208954,37.6213962
node,8460641132,cafe,StBrown,,,55.8072294,37.6261018
node,8460641291,fast_food,,,,55.8056844,37.6273772
node,8463256805,ice_cream,Баскин Роббинс,Баскин Роббинс,ice_cream,55.8151949,37.6002493
node,8463256806,cafe,Баскин Роббинс,Баскин Роббинс,ice_cream,55.8152009,37.6003915
node,8464000988,fast_food,Весёлый лаваш,,kebab,55.8063017,37.5613041
node,8465885817,cafe,Riverside,,,55.7237232,37.5872468
node,8466143917,bar,Твоё подполье,,,55.7187951,37.5820499
node,8467174217,cafe,Сицилия,,coffee_shop;pizza,55.7289336,37.55866
node,8482803643,fast_food,Правда Кофе,Правdа кофе,coffee_shop,55.72477,37.6431821
node,8482803644,cafe,Coffee Style,,coffee_shop,55.7251163,37.6430508
node,8494363419,bar,Крым,,,55.7398935,37.6102965
node,8495949312,fast_food,вСе ли Поели?,,,55.7720532,37.6503704
node,8495964473,cafe,Buno cup,,coffee_shop,55.7710062,37.6486739
node,8495964552,cafe,SeDelice,,coffee_shop,55.7680149,37.6476775
node,8504783564,fast_food,Стардогs,Стардогs,sausage,55.7061273,37.5934921
node,8506445319,restaurant,Brasserie Lambic,,belgian,55.7468187,37.5366515
node,8507369601,food_court,Ракета,,,55.7270164,37.6267294
node,8507909770,restaurant,Harvey & Monica,,,55.7416198,37.6461634
node,8508193963,cafe,The Фишка,,seafood,55.7217067,37.610585
node,8513527117,cafe,Gøg,,coffee_shop,55.7472154,37.6468305
node,8518868818,cafe,Le Procope Du Matin,,,55.7714116,37.6033447
node,8520342165,restaurant,Bro&N,,pizza,55.7601069,37.6142867
node,8520342166,cafe,Mates,,coffee_shop,55.7561278,37.5548684
node,8531885858,cafe,Аэроплан,,coffee_shop,55.7326893,37.6274778
node,8531885859,cafe,Mastersuit,,,55.742568,37.5962643
node,8536110982,cafe,Даблби,Даблби,coffee_shop,55.7484345,37.5809749
node,8536230517,restaurant,Madison,,american;breakfast;burger;coffee_shop;international;mexican;pasta,55.7836831,37.5591449
node,8556459054,fast_food,Фарш,,burger,55.7445717,37.5655218
node,8557601046,cafe,Cofix,Cofix,coffee_shop,55.7767793,37.5855012
node,8557601051,fast_food,Pho Bo №1,,vietnamese,55.7715455,37.6325579
node,8564051917,cafe,Nicepricecafe,,,55.7338803,37.6274204
node,8566805480,restaurant,Hibiki,,japanese,55.7273427,37.5759056
node,8567291318,restaurant,Сэр Хинкаль,,georgian,55.7044142,37.6535843
node,8567311617,bar,Zero Time,,,55.7047048,37.6543639
node,8567327717,fast_food,Бон Лаваш,,kebab,55.7057745,37.6562077
node,8567347917,cafe,,,coffee_shop,55.7078813,37.6602575
node,8567380317,fast_food,Додо Пицца,Додо Пицца,pizza,55.7142111,37.6698161
node,8567380319,cafe,БлондБрюн,,,55.7144888,37.672092
node,8567380321,cafe,Самарканд,,,55.7150939,37.67392
node,8567380517,restaurant,Шанделир,,,55.714467,37.6719296
node,8585415902,restaurant,Паризьен,,,55.785412,37.5620574
node,8586593624,bar,Memo,,,55.7568742,37.5623873
node,8593478642,fast_food,Лав Кебаб,,kebab,55.7429526,37.6298502
node,8593478647,cafe,The Coffee club,,coffee_shop,55.7381982,37.6246387
node,8599923381,restaurant,Mady,,,55.7834936,37.5601101
node,8599923383,restaurant,Brasserie Lambic,,belgian,55.7669565,37.5884543
node,8599923384,bar,Кнорозов,,,55.7329989,37.6277111
node,8599923385,cafe,Аэроплан,,coffee_shop,55.7373654,37.6400319
node,8603099317,fast_food,Rostic's,Rostic's,chicken,55.7553113,37.6616217
node,8603694018,bar,Харддей,,,55.7445524,37.6493484
node,8605974766,cafe,Cofix,Cofix,coffee_shop,55.7725586,37.6604716
node,8608250505,cafe,Султан,,uzbek,55.7468848,37.6798949
node,8610122386,cafe,Meat Crew,,barbecue,55.773875,37.5776626
node,8610912647,restaurant,Niki,,russian,55.7525097,37.6020263
node,8610912648,cafe,Eleven,,coffee_shop,55.7524617,37.6021251
node,8610962676,restaurant,Brasserie Lambic,,belgian,55.7508456,37.5997277
node,8615176248,restaurant,Bardot,,,55.7431496,37.6011393
node,8616790470,fast_food,Тарелка,,,55.7819023,37.5823684
node,8625284217,cafe,Айван,,,55.72801,37.6112621
node,8629519099,restaurant,Будвар,,,55.7408784,37.647963
node,8632925717,cafe,Mátes,,coffee_shop,55.7236532,37.6112051
node,8635426734,bar,Singer,,,55.7345363,37.6272016
node,8638112137,cafe,Брусника,,,55.7371834,37.5883725
node,8638112139,cafe,Русалочка суши,,sushi,55.7675042,37.6077166
node,8641687682,cafe,Fettucciamo,,italian,55.7608917,37.6323768
node,8644649073,cafe,StandUp Cafe,,,55.7590995,37.6456363
node,8644649083,cafe,Taam hummus bar,,jewish,55.7597998,37.6470117
node,8644681541,bar,MadWineBar,,,55.7624747,37.6357913
node,8659258001,restaurant,Хачапури и вино,,georgian,55.7697086,37.6253521
node,8659258002,restaurant,Хачапури и вино,,georgian,55.7538962,37.638098
node,8659258004,restaurant,Рибамбель,,,55.7304699,37.5791699
node,8676561866,cafe,One&Double,,coffee_shop,55.7814111,37.7054706
node,8677638959,cafe,Антикафе Сфера,,,55.7718465,37.6365973
node,8677638965,cafe,Свои,,,55.7699817,37.6417887
node,8677638966,cafe,Пять звёзд,,,55.7694845,37.6412147
node,8677638980,cafe,Bitter Drop,,coffee_shop,55.7717099,37.6372512
node,8691569645,pub,White Hart,,,55.7502035,37.535531
node,8696831201,bar,69 pints,,,55.7598036,37.6452166
node,8701452351,restaurant,Aqumarine,,italian;international;seafood,55.7127816,37.5589863
node,8702111055,fast_food,Трапезная,,,55.7423066,37.6032212
node,8702145018,fast_food,Стардогs,Стардогs,sausage,55.7267412,37.5978439
node,8703081300,restaurant,Магадан,,seafood,55.7590173,37.5763079
node,8703081303,ice_cream,,,,55.7596904,37.5770254
node,8721962388,restaurant,Green Park Sokolniki,,georgian,55.7942,37.6743534
node,8728811033,fast_food,Umami Ramen Bistro,,ramen,55.7323313,37.6452997
node,8729030317,cafe,Мистер Шаурмович,,kebab,55.7403577,37.6098554
node,8729039018,cafe,В кустах,,,55.7412569,37.609739
node,8729061662,bar,Клуб,,,55.7576507,37.6461044
node,8731508709,cafe,Трапеза,,home_cooking;russian,55.7729222,37.6834153
node,8731799335,cafe,Гринери,,coffee_shop,55.7399389,37.6620423
node,8731799340,cafe,Here'n'Now,,coffee_shop,55.7400416,37.6635616
node,8737086734,cafe,,,,55.7322286,37.568928
node,8739564162,fast_food,Mealty,,,55.802308,37.5829209
node,8739564175,cafe,Инжир,,,55.8026053,37.5825414
node,8739564176,cafe,Хинкальная,,,55.802496,37.582701
node,8743076417,ice_cream,,,,55.7444431,37.5533322
node,8746266873,restaurant,Субботица,,serbian,55.7623034,37.6279727
node,8747432550,cafe,Frank by Баста,,beef,55.7438407,37.6277862
node,8747432551,cafe,Х&М,,,55.7450818,37.6268917
node,8747432552,bar,Lure,,seafood,55.7454909,37.6265564
node,8750547988,cafe,Шербет,,,55.7374636,37.6315266
node,8750547989,cafe,Joja,,coffee_shop,55.7401325,37.6300178
node,8751224296,cafe,Дядя Осман,,turkish,55.7399544,37.6092633
node,8752581945,bar,Практика,,,55.7622016,37.6423895
node,8752581963,restaurant,Munterra,,,55.766595,37.6514513
node,8753839574,restaurant,Ne за Gorami,,italian;georgian,55.7364187,37.6654692
node,8755673417,fast_food,Лавка Оджахури,,,55.7643749,37.6552744
node,8758277919,fast_food,Блинная,,regional;russian,55.7407939,37.6573003
node,8758899729,cafe,Я тебя люля,,georgian,55.7586174,37.6459889
node,8764174447,restaurant,Верасы,,,55.7588143,37.6376259
node,8766165069,restaurant,Tsunami,,,55.7670138,37.5975081
node,8766165070,restaurant,Maroon,,,55.7520784,37.5685037
node,8766165072,restaurant,Caffé Mandy’s,,,55.7599107,37.6466516
node,8772453710,fast_food,Rostic's,Rostic's,chicken,55.7293206,37.6455404
node,8772453711,cafe,,,coffee_shop,55.7261991,37.6468232
node,8772465475,fast_food,,,,55.7281525,37.6459558
node,8779810114,cafe,AnderSon,,,55.7547195,37.5101666
node,8794643439,pub,Трубы горят,,,55.7373241,37.6167156
node,8804884417,cafe,Vina Pho,,vietnamese,55.7501541,37.5905066
node,8808563271,cafe,Cinnabon,,,55.7665253,37.6311493
node,8818277650,cafe,2046,,coffee_shop,55.740747,37.5837363
node,8818387698,bar,Salden’s Taphouse,,,55.745523,37.6270232
node,8818387699,bar,Новое пространство,,,55.7669338,37.6113255
node,8818387700,cafe,Мачете,,,55.7713486,37.6325895
node,8818387701,restaurant,Caspian,,azerbaijan,55.7482499,37.5871508
node,8818681366,restaurant,Константинофф,,,55.7054775,37.6338682
node,8819007788,cafe,Еда без вреда,,,55.78383,37.66627
node,8819015421,fast_food,,,coffee_shop,55.7139594,37.6781192
node,8821995822,cafe,Абу Гош,,jewish,55.7719796,37.6248948
node,8827250719,cafe,Prawns,,,55.7116886,37.5466756
node,8829913006,ice_cream,,,,55.7393757,37.6670069
node,8829940051,restaurant,Mishka Balalaika,,regional;italian,55.7392882,37.6668309
node,8829940073,restaurant,Андерсон,,international,55.7394073,37.6664023
node,8839111697,cafe,Gagawa,,,55.705801,37.593825
node,8839111702,cafe,Gagawa,,,55.7094822,37.6221737
node,8839209413,restaurant,Добрыня,,,55.7647639,37.557798
node,8839210238,cafe,эZо,,georgian,55.7496802,37.540129
node,8839210262,fast_food,Академия шаурмы,,kebab,55.8030733,37.59545
node,8840267173,fast_food,Милти,,,55.7814097,37.6340192
node,8841944132,cafe,Stars Coffee,Stars Coffee,coffee_shop,55.7522507,37.594922
node,8842880632,fast_food,Cofix,Cofix,coffee_shop,55.7830592,37.6339888
node,8842880645,cafe,Он мой,,coffee_shop,55.7827741,37.6337153
node,8843259884,cafe,Азиаты,,vietnamese,55.7567934,37.5637928
node,8843259886,fast_food,Мануфактура 15,,,55.7566397,37.5634783
node,8843259909,bar,Заварка,,,55.756032,37.5609872
node,8844476877,fast_food,,,shawarma,55.728363,37.6499697
node,8844476879,fast_food,,,shawarma,55.7252202,37.6487159
node,8845430144,fast_food,,,coffee_shop,55.7400365,37.6875218
node,8849286117,cafe,+39,,pizza,55.7641102,37.5687727
node,8855084933,cafe,Complex Burger,,burger,55.7729794,37.6102785
node,8861507217,cafe,Нужно зайти,,,55.7969539,37.5810872
node,8866966940,cafe,ИнтерКухня,,,55.7700321,37.5902366
node,8871980519,cafe,Блэк,,,55.7396256,37.6117353
node,8872471719,cafe,Катин Кофе,,coffee_shop,55.7727708,37.7127381
node,8872486217,cafe,,,coffee_shop,55.7617349,37.7172051
node,8874733201,restaurant,Hedonist,,georgian,55.7574439,37.6465396
node,8883948736,bar,Интеллигенция 2.0,,,55.743774,37.6616955
node,8883948739,restaurant,Мерани,,georgian,55.7372295,37.6164679
node,8889631940,fast_food,Domino Pizza,Domino Pizza,pizza,55.7723027,37.6842632
node,8895366256,cafe,Skuratov Coffee,Skuratov Coffee,coffee_shop,55.7750364,37.5926012
node,8895462474,bar,Only wine,,,55.7203261,37.6165769
node,8897349484,fast_food,Теремок,Теремок,crepe;russian,55.7327507,37.6662831
node,8897539083,cafe,Elmaro,,,55.7517255,37.6794561
node,8897539084,fast_food,,,shawarma,55.7516738,37.6795186
node,8897650025,cafe,Ciao,,,55.7288173,37.6479044
node,8897714799,restaurant,Клешни и хвосты,,seafood,55.8105891,37.6382347
node,8898052502,cafe,Yasha,,jewish,55.7096054,37.6252191
node,8898052504,cafe,Булка,,cake,55.7406814,37.6228443
node,8899871383,pub,Фора,,,55.8104987,37.656671
node,8909459718,fast_food,Burger Heroes,,burger,55.7279118,37.5974318
node,8909462517,fast_food,Holy Gyros,,,55.7278313,37.5974223
node,8917239018,ice_cream,,,,55.7459946,37.5563456
node,8917356217,restaurant,Sardina,,,55.7384758,37.5820132
node,8926435295,bar,MO,,,55.7641517,37.6182208
node,8936282817,fast_food,Bon Lavash,,,55.7589062,37.6454643
node,8938284217,fast_food,,,,55.727311,37.6224449
node,8938870685,cafe,Here'n'Now,,coffee_shop,55.7883527,37.6788569
node,8938923597,fast_food,One Price Coffee,One Price Coffee,coffee_shop,55.749697,37.537553
node,8938923600,fast_food,One Price Coffee,One Price Coffee,coffee_shop,55.752586,37.6036075
node,8938923615,fast_food,One Price Coffee,One Price Coffee,coffee_shop,55.7586196,37.6586591
node,8938923822,fast_food,One Price Coffee,One Price Coffee,coffee_shop,55.7608902,37.6107425
node,8938923832,fast_food,One Price Coffee,One Price Coffee,coffee_shop,55.7608147,37.6247593
node,8938923836,fast_food,One Price Coffee,,coffee_shop,55.7948307,37.6172004
node,8938923837,fast_food,One Price Coffee,,coffee_shop,55.7099366,37.6239072
node,8938923839,fast_food,One Price Coffee,One Price Coffee,coffee_shop,55.7809445,37.6131159
node,8938923841,fast_food,One Price Coffee,,coffee_shop,55.708373,37.6559642
node,8938923846,fast_food,One Price Coffee,One Price Coffee,coffee_shop,55.7416516,37.6559944
node,8938923849,fast_food,One Price Coffee,,coffee_shop,55.782783,37.7060654
node,8938923852,fast_food,One Price Coffee,,coffee_shop,55.806075,37.638034
node,8938923854,fast_food,One Price Coffee,One Price Coffee,coffee_shop,55.725098,37.632167
node,8938923864,fast_food,One Price Coffee,,coffee_shop,55.728045,37.5800228
node,8938923866,fast_food,One Price Coffee,One Price Coffee,coffee_shop,55.7447558,37.565952
node,8938923885,fast_food,One Price Coffee,One Price Coffee,coffee_shop,55.7050085,37.6424055
node,8938923888,fast_food,One Price Coffee,One Price Coffee,coffee_shop,55.7816119,37.6341152
node,8938923896,fast_food,One Price Coffee,,coffee_shop,55.723947,37.689527
node,8939533217,cafe,"Может, кофе?",,,55.7595097,37.5517559
node,8941720623,restaurant,Гвидон,,seafood;regional,55.7554127,37.6086863
node,8944630217,cafe,Surf Coffee,,coffee_shop,55.7300391,37.5758808
node,8946942048,fast_food,Чешский Трдельник,,,55.7956453,37.6758709
node,8950188222,fast_food,Чешский Трдельник,,,55.7957629,37.677784
node,8950580001,bar,Машенька и негрони,,,55.745281,37.6267308
node,8951550936,restaurant,Grace,,,55.7627976,37.5889732
node,8951550937,restaurant,Found,,italian,55.7713018,37.6206529
node,8951721427,cafe,Niqa,,cake,55.7600654,37.601337
node,8953788915,fast_food,Волшебный сад,,,55.7424803,37.5308928
node,8954185136,cafe,Tintoretto,,coffee_shop,55.7599221,37.6527697
node,8954185140,cafe,Cofan,,coffee_shop,55.7697901,37.6596616
node,8963324744,cafe,OMG!Coffee,,coffee_shop,55.762019,37.6242015
node,8971731415,restaurant,Hands asian,,asian,55.7351735,37.5726333
node,8971731416,cafe,Пушкинъ,,cake,55.7546584,37.6212906
node,8971732521,restaurant,,,italian,55.760368,37.6243356
node,8971732524,restaurant,,,italian,55.7486462,37.5378746
node,8971732526,restaurant,,,italian,55.7558965,37.6146716
node,8973676714,cafe,Даблби,Даблби,coffee_shop,55.7352702,37.5876456
node,8974834302,cafe,Комедия дель арте,,,55.7406157,37.6228563
node,8974834305,restaurant,Romanico,,italian,55.739863,37.6329508
node,8975067217,fast_food,Soul in the Bowl,,,55.7712793,37.6199223
node,8975373548,cafe,Публика,,,55.7664687,37.6635039
node,8975544395,restaurant,Объект культурного наследия,,,55.7658881,37.6257866
node,8983708202,ice_cream,,,,55.8047513,37.6356652
node,8983735621,fast_food,Теремок,Теремок,crepe,55.8077193,37.6351127
node,8985959436,cafe,Mátes Pizza,,pizza,55.7842189,37.5616219
node,8986317894,cafe,Котеешная № 1,,,55.7363673,37.6314971
node,8986883589,fast_food,,,kebab,55.7081881,37.659189
node,8990359917,cafe,Даблби,Даблби,coffee_shop,55.7279744,37.6200455
node,8991342938,fast_food,,,,55.812073,37.6318055
node,8995271627,restaurant,Tsingtao,,thai,55.7763905,37.6797755
node,8997259687,fast_food,Милти,,,55.7083501,37.6594899
node,8997259705,cafe,Язакофе!,,coffee_shop,55.7081861,37.6608835
node,9006323985,restaurant,Zarún,,turkish,55.7742279,37.5788815
node,9006323986,fast_food,Zotman Pizza,,pizza,55.7274613,37.5805392
node,9006323987,cafe,Camera Obscura,,coffee_shop,55.7848057,37.7175343
node,9013589049,restaurant,Temple Bar,,british,55.7602901,37.6637217
node,9014759317,cafe,Urban eats,,,55.7679523,37.6348659
node,9017530849,bar,Duckstarsbar,,,55.7363418,37.6706157
node,9026012817,fast_food,Крошка Картошка,Крошка Картошка,potato,55.744968,37.6006694
node,9026034868,cafe,Не/медленно кофе,,coffee_shop,55.7905222,37.6330394
node,9043588317,bar,Эскобар,,,55.7476739,37.6788131
node,9044865841,ice_cream,,,,55.7920747,37.6610624
node,9045032870,restaurant,Гамбринус,,,55.7764844,37.6434192
node,9045032872,pub,Beer'N'Blues,,,55.7511491,37.5259098
node,9048205427,restaurant,Моремания,,seafood,55.7119017,37.6565114
node,9048205436,restaurant,Моремания,,seafood,55.7664603,37.6106249
node,9050859968,cafe,Rockets,,coffee_shop,55.7290795,37.6268022
node,9057239193,pub,Harat's,,,55.769308,37.6319021
node,9057239197,restaurant,Mina,,pizza;pasta;italian;lebanese,55.7586347,37.591235
node,9060199128,cafe,Sol'floor,,,55.7427748,37.5309585
node,9060199129,fast_food,,,coffee_shop,55.7422313,37.5309223
node,9061985074,cafe,Surf Coffee,Surf Coffee,coffee_shop,55.7431772,37.6300956
node,9062750783,cafe,Олива,,,55.7195759,37.6257298
node,9066995601,restaurant,Корчма,,ukrainian,55.7286221,37.6235859
node,9066995602,bar,Nebar,,,55.7324348,37.6268341
node,9067064021,cafe,Полдень,,coffee_shop,55.7605301,37.6472027
node,9076603800,fast_food,,,coffee_shop,55.7427114,37.527481
node,9077880572,fast_food,Перекусофф,,,55.7802925,37.6338473
node,9079512637,cafe,Kulēk,,italian,55.7571465,37.5990759
node,9081791514,bar,Кирпи4,,,55.7213526,37.6120229
node,9081875003,restaurant,Fish Культура,,seafood,55.752152,37.5900945
node,9083346717,restaurant,Conservatory,,,55.7598353,37.6217477
node,9091269742,cafe,Макиндоли,,georgian,55.7380215,37.5281375
node,9091269752,fast_food,Милти,,,55.7399694,37.5261889
node,9096907518,bar,Курорт,,,55.740672,37.6290519
node,9097160497,cafe,Star Hit Cafe,,coffee_shop,55.7203568,37.648423
node,9097160499,cafe,,,,55.7204372,37.6488625
node,9097160502,cafe,Гурман,,georgian;regional,55.7168946,37.6439068
node,9097160504,cafe,9 bar coffee,,coffee_shop,55.7210442,37.6524187
node,9097160505,cafe,Coffeeport,,coffee_shop,55.7211533,37.6524892
node,9103086817,cafe,Шоколадница,Шоколадница,coffee_shop,55.7169504,37.607837
node,9103102317,restaurant,Империя,,,55.7115677,37.605422
node,9111957190,restaurant,AVA,,,55.7627947,37.5947911
node,9111957191,cafe,Cosmic Latte,,coffee_shop,55.7596346,37.5735131
node,9111957193,restaurant,Бибирево,,,55.7461386,37.5672448
node,9111957195,restaurant,Раковая,,seafood,55.7697727,37.5919801
node,9113248844,fast_food,БлинОК,,crepe,55.7613357,37.5747851
node,9120223495,restaurant,Тин Лун,,chinese,55.7769245,37.6490307
node,9120458675,pub,Pub 13,,international;local;regional;russian;sausage,55.7723461,37.6841674
node,9120568448,fast_food,Теремок,Теремок,crepe;russian,55.771558,37.6821963
node,9120568449,cafe,Cofix,Cofix,coffee_shop,55.7713864,37.6819481
node,9121186201,fast_food,Кремлёвский,,,55.7517179,37.6165663
node,9125066130,restaurant,Avero mio,,italian,55.7686056,37.6133144
node,9126460227,restaurant,Чайхона на Бауманской,,uzbek,55.7725105,37.6832924
node,9126460230,fast_food,Chicko,,korean,55.7683197,37.6841272
node,9129800829,cafe,Coffee Moose,,coffee_shop,55.7675374,37.6652013
node,9131011117,cafe,Грот,,,55.7613038,37.6802208
node,9153193717,fast_food,Бургерсхаб,,burger,55.751205,37.6064858
node,9169909263,bar,Моряк и чайка,,,55.7574955,37.6340553
node,9169909264,cafe,Ramen Ten,,ramen,55.7585978,37.641202
node,9169909265,cafe,Хинкали у Нино,,georgian,55.7585796,37.641092
node,9169909266,fast_food,Chicko,,korean,55.7585381,37.6396617
node,9173843829,fast_food,Farш,Farsh,burger,55.7054558,37.6382408
node,9176377577,restaurant,Тануки,Тануки,japanese,55.7621002,37.5692673
node,9176377578,cafe,Flip,,coffee_shop,55.7361596,37.6133841
node,9176377580,cafe,Letters,,coffee_shop,55.7728279,37.6269762
node,9176377584,restaurant,Steam Lounge,,,55.7674321,37.6052416
node,9176377585,bar,На троих,,,55.7517973,37.5972373
node,9176377593,cafe,Кофепаб,,coffee_shop,55.7295358,37.6826066
node,9176377605,restaurant,Muse,,,55.7567444,37.6052704
node,9176377607,bar,Wurst Bär,,,55.7775158,37.6332083
node,9176377609,restaurant,Onest,,,55.7603537,37.5970005
node,9176377610,restaurant,Аист,,italian,55.7602895,37.5969187
node,9176377613,cafe,Место огонь,,,55.7321592,37.6357081
node,9176377615,cafe,Buba by Sumosan,,sushi,55.7495962,37.5337744
node,9176401518,cafe,Рыба в воде,,seafood,55.7681304,37.5726588
node,9176401519,cafe,KOM,,pizza,55.7599816,37.6528622
node,9176465809,cafe,Кулинарная лавка братьев Караваевых,,,55.7887457,37.6790017
node,9176465810,cafe,Кулинарная лавка братьев Караваевых,,,55.7724537,37.6759708
node,9178024696,cafe,Даблби,Даблби,coffee_shop,55.7736701,37.5869751
node,9178554377,ice_cream,,,,55.7349802,37.6127444
node,9178554399,fast_food,,,,55.7356405,37.6121322
node,9178567407,cafe,Raw to go,,,55.7632429,37.5932662
node,9181271484,restaurant,Хинкальная,,georgian,55.7532155,37.5890994
node,9183991394,cafe,Dobryakova bakery,,coffee_shop,55.7560948,37.602534
node,9186931331,cafe,Кофейное дерево,,coffee_shop,55.7767553,37.643013
node,9187148025,restaurant,Цветение сакуры,,japanese,55.767093,37.588284
node,9187148034,bar,Пошаблим?,,,55.7801458,37.5787233
node,9187979919,restaurant,Вино,,,55.6913777,37.6210552
node,9188131289,fast_food,,,kebab,55.741019,37.5256222
node,9194546533,cafe,Вкусный обед,,,55.7446391,37.6800656
node,9195454934,cafe,Alohapoke,,,55.7643791,37.5689426
node,9195454940,restaurant,Oshi,,japanese,55.7630101,37.5948628
node,9195454942,restaurant,Londri,,european;italian;mediterranean,55.7627858,37.6173412
node,9198111248,fast_food,Farsh,,burger,55.7630067,37.6432767
node,9198111261,cafe,Мегрули,,georgian,55.7632587,37.654662
node,9198111262,pub,Buddy McDaniel,,,55.7638133,37.6559468
node,9198111276,restaurant,Meteorite,,,55.7583291,37.6472712
node,9210044219,fast_food,,,kebab,55.7572268,37.6322897
node,9230887615,cafe,SeDelice,,,55.7479509,37.5840783
node,9230887616,fast_food,,,,55.7467554,37.5915985
node,9236370770,cafe,Кутята,,coffee_shop,55.7795477,37.5994769
node,9250278417,fast_food,Стардогs,Стардогs,sausage,55.7303349,37.6031052
node,9261833038,fast_food,One&Double,,coffee_shop,55.7297349,37.6393851
node,9261833040,fast_food,City Doner,,shawarma,55.7298786,37.640161
node,9261833043,fast_food,Бургер Кинг,Бургер Кинг,burger,55.7299159,37.6405462
node,9264806788,fast_food,Каравай,,,55.7298181,37.6386387
node,9264806800,fast_food,Good Food,,,55.7295828,37.6408985
node,9264806805,fast_food,Я люблю кофе,,coffee_shop,55.7297943,37.640707
node,9268126920,fast_food,Cofix,Cofix,coffee_shop,55.7317707,37.6642169
node,9270167337,fast_food,Бургер Кинг,Бургер Кинг,burger,55.7105673,37.6209869
node,9272767911,restaurant,Inspiro Neurobistro,,,55.7354824,37.5847743
node,9272767912,restaurant,#the Жарим по-грузински,,georgian,55.7599681,37.6139112
node,9272767915,bar,Tverskoy,,,55.764031,37.6074618
node,9272767916,fast_food,Chicko,,korean,55.7519362,37.5827439
node,9272767920,cafe,Шалаш,,coffee_shop,55.7278574,37.6244074
node,9272767922,restaurant,Тануки,Тануки,japanese,55.7580574,37.6572463
node,9272767930,restaurant,Бокал,,,55.7434316,37.5555745
node,9272767931,restaurant,Lila,,italian,55.7695355,37.6325364
node,9272767955,restaurant,Restaurant by Deep Fried Friends,,,55.7463386,37.6468863
node,9272767960,restaurant,Новый Сычуань,,chinese,55.7818472,37.6013571
node,9272767961,cafe,Nicepricecafe,,,55.7494598,37.5832871
node,9275181213,restaurant,Болливуд,,indian,55.7119395,37.6147742
node,9275190785,bar,Хмель & солод,,,55.7119411,37.6151672
node,9279847221,fast_food,Бургер Кинг,Бургер Кинг,burger,55.7533425,37.7165696
node,9281052750,fast_food,Милти,,,55.7149656,37.6080764
node,9287103035,fast_food,Домашние обеды,,,55.7994014,37.5955141
node,9288879899,fast_food,Farsh,,burger,55.7897848,37.6806392
node,9294605899,restaurant,Pinzeria by Bontempi,,pizza,55.7642286,37.6021403
node,9294605901,fast_food,Mini Turkish Spot,,turkish,55.7654226,37.6028672
node,9296210791,fast_food,Правда кофе,,coffee_shop,55.7650914,37.5975632
node,9296210796,cafe,Чихо,,asian,55.7672484,37.6066317
node,9303729220,bar,Волковская пивоварня,,,55.8059398,37.5854871
node,9315524901,cafe,J'pan,,japanese,55.7621328,37.634394
node,9315524902,bar,Винага,,,55.7737635,37.5871308
node,9315524903,cafe,Так сказала моя мама,,coffee_shop,55.7373182,37.6407661
node,9315524905,restaurant,Olluco,,peruvian,55.7702253,37.6375293
node,9315524906,bar,Zionist,,,55.7577737,37.6392044
node,9315524910,cafe,Finch,,coffee_shop,55.728844,37.625733
node,9315524912,bar,Моряк и чайка,,,55.7758414,37.5847381
node,9315524913,bar,Fest Bar,,,55.7650046,37.6083362
node,9315524916,cafe,ABC coffee roasters,,coffee_shop,55.7275361,37.5706511
node,9315555918,restaurant,Высота 5642,,georgian,55.7364934,37.6135987
node,9335732200,cafe,Surf Coffee,Surf coffee,coffee_shop,55.7725489,37.6787923
node,9335798712,cafe,Surf Coffee,,coffee_shop,55.7436953,37.6512977
node,9338120811,cafe,Surf Coffee,Surf Coffee,coffee_shop,55.7438954,37.6019401
node,9339740102,fast_food,Шах,,kebab,55.7031403,37.6853577
node,9345732822,cafe,Air Coffee,,coffee_shop,55.7510662,37.717998
node,9348533717,fast_food,Кебстер!,,,55.7576721,37.6340791
node,9350634118,fast_food,,,doner,55.7527184,37.5984058
node,9354058205,cafe,Mátes,,coffee_shop,55.7738122,37.5872319
node,9354058206,cafe,Adam,,lebanese,55.7736452,37.5869316
node,9354058208,cafe,Will taste,,,55.7377788,37.6416018
node,9354058210,fast_food,Coffee Krog,,coffee_shop,55.7545512,37.6384774
node,9354058211,bar,Раскол,,,55.7822722,37.599334
node,9354058212,cafe,Чашка настоящего,,coffee_shop,55.757132,37.6525532
node,9354058213,restaurant,Sage,,,55.774345,37.5870331
node,9354087721,restaurant,Linbistro,,,55.7390933,37.5961849
node,9354087726,restaurant,Richy Richy,,,55.7523158,37.5670481
node,9354087727,restaurant,Родня,,,55.7743134,37.579142
node,9354087730,bar,Divas,,,55.7319975,37.5611857
node,9354087731,restaurant,Peach,,,55.7320716,37.5611614
node,9354087747,restaurant,Petter,,,55.7656249,37.6157384
node,9354087748,restaurant,Bluefin Nikkei,,sushi,55.7510977,37.5352004
node,9354087755,restaurant,Meat Coin,,steak_house,55.748471,37.5817501
node,9354087756,bar,Горбуфет Шашлычная,,kebab,55.7323031,37.6353944
node,9354087758,cafe,Skrepka!,,,55.7588475,37.639718
node,9359076618,cafe,CVC,,chinese,55.7623261,37.6422192
node,9359328122,cafe,60 оттенков вкуса,,,55.7932764,37.5925648
node,9359328169,cafe,Дядька,,coffee_shop,55.7656848,37.63235
node,9359328171,bar,Cavina,,,55.7402858,37.5936886
node,9365489017,fast_food,Prosto coffee,,coffee_shop,55.7116003,37.5724139
node,9366920164,fast_food,Правда Кофе,Правда Кофе,coffee_shop,55.7097064,37.6243621
node,9379347117,cafe,Место притяжения,,,55.7568301,37.6212191
node,9385124020,fast_food,,,coffee_shop,55.748834,37.5993972
node,9394367230,restaurant,Zio Vini,,italian,55.7298198,37.5709006
node,9394367232,restaurant,По чесноку,,,55.7470942,37.5815919
node,9394367233,restaurant,Brasserie Lambic,,belgian,55.788843,37.5391889
node,9394367234,cafe,Nobo,,cake,55.783134,37.5985142
node,9394367235,restaurant,Реберная № 1,,,55.7869322,37.6772073
node,9394367237,cafe,Дринкит,Дринкит,coffee_shop,55.7787513,37.6233539
node,9394367238,food_court,Eat Market,,,55.7482747,37.5815249
node,9394367239,cafe,J'pan,,japanese,55.7545188,37.6374771
node,9394367241,bar,Руки вверх,,,55.7677139,37.6010634
node,9397041406,cafe,Surf Coffee,Surf coffee,coffee_shop,55.7586976,37.6417667
node,9397686745,fast_food,Му-Му,,regional,55.7740513,37.6545406
node,9397839100,cafe,Даблби,Даблби,coffee_shop,55.7302546,37.5791997
node,9402419317,fast_food,Istanbul doner,,kebab,55.7481359,37.5868354
node,9402431818,cafe,Frank by Баста,,beef,55.7521607,37.5910275
node,9405397661,restaurant,Curry,,indian,55.7491171,37.5898491
node,9412221126,cafe,Calma,,coffee_shop,55.7327445,37.6664905
node,9415810817,cafe,Остров мечты,,pizza,55.6984207,37.6714379
node,9416530644,cafe,Cafe13,,,55.7628052,37.6331601
node,9416530667,cafe,Element Coffee,,coffee_shop,55.7770433,37.6156647
node,9416530668,bar,Рилли?,,,55.7585623,37.6341565
node,9418233419,restaurant,Self Edge Japanese,,japanese,55.7737089,37.5870445
node,9418233422,fast_food,Истанбул донер,,kebab,55.7750687,37.5831432
node,9418378522,fast_food,Пончики,,,55.7331132,37.6046733
node,9422319566,restaurant,Тануки,Тануки,japanese,55.730448,37.611587
node,9422616274,ice_cream,Айсберри,,,55.7841585,37.5574047
node,9423211310,restaurant,Fiorentini,,italian,55.7350795,37.5850003
node,9423215121,cafe,Raw to go,,coffee_shop,55.7789225,37.5897257
node,9423422117,cafe,Costa,Costa,coffee_shop,55.7762893,37.6570116
node,9427513784,restaurant,Chefs Table,,regional,55.7477892,37.5810438
node,9441875185,cafe,8bit Pizza,,pizza,55.7881764,37.5834292
node,9441875186,bar,Melt,,,55.7996618,37.585288
node,9442795888,bar,Public Bar,,,55.8058976,37.5851512
node,9442795889,bar,Freedom,,,55.8059127,37.5852706
node,9442795890,fast_food,Правда Кофе,Правда Кофе,coffee_shop,55.8059285,37.5853698
node,9444672619,cafe,Вадваре,,coffee_shop,55.725991,37.5733415
node,9447072866,fast_food,One Price Coffee,,coffee_shop,55.7659274,37.6371764
node,9447072867,fast_food,One Price Coffee,One Price Coffee,coffee_shop,55.7681154,37.6480966
node,9447072869,fast_food,One Price Coffee,One Price Coffee,coffee_shop,55.724661,37.564523
node,9447072879,fast_food,One Price Coffee,,coffee_shop,55.7058387,37.6565221
node,9447072885,fast_food,One Price Coffee,One Price Coffee,coffee_shop,55.72917,37.611474
node,9447072895,fast_food,One Price Coffee,,coffee_shop,55.763718,37.561773
node,9447072899,fast_food,One Price Coffee,One Price Coffee,coffee_shop,55.7704736,37.6322119
node,9447072903,fast_food,One Price Coffee,,coffee_shop,55.7310007,37.6645665
node,9447072910,fast_food,One Price Coffee,,coffee_shop,55.7328854,37.6638999
node,9447072915,fast_food,One Price Coffee,,coffee_shop,55.7835554,37.7192965
node,9447119917,fast_food,One Price Coffee,One Price Coffee,coffee_shop,55.728256,37.622351
node,9447119943,fast_food,One Price Coffee,One Price Coffee,coffee_shop,55.7723308,37.6783295
node,9447119948,fast_food,One Price Coffee,One Price Coffee,coffee_shop,55.7481402,37.5835409
node,9456022817,cafe,The little door,,,55.7366055,37.6009608
node,9460281657,cafe,Is Ku,,sushi,55.8039207,37.5904056
node,9469170718,restaurant,Раковарня,,,55.741455,37.6569211
node,9469194017,restaurant,Хинкали & Vino,,georgian,55.7415151,37.6566082
node,9472608317,cafe,Vivian's,,breakfast;burger;coffee_shop;pasta,55.7547089,37.6346167
node,9481048617,cafe,Cafe ND,,,55.7261184,37.5325975
node,9481048618,cafe,Mado,,coffee_shop,55.7260235,37.5328918
node,9481048619,restaurant,Везувио,,,55.7259264,37.5327947
node,9487089402,cafe,Domino's Pizza,,,55.7029312,37.6846527
node,9490290256,restaurant,Bagebi,,georgian,55.7411736,37.5931119
node,9490290257,restaurant,Сандро,,,55.7649182,37.6362071
node,9490290263,bar,Cidrerie Moskou,,,55.7124889,37.6456506
node,9490290264,bar,Слёзы Берёзы,,,55.7756387,37.6777612
node,9490290265,restaurant,Сансар,,,55.7760081,37.6781647
node,9490290266,cafe,Токпокки,,korean,55.7829921,37.5980893
node,9490290271,restaurant,Kale XV,,spanish,55.7682222,37.6158473
node,9490585323,restaurant,Анна,,french,55.7610697,37.6150045
node,9490585324,restaurant,Lumicino,,italian,55.758613,37.5864749
node,9492061629,bar,Alpaca,,,55.7593954,37.6414414
node,9492709729,restaurant,Chekhoff,,,55.7689294,37.6055382
node,9501070987,fast_food,,,,55.7722803,37.6414695
node,9504229022,fast_food,Farsh,,burger,55.755952,37.6145294
node,9504229024,fast_food,Farsh,,burger,55.7481963,37.5404119
node,9504229027,fast_food,Farsh,,burger,55.7575111,37.6588771
node,9504229028,fast_food,Farsh,,burger,55.7482053,37.538419
node,9504526586,fast_food,,,kebab,55.7787777,37.6763999
node,9504533933,fast_food,Братуха,,kebab,55.7693646,37.6859567
node,9505492635,restaurant,Айна,,russian,55.7417843,37.599147
node,9505492638,bar,Marie Laveau,,,55.7680866,37.6141271
node,9505492639,cafe,The Waterfront,,coffee_shop,55.7319644,37.620673
node,9505958737,fast_food,Subway,Subway,sandwich,55.7330708,37.6400433
node,9505958739,fast_food,Донер кебаб,,kebab,55.7330808,37.6400959
node,9505958741,cafe,SeDelice,,coffee_shop,55.7331028,37.6402211
node,9505958742,fast_food,Милти,,,55.7334045,37.6405715
node,9507069259,cafe,Cofix,Cofix,coffee_shop,55.779461,37.666634
node,9521461096,bar,Кривоколенный 9с3,,,55.7629131,37.6378177
node,9521850017,cafe,Даблби,Даблби,coffee_shop,55.7315401,37.6116909
node,9521851917,cafe,Буркина фасоль,,,55.7312017,37.6116892
node,9529904717,bar,Megobari,,georgian,55.7710812,37.6322625
node,9530035321,fast_food,,,kebab,55.7318928,37.664671
node,9535137452,bar,Ликвидация,,,55.7674174,37.6313898
node,9535137453,cafe,Maestrello,,pizza,55.7737403,37.5870918
node,9535137454,cafe,Pioner’s,,,55.7370797,37.6899727
node,9535137455,restaurant,Тоттори,,japanese,55.7573005,37.6283643
node,9535137456,bar,Piri-piri,,,55.7662722,37.615153
node,9535137457,restaurant,Hygge,,,55.7110764,37.6055588
node,9535262851,bar,Свои,,,55.7519981,37.5975323
node,9535262852,bar,Hot Bird,,,55.7523173,37.5970978
node,9540480417,restaurant,Корчма,,ukrainian,55.7429599,37.6281717
node,9549808603,bar,Sibir',,,55.7427666,37.6169076
node,9550307070,cafe,Мос Кофе,,,55.7917416,37.6651427
node,9554063958,fast_food,Шаурма,,shawarma,55.7220064,37.6217145
node,9556990467,cafe,,,,55.7190857,37.7109477
node,9558741521,cafe,Eyes Coffee,,,55.7203406,37.6263481
node,9565994719,restaurant,Кофемания,,coffee_shop,55.712714,37.6206276
node,9577244629,fast_food,Pizza Heart,,pizza,55.7379395,37.6311884
node,9579255525,restaurant,Муссон,,seafood,55.7291175,37.620411
node,9589806868,bar,Перепел,,,55.7729169,37.6095137
node,9589806895,cafe,SeDelice,,coffee_shop,55.7722961,37.6207817
node,9603558825,cafe,Каппо Хироки Аракава,,sushi,55.7572817,37.6171365
node,9603558834,cafe,Barcelona,,coffee_shop,55.7094551,37.6244483
node,9603558837,fast_food,Правда Кофе,Правда Кофе,coffee_shop,55.7704698,37.6263794
node,9603558839,cafe,Cobalt,,coffee_shop,55.7225573,37.6056728
node,9603558841,cafe,Amarcord,,coffee_shop,55.7477471,37.6446305
node,9603558845,bar,Ясно,,,55.7547309,37.6429917
node,9603558846,restaurant,Такахули,,georgian,55.760943,37.5964969
node,9603558868,cafe,B1,,coffee_shop,55.757416,37.5581279
node,9603558874,cafe,Старая Школа,,,55.7862113,37.601113
node,9608350044,restaurant,Мумий Тролль,,seafood,55.7521581,37.5923984
node,9610668217,cafe,Frank by Баста,,beef,55.7272826,37.5676775
node,9612427443,fast_food,One Price Coffee,,coffee_shop,55.773048,37.632829
node,9612427453,fast_food,One Price Coffee,One Price Coffee,coffee_shop,55.7549864,37.6565359
node,9628243584,cafe,Белые Облака,,,55.7586609,37.6415625
node,9653328068,fast_food,Современная столовая,,,55.7190957,37.6297227
node,9653352959,cafe,too CUPS,,,55.7187768,37.6317029
node,9670053962,pub,Suckin' Diesel,,,55.7806895,37.5923047
node,9670053965,cafe,Пельменная,,,55.7874088,37.6329803
node,9670053967,restaurant,Patriki,,,55.7628867,37.5946771
node,9670053970,restaurant,Imperial,,,55.7768883,37.6611516
node,9670053971,restaurant,Зойка,,,55.7628461,37.5924562
node,9670053991,restaurant,LaRiote,,,55.781403,37.5560734
node,9670053993,restaurant,Сыроварня,,,55.7586694,37.5861838
node,9670053995,restaurant,Дикий улов,,seafood,55.6994803,37.6364028
node,9670053996,cafe,Мелисса,,,55.751491,37.6997826
node,9670053998,cafe,Pho'Ngon,,vietnamese,55.7217569,37.6106031
node,9670054000,cafe,Vak'e,,georgian,55.7218481,37.610636
node,9670175730,cafe,Le Spot,,coffee_shop,55.7753342,37.5269586
node,9670197407,bar,Волчок,,,55.7569398,37.6346795
node,9671899717,cafe,Ферма,,,55.724571,37.5884964
node,9672597998,cafe,Papa Grill,,,55.7804892,37.6969254
node,9672597999,cafe,Гриль & Сувлаки,,greek,55.7805005,37.697053
node,9675564414,bar,Волга,,,55.7379642,37.5220415
node,9679559202,fast_food,Свежъ,,,55.8042391,37.5908143
node,9680063592,restaurant,Мясо & Паста,,,55.7339865,37.6364779
node,9687694617,cafe,Сушисет,,sushi,55.7375005,37.6539307
node,9692640154,cafe,Пловный аул,,uzbek,55.7321788,37.6357846
node,9695790984,cafe,После обсудим,,coffee_shop,55.7694491,37.5670731
node,9696184618,cafe,Skuratov Coffee,Skuratov Coffee,coffee_shop,55.7673892,37.5977743
node,9696184620,restaurant,Давайте карбонару,,italian,55.8058622,37.5848709
node,9696184621,pub,Red Lion,,,55.7742008,37.6179385
node,9696184624,restaurant,Maya,,,55.7571428,37.6019856
node,9701344306,restaurant,Александр,,asian,55.7465764,37.5983195
node,9708644648,cafe,Эклерная Клер,,,55.7724104,37.675779
node,9724414217,cafe,Pizzamento,,italian_pizza,55.7640701,37.6075554
node,9726743629,restaurant,Золотой дракон,,chinese,55.7693472,37.6163711
node,9735057418,fast_food,,,coffee_shop,55.7608879,37.6570103
node,9735886194,cafe,La Virgen,,mexican,55.7586426,37.6295069
node,9735886196,cafe,No Sugar,,cake,55.774068,37.5782499
node,9735886198,restaurant,Qartuli,,georgian,55.7741525,37.5786509
node,9735886199,restaurant,Ян Примус,,,55.7744044,37.5794005
node,9735886203,cafe,Tabera,,coffee_shop,55.7349602,37.6338655
node,9735896917,cafe,Surf Coffee,Surf coffee,coffee_shop,55.7796709,37.6987922
node,9735896919,food_court,Депо=Европейский,,,55.7445152,37.5667672
node,9741560177,cafe,Кофепорт,,coffee_shop,55.7922718,37.6045503
node,9741560195,fast_food,Правда Кофе,Правда Кофе,coffee_shop,55.79253,37.5901314
node,9741560198,cafe,Штолле,Штолле,pie,55.7925836,37.5906564
node,9741560214,cafe,Pho,,vietnamese,55.7917331,37.5835593
node,9741583419,fast_food,Шаурма по-братски,,kebab,55.7917052,37.5831315
node,9749466052,cafe,Шоколадница,Шоколадница,coffee_shop,55.7418662,37.6533449
node,9749580253,cafe,Ни Свет Ни Заря,,coffee_shop,55.7440096,37.6564653
node,9750312009,fast_food,Донер кебаб,,shawarma,55.8125109,37.5889715
node,9750312010,restaurant,Кепи,,georgian,55.8124718,37.5886114
node,9751649068,pub,Axiom,,,55.7762366,37.6793839
node,9754162617,fast_food,Catcher pizza,,pizza,55.7497657,37.5356074
node,9755217429,cafe,Doubleshot,,coffee_shop,55.7824637,37.5979774
node,9755239242,fast_food,Black Dонер,,kebab,55.7824887,37.5979571
node,9757195236,cafe,Табак & кофейня,,coffee_shop,55.7649327,37.6556642
node,9762164917,fast_food,Шаур Маш,,,55.7541668,37.522637
node,9769555910,cafe,Дринкит,Дринкит,coffee_shop,55.7674152,37.6650148
node,9773243473,bar,Настоишная,,,55.7617127,37.6627958
node,9773370042,bar,IPPO,,,55.7094083,37.6244431
node,9775145260,cafe,Столовая,,,55.6971404,37.6074618
node,9781092590,fast_food,,,,55.7791595,37.6920937
node,9783511465,fast_food,Cofix,Cofix,coffee_shop,55.7748113,37.6730748
node,9783511466,bar,Азбука бар,,,55.7748228,37.6730545
node,9783511470,cafe,Лаванда кофе,,coffee_shop,55.7751351,37.6726248
node,9783631370,cafe,Mnoga кофе,,coffee_shop,55.7763077,37.6763944
node,9786011812,cafe,Cofix,Cofix,coffee_shop,55.7704266,37.6510285
node,9786563815,cafe,Самарканд сити,,,55.7510816,37.716272
node,9788863702,fast_food,Теремок,Теремок,crepe,55.7821093,37.7035568
node,9789160505,cafe,Noba,,coffee_shop,55.7778055,37.6378633
node,9790594647,cafe,Friends forever,,,55.7780076,37.6329723
node,9790594648,cafe,Тайга,,tea;coffee_shop,55.7777753,37.6333478
node,9790623331,cafe,Surf Coffee,Surf Coffee,coffee_shop,55.7802494,37.6340626
node,9791273967,fast_food,Cofix,Cofix,coffee_shop,55.7794233,37.6333612
node,9798488330,cafe,Ngon,,vietnamese,55.7764768,37.6750126
node,9798488331,cafe,Картофан,,,55.7764644,37.6749768
node,9798488332,cafe,Bels,,chicken,55.7764446,37.6749357
node,9801453838,cafe,Южное,,,55.7595018,37.5444111
node,9801453850,fast_food,,,donut,55.7604616,37.5443763
node,9801453904,fast_food,Bulldog coffee,,coffee_shop,55.7612629,37.5449985
node,9801453921,fast_food,,,,55.7626196,37.5452091
node,9802088162,cafe,Твой кофе,,coffee_shop,55.7438241,37.6568558
node,9802371103,cafe,Burger Heroes,,burger,55.7421742,37.652973
node,9803937904,cafe,Frank by Баста,,beef,55.8055178,37.584938
node,9805721983,fast_food,Do.Bro Coffee,,coffee_shop,55.7504199,37.5823644
node,9805721987,fast_food,Методика Кофе,,coffee_shop,55.7284687,37.6122958
node,9809385231,fast_food,Shaverma house,,,55.7413532,37.6574368
node,9810897050,cafe,Bitter drop,,coffee_shop;international,55.7522549,37.6704405
node,9820144528,fast_food,Farsh,,burger,55.7307124,37.6378146
node,9820365093,fast_food,Парусник,,,55.7693581,37.670429
node,9820365096,cafe,,,coffee_shop,55.769266,37.6706758
node,9820365097,restaurant,Адамак,,,55.7691214,37.6715431
node,9822424075,cafe,Go ко мне,,coffee_shop,55.7089057,37.6584198
node,9822424078,cafe,,,coffee_shop,55.7065962,37.6580101
node,9822923064,cafe,Surf Coffee,Surf Coffee,coffee_shop,55.7608049,37.6499406
node,9823192719,cafe,G-Drive,,,55.7261847,37.5986057
node,9824732405,fast_food,One Price Coffee,One Price Coffee,coffee_shop,55.726981,37.6262911
node,9826025528,cafe,Pho bo,,,55.7828177,37.7060366
node,9828270989,cafe,Cofix,Cofix,coffee_shop,55.7193225,37.6088118
node,9833079281,cafe,Viki Cake,,,55.7420916,37.6338105
node,9833985456,restaurant,True cost,,,55.7402211,37.6539263
node,9835639430,cafe,Crosby Coffee,,coffee_shop,55.7693778,37.6589723
node,9836811294,cafe,Чайхана,,,55.7510601,37.7171271
node,9837039705,cafe,На районе,,,55.7899593,37.6780516
node,9837039708,cafe,Coffprice,,coffee_shop,55.7901904,37.6782936
node,9838012870,cafe,YourCoffeePlace,,,55.7623476,37.6335835
node,9839056221,bar,Silеncio,,,55.7539783,37.6382818
node,9839146817,bar,BlaBlaBar,,,55.7792789,37.5906329
node,9841073871,cafe,Granvillano,,coffee_shop,55.7858532,37.6136148
node,9841073954,cafe,КотоБюро,,,55.7656331,37.5888205
node,9842232159,restaurant,колбасофф,,,55.7882067,37.6785253
node,9846069768,cafe,Cofix,Cofix,coffee_shop,55.7409501,37.6236882
node,9846334318,restaurant,Чжун Го,,asian,55.7745369,37.6164206
node,9846673102,bar,Пестики-тычинки,,,55.7564327,37.6352418
node,9846772767,cafe,ABC Coffee Roasters,,coffee_shop,55.7410669,37.6234307
node,9849425936,restaurant,Чайка,,,55.742286,37.53109
node,9851586948,bar,Моя рьяnaya babyшка леmиm v cinгапур,,,55.7566112,37.6059122
node,9851586950,bar,Marcelo Miracles,,,55.7613754,37.6363546
node,9851586951,bar,Комната отдыха,,,55.7739873,37.5780159
node,9851586954,cafe,Закуток,,,55.7550262,37.6446548
node,9851586955,cafe,Эклер,,coffee_shop,55.7550197,37.6448041
node,9851586956,cafe,Квартира 37,,,55.7550758,37.6446976
node,9851586957,cafe,Аренда,,italian,55.7550673,37.6444324
node,9851586963,restaurant,Абрау-Дюрсо,,,55.7482091,37.587993
node,9851586969,restaurant,Тануки,Тануки,japanese,55.7495745,37.5379363
node,9851586970,restaurant,Brasserie Lambic,,belgian,55.7234448,37.6111539
node,9851586971,bar,Botafogo,,,55.7544396,37.6379398
node,9851586972,restaurant,Хинкали & Vino,,georgian,55.7631203,37.6350941
node,9851586977,fast_food,Правда Кофе,Правда Кофе,coffee_shop,55.7426797,37.6533781
node,9851586980,restaurant,Lele,,,55.7725805,37.6072298
node,9851586983,cafe,Prosvet,,coffee_shop,55.7756603,37.6078695
node,9851586984,cafe,Mates,,pizza,55.7281696,37.5717495
node,9851586986,cafe,Чихо,,asian,55.7709103,37.6322722
node,9854240557,restaurant,Радио,,,55.7639823,37.6832369
node,9854240558,restaurant,Хачапури и вино,,georgian,55.7454162,37.6270688
node,9854240560,restaurant,Brasserie Lambic,,belgian,55.7779759,37.6066437
node,9854240561,cafe,Surf Coffee,Surf Coffee,coffee_shop,55.7662789,37.6105517
node,9854240562,cafe,Surf Coffee,Surf Coffee,coffee_shop,55.7573283,37.618313
node,9858758469,restaurant,Хитровка,,,55.751983,37.6418585
node,9868716608,fast_food,Милти,,,55.7473619,37.6560684
node,9868880719,bar,Щепки,,,55.7763059,37.6771968
node,9870476444,cafe,Дринкит,Дринкит,coffee_shop,55.7826119,37.6004424
node,9870881717,restaurant,Тесто,,italian_pizza,55.7513293,37.6976918
node,9870888317,cafe,Лавендия,,coffee_shop,55.7511704,37.6977973
node,9873251106,restaurant,Pods,,,55.7744784,37.5796218
node,9873257373,fast_food,,,kebab,55.771891,37.5816026
node,9876006147,cafe,Чёрная берёза,,,55.7361762,37.5315124
node,9881592617,cafe,КуулКлевер,,coffee_shop;international,55.7524476,37.700826
node,9881620218,cafe,Locals,,coffee_shop,55.7514705,37.7080026
node,9881947385,fast_food,Специя,,,55.7379883,37.5864601
node,9881947642,cafe,Пельменная,,,55.7383726,37.5879286
node,9882840005,cafe,Bollo,,coffee_shop,55.7693221,37.5864808
node,9885616330,restaurant,Tuna Bar,,seafood,55.7516638,37.5826924
node,9885641276,restaurant,Dacha,,,55.7528657,37.5852553
node,9885958892,bar,Горнист,,,55.7539227,37.6416359
node,9885958895,pub,Harat's,,,55.7608879,37.6227276
node,9885958898,cafe,Кремлевский,,,55.7707134,37.594437
node,9885958899,bar,На ковёр,,,55.7443903,37.6630023
node,9885958901,bar,Nebar,,,55.7619088,37.6333371
node,9885958903,bar,Жажда,,,55.7550629,37.642995
node,9885958906,bar,Алкоголики и тунеядцы,,,55.7751972,37.6319759
node,9885958908,bar,Виноград не виноват,,,55.7960154,37.5435515
node,9886966845,cafe,Cups & Hugs,,coffee_shop,55.7757257,37.6914231
node,9886966847,cafe,Север-Метрополь,Север-Метрополь,,55.7715766,37.6804567
node,9889422866,fast_food,Rostic's,Rostic's,chicken,55.7947208,37.5879857
node,9892930532,restaurant,Maurizio,,italian,55.7705316,37.6329602
node,9892930535,bar,17-я пристань,,,55.7817703,37.6004559
node,9897227117,cafe,ВкусВилл кафе,,coffee_shop,55.7322307,37.6716723
node,9898000903,fast_food,,,shawarma,55.7569121,37.621053
node,9898070638,cafe,Кофеин,,coffee_shop,55.7570421,37.6220902
node,9898070643,fast_food,Matrēshka fries,,russian;soup;shawarma,55.760232,37.625677
node,9899528120,cafe,Cinnabon,,cake,55.780231,37.5931469
node,9899541206,fast_food,Крошка Картошка,Крошка Картошка,potato,55.7492385,37.539476
node,9899541213,fast_food,Крошка Картошка,,potato,55.7906421,37.5602335
node,9899541215,fast_food,Крошка Картошка,Крошка Картошка,potato,55.7611739,37.5798512
node,9899555520,fast_food,Крошка Картошка,,potato,55.7069827,37.5927526
node,9899555525,fast_food,Крошка Картошка,,potato,55.781735,37.705137
node,9899555539,fast_food,Крошка Картошка,,potato,55.6960505,37.6654887
node,9899555540,fast_food,Крошка Картошка,,potato,55.7105687,37.6741791
node,9899555548,fast_food,Крошка Картошка,,potato,55.7765157,37.5240505
node,9902300263,bar,Mad Season,,,55.7358644,37.5915094
node,9902442219,fast_food,Chicko,,korean,55.7284498,37.580232
node,9902442220,restaurant,+39,,pizza,55.7699402,37.6617524
node,9902442221,cafe,Between,,coffee_shop,55.8085317,37.6465309
node,9905674217,restaurant,Сыроварня,,,55.7777687,37.5238652
node,9905676717,cafe,Кафе Сити Чебуречная,,kebab;local,55.7776563,37.5250393
node,9907373673,fast_food,Chicko,,korean,55.7274154,37.5969258
node,9907373699,food_court,Лето,,,55.7216372,37.5903289
node,9907399417,cafe,Шайба,,kebab,55.7227956,37.5914654
node,9907399431,fast_food,,,,55.7255231,37.599503
node,9909435920,cafe,Korean Chick,,asian,55.7702171,37.6836688
node,9911218717,cafe,Блин бери,,,55.7410331,37.6228865
node,9912910365,fast_food,Самса,,,55.7713778,37.6815456
node,9915257317,cafe,Chicha San Chen,,tea,55.7310668,37.640001
node,9917539136,cafe,Roasters,,coffee_shop,55.7784757,37.5825712
node,9919180698,fast_food,Coffee Like,,coffee_shop,55.7552106,37.5109298
node,9919180699,cafe,Coffee Like,Coffee Like,coffee_shop,55.7798057,37.6673877
node,9921076780,cafe,Кофе твой друг,,coffee_shop,55.7736022,37.5487458
node,9926982795,fast_food,Правда Кофе,Правда Кофе,coffee_shop,55.771716,37.632859
node,9926982796,fast_food,,,kebab,55.771736,37.6328234
node,9926992033,ice_cream,,,,55.7719619,37.6331225
node,9931384454,restaurant,Made in Georgia,,georgian,55.7507442,37.5364436
node,9933988531,fast_food,Хот-дог Бульдог,,hot_dog,55.7311441,37.6092513
node,9941725552,restaurant,Мама Хинкали,,georgian,55.7161365,37.6086166
node,9945611719,cafe,Ломи,,georgian,55.7742962,37.584589
node,9956952677,restaurant,Кофемания,,coffee_shop,55.7514583,37.5344081
node,9969318121,cafe,Пше’Nizza,,,55.7590741,37.5528171
node,9969318122,bar,,,,55.7531811,37.6337001
node,9969318719,cafe,,,,55.7094067,37.6243709
node,9971854400,fast_food,Кухня Кипра,,kebab,55.7119086,37.6206634
node,9972487191,restaurant,Не горюй,,georgian,55.753103,37.5864413
node,9975991318,restaurant,SongTime,,,55.8035109,37.5928966
node,9978554501,restaurant,Tatooine,,,55.7660956,37.6149827
node,9978554503,restaurant,Il Letterato,,italian,55.7564349,37.6368635
node,9979605280,cafe,Мангал Холл,,kebab,55.7758301,37.6430051
node,9983557916,cafe,Eat&talk,,,55.7530211,37.6108287
node,9989248250,cafe,Шоколадное ателье,,cake,55.7619582,37.6521933
node,9991178556,cafe,Vera,,coffee_shop,55.7375836,37.6028457
node,9991531573,cafe,Jinju,,coffee_shop,55.7618998,37.6485305
node,9991531574,cafe,Code Coffee,,coffee_shop,55.7430202,37.6174155
node,9991531575,restaurant,Чудо-Юдо,,,55.7519541,37.5874614
node,9991531577,restaurant,Мачете,,steak_house,55.7813872,37.5724483
node,9991531579,fast_food,Jazz Kebab,,kebab,55.7639657,37.6839047
node,9991531581,cafe,Cho,,asian,55.7620873,37.6336918
node,9991531582,cafe,Skuratov Coffee,Skuratov Coffee,coffee_shop,55.7755623,37.6721755
node,9991531583,restaurant,Château Руставели,,georgian,55.7541203,37.6099415
node,9991531584,pub,Clovelly,,,55.7669029,37.6325793
node,9991531587,restaurant,Cihan,,turkish,55.7281114,37.5843488
node,9991531588,cafe,Ra'men,,ramen,55.755278,37.665474
node,9991531589,cafe,Левантская хижина,,,55.7550682,37.6008549
node,9991531591,fast_food,Правда Кофе,,coffee_shop,55.7679987,37.6315735
node,9991531594,bar,Хет-трик,,,55.7711996,37.5975537
node,9991531595,bar,Beer&Art,,,55.7537264,37.6383421
node,9991531596,bar,Тайная комната,,,55.7544343,37.6380249
node,9991554517,cafe,Chicha San Chen,Chicha San Chen,bubble_tea,55.7490264,37.5377517
node,9992560158,fast_food,Coffee Like,,coffee_shop,55.791191,37.5590694
node,9993649696,restaurant,Soma,,,55.7669157,37.620315
node,9993649697,bar,Собаки в тумане,,,55.7670882,37.6199929
node,9993649699,bar,Chow-Chow,,asian,55.754666,37.6378405
node,9993649700,cafe,Ramen ten,,ramen,55.7828737,37.6007483
node,9993649702,cafe,Второй бар,,coffee_shop,55.7424985,37.6128691
node,9993649705,restaurant,Сюжет,,,55.7878612,37.5797439
node,9993649706,fast_food,Babo,,armenian,55.751278,37.6071366
node,9994426078,bar,Oblivion,,,55.7754798,37.6838039
node,9994924434,cafe,Stars Coffee,Stars Coffee,coffee_shop,55.7415095,37.5315434
node,9994924435,fast_food,Mango Mouse,,juice,55.7417289,37.5315268
node,9994924436,cafe,Поколение кофе,,coffee_shop,55.7417146,37.5314568
node,9997588050,bar,PR11,,,55.7737723,37.5873298
node,9997588051,cafe,Curry,,indian,55.7743543,37.5850701
node,9997588052,restaurant,Sansa,,seafood,55.7364148,37.6006785
node,9997588054,restaurant,Brooms,,,55.7754341,37.584136
node,9997588055,cafe,Pims,,bubble_tea,55.7628052,37.592369
node,10000004077,cafe,Vabene,,italian,55.7278987,37.6305989
node,10000028301,pub,Hart's Irish pub,,,55.7290734,37.6305528
node,10004787229,restaurant,Sapiens,,,55.7343007,37.5890954
node,10004787230,cafe,Evergreen,,coffee_shop,55.7569783,37.5475279
node,10004787239,restaurant,Sparkle,,,55.7897056,37.5521734
node,10031282905,fast_food,Стардогs,Стардогs,sausage,55.7430555,37.5645124
node,10033499487,fast_food,Столовая,,,55.7812432,37.5484666
node,10033597918,fast_food,Бургер Кинг,Бургер Кинг,burger,55.7657162,37.6084083
node,10040202727,cafe,Roco Bay,,coffee_shop,55.7386565,37.5309592
node,10046801004,fast_food,Бургер Кинг,Бургер Кинг,burger,55.7304157,37.638037
node,10048955984,cafe,Ter.mos,,coffee_shop,55.7225286,37.6457168
node,10048956007,cafe,,,coffee_shop,55.7734578,37.6061529
node,10049008320,cafe,Николай,,,55.7566961,37.6039951
node,10051046496,bar,Салют бар,,,55.7460411,37.5133815
node,10051046497,fast_food,The Best Burgers,,burger,55.7459709,37.513446
node,10051046499,restaurant,Vua Pho,,vietnamese,55.7457883,37.513575
node,10051046500,cafe,Barbacoa,,,55.7458389,37.5135207
node,10051046501,cafe,Пита хаус,,,55.7458866,37.5134716
node,10051046502,restaurant,Ртвели,,regional,55.745934,37.5134213
node,10053739902,cafe,Банзай,,coffee_shop,55.7414798,37.5313834
node,10054793438,fast_food,Стардогs,Стардогs,sausage,55.7443148,37.5655389
node,10054793462,fast_food,Stardogs,,hot_dog,55.7025166,37.5816615
node,10054793466,fast_food,Stardogs,,hot_dog,55.710209,37.675299
node,10054793468,fast_food,Stardogs,,hot_dog,55.7190939,37.5438574
node,10054793470,fast_food,Stardogs,,hot_dog,55.718806,37.55717
node,10054793471,fast_food,Stardogs,,hot_dog,55.7132115,37.5586107
node,10054793472,fast_food,Стардогs,Стардогs,sausage,55.7610834,37.5797439
node,10054793480,fast_food,Stardogs,,hot_dog,55.8130775,37.6387364
node,10055609618,restaurant,Ikra,,regional;russian;local,55.7552796,37.6091828
node,10059318938,bar,Настоечная на Кузне,,,55.7426118,37.6297282
node,10059660026,cafe,Плов Чайханский,,uzbek,55.7383507,37.5443682
node,10061337619,fast_food,One Price Coffee,One Price Coffee,coffee_shop,55.7591244,37.6248828
node,10061337624,fast_food,One Price Coffee,One Price Coffee,coffee_shop,55.706345,37.6847845
node,10061337626,fast_food,One Price Coffee,One Price Coffee,coffee_shop,55.7469663,37.6793303
node,10061337631,fast_food,One Price Coffee,One Price Coffee,coffee_shop,55.7682209,37.598176
node,10061337632,fast_food,One Price Coffee,One Price Coffee,coffee_shop,55.7359078,37.5916614
node,10064343929,bar,Post pub,,,55.7796692,37.6988776
node,10069372259,fast_food,Милти,,,55.7605801,37.6581301
node,10073803915,cafe,Ахимса Шоколад,,,55.7601349,37.6484004
node,10074869905,fast_food,Сказка Египта,,,55.7911193,37.684629
node,10085780004,fast_food,Farsh,,burger,55.7108275,37.6752093
node,10086975824,cafe,Surf Coffee,Surf Coffee,coffee_shop,55.7601469,37.6619925
node,10086975825,cafe,Bodro Coffee,,coffee_shop,55.7608011,37.6624887
node,10086975828,fast_food,Милти,,,55.7616523,37.6631881
node,10086975829,restaurant,Золотой дракон,,chinese,55.7616644,37.6627569
node,10092282341,bar,Мунк,,,55.7548645,37.6659044
node,10096228378,fast_food,Drozdov coffee,,coffee_shop,55.7564651,37.6652352
node,10100641631,cafe,Kava,,coffee_shop,55.7545524,37.6555686
node,10103398832,cafe,Drozdov coffee,,coffee_shop,55.7559749,37.6650686
node,10103417729,cafe,Coffee Frisbee,,coffee_shop,55.7560911,37.6655488
node,10105928924,fast_food,Rostic's,Rostic's,chicken,55.7553637,37.6148174
node,10107197340,fast_food,AngelCup,,coffee_shop,55.7388475,37.5467809
node,10107197341,cafe,Max Bakery,,,55.7391291,37.5477612
node,10120583009,cafe,YCP,,coffee_shop,55.7631885,37.6334653
node,10123955940,cafe,Bach coffee,,coffee_shop,55.7341315,37.6274805
node,10123955944,bar,Невинные сплетни,,,55.7760156,37.6769686
node,10123955946,cafe,Brunchy Brunch,,,55.785124,37.5614136
node,10123955949,restaurant,Kimona,,asian,55.7610381,37.5131902
node,10123955950,bar,Моряк и чайка,,,55.7592029,37.6456538
node,10123955951,cafe,Истанбул,,coffee_shop,55.7343347,37.627502
node,10123955952,cafe,ProХинкали,,georgian,55.7323532,37.6353595
node,10123955953,cafe,Бублик,,,55.7619526,37.6226699
node,10123955955,fast_food,Милти,,,55.7275904,37.6304953
node,10123955958,cafe,Smoke Is,,,55.783762,37.5819809
node,10129927599,cafe,Механика,,,55.7635636,37.5693723
node,10139386482,restaurant,Вареничная №1,,,55.7636337,37.6065097
node,10139556632,cafe,T&W coffee Co.,,coffee_shop,55.7807584,37.610968
node,10141595022,cafe,Феникс,,,55.798231,37.5817206
node,10146889638,fast_food,Стейк & Бургер,,burger,55.7706588,37.6787907
node,10164085081,cafe,Городское кафе и бар,,,55.7287531,37.5588959
node,10165709017,cafe,Восточная,,,55.8004085,37.5778817
node,10165709019,fast_food,,,,55.8006127,37.5775729
node,10165709022,fast_food,,,,55.800706,37.5775481
node,10165709023,fast_food,,,,55.8007375,37.5775326
node,10176559721,fast_food,Galaxy,,coffee_shop,55.7277982,37.6244627
node,10180654309,fast_food,Sushi-сэн,,sushi,55.8079974,37.5733866
node,10201995175,cafe,Finch,,coffee_shop,55.7373332,37.5848312
node,10220043471,fast_food,Халва Кофе,,coffee_shop,55.7823866,37.6323099
node,10220043473,cafe,Штолле,Штолле,pie,55.7814781,37.6340517
node,10236804303,fast_food,Pho house,,vietnamese,55.790544,37.6798023
node,10238119443,restaurant,Frank by Баста,,barbecue,55.7302447,37.6376461
node,10238183125,restaurant,Osterio Mario,,italian,55.7303536,37.6373361
node,10238183126,fast_food,Thailand Food,,thai,55.7303286,37.6375112
node,10238183127,fast_food,Greek street,,greek,55.7303402,37.6375934
node,10238195828,restaurant,Cheesemania,,italian,55.7303727,37.6378505
node,10238197218,cafe,Лепим и варим,,russian,55.7304012,37.637925
node,10238212864,fast_food,Теремок,Теремок,crepe;russian,55.7303504,37.6377974
node,10238212865,fast_food,Soul in the bowl,,,55.7303891,37.6378699
node,10238226452,restaurant,Хочу пури,,,55.7304684,37.6372212
node,10238226453,fast_food,Большой Фо,,vietnamese,55.7305136,37.6373314
node,10238234635,fast_food,"Гамарджоба, генацвале!",,,55.7306277,37.6375949
node,10239784822,restaurant,Tehnikum,,,55.7577897,37.6587909
node,10243810607,fast_food,Вьет Вок,,vietnamese,55.7934672,37.6046347
node,10246305966,cafe,So far kebab,,kebab,55.7621417,37.6337877
node,10246668368,fast_food,Kono,,noodle,55.7715849,37.6827145
node,10248180409,cafe,Ливанская кухня,,,55.7997644,37.5843945
node,10248863344,fast_food,,,,55.7678678,37.6806486
node,10261246208,bar,Винфак,,,55.7550699,37.6453964
node,10261265909,bar,Origami,,,55.7547211,37.6454875
node,10261265910,cafe,Surf Coffee,Surf Coffee,coffee_shop,55.7857649,37.5617033
node,10261265911,cafe,Surf Coffee,Surf Coffee,coffee_shop,55.7527092,37.706574
node,10261265912,cafe,floo mini,,coffee_shop,55.7401189,37.6617162
node,10261265913,cafe,Хангри вульф,,,55.7287051,37.6433846
node,10261265914,bar,RockBrewer,,,55.7798389,37.6288551
node,10261265916,cafe,Pims,,bubble_tea,55.7524094,37.6017246
node,10261265917,restaurant,Порта Росса,,italian,55.7706749,37.649095
node,10261265921,cafe,Mosaic,,coffee_shop,55.7671838,37.6139208
node,10261265922,cafe,Sintra,,coffee_shop,55.7443163,37.5883778
node,10266171303,cafe,Hello Papaya,,,55.7886666,37.5674674
node,10276267123,food_court,Депо Три вокзала,,,55.7727103,37.6633512
node,10281347983,cafe,Чевапи гриль,,serbian,55.7194993,37.6077569
node,10281347990,cafe,Волконский,,,55.7328403,37.6185768
node,10284402312,pub,Разливное,,,55.703272,37.6747906
node,10286572968,bar,Bizi Moscow,,,55.7810787,37.5832938
node,10286572976,fast_food,Монополия,,kebab,55.7820908,37.5809958
node,10294706713,bar,Алёша и графин,,,55.7832281,37.5978371
node,10296614910,cafe,Niqa,,french,55.7599797,37.624167
node,10300288410,cafe,SeDelice,,,55.780432,37.6001857
node,10300307209,cafe,SeDelice,,,55.7821705,37.5986971
node,10313027309,restaurant,Вертели,,georgian,55.7711889,37.6253809
node,10548683709,bar,Бильярдный клуб 811,,beef_bowl;chicken;italian;italian_pizza;russian,55.7018598,37.6041155
node,10548686709,bar,Буду поздно,,,55.7449518,37.6310137
node,10554204901,cafe,Cofix,Cofix,coffee_shop,55.7053043,37.6381622
node,10554487546,cafe,Why not,,coffee_shop,55.7198572,37.6938963
node,10557552946,bar,Практика,,,55.7732352,37.6186614
node,10557552949,cafe,Цветы и кофе,,coffee_shop,55.7719257,37.5977301
node,10557552950,restaurant,El Pimpi,,spanish,55.7565519,37.6061784
node,10557552952,restaurant,Bshushu,,mediterranean,55.7818472,37.5816482
node,10557552953,cafe,Surf Coffee,Surf Coffee,coffee_shop,55.6998226,37.6345945
node,10557552954,bar,Зачет,,,55.7393692,37.5485954
node,10557552955,cafe,Dizengof//99,,jewish,55.7235022,37.6111673
node,10557552956,cafe,Skuratov Coffee,Skuratov Coffee,coffee_shop,55.7622793,37.6340291
node,10557552958,restaurant,Osteria Mario,,italian,55.8045508,37.5832213
node,10557552959,fast_food,Аби Раби,,kebab,55.77246,37.6770261
node,10557552960,restaurant,Garda,,italian,55.7646832,37.6164593
node,10557552962,bar,Чисто ростовский бар,,,55.7654173,37.5906484
node,10557552963,cafe,Surf Coffee,Surf Coffee,coffee_shop,55.7565462,37.5621331
node,10557552965,cafe,Skuratov Coffee,Skuratov Coffee,coffee_shop,55.756944,37.5664099
node,10557552973,bar,Billins,,,55.6988953,37.6339111
node,10557552978,cafe,Littl,,coffee_shop,55.7770708,37.5563201
node,10557552980,cafe,Чихо,,asian,55.7439351,37.6281108
node,10557552981,bar,Bali Bar,,,55.7591848,37.6248452
node,10557552982,cafe,Circle,,pizza,55.7639838,37.6835346
node,10557552983,restaurant,Openside,,,55.7621684,37.5504032
node,10557552985,cafe,Cofix,Cofix,coffee_shop,55.7515603,37.5980191
node,10557552986,restaurant,Баба Марта,,bulgarian,55.7515067,37.5978609
node,10557552989,restaurant,Батони,,georgian,55.7661265,37.5641388
node,10557552990,pub,Old School,,,55.7720789,37.6003137
node,10557552995,bar,Пей здесь,,,55.7751165,37.6569201
node,10557552996,restaurant,Lauren Parker,,italian,55.7449289,37.6614439
node,10557552999,cafe,Сирень,,,55.7933642,37.6748459
node,10570749371,cafe,Хоуми,,coffee_shop,55.7421799,37.6603357
node,10570954938,cafe,Ramen Ten,,ramen,55.7744241,37.6042673
node,10576642036,cafe,CofeFest,,coffee_shop,55.7940213,37.5813934
node,10576642040,cafe,CofeFest,,coffee_shop,55.7988356,37.5810313
node,10576689447,cafe,CofeFest,,coffee_shop,55.7562267,37.5429225
node,10576689460,cafe,CofeFest,,coffee_shop,55.7683718,37.6080143
node,10576689466,cafe,CofeFest,,coffee_shop,55.8096155,37.6316151
node,10576689471,cafe,CofeFest,,coffee_shop,55.789833,37.694853
node,10576689473,cafe,CofeFest,,coffee_shop,55.731308,37.5613313
node,10576689488,cafe,CofeFest,,coffee_shop,55.7609898,37.6397234
node,10576689490,cafe,CofeFest,,coffee_shop,55.8004025,37.5948136
node,10576689506,cafe,CofeFest,,coffee_shop,55.7456811,37.6524156
node,10576689507,cafe,CofeFest,,coffee_shop,55.7431462,37.6496825
node,10576689509,cafe,CofeFest,,coffee_shop,55.7333704,37.6805145
node,10576689510,cafe,CofeFest,,coffee_shop,55.7330215,37.6759279
node,10576689520,cafe,CofeFest,,coffee_shop,55.7408406,37.5752431
node,10576689524,cafe,CofeFest,,coffee_shop,55.708531,37.653062
node,10576689526,cafe,CofeFest,,coffee_shop,55.7501104,37.580967
node,10577662266,bar,Стендап клуб на Трубной,,,55.7662774,37.6262091
node,10582642071,bar,Лампопо,,,55.7663084,37.6307025
node,10585160585,fast_food,,,asian;pizza;sandwich,55.7757748,37.7236874
node,10591540025,restaurant,Манчего,,asian,55.6996331,37.6494103
node,10592166428,fast_food,Додо Пицца,Додо Пицца,pizza,55.7290781,37.6777424
node,10604577305,restaurant,Мацони,,georgian,55.7134474,37.5886475
node,10605667300,fast_food,Правда Кофе,Правда Кофе,coffee_shop,55.8005623,37.555183
node,10605765004,fast_food,Фитнес-бар,,,55.7052604,37.6374597
node,10611572512,cafe,Хинкали Мишлен,,georgian,55.7553663,37.6006228
node,10621665529,fast_food,Механика кофе,,coffee_shop,55.708373,37.6595932
node,10630964696,cafe,Север-Метрополь,Север-Метрополь,,55.7518547,37.5991617
node,10630964697,bar,Евгенич,,,55.7516064,37.5972962
node,10631171754,cafe,Coffee Moose,,coffee_shop,55.7759764,37.6740578
node,10631178602,bar,,,,55.7761614,37.6742116
node,10634683400,restaurant,Wine place,,,55.7477253,37.6259047
node,10642243359,fast_food,Додо Пицца,Додо Пицца,pizza,55.7824411,37.6337158
node,10646591012,pub,Harat's,,,55.7828838,37.5981163
node,10646591055,cafe,Roaster coffee,,coffee_shop,55.7768996,37.6029584
node,10646591059,cafe,Кофикс,Кофикс,coffee_shop,55.777669,37.6024555
node,10648573091,cafe,Зерно,,coffee_shop,55.79706,37.5846599
node,10648723641,restaurant,Мандарин,,,55.739636,37.6674239
node,10648745446,fast_food,Айва,,,55.7396795,37.6668217
node,10648802634,cafe,Дубровская слобода,,,55.7160477,37.6824307
node,10649819240,cafe,Шарик,,,55.7187798,37.6884511
node,10655589148,cafe,Max Bakery,,coffee_shop,55.8123208,37.6403108
node,10655589153,cafe,Max Bakery,,coffee_shop,55.7554095,37.5101834
node,10655589163,cafe,Max Bakery,,coffee_shop,55.7082609,37.653231
node,10655589164,cafe,Max Bakery,,coffee_shop,55.7085453,37.6541911
node,10655589169,cafe,Max Bakery,,coffee_shop,55.7858493,37.5706458
node,10655589179,cafe,Max Bakery,,coffee_shop,55.7940739,37.5783384
node,10655589185,cafe,Max Bakery,,coffee_shop,55.7240679,37.6088995
node,10665483034,fast_food,Вкусно — и точка,,burger,55.7947621,37.6170625
node,10670015220,fast_food,Крошка Картошка,,potato,55.7782746,37.6657247
node,10670015221,fast_food,Крошка Картошка,Крошка Картошка,potato,55.7536434,37.7163991
node,10670015228,fast_food,Крошка Картошка,Крошка Картошка,potato,55.724639,37.564423
node,10670015237,fast_food,Крошка Картошка,Крошка Картошка,potato,55.772797,37.6207133
node,10670024482,cafe,Cinnabon,,cake,55.7911337,37.5594851
node,10682589451,fast_food,Додо Пицца,Додо Пицца,pizza,55.7932346,37.5657152
node,10687922990,cafe,Stăya,,,55.6992365,37.6373739
node,10688061815,fast_food,,,kebab,55.7781939,37.6015086
node,10691274546,cafe,Новатор кофе,,coffee_shop,55.7137222,37.6133332
node,10691274547,restaurant,QLO,,,55.7686796,37.5977294
node,10691274548,cafe,Печорин,,,55.769394,37.5728023
node,10691274549,cafe,Surf Coffee,Surf Coffee,coffee_shop,55.80069,37.5929564
node,10691274550,cafe,Дринкит,Дринкит,coffee_shop,55.7477403,37.5649877
node,10691274551,fast_food,Cofix,Cofix,coffee_shop,55.7777293,37.5806317
node,10691274552,bar,Нах,,,55.7591214,37.6108441
node,10691274553,bar,Станция Маросейка,,,55.7574914,37.6366067
node,10691274554,restaurant,Jun,,japanese,55.7571345,37.6020934
node,10691274560,cafe,Tary,,coffee_shop,55.7759183,37.6832382
node,10691274563,restaurant,Варварка III,,,55.7530026,37.6275086
node,10691274564,restaurant,Remy Kitchen Bakery,,,55.7528456,37.585064
node,10691274567,cafe,Хаусбот кофе,,coffee_shop,55.7778047,37.6915196
node,10691274574,cafe,Kaia,,asian,55.76697,37.6320027
node,10696460894,restaurant,Кофемания Chef’s,,coffee_shop,55.7629124,37.5957393
node,10699116954,fast_food,,,,55.7523634,37.6274577
node,10700378066,pub,Sour bar,,,55.7009768,37.6515309
node,10700378067,fast_food,Дёнер,,kebab,55.7009217,37.6514548
node,10700378078,fast_food,Do блин,,blini,55.7000021,37.6499671
node,10701237516,fast_food,Додо Пицца,Додо Пицца,pizza,55.7746543,37.535798
node,10716322154,fast_food,Пицца d30,,pizza,55.785777,37.6758748
node,10716324052,fast_food,,,,55.7810214,37.7050982
node,10717624756,bar,Брюзга,,,55.7400725,37.6619295
node,10717624757,cafe,Разные зерна,,coffee_shop,55.7881355,37.6109602
node,10717624758,cafe,РомБаба,,,55.7522101,37.5939273
node,10717624759,cafe,РомБаба,,,55.6991828,37.6360428
node,10717624771,cafe,Кулинарная лавка братьев Караваевых,,,55.7265703,37.6818396
node,10717624772,cafe,Кулинарная лавка братьев Караваевых,,,55.7741788,37.5854211
node,10717624773,cafe,Кулинарная лавка братьев Караваевых,,,55.7815333,37.5813924
node,10717624774,cafe,Кулинарная лавка братьев Караваевых,,,55.7946659,37.5857601
node,10717624775,cafe,Кулинарная лавка братьев Караваевых,,,55.7542622,37.7154209
node,10717624781,bar,Курорт,,,55.7823062,37.6001113
node,10717624782,restaurant,Эверест,,georgian,55.7529619,37.7158619
node,10717624786,restaurant,Сытый лось,,,55.780222,37.7171481
node,10718619385,restaurant,Bruni,,coffee_shop;italian,55.7653617,37.5893405
node,10722898485,restaurant,Pro.Хинкали,,georgian,55.7363144,37.5906859
node,10722898582,restaurant,Ogorod,,,55.8035498,37.5910601
node,10722898589,fast_food,Vua pho,,vietnamese,55.7263579,37.628595
node,10726346671,cafe,Кранчи Дрим,,,55.705223,37.6403454
node,10732746012,cafe,Burger Heroes,,burger,55.7910785,37.5596259
node,10743159157,bar,Муни,,turkish,55.7545453,37.5234309
node,10743223890,fast_food,Традиционная,,,55.7706448,37.6049834
node,10759194795,cafe,Карти,,potato,55.7641106,37.6292172
node,10763790368,cafe,Peko Domo,,coffee_shop,55.77684,37.5853879
node,10763790370,cafe,Твоя булочка,,coffee_shop,55.7674363,37.7048582
node,10763790374,restaurant,The Бык,,steak_house,55.7090002,37.622214
node,10763790376,restaurant,Grande,,,55.7429515,37.6009051
node,10763790378,restaurant,In via,,nordic,55.6985719,37.6353702
node,10763790390,fast_food,Теремок,Теремок,crepe;russian,55.7611392,37.632521
node,10763790391,cafe,Старик Хинкалыч,,georgian,55.7617161,37.6329401
node,10763832306,cafe,Ø36,,kebab,55.7549834,37.6429216
node,10763832313,cafe,Les,,coffee_shop,55.7655501,37.5922658
node,10763832314,cafe,Vina Pho,,vietnamese,55.7401536,37.6100555
node,10763832315,restaurant,Дракон Сити,,chinese,55.710738,37.586157
node,10763832316,cafe,Дни недели,,coffee_shop,55.8052457,37.5893757
node,10763832317,bar,Тропа,,,55.7403914,37.6103331
node,10763832318,cafe,FOB's,,coffee_shop,55.7904287,37.5671308
node,10763832319,cafe,JOE,,pizza,55.8058223,37.584592
node,10763832320,cafe,Surf Coffee,Surf Coffee,coffee_shop,55.8058147,37.5845021
node,10763832321,bar,Последняя капля,,,55.765071,37.6023576
node,10763832323,cafe,Союз,,coffee_shop,55.7572636,37.5530076
node,10763832325,cafe,Surf Coffee,Surf Coffee,coffee_shop,55.7896121,37.5671375
node,10763832328,cafe,Monteview,,coffee_shop,55.7374643,37.6554197
node,10767176631,fast_food,Шаурма Сити,,kebab,55.7586838,37.6417129
node,10767176643,cafe,Siyai,,coffee_shop,55.7575394,37.6349692
node,10770253621,cafe,Кофе 21,,coffee_shop,55.7713524,37.5689815
node,10770253643,bar,Lava,,asian,55.7705761,37.5643547
node,10770253644,cafe,Cosmic Latte,,coffee_shop,55.7703091,37.5650722
node,10772880107,restaurant,She,,,55.7782647,37.5861956
node,10777732699,fast_food,Милти,Милти,deli,55.7546866,37.6608662
node,10777821647,cafe,Cofix,Cofix,coffee_shop,55.7551024,37.6576628
node,10777844900,fast_food,Фо Вьет,,vietnamese,55.7546128,37.661216
node,10777898234,cafe,Чайхана,,,55.7545293,37.7155329
node,10779210717,cafe,Ska vi FIKA?,,,55.7619066,37.6327591
node,10779554202,cafe,Буфетоф,,coffee_shop,55.7653789,37.5821562
node,10779554204,fast_food,Правда Кофе,Правда Кофе,coffee_shop,55.7653952,37.582087
node,10782474095,restaurant,Честная рыба,,seafood,55.7529996,37.5872058
node,10782474096,cafe,Jinju,,coffee_shop,55.7251517,37.6491071
node,10782474098,bar,Escapist,,,55.7546871,37.6453346
node,10782474100,bar,Blisski,,,55.7788735,37.6318364
node,10782474102,restaurant,Ivanka,,,55.7512577,37.5335133
node,10782474103,cafe,Пельменная,,russian,55.7384443,37.5877322
node,10782497911,bar,Бистро de Torino,,,55.7608102,37.632059
node,10782497921,restaurant,Meraki,,greek,55.7731719,37.6617309
node,10782497922,bar,8 шаров,,,55.7547924,37.6429629
node,10782497923,fast_food,Теремок,Теремок,crepe;russian,55.8019262,37.592884
node,10782497925,restaurant,Настойкин,,,55.7774268,37.6693886
node,10786852950,cafe,Gagawa,,,55.7495041,37.539788
node,10788181519,fast_food,Стейк & Бургер,,burger,55.7533762,37.716543
node,10788181523,fast_food,Стейк & Бургер,,,55.7486147,37.5882327
node,10788181528,fast_food,Стейк & Бургер,,,55.743,37.562009
node,10789104297,pub,CrayFishParty,,,55.8027734,37.5942224
node,10789104302,fast_food,Вкусно — и точка,Вкусно — и точка,burger,55.8023287,37.5946087
node,10793727251,cafe,Кофе & Hotdog,,coffee_shop,55.7111063,37.6191247
node,10794062013,fast_food,Мангал хаус,,,55.8124951,37.6520523
node,10795714172,fast_food,Вкусно — и точка,Вкусно — и точка,burger,55.7606332,37.6319065
node,10798865164,restaurant,Kyomei,,japanese,55.8054204,37.5855743
node,10799043639,fast_food,Coffee Way,,coffee_shop,55.7997319,37.5842902
node,10807769307,bar,Море пива,,,55.7385901,37.6268139
node,10807769328,cafe,Грезы,,,55.7338091,37.6274054
node,10807769329,restaurant,В ус не дул,,,55.7337932,37.6273021
node,10816349818,cafe,Старик Хинкалыч,,georgian,55.7576682,37.6086186
node,10816349819,cafe,,,coffee_shop,55.7579217,37.6090025
node,10820363331,cafe,Кулинарная лавка братьев Караваевых,,,55.7827952,37.6002936
node,10820363335,restaurant,Джонджоли,,georgian,55.8103453,37.6358966
node,10820363337,cafe,Хинкали Point,,georgian,55.7445201,37.6248995
node,10820363339,cafe,Кулинарная лавка братьев Караваевых,,,55.7839274,37.597246
node,10820363340,cafe,Кулинарная лавка братьев Караваевых,,,55.7655388,37.6107059
node,10820363341,bar,Muchachos,,spanish,55.7637182,37.6835963
node,10820363343,bar,Довлатов,,,55.7635681,37.6560782
node,10820363346,restaurant,Тополино.Rus,,,55.7312032,37.6090752
node,10821085272,cafe,Com,,vietnamese,55.7289458,37.6179155
node,10821085275,cafe,Cofix,Cofix,coffee_shop,55.7293788,37.622296
node,10822405424,fast_food,Белла Чао,,pizza,55.7045668,37.6162408
node,10824539606,cafe,,,,55.775941,37.6512875
node,10827624649,cafe,SeDelice,,coffee_shop,55.7315006,37.6372431
node,10833634695,cafe,Рахмат,,,55.7792166,37.6661734
node,10833829922,cafe,Зар,,regional,55.7304334,37.6454674
node,10842050700,cafe,Stars Coffee,Stars Coffee,coffee_shop,55.7488114,37.589715
node,10844712676,bar,Инта,,,55.7418266,37.5991135
node,10844712678,restaurant,Настойкин,,,55.7705173,37.6420221
node,10844712682,cafe,Station 3,,coffee_shop,55.8048734,37.585288
node,10845859069,cafe,Sare art,,coffee_shop,55.7658941,37.6479848
node,10847065587,fast_food,,,kebab,55.773023,37.6328727
node,10848332010,cafe,Кулинарная лавка братьев Караваевых,,,55.7737182,37.6798821
node,10855781656,cafe,Pims,,bubble_tea,55.7630308,37.6350074
node,10855781657,cafe,Osteria Monti,,italian,55.7770927,37.6599017
node,10855781660,cafe,Кафе доброты,,coffee_shop,55.711217,37.6249015
node,10855781661,bar,Варвара,,russian,55.8001081,37.5851914
node,10855781663,fast_food,Шаурму х@чу,,kebab,55.7698135,37.5953771
node,10855781665,fast_food,Правда Кофе,Правда Кофе,coffee_shop,55.7668584,37.6019257
node,10855781666,cafe,Ra'men,,ramen,55.7617678,37.6330803
node,10856413883,cafe,SeDelice,,,55.7799536,37.7003092
node,10858938760,cafe,GeekTime,,,55.7844716,37.5968926
node,10859897845,cafe,Даблби,Даблби,coffee_shop,55.7856226,37.5615143
node,10860585818,cafe,Ашан Кафе,,,55.7890157,37.5338606
node,10860615411,fast_food,Rostic's,Rostic's,chicken,55.7426805,37.5632647
node,10866947769,bar,Цеппелинная,,,55.7313921,37.608735
node,10873993005,fast_food,Додо Пицца,Додо Пицца,pizza,55.7224974,37.6275735
node,10877763341,cafe,Piu-piu,,italian,55.7830889,37.5984342
node,10893432308,bar,Honky Tonk,,,55.7167162,37.6895415
node,10915726978,cafe,Кулинарная лавка братьев Караваевых,,,55.744265,37.6278922
node,10919724337,cafe,Surf Coffee,Surf Coffee,coffee_shop,55.8103043,37.636596
node,10919724340,bar,Sota,,,55.8099493,37.6359321
node,10922175024,cafe,Любовь&борщ,,,55.7297397,37.6373242
node,10922175025,bar,Ginstitute,,,55.7543166,37.6378016
node,10922175026,restaurant,Pinzeria by Bontempi,,pizza,55.7887774,37.5669216
node,10922175035,cafe,Брусника,,,55.7222741,37.5745806
node,10922175036,cafe,J'pan,,japanese,55.7779443,37.5987218
node,10922175040,cafe,Frank by Баста,,beef,55.7726808,37.6627153
node,10922438353,restaurant,Старый город,,georgian,55.7722407,37.6600767
node,10938926678,cafe,HQ!coffee,,,55.7173704,37.5922701
node,10955397905,cafe,SeDelice,,coffee_shop,55.766494,37.5921761
node,10958259505,cafe,Тифрейм,,,55.7491394,37.5864836
node,10961559440,restaurant,True cost,,,55.7740807,37.5784323
node,10964966126,restaurant,ProfTesto,,,55.7932836,37.6104295
node,10969632465,ice_cream,Айсберри,,,55.7525963,37.7162621
node,10973964353,fast_food,Краснодарский парень,,burger,55.7994236,37.5843807
node,10973964354,restaurant,Da Giorgio,,italian,55.7886198,37.5685818
node,10973964361,cafe,Избушка Фо,,vietnamese,55.7877911,37.5935653
node,10973964366,fast_food,Вкус востока,,kebab,55.7858909,37.5954147
node,10973964369,bar,Моряк и чайка,,,55.7822062,37.5996231
node,10973977930,fast_food,Скрудж Макдак,,kebab,55.7623465,37.564694
node,10976772692,fast_food,,,,55.8028624,37.6072782
node,10980031305,bar,Myth,,,55.7501247,37.5377979
node,10982554805,cafe,,,,55.7614545,37.5503772
node,10998416505,cafe,Кулинарная лавка братьев Караваевых,,,55.7270338,37.6270795
node,10998416507,restaurant,Селёдочная,,seafood,55.7546449,37.6136373
node,10998416508,cafe,Skuratov Coffee,Skuratov Coffee,coffee_shop,55.8075071,37.5845142
node,10998416510,cafe,Бабушка бобра,,coffee_shop,55.7373299,37.6151665
node,10998416513,cafe,Vero,,pizza,55.7472067,37.6549517
node,10998416514,cafe,Moris Brew,,coffee_shop,55.7589486,37.5981693
node,10998416515,restaurant,МоцАрт,,,55.7578916,37.6041689
node,10998416516,cafe,Skuratov Coffee,Skuratov Coffee,coffee_shop,55.7287474,37.5800577
node,10998416518,bar,Tabi,,,55.7543853,37.6379686
node,10998416519,bar,Резиденция,,,55.782115,37.5996901
node,10998416520,restaurant,Avgust,,seafood,55.7765361,37.6767647
node,10998416522,restaurant,495,,,55.7852114,37.623834
node,10998416523,restaurant,Кусочки экстра,,,55.7847937,37.6247862
node,11005653667,restaurant,Takamura,,sushi,55.7958022,37.6170551
node,11007120645,cafe,Smart Coffee lab,,coffee_shop,55.7580604,37.6361655
node,11007711138,fast_food,Франклинс Бургер,,burger,55.7491488,37.5394812
node,11007711140,restaurant,Pho Bò,,asian,55.7047185,37.6392971
node,11007711141,fast_food,Франклинс Бургер,,burger,55.706259,37.5936029
node,11007711144,fast_food,Франклинс Бургер,,burger,55.7473886,37.7068162
node,11007711146,fast_food,Франклинс Бургер,,burger,55.7573859,37.6592767
node,11007711151,fast_food,Франклинс Бургер,,burger,55.7775868,37.5241149
node,11007711159,fast_food,Франклинс Бургер,,burger,55.7559612,37.6145884
node,11007736109,cafe,Frank by Баста,,beef,55.7602126,37.6145844
node,11007736111,cafe,Frank by Баста,,beef,55.7796547,37.5906618
node,11013528994,restaurant,Симбиоз,,,55.7904125,37.5509704
node,11015533524,cafe,Трапеза,,,55.7076161,37.5981107
node,11015821649,bar,Было - не было,,,55.7580718,37.6347962
node,11025946123,ice_cream,Айсберри,,,55.7866326,37.561053
node,11035594671,cafe,Aquacafe,,coffee_shop,55.7128394,37.5579744
node,11037022044,cafe,Формат,,coffee_shop,55.7371185,37.6258457
node,11037022046,cafe,Holi,,,55.7367161,37.6258403
node,11037404180,restaurant,Гиляровский,,russian,55.7283917,37.6235443
node,11041706698,fast_food,Влаваше,,regional;kebab,55.7686206,37.5977759
node,11042746889,fast_food,,,kebab,55.7728705,37.5425328
node,11042750812,cafe,Cups & Hugs,,,55.7711451,37.6484587
node,11042873179,restaurant,Пара палок,,sushi,55.7003919,37.6506091
node,11046337606,cafe,Пушистая братва,,,55.7388362,37.6181788
node,11046686083,cafe,Дом 34,,coffee_shop,55.7229697,37.5861973
node,11046727205,cafe,Cofix,Cofix,coffee_shop,55.736905,37.6188456
node,11048261123,restaurant,Sreda,,,55.7716325,37.6841059
node,11048942500,cafe,Гламурная чифанька,,chinese,55.8046547,37.5858585
node,11055272600,fast_food,Шаверма на Октябрьской,,kebab,55.7909986,37.6131258
node,11055304657,cafe,Улей,,,55.7936019,37.6124608
node,11055351873,cafe,Уйгурка,,,55.7935417,37.6134445
node,11055381611,cafe,DuckCoffee,,coffee_shop,55.7099317,37.6123196
node,11060274133,bar,Lucky's,,,55.7113324,37.6098372
node,11061645125,restaurant,Хинкальная,,georgian,55.705,37.6380212
node,11061661361,fast_food,Баварская кухня,,,55.7048904,37.6380014
node,11061664543,restaurant,Ели Сацебели,,georgian,55.7007286,37.6330119
node,11061678113,fast_food,Pasta cup & pizza,,pizza;italian,55.7046948,37.6395741
node,11063210420,restaurant,Нескучный,,,55.722617,37.5983061
node,11067265002,cafe,CofeFest,,coffee_shop,55.7144203,37.617343
node,11067292413,cafe,CofeFest,,coffee_shop,55.7485978,37.5435635
node,11067292416,cafe,CofeFest,,coffee_shop,55.6996254,37.6258081
node,11068268652,cafe,Фетучини,,pizza,55.7946339,37.5743224
node,11071976110,fast_food,КоZы,,coffee_shop,55.7677388,37.6038904
node,11071976164,cafe,Cofix,Cofix,coffee_shop,55.7613539,37.5747932
node,11078530525,cafe,Хлеб и печь,,,55.7723172,37.6754497
node,11081955042,cafe,,,coffee_shop,55.7469642,37.6799386
node,11083486896,cafe,,,asian,55.7725742,37.6783433
node,11083486897,fast_food,Doner draft,,kebab,55.7726455,37.6783224
node,11083508483,fast_food,,,kebab,55.7731113,37.6775966
node,11083602663,cafe,Drunk in love,,coffee_shop,55.7428443,37.5451286
node,11083602682,fast_food,,,coffee_shop,55.7437093,37.5457677
node,11083602689,ice_cream,,,,55.743307,37.5445305
node,11083605312,cafe,Пицца и вино,,,55.784518,37.6563645
node,11083605367,cafe,Ёж и устрица,,seafood,55.7801285,37.5936363
node,11083605380,cafe,Ёж и устрица,,,55.8036418,37.5910037
node,11083605381,cafe,Ёж и устрица,,,55.7371195,37.6494273
node,11084062659,cafe,Pho-house,,vietnamese,55.7644027,37.6576268
node,11084075322,cafe,Soul.mo,,coffee_shop,55.7630321,37.6576797
node,11090076739,restaurant,Osteria by Mandy's,,italian,55.7615961,37.6422423
node,11096375305,restaurant,Сыроварня,,,55.7728777,37.6618905
node,11098015363,bar,Коза,,,55.7587954,37.6294291
node,11115905538,cafe,Арки Кофе,,coffee_shop,55.7515394,37.7150805
node,11115952146,fast_food,Roll X,,,55.7540117,37.715366
node,11116159942,fast_food,Кебаб Хаус,,,55.7507748,37.708391
node,11116159943,restaurant,Адана,,,55.7507942,37.7083088
node,11121683299,fast_food,Al33,,pizza,55.7873464,37.5599021
node,11121952757,cafe,SeDelice,,coffee_shop,55.7654826,37.638623
node,11121952758,cafe,SeDelice,,coffee_shop,55.7657614,37.6353025
node,11127424076,cafe,Вкусная кулинария,,,55.7549248,37.5515009
node,11127427725,cafe,Coffeekaldi’s,Coffeekaldi’s,coffee_shop,55.7547455,37.5509533
node,11129934811,restaurant,,,,55.7560775,37.5538098
node,11134764567,cafe,Ашлянфу,,kyrgyz,55.7947681,37.698776
node,11140236296,cafe,Pho bo,,vietnamese,55.7944857,37.5786053
node,11148134593,fast_food,Милти,,,55.7837233,37.5600532
node,11150199194,bar,Рюмочная,,,55.7480242,37.677352
node,11150217037,fast_food,Стардогs,Стардогs,sausage,55.7479714,37.6765378
node,11152756113,fast_food,Чёрное&Белое,,coffee_shop,55.7076394,37.6571242
node,11155987769,fast_food,Ryba Family,,,55.7728528,37.6627743
node,11156494418,fast_food,Милти,,,55.7962013,37.6165726
node,11166548023,cafe,Pizzamento,,pizza,55.7545864,37.5501806
node,11173873860,bar,Оптимисты,,,55.7818842,37.6967888
node,11176057426,cafe,SeDelice,,coffee_shop,55.7093107,37.5878121
node,11176057428,cafe,Jeffry's,,coffee_shop,55.7091758,37.5878234
node,11176057429,fast_food,Донер 24,,kebab,55.708628,37.5874797
node,11176057430,fast_food,Пан Круассан,,coffee_shop,55.7086198,37.587445
node,11176186689,bar,If,,,55.7547682,37.6453096
node,11176586028,bar,Бар-Тайм,,,55.7077322,37.5831934
node,11180507665,cafe,Tempo,,coffee_shop,55.7164385,37.6138108
node,11185621571,cafe,Cofix,Cofix,coffee_shop,55.7489896,37.5377873
node,11185621574,cafe,Cofix,Cofix,coffee_shop,55.7073318,37.5899738
node,11185621581,fast_food,Cofix,,coffee_shop,55.7058614,37.6565973
node,11185621586,fast_food,Cofix,,coffee_shop,55.7852612,37.5603407
node,11185621590,fast_food,Cofix,,coffee_shop,55.727362,37.5806713
node,11185621591,cafe,Cofix,Cofix,coffee_shop,55.7520688,37.7165232
node,11185621593,fast_food,Cofix,,coffee_shop,55.7797984,37.6336606
node,11185621605,fast_food,Cofix,,coffee_shop,55.7884554,37.6791814
node,11185621609,fast_food,Cofix,,coffee_shop,55.6960294,37.6647054
node,11185621610,fast_food,Cofix,,coffee_shop,55.7828191,37.7060802
node,11185621612,cafe,Cofix,Cofix,coffee_shop,55.7443918,37.5648251
node,11185621614,fast_food,Cofix Street Food,Cofix,coffee_shop,55.7905441,37.5342266
node,11185621630,fast_food,Cofix,,coffee_shop,55.7477675,37.7073637
node,11185621632,cafe,Cofix,Cofix,coffee_shop,55.7089382,37.6224018
node,11185663637,fast_food,Cofix,,coffee_shop,55.7775626,37.5242465
node,11185663641,fast_food,Cofix,,coffee_shop,55.7094762,37.594909
node,11185663644,fast_food,Cofix,,coffee_shop,55.7906406,37.5586185
node,11185663645,cafe,Cofix,Cofix,coffee_shop,55.7555188,37.6147655
node,11185663648,fast_food,Cofix,,coffee_shop,55.7105005,37.6755806
node,11185663649,cafe,Cofix,Cofix,coffee_shop,55.7603801,37.6248183
node,11185663650,cafe,Cofix,Cofix,coffee_shop,55.7558418,37.6150821
node,11186189413,cafe,Город'ок,,,55.7249846,37.5460964
node,11186214266,cafe,Prime,Prime,coffee_shop,55.7256387,37.5453731
node,11197252302,restaurant,Igloobar,,,55.7111451,37.6769231
node,11198554300,cafe,Lintu,,coffee_shop,55.7230498,37.5605875
node,11200091188,restaurant,Luca,,georgian,55.7889731,37.5388916
node,11201865437,fast_food,Сочный вертел,,kebab,55.7822759,37.5986192
node,11202741388,bar,Дискурс,,,55.7379018,37.5935614
node,11202742391,restaurant,Мультикультура,,,55.7417151,37.5936593
node,11204973836,cafe,Чёрный,,coffee_shop,55.7354386,37.584836
node,11204981542,fast_food,Милти,,,55.7345271,37.58922
node,11205662283,fast_food,Teakwon-do,,bubble_tea,55.8050975,37.5850333
node,11207731305,bar,ХоБа,,,55.7496779,37.6472484
node,11208630347,cafe,"Дайсы, миплы, два стола",,,55.7688433,37.6573536
node,11208741900,bar,Шашлычная,,kebab,55.7425306,37.6282603
node,11208938506,cafe,Каслл,,,55.7412015,37.526956
node,11219461883,fast_food,,,,55.7956364,37.603616
node,11222183567,fast_food,One Price Coffee,One Price Coffee,coffee_shop,55.7375575,37.5949677
node,11222183571,fast_food,One Price Coffee,One Price Coffee,coffee_shop,55.7460904,37.5654573
node,11222183572,fast_food,One Price Coffee,One Price Coffee,coffee_shop,55.7765447,37.5859114
node,11222183585,fast_food,One Price Coffee,One Price Coffee,coffee_shop,55.7748107,37.5823608
node,11223222924,restaurant,,,middle_eastern,55.7957182,37.6036154
node,11227533664,bar,Мотыга Йети,,,55.7744194,37.6704617
node,11228495223,cafe,W4,,coffee_shop,55.7239196,37.6370465
node,11228611904,cafe,SIP coffee,,,55.757183,37.608021
node,11229036926,cafe,Традиция есть,,russian,55.8054376,37.584398
node,11229696115,cafe,Чайхана Инжир,,,55.7997201,37.6191789
node,11238718775,cafe,Халяль Пекарня Кафе,,,55.814244,37.6018238
node,11238718776,cafe,,,,55.814155,37.6019499
node,11238718777,cafe,Шоколадница,Шоколадница,coffee_shop,55.8144745,37.6014778
node,11243103369,restaurant,All Day,,,55.7500051,37.5375345
node,11243975728,cafe,Буфет,,,55.8101739,37.603232
node,11245448775,cafe,Shelterz,,coffee_shop,55.781888,37.7078971
node,11249147355,fast_food,Doner&Grill,,kebab,55.7268155,37.6256244
node,11249147414,fast_food,,,,55.7260822,37.6238635
node,11254957537,cafe,Бик кафе,,,55.7701162,37.6505159
node,11258399304,cafe,Переплет,,cake;coffee_shop,55.7710944,37.6130234
node,11258399305,restaurant,Mamie,,,55.7566677,37.6056476
node,11258399309,cafe,Четверг,,coffee_shop,55.7946561,37.6085481
node,11258399314,restaurant,Portovino,,italian,55.7513286,37.5155023
node,11258399318,fast_food,Camera Obscura,,coffee_shop,55.7733982,37.6326182
node,11258399320,bar,Модники,,,55.7578439,37.6348297
node,11258399322,cafe,Даблби,Даблби,coffee_shop,55.744468,37.6336402
node,11258399323,bar,Пей да гуляй,,,55.7306312,37.6259912
node,11258503359,restaurant,Mr.Lee,,chinese,55.757865,37.5858794
node,11261229008,fast_food,Правда Кофе,Правда Кофе,coffee_shop,55.8045251,37.5661048
node,11261229019,bar,Берлога,,,55.8028074,37.5701389
node,11262223825,bar,Репей,,,55.7550202,37.6444075
node,11265530341,cafe,Prime,Prime,coffee_shop,55.796585,37.581958
node,11265530346,cafe,Кулинарная лавка братьев Караваевых,,,55.7619903,37.5547095
node,11265530349,cafe,Nagoya,,japanese,55.7286469,37.6240781
node,11265530350,cafe,Curry,,indian,55.7286156,37.6240894
node,11265530351,cafe,Блины у камина,,crepe,55.7592339,37.6491963
node,11265530357,restaurant,Mio,,,55.7903963,37.5684196
node,11265530358,restaurant,Narnia,,asian,55.7600716,37.5973356
node,11265530365,bar,Сама невинность,,,55.7683393,37.6472001
node,11266883524,fast_food,Roll X,,,55.7577091,37.7157108
node,11267079799,restaurant,Saray,,,55.7599099,37.5872218
node,11272633132,cafe,Good tea,,tea,55.7578514,37.636604
node,11272633139,fast_food,ZinTea,,bubble_tea,55.7577027,37.6345092
node,11276045397,fast_food,,,kebab,55.7591441,37.6450771
node,11276045399,fast_food,Cinnabon,Cinnabon,dessert,55.7591335,37.6449524
node,11278837369,cafe,Уют,,,55.7209914,37.6094529
node,11279897182,cafe,Cofix,Cofix,coffee_shop,55.7591803,37.6109262
node,11279897183,fast_food,Милти,,,55.7591992,37.6108966
node,11279897184,fast_food,,,,55.759225,37.6109449
node,11279897185,restaurant,Тайская тема,,thai,55.7592488,37.6109672
node,11279897186,restaurant,Mon Viet,,vietnamese,55.7592725,37.6109895
node,11279922827,restaurant,,,sushi,55.7592956,37.6109823
node,11281104071,cafe,Cofix,Cofix,coffee_shop,55.7702138,37.5985898
node,11281132470,fast_food,One Price Coffee,,coffee_shop,55.7717179,37.6029907
node,11281965986,fast_food,Вкусная еда,,,55.7839162,37.6289175
node,11283108048,fast_food,,,,55.7310522,37.6953605
node,11290965174,fast_food,,,coffee_shop,55.7707033,37.6049593
node,11291523423,bar,On The Rocks,,,55.7660436,37.607836
node,11295272569,restaurant,Пицца Паоло,,,55.7733716,37.5784877
node,11297270675,fast_food,Стейк & Бургер,,burger,55.7913885,37.5610247
node,11298091603,cafe,Time Club Ковчег,,,55.7453369,37.6539311
node,11300082566,restaurant,Amara Platinum,,,55.7144774,37.6727885
node,11304357758,cafe,Kook,,korean,55.7617953,37.6331286
node,11304357759,cafe,Ra'men,,ramen,55.7373904,37.6283481
node,11304366473,cafe,Вкусная ферма,,,55.74792,37.704995
node,11308443514,restaurant,Хачапури,,georgian,55.75715,37.6207877
node,11308443516,restaurant,Il Pomodoro,,italian,55.7194064,37.6231722
node,11308443518,bar,Шаляпин,,,55.7587517,37.6214415
node,11308443520,cafe,Cosmic Latte,,coffee_shop,55.7333254,37.6099633
node,11310073926,cafe,Суп-станция,,,55.7752598,37.5852437
node,11313909036,restaurant,Askaneli,,georgian,55.7623781,37.6341873
node,11313909044,cafe,Здрасьте! Нам по пасте!,,italian,55.7608411,37.6302378
node,11323317892,restaurant,Πάφος,,greek,55.763802,37.6026043
node,11329317540,fast_food,El Gata,,pizza,55.7945708,37.5411662
node,11329317541,fast_food,Гриль & Тандыр,,kebab,55.794523,37.5410887
node,11330456876,fast_food,Влаваше,,kebab,55.7475966,37.5349922
node,11332734269,cafe,Кофе & завтраки,,coffee_shop,55.7528178,37.646088
node,11333189610,bar,Зори,,,55.7652279,37.5687745
node,11336414514,fast_food,Твой кофе,,coffee_shop,55.8128386,37.5935371
node,11337958069,fast_food,Додо Пицца,Додо Пицца,pizza,55.7409666,37.6272221
node,11337967570,fast_food,Правда Кофе,Правда Кофе,coffee_shop,55.7408641,37.6288996
node,11341602109,bar,ToMi,,,55.7633668,37.5941261
node,11357651069,cafe,Ланч плэйс,,breakfast;russian,55.7594485,37.6374104
node,11358722125,bar,Уе!бар,,,55.7574512,37.6340755
node,11358722126,cafe,Старик Хинкалыч,,georgian,55.7437426,37.6512086
node,11358722132,bar,Авантюрист,,,55.763931,37.6841918
node,11358722142,restaurant,Pasta Casa 39,,italian,55.726379,37.5796942
node,11358722144,bar,Родной,,,55.7898888,37.5903305
node,11358722146,cafe,Nodo,,coffee_shop,55.7325005,37.6799418
node,11358722148,restaurant,Il Matto,,italian,55.7617119,37.6140238
node,11360292819,cafe,Остров Пасхи,,coffee_shop,55.7598383,37.6489093
node,11360292829,bar,Cider 11-13,,,55.7454584,37.6265777
node,11360292834,bar,Perfumist,,,55.7633417,37.6151115
node,11360292838,fast_food,2Grind,,coffee_shop,55.7689287,37.6140678
node,11360362639,cafe,Wooden Door,,,55.7714218,37.6371311
node,11361213258,cafe,Кнут и пряник,,,55.7040446,37.6147292
node,11361819919,cafe,Winners,,,55.7498287,37.5165001
node,11361916292,cafe,Зёрна,,,55.7514635,37.5172846
node,11362399749,cafe,Garden Kitchen,,,55.7920716,37.5690874
node,11362399751,cafe,Star Hit,,coffee_shop,55.7619933,37.6229556
node,11362399760,restaurant,Soho Rooms,,,55.7329898,37.5620842
node,11362399763,cafe,Cyclo,,vietnamese,55.7633508,37.6068369
node,11362855375,restaurant,Myst,,,55.7733431,37.5875223
node,11362855378,fast_food,Zotman Pizza,,pizza,55.7568568,37.5659989
node,11362855383,bar,4Brewers,,,55.7305122,37.6231769
node,11362855386,cafe,Born2Coffee,,coffee_shop,55.7887842,37.5819258
node,11362855388,restaurant,Nanuka,,georgian,55.7732209,37.6627622
node,11362855390,bar,Шесть-you-Шесть,,,55.7670959,37.6198849
node,11365655096,cafe,Coffeeshop Company,,coffee_shop,55.7480121,37.6928312
node,11368102087,restaurant,The Бык,,steak_house,55.7748521,37.5842573
node,11368102091,restaurant,The Бык,,steak_house,55.8081609,37.6381999
node,11368500014,fast_food,Крошка Картошка,,potato,55.783181,37.6327937
node,11373205768,cafe,Campus,,,55.762723,37.53019
node,11373215475,fast_food,,,,55.7625101,37.5296338
node,11373215476,fast_food,,,kebab,55.762503,37.5296097
node,11375716707,cafe,Капучино,,coffee_shop,55.7719344,37.575742
node,11387649877,cafe,Лан Ма,,ramen,55.758665,37.6402156
node,11391978086,cafe,Коллектив,,coffee_shop,55.744465,37.5452681
node,11396850094,cafe,Синица,,jewish,55.7627328,37.6054904
node,11397537871,fast_food,Eazzy Pizza & Gelato,,,55.7959468,37.5924441
node,11397537872,fast_food,Eazzy Pizza & Gelato,,,55.7306036,37.6116997
node,11397537874,fast_food,Eazzy Pizza & Gelato,,,55.7775943,37.523986
node,11397537882,fast_food,Eazzy Pizza & Gelato,,,55.751783,37.5989324
node,11397537888,fast_food,Eazzy Pizza & Gelato,,,55.762096,37.6221711
node,11397537895,fast_food,Eazzy Pizza & Gelato,,,55.7413155,37.5358976
node,11397699501,cafe,CofeFest,,coffee_shop,55.7773585,37.6728895
node,11397746536,fast_food,Раменная,,,55.7907506,37.5585357
node,11397763613,fast_food,Monkey Express,,,55.7447194,37.5674486
node,11401774621,restaurant,Heat,h.E.A.T,italian,55.7847137,37.6561654
node,11401774625,restaurant,Кот Бегемот,,,55.7740884,37.6330461
node,11401774626,cafe,Время антракта,,,55.7579986,37.6119774
node,11401774628,cafe,Surf Coffee,Surf Coffee,coffee_shop,55.771418,37.6489985
node,11401774629,restaurant,"Есть хинкали, пить вино",,georgian,55.7715282,37.6492855
node,11401774630,bar,Свобода-2,,,55.7620281,37.623889
node,11401843369,cafe,Sova coffee,,coffee_shop,55.8093351,37.5739637
node,11405718595,fast_food,Beyoglu doner,,kebab,55.75671,37.6216178
node,11414764723,fast_food,Стейк & Бургер,,,55.7544788,37.5574653
node,11415752154,cafe,Контора варит,,coffee_shop,55.7829577,37.6014127
node,11422989535,fast_food,,,,55.7913561,37.6048453
node,11425792236,restaurant,Ача-Чача,,georgian,55.7502236,37.5789285
node,11425792237,restaurant,Mr. Ливанец,,lebanese,55.7581408,37.6043619
node,11425792238,cafe,Moris Brew,,coffee_shop,55.7420886,37.6251818
node,11425792239,cafe,Má Mì,,vietnamese,55.8053625,37.5850372
node,11425792240,cafe,Piatto,,italian,55.6973687,37.6356599
node,11425792243,cafe,Plim Coffee,,coffee_shop,55.7152826,37.6082041
node,11425792244,bar,Right Hops,,,55.7511384,37.5335214
node,11425792245,bar,Вино и другие лекарства,,,55.7213216,37.5732985
node,11425792247,cafe,Surf Coffee,Surf Coffee,coffee_shop,55.7085665,37.5903332
node,11425792248,cafe,Stars Coffee,Stars Coffee,coffee_shop,55.7646787,37.6397905
node,11425792249,bar,Segreto,,,55.7675494,37.5984912
node,11425792252,cafe,Черёмуха,,coffee_shop,55.7383552,37.6551636
node,11425792255,restaurant,Москвичи,,,55.7485706,37.6271559
node,11425792256,cafe,Surf Coffee,Surf Coffee,coffee_shop,55.7933835,37.61233
node,11425792258,restaurant,+39,,pizza,55.7091509,37.6249056
node,11425792260,bar,Spichki,,,55.7692541,37.6206603
node,11427325714,bar,Чиж&Ко,,,55.7723098,37.6828889
node,11427325741,cafe,Friends Place,,,55.7733635,37.684055
node,11428896123,cafe,Конструктор,,french;coffee_shop;dessert,55.7137332,37.6597071
node,11433238470,bar,We Cidreria,,,55.7712229,37.6326213
node,11435038625,fast_food,ЧебурекМи,ЧебурекМи,coffee_shop;international,55.7941517,37.57831
node,11435041993,fast_food,ЧебурекМи,ЧебурекМи,coffee_shop;international,55.8004952,37.5937407
node,11435042020,fast_food,ЧебурекМи,,,55.7695595,37.5838342
node,11435454509,cafe,В Роще,,,55.7936841,37.6103027
node,11435475107,pub,Harat's,,,55.7934361,37.6126445
node,11435503195,cafe,Coffee & Cake,,coffee_shop,55.7941683,37.6104378
node,11435856877,cafe,Линдфорс,,pie,55.7740801,37.6506762
node,11435889112,fast_food,Милти,,,55.772364,37.6497844
node,11443800759,fast_food,Плов центр,,,55.7846036,37.6606742
node,11447071932,cafe,Skuratov Coffee,Skuratov Coffee,coffee_shop,55.7793617,37.5819103
node,11449941032,fast_food,,,kebab,55.7794972,37.6656711
node,11449941034,fast_food,Бургер Кинг,Бургер Кинг,burger,55.7796118,37.6656054
node,11450036272,cafe,Espresso bar,,coffee_shop,55.7860153,37.6599178
node,11457505515,cafe,Вьетнамское кафе,,,55.7722493,37.6643843
node,11459370545,cafe,Gagawa,,,55.7103568,37.6751378
node,11459483294,cafe,Cofix,Cofix,coffee_shop,55.747442,37.5353297
node,11459483295,cafe,Cofix,Cofix,coffee_shop,55.7469244,37.5388402
node,11459483305,fast_food,One Price Coffee,,coffee_shop,55.7768898,37.6594707
node,11459483312,cafe,Cofix,Cofix,coffee_shop,55.761105,37.5795561
node,11459483320,fast_food,Cofix,,coffee_shop,55.7788368,37.5819154
node,11459483321,cafe,Cofix,Cofix,coffee_shop,55.7060345,37.6851686
node,11459483328,fast_food,Cofix,,coffee_shop,55.7008488,37.6221818
node,11459483329,fast_food,Cofix,,coffee_shop,55.7291727,37.5797036
node,11459483330,fast_food,Cofix,,coffee_shop,55.781412,37.6291797
node,11459483331,fast_food,Cofix,,coffee_shop,55.7837609,37.7189924
node,11459483333,fast_food,Cofix,,coffee_shop,55.7176737,37.6781101
node,11459483335,fast_food,Cofix,,coffee_shop,55.7811659,37.6016012
node,11459483338,cafe,Cofix,Cofix,coffee_shop,55.804546,37.589896
node,11470173746,bar,Я настаиваю,,,55.7473826,37.6742394
node,11470173750,restaurant,Коктейль-Холл,,,55.7616153,37.610769
node,11470173751,restaurant,Умами,,asian,55.7121697,37.5592786
node,11470173752,cafe,Bagel,,,55.7560048,37.6347238
node,11470173753,bar,Grafa,,,55.7560965,37.6350483
node,11470173756,cafe,Маргарита любит кьянти,,italian,55.806432,37.5843814
node,11470173758,cafe,Лан Ма,,ramen,55.7823141,37.5985902
node,11470173759,restaurant,Хачапури и вино,,georgian,55.7620009,37.6335208
node,11470176175,restaurant,Pro.Шашлык,,,55.7533904,37.5980911
node,11470176176,cafe,Чихо,,asian,55.7587509,37.6407601
node,11470176177,cafe,Murph,,coffee_shop,55.7655894,37.6106483
node,11470176178,cafe,Ciàlde,,coffee_shop,55.697278,37.6361091
node,11470176179,fast_food,Udon,,noodle,55.7620575,37.6256646
node,11470176185,fast_food,Subway,Subway,sandwich,55.7362042,37.5911131
node,11470176188,cafe,Gt.Coffee,,coffee_shop,55.7411743,37.5773755
node,11477261549,cafe,Своё,,,55.8087247,37.6130247
node,11477261555,cafe,Сезоны,,,55.8093457,37.6118472
node,11477279178,cafe,Jazz coffee,,coffee_shop,55.8134271,37.6036102
node,11479394885,fast_food,,,,55.7586143,37.5295222
node,11482397868,fast_food,Франклинс Бургер,,burger,55.7107364,37.6752493
node,11483602852,cafe,Лаваш № 1,,,55.7947451,37.5693396
node,11493982905,fast_food,Vanwok,,asian;noodle,55.7598266,37.6248131
node,11493982909,fast_food,"Гамарджоба, генацвале!",,georgian,55.760438,37.6248172
node,11493982910,fast_food,Bo,,vietnamese,55.7604229,37.6250894
node,11493984514,cafe,,,coffee_shop,55.7739776,37.6552593
node,11493984517,cafe,,,russian,55.7728036,37.6552987
node,11493984518,fast_food,Столовая по-домашнему,,,55.7730052,37.6555299
node,11493984519,cafe,,,,55.7731026,37.6551397
node,11495678237,fast_food,Милти,,,55.7944036,37.5785851
node,11495678238,fast_food,Милти,,,55.8078271,37.572632
node,11495678241,bar,Mad Steam,,,55.7938653,37.5782807
node,11504820227,cafe,Black jack coffee,,coffee_shop,55.7878635,37.6098262
node,11504820233,cafe,Кампа,,,55.7874375,37.6120336
node,11504820236,cafe,Хорошее место,,,55.7881071,37.6104243
node,11505370000,fast_food,Zotman Pizza,,pizza,55.7863652,37.6135732
node,11505571662,fast_food,One Price Coffee,,coffee_shop,55.7404278,37.6581207
node,11505571664,fast_food,One Price Coffee,,coffee_shop,55.7600037,37.5843953
node,11505576338,cafe,Surf Coffee,Surf Coffee,coffee_shop,55.7901803,37.5312522
node,11505576339,cafe,Surf Coffee,Surf Coffee,coffee_shop,55.772193,37.592905
node,11505576341,cafe,Surf Coffee,Surf Coffee,coffee_shop,55.7476371,37.5342885
node,11505576344,cafe,Surf Coffee,,coffee_shop,55.7736076,37.6036428
node,11505576364,cafe,Surf Coffee,Surf Coffee,coffee_shop,55.7273742,37.6264684
node,11505611169,fast_food,One Price Coffee,One Price Coffee,coffee_shop,55.7479888,37.5871389
node,11505611174,fast_food,One Price Coffee,,coffee_shop,55.7505124,37.7173663
node,11505611182,fast_food,One Price Coffee,,coffee_shop,55.753827,37.633688
node,11505611183,fast_food,One Price Coffee,,coffee_shop,55.7102157,37.6756961
node,11505611186,fast_food,One Price Coffee,,coffee_shop,55.7792506,37.6006927
node,11509063913,bar,Pho Hops,,,55.7412664,37.5241376
node,11509798573,cafe,Teplo Place,,,55.7892675,37.6140882
node,11513742851,restaurant,Манки,,,55.7469953,37.6581931
node,11523728569,bar,Рюмочная Ильича,,russian,55.7469796,37.6784134
node,11528147324,bar,Нуар,,,55.8009177,37.5751043
node,11529276503,restaurant,Кафе Кафе,,,55.7868512,37.6374905
node,11532513151,cafe,Кофепорт,,coffee_shop,55.7859912,37.6389885
node,11532775233,restaurant,Булка,,,55.786194,37.6411631
node,11535096787,cafe,Mira's Coffee,,coffee_shop,55.7843329,37.6410069
node,11536513405,cafe,Мегаполис,,,55.7146839,37.5613273
node,11545796701,bar,Happy,,,55.780276,37.593933
node,11561513200,cafe,Мини-хинкальная,,georgian,55.7918861,37.5708979
node,11565336167,cafe,Eggsellent,,coffee_shop;international;eggs,55.7319674,37.5877851
node,11565395372,cafe,Нитка,,tea,55.7661987,37.621818
node,11565395377,cafe,Tell me,,coffee_shop,55.7784247,37.5889573
node,11565395379,restaurant,P4,,italian,55.7584657,37.6404409
node,11565395380,bar,Шёпоты и Крики,,,55.7585635,37.6460476
node,11573958833,restaurant,Оливка,,,55.7458673,37.5127919
node,11584056125,cafe,Барская Трапеза,,,55.7463187,37.5477689
node,11584091639,cafe,Cafe 2.3,,,55.7464724,37.5463984
node,11586445910,restaurant,Filevsky,,,55.7491193,37.5169498
node,11586454139,bar,Portobirra,,,55.7512586,37.5155509
node,11586499596,cafe,Хлеб & Friends,,,55.748067,37.5194963
node,11592763909,cafe,Мастерская,,,55.7550735,37.6454907
node,11593054743,cafe,Мой кофе,,coffee_shop,55.7844634,37.6369353
node,11594176302,cafe,Салатница,,,55.7799339,37.6985792
node,11594548899,cafe,Трапезная,,russian,55.7525567,37.6275028
node,11615892898,fast_food,Шаурму хочу,,,55.776874,37.6591989
node,11622333396,cafe,Cofix,Cofix,coffee_shop,55.7942397,37.5866323
node,11627931017,fast_food,,,,55.7429364,37.6128262
node,11634006549,cafe,Vina Pho,,vietnamese,55.7843943,37.5968014
node,11634006562,fast_food,Шаурмуели,,kebab,55.7825471,37.5999691
node,11634229396,cafe,Брусника,,,55.7553209,37.6459174
node,11635587246,cafe,"Не плачь, пей кофе",,coffee_shop,55.7565522,37.7059547
node,11635621074,fast_food,Subway,Subway,sandwich,55.7556093,37.7058544
node,11635717759,cafe,HQ Coffee,,coffee_shop,55.7804586,37.552666
node,11637189569,cafe,Gussi,,,55.7738831,37.6500912
node,11637908181,restaurant,Гаражане,,,55.7912596,37.5875558
node,11640482337,fast_food,Интеркафе,,,55.7758776,37.5961281
node,11640482338,fast_food,Милти,,,55.7717794,37.5965989
node,11640482350,cafe,Уровень кофе,,coffee_shop,55.7731606,37.5871414
node,11646007685,cafe,Magma coffee,,coffee_shop,55.756943,37.6776769
node,11646007686,fast_food,Донер кебаб,,kebab,55.7569421,37.6777988
node,11646007687,restaurant,Chat noir,,,55.7569509,37.6779299
node,11646021575,cafe,19g Atelier,,coffee_shop,55.7566999,37.6754722
node,11649061040,restaurant,Eshak,,,55.7521282,37.584346
node,11658241926,cafe,Равиоли,,,55.753671,37.5121857
node,11663260538,restaurant,Гастродача Вселуг,,,55.7083258,37.6246267
node,11663260541,bar,"Хиросима, моя любовь",,,55.7764895,37.6800471
node,11663260558,restaurant,Muu,,steak_house,55.7000543,37.634611
node,11663260560,cafe,,,coffee_shop,55.7645376,37.6450476
node,11663260564,restaurant,Stay,,mediterranean,55.7274741,37.5757232
node,11663260566,restaurant,Biwon,,korean,55.7356779,37.572628
node,11663276869,restaurant,Сыроварня,,,55.7479064,37.5344869
node,11663276870,restaurant,Jinju,,,55.7258791,37.570383
node,11663276871,restaurant,Varka,,,55.7269326,37.6256163
node,11663276872,restaurant,Oltremare,,italian,55.7362246,37.5681165
node,11663276902,bar,Башня дедушки Мерлина,,,55.7473554,37.6549007
node,11663276903,cafe,ОКофе,,coffee_shop,55.7374726,37.5639202
node,11663276905,restaurant,AVA Bistro,,,55.767311,37.6232037
node,11663276907,restaurant,L'Atelier,,french,55.765698,37.6160985
node,11663276910,restaurant,The Бык,The Бык,steak_house,55.7574358,37.5832827
node,11668775692,cafe,Шоколадница,,coffee_shop,55.7088467,37.5959632
node,11668775697,cafe,Шоколадница,Шоколадница,coffee_shop,55.7497912,37.5370737
node,11668775709,cafe,Шоколадница,,coffee_shop,55.7377035,37.5895135
node,11668775715,cafe,Шоколадница,Шоколадница,coffee_shop,55.757353,37.65852
node,11668775716,cafe,Шоколадница,,coffee_shop,55.7464952,37.682554
node,11668826630,cafe,Surf Coffee,Surf Coffee,coffee_shop,55.7481859,37.5814904
node,11668826631,cafe,Surf Coffee,Surf Coffee,coffee_shop,55.7366228,37.5898147
node,11668826632,cafe,Surf Coffee,Surf Coffee,coffee_shop,55.7496406,37.5384454
node,11668826635,cafe,Surf Coffee,,coffee_shop,55.7096095,37.6544932
node,11668826637,cafe,Surf Coffee,Surf Coffee,coffee_shop,55.7531134,37.5883382
node,11668826640,cafe,Surf Coffee,,coffee_shop,55.7201825,37.6906039
node,11672860780,cafe,Tricky,,,55.7668488,37.6423272
node,11696599887,food_court,Восточный,,,55.7726484,37.6553823
node,11696599888,fast_food,Дымов,,,55.7775355,37.5243775
node,11696599890,fast_food,Дымов,,,55.7729946,37.6628227
node,11696599891,fast_food,Дымов Гриль Дог,,,55.790716,37.5313057
node,11701259879,bar,Штаб,,,55.7196763,37.6698272
node,11708664381,cafe,Colibri,,,55.7160769,37.613806
node,11721899210,fast_food,Вкусно — и точка,Вкусно — и точка,burger,55.7046751,37.6397856
node,11747666250,cafe,Дринкит,Дринкит,coffee_shop,55.7668021,37.633793
node,11747714200,restaurant,The Бык,,steak_house,55.7430269,37.5622398
node,11750529380,cafe,Поколение кофе,,coffee_shop,55.7709399,37.5178278
node,11752822669,restaurant,Due Forni,,,55.7348086,37.5683047
node,11754814362,cafe,White Fox,,coffee_shop;dessert;international,55.7589432,37.5635522
node,11755668127,fast_food,Теремок,Теремок,crepe;russian,55.7902252,37.6797765
node,11755742537,cafe,,,coffee_shop,55.7081435,37.5449017
node,11755742538,cafe,,,coffee_shop,55.7076501,37.5466463
node,11755843173,food_court,,,,55.7460769,37.5672722
node,11756409545,restaurant,,,,55.7241825,37.5284213
node,11773181361,fast_food,One Price Coffee,One Price Coffee,coffee_shop,55.7084786,37.6570602
node,11775005336,cafe,Bizi Bizu,,,55.7553893,37.5102085
node,11775005340,cafe,Zефир,,,55.7553022,37.5099161
node,11775033871,cafe,Паоло,,pizza,55.7553967,37.5100831
node,11775035055,restaurant,Ya Won,,,55.7578693,37.5107372
node,11777822651,fast_food,Бургер Кинг,Бургер Кинг,burger,55.7822077,37.7038819
node,11778643452,cafe,Кафедра,,coffee_shop,55.7669,37.57143
node,11781057377,bar,Rock'N'Roll Bar & Cafe,,,55.7665915,37.6306736
node,11782640161,fast_food,One Price Coffee,,coffee_shop,55.7629585,37.5643008
node,11782640168,fast_food,One Price Coffee,,coffee_shop,55.7712551,37.6515284
node,11782684172,fast_food,One Price Coffee,,coffee_shop,55.7817934,37.7052712
node,11801716880,restaurant,Il Ristorante,,,55.7562125,37.6065756
node,11802227637,cafe,SeDelice,,coffee_shop,55.7746519,37.5845873
node,11804694248,ice_cream,,,,55.7804181,37.6294827
node,11804694263,cafe,Molletta,,italian,55.7796382,37.6294613
node,11804874436,cafe,Иди обниму,,coffee_shop,55.7750712,37.6308279
node,11804942757,cafe,Frank by Баста,,beef,55.7698858,37.632466
node,11808136787,fast_food,Милти,,,55.7650242,37.620372
node,11808136913,cafe,Empire Zone,,coffee_shop,55.7609241,37.6165961
node,11808199933,fast_food,Пан Круассан,,coffee_shop,55.765535,37.6387357
node,11808199935,fast_food,Пан Круассан,,coffee_shop,55.7656682,37.608294
node,11809446590,fast_food,One and Double,,coffee_shop,55.7588022,37.6618288
node,11809675937,fast_food,Милти,,,55.7345479,37.6191812
node,11812096855,cafe,Хотфикс Coffee,,coffee_shop,55.808114,37.5742529
node,11818740076,cafe,Coffee Barra,,coffee_shop,55.7280375,37.6243316
node,11820130238,cafe,АлоЁ,,,55.7250373,37.6257531
node,11820130239,cafe,C`cups,,coffee_shop,55.7251155,37.6257129
node,11822909163,fast_food,,,kebab,55.7422282,37.6530097
node,11824537678,restaurant,Ikura,,japanese,55.7666589,37.6242281
node,11824983915,cafe,Буфетоф,,,55.7467462,37.6548739
node,11824983916,fast_food,Правда Кофе,Правда Кофе,coffee_shop,55.7467455,37.6549222
node,11826245667,cafe,Plove & doner lab,,uzbek,55.7475984,37.5329152
node,11826278198,cafe,Vadman's,,coffee_shop,55.7478543,37.5326966
node,11826301400,fast_food,Донер Хаус,,kebab,55.7386191,37.5254063
node,11827162181,fast_food,,,kebab,55.7372718,37.5248612
node,11830169856,restaurant,The Pivo,,,55.7090867,37.622317
node,11830188750,restaurant,The Pivo,,,55.7904331,37.6802008
node,11831343861,restaurant,Афина,,greek,55.76012,37.597455
node,11835025938,cafe,Аритмия,,coffee_shop,55.7069695,37.5513822
node,11835028022,fast_food,Блин блинский,,,55.7069056,37.5520219
node,11843623809,cafe,Frank by Баста,,beef,55.7485035,37.5879353
node,11843754132,cafe,Cofix,Cofix,coffee_shop,55.806228,37.5826085
node,11843754142,fast_food,Cofix,,coffee_shop,55.7241302,37.6888685
node,11843754143,fast_food,Cofix,,coffee_shop,55.6955901,37.6620909
node,11843754145,cafe,Cofix,Cofix,coffee_shop,55.7069071,37.6217081
node,11843754146,cafe,Cofix,Cofix,coffee_shop,55.7426645,37.6534084
node,11843754147,fast_food,Cofix,,coffee_shop,55.8081805,37.6379081
node,11843754148,fast_food,Cofix,,coffee_shop,55.807641,37.638217
node,11843754149,cafe,Cofix,Cofix,coffee_shop,55.742157,37.6532337
node,11843754150,cafe,Cofix,Cofix,coffee_shop,55.7444557,37.5673054
node,11843797399,bar,Подкоп,,,55.753652,37.64167
node,11843797420,restaurant,Ёж и Устрица,,seafood,55.7607068,37.6222722
node,11851428573,restaurant,Campo,,italian,55.7820486,37.5811078
node,11851428574,restaurant,Fatto a Mano,,italian,55.7746421,37.6042257
node,11851428575,cafe,БяньБянь,,ramen,55.712045,37.6208796
node,11851428576,cafe,Дринкит,Дринкит,coffee_shop,55.7933971,37.6117238
node,11851428577,cafe,Saletta coffee,,coffee_shop,55.740063,37.6652672
node,11851428581,cafe,Fibonacci,,coffee_shop,55.7765549,37.6759654
node,11851428583,bar,Культурно коротко,,,55.7808723,37.5992832
node,11851428587,bar,Довлатов,,,55.7719023,37.6048976
node,11851428588,cafe,Tea Palace,,bubble_tea,55.7538931,37.636048
node,11851428589,restaurant,Phantom,,,55.7591365,37.5882183
node,11851428590,restaurant,Mimi,,georgian,55.7507731,37.6983592
node,11851428592,restaurant,Miss you,,,55.7628467,37.6179184
node,11851428593,cafe,Moloko Coffee,,coffee_shop,55.6982333,37.6198697
node,11851428596,cafe,Чихо,,asian,55.7822744,37.5999449
node,11851428597,cafe,A-House x Gt.Coffee,,coffee_shop,55.7483683,37.59752
node,11851428598,cafe,Lintu,,coffee_shop,55.7281644,37.6434168
node,11851428600,cafe,Даблби,Даблби,coffee_shop,55.7393847,37.61485
node,11851428601,restaurant,The рыба,,seafood,55.7768536,37.5229615
node,11851428602,restaurant,Everest Continental,,,55.7623201,37.5547216
node,11851428615,cafe,Ля Ше'вре,,coffee_shop,55.7763897,37.6278667
node,11851428616,cafe,Surf Coffee,Surf Coffee,coffee_shop,55.7711501,37.6322625
node,11851428617,cafe,Selezen Project,,coffee_shop,55.7613595,37.5471067
node,11866008673,cafe,КидБург,,,55.7603334,37.6252269
node,11869710013,cafe,Хондэ,,coffee_shop,55.7760906,37.6789926
node,11871651569,restaurant,Тхали и Карри,,indian,55.7642356,37.6057396
node,11873658042,cafe,PeGasRest,,georgian,55.7796594,37.7003869
node,11876981964,cafe,Кулинарная лавка братьев Караваевых,,,55.7725254,37.6620314
node,11878761165,fast_food,,,,55.7727555,37.6875633
node,11880983269,cafe,Stars Coffee,Stars Coffee,coffee_shop,55.7733603,37.6203581
node,11881025169,cafe,Мидийное место,,seafood,55.7706569,37.6322273
node,11881325295,cafe,Академия вкуса,,,55.7742166,37.6915933
node,11881325297,cafe,Дринкит,Дринкит,coffee_shop,55.7688757,37.6801001
node,11889163642,fast_food,Крошка Картошка,,potato,55.8050762,37.5682828
node,11889163643,fast_food,Крошка Картошка,,potato,55.7306127,37.6375173
node,11889177627,cafe,Coffee Point,,coffee_shop,55.7524592,37.5480616
node,11889177628,cafe,Coffee Point,,coffee_shop,55.7078623,37.6252234
node,11889177629,cafe,Coffee Point,,coffee_shop,55.7157076,37.6465845
node,11889177632,cafe,Coffee Point,,coffee_shop,55.7917942,37.7060383
node,11889177635,cafe,Coffee Point,,coffee_shop,55.7789594,37.5873077
node,11889177639,cafe,Coffee Point,,coffee_shop,55.7333417,37.7135646
node,11889177642,cafe,Кофепорт,,coffee_shop,55.7685355,37.624168
node,11889177644,cafe,Coffee Point,,coffee_shop,55.7747386,37.6501089
node,11889177647,cafe,Coffee Point,,coffee_shop,55.7450501,37.5520796
node,11889177648,cafe,Coffee Point,,coffee_shop,55.7349984,37.6425585
node,11889177649,cafe,Coffee Point,,coffee_shop,55.7806609,37.5704097
node,11889177650,cafe,Coffee Point,,coffee_shop,55.7896196,37.6592124
node,11889177651,cafe,Coffee Point,,coffee_shop,55.7730489,37.5998765
node,11889177652,cafe,Coffee Point,,coffee_shop,55.6960551,37.6256579
node,11889177653,cafe,Coffee Point,,coffee_shop,55.77477,37.668895
node,11889177655,cafe,Coffee Point,,coffee_shop,55.7001212,37.6448678
node,11898436269,cafe,Человек и кофе,,coffee_shop,55.6994319,37.6315721
node,11906794619,restaurant,Maria,,sushi,55.7690532,37.596294
node,11909735315,cafe,Пан круассан,,,55.7612614,37.6628092
node,11914850566,cafe,Исфара,,,55.7754642,37.6591024
node,11923050945,bar,Божью cпаси Коровку,,,55.77202,37.5975739
node,11925836135,cafe,Boring Coffee,,coffee_shop,55.7003666,37.5800277
node,11925855800,cafe,Синкопа,,coffee_shop,55.7018547,37.5805796
node,11927657133,cafe,Pir&Rog,,pie,55.754872,37.6490562
node,11932841605,cafe,Masa Madre,,coffee_shop,55.7541339,37.638672
node,11944746564,cafe,,,,55.7699643,37.6473524
node,11958459276,fast_food,One Price Coffee,,coffee_shop,55.7640375,37.7037484
node,11960816586,restaurant,Рыбная мануфактура №1,,seafood,55.7383922,37.5762865
node,11971469430,restaurant,Louis the Claw,,,55.7624778,37.5942332
node,11977604151,cafe,Факел,,italian;kebab,55.7518417,37.7166802
node,11977619833,bar,Соседи,,,55.7521773,37.7109377
node,11998425438,cafe,Saf,,coffee_shop;bubble_tea,55.75321,37.715839
node,11998425439,fast_food,Turkish Diner,,kebab,55.7531749,37.7157923
node,11998449484,fast_food,Милти,,,55.7533299,37.7106162
node,11999147494,fast_food,,,kebab,55.7640741,37.7059577
node,12000429188,fast_food,Трапеза,,,55.7592482,37.6664329
node,12000647871,cafe,Бадьян и корица,,,55.7694407,37.6477165
node,12000647872,cafe,Табера,,coffee_shop,55.7693939,37.6479256
node,12000650570,cafe,Столичный повар,,sandwich,55.7717523,37.603112
node,12000767586,fast_food,Вкусно — и точка,Вкусно — и точка,burger,55.7072458,37.5903509
node,12000767596,cafe,Coffee Way,,coffee_shop,55.7066001,37.5919894
node,12000767599,cafe,Stars Coffee,Stars Coffee,coffee_shop,55.7073698,37.5901215
node,12000797490,cafe,Хлеб с маслом,,coffee_shop,55.7065799,37.5913112
node,12000884203,fast_food,Матча,,asian,55.7105234,37.6745168
node,12000884206,fast_food,Dubai Meal,,kebab;turkish;burger,55.7100639,37.6745245
node,12000950083,restaurant,Саперавия,,georgian,55.7108038,37.6754241
node,12003166105,bar,Elsewhere,,,55.7730776,37.6131159
node,12006077469,cafe,Здрасте,,coffee_shop,55.7525694,37.7064166
node,12012247431,fast_food,One Price Coffee,,coffee_shop,55.7479753,37.5328143
node,12012247433,fast_food,One Price Coffee,,coffee_shop,55.7651693,37.6024386
node,12012247437,fast_food,One Price Coffee,,coffee_shop,55.7743058,37.6556486
node,12015198552,cafe,Icup Coffee,,coffee_shop,55.750411,37.718385
node,12016320040,bar,Зацепин,,,55.7304045,37.6430392
node,12016804734,cafe,Цех85,Цех85,coffee_shop;pie,55.7555763,37.7059868
node,12017100779,cafe,Coffee.Fm,,coffee_shop,55.7542183,37.7154168
node,12018211793,fast_food,Шава Моя Шава,,,55.7590751,37.7083568
node,12020140179,cafe,Парфе,,,55.7651502,37.5691599
node,12020167805,fast_food,Сгоряча,,,55.7579343,37.6176729
node,12022622335,restaurant,Jooie,,,55.7652609,37.5682851
node,12023276999,cafe,Cofix,Cofix,coffee_shop,55.7406616,37.6292329
node,12030854373,restaurant,Кофемания,,coffee_shop;italian;japanese;burger;sandwich;ice_cream;seafood,55.7620385,37.5566595
node,12031231303,restaurant,Джари,,georgian,55.7522695,37.7038077
node,12033727648,fast_food,Сочный Вертел,,kebab,55.7640207,37.7038045
node,12035920111,cafe,Kalina,,coffee_shop,55.7635183,37.609399
node,12037590159,fast_food,Plov & doner lab,,kebab,55.7478347,37.5324444
node,12037590160,fast_food,Кренделькофф,,,55.7478455,37.5325791
node,12039490176,restaurant,Mates,,,55.7587773,37.6433055
node,12041972681,fast_food,Центральная столовая,,,55.7287759,37.6086607
node,12042425129,fast_food,,,coffee_shop;kebab,55.7530972,37.717401
node,12042445280,cafe,Тайна кофе,,coffee_shop,55.7651751,37.56964
node,12042466669,cafe,Алёнка,,coffee_shop,55.7757818,37.6022288
node,12042544825,bar,Бульваръ,,,55.7529324,37.6476487
node,12045058760,cafe,Date,,,55.7163675,37.6138105
node,12049753205,restaurant,Мегрели,,georgian,55.718583,37.654449
node,12049768957,cafe,Buna,,,55.7189473,37.6574288
node,12050606608,cafe,Injir,,coffee_shop,55.7120212,37.6208338
node,12051296329,cafe,Универ,,coffee_shop,55.7299272,37.6451805
node,12051296331,restaurant,Bodrum,,turkish,55.7289998,37.647073
node,12051296332,bar,Bearsach,,,55.7289335,37.6470732
node,12051296334,bar,Кирпич,,,55.728763,37.6480999
node,12055311129,fast_food,Gourmet Lunch,,,55.7521958,37.7034958
node,12059168153,cafe,Surf Coffee,,coffee_shop,55.7574417,37.6584817
node,12059168155,cafe,Surf Coffee,Surf Coffee,coffee_shop,55.7706996,37.6254841
node,12059168156,cafe,Surf Coffee,Surf Coffee,coffee_shop,55.7873321,37.679791
node,12059168157,cafe,Surf Coffee,,coffee_shop,55.7794475,37.5990547
node,12059168160,cafe,Surf Coffee,Surf Coffee,coffee_shop,55.7186477,37.635963
node,12059168162,cafe,Surf Coffee,Surf Coffee,coffee_shop,55.7631991,37.5552103
node,12059265108,cafe,Amore,,italian,55.7830426,37.5979829
node,12059265113,restaurant,Торро Гриль,,,55.7578703,37.6585176
node,12059265119,restaurant,Торро Гриль,,,55.7905185,37.5333416
node,12059520551,cafe,Долина,,,55.7482879,37.7037967
node,12061494079,fast_food,,,kebab,55.7510986,37.7171089
node,12062737441,cafe,Avtor coffee,,coffee_shop,55.7421094,37.7076532
node,12062741108,cafe,,,coffee_shop,55.7402544,37.7056974
node,12064486671,cafe,J'pan,,japanese,55.7446841,37.62726
node,12071171057,cafe,Norme,,,55.8047188,37.6816651
node,12071602063,cafe,Навруз,,uzbek,55.7971387,37.5930195
node,12071602064,cafe,Бешбармак,,kazakh,55.7970301,37.5928773
node,12071727106,fast_food,Archies coffee,,coffee_shop,55.7998156,37.5852464
node,12071727116,cafe,Meat Crew,,barbecue,55.8069521,37.5832374
node,12073411508,cafe,Хинкал есть,,,55.7475114,37.6522117
node,12079844499,cafe,Stars Coffee,Stars Coffee,coffee_shop,55.7901836,37.5841936
node,12079844560,fast_food,Та самая шаурма,,kebab,55.7823737,37.5796548
node,12079844561,fast_food,Еда маркет,,,55.7823025,37.5796696
node,12079844562,restaurant,Суло,,georgian,55.7818231,37.5808873
node,12081726172,cafe,,,coffee_shop,55.7566485,37.6761317
node,12084636506,fast_food,Пан Круассан,,coffee_shop,55.7799882,37.6335624
node,12084636507,fast_food,Пан Круассан,,coffee_shop,55.7559293,37.6147172
node,12084636508,fast_food,Пан Круассан,,coffee_shop,55.7427226,37.6298288
node,12084636510,fast_food,Пан Круассан,,coffee_shop,55.7771176,37.5233075
node,12084636516,fast_food,Пан Круассан,,coffee_shop,55.7568304,37.6587242
node,12084636521,fast_food,Пан Круассан,,coffee_shop,55.7721384,37.6801979
node,12084636523,fast_food,Пан Круассан,,coffee_shop,55.7369358,37.618823
node,12084636524,fast_food,Пан Круассан,,coffee_shop,55.7086194,37.6570397
node,12090300579,cafe,Кофепорт,,coffee_shop,55.7678389,37.6013393
node,12092080393,fast_food,Милти,,,55.7668873,37.60196
node,12092080394,fast_food,Ave Shawe,,kebab,55.7669197,37.6020297
node,12096785377,fast_food,Eazzy Wok,,asian,55.7524657,37.7006428
node,12098344090,cafe,Pho'Ngon,,vietnamese,55.7621722,37.5547162
node,12098446602,cafe,Dостоевский,,,55.7523012,37.6110659
node,12106524718,fast_food,Шаурма & кофе,,kebab,55.7053165,37.6858087
node,12110614056,fast_food,Пончиковая,,donut,55.7878494,37.532035
node,12110623927,fast_food,Ромарио,,italian,55.7872151,37.5298007
node,12118333801,restaurant,Nothing fancy,Nothing Fancy,regional;breakfast;brunch;soup;salad;juice,55.7680733,37.6143748
node,12119071454,cafe,Pims,,bubble_tea,55.7539826,37.6364558
node,12119071455,fast_food,One Price Coffee,,coffee_shop,55.753966,37.6363814
node,12119071456,cafe,Met Tea,,bubble_tea,55.7539487,37.6363003
node,12119071457,cafe,Буузы,,buryat,55.7539022,37.6360886
node,12119071458,fast_food,Кофе Хауз,Кофе Хауз,coffee_shop,55.753909,37.6361194
node,12119071459,fast_food,Бабл Ти Рамен,,,55.7538818,37.6359976
node,12119071464,fast_food,Правда Кофе,Правда Кофе,coffee_shop,55.7537868,37.6358141
node,12120086489,cafe,Дербент,,,55.7779156,37.6281845
node,12133563502,fast_food,Вкусно — и точка,Вкусно — и точка,burger,55.7820542,37.5991139
node,12133733414,fast_food,,,coffee_shop,55.7920384,37.6226847
node,12144457893,cafe,Tapioka Sweet,,bubble_tea,55.7540762,37.7097662
node,12144530237,cafe,Восток,,,55.7596073,37.7158436
node,12147554567,fast_food,СуперСамса,,,55.7820079,37.7152678
node,12158617012,fast_food,Ком 1989,,vietnamese,55.7816767,37.580825
node,12163840648,fast_food,Милти,,,55.7827115,37.5803169
node,12163868690,fast_food,Милти,,,55.7774012,37.5854808
node,12164004577,cafe,It’s СоТ,,coffee_shop,55.7827191,37.5802971
node,12165208592,fast_food,Cofix,Cofix,coffee_shop,55.7523233,37.7061429
node,12169975920,cafe,Surf Coffee,Surf Coffee,coffee_shop,55.807137,37.583589
node,12169975922,cafe,Surf Coffee,Surf Coffee,coffee_shop,55.7431909,37.5629565
node,12169975923,cafe,Surf Coffee,Surf Coffee,coffee_shop,55.7417629,37.6554406
node,12170022153,cafe,Tsomi,,,55.7728528,37.6630639
node,12170719205,cafe,GemoPuri,,georgian,55.7388324,37.6105678
node,12170719206,cafe,Шашлык & точка,,kebab,55.7900675,37.6567608
node,12170719207,bar,Братец Винчестер,,,55.7413374,37.6527925
node,12170719208,restaurant,Eva,,greek,55.739339,37.5754724
node,12170719209,cafe,Лу,,,55.712598,37.560043
node,12170719210,bar,Бухта,,,55.7416213,37.6253924
node,12173718111,bar,Воробушек,,,55.762428,37.5940266
node,12173718112,cafe,Мама варит кофе,,coffee_shop,55.7588006,37.6423701
node,12173718114,cafe,Рахат,,uzbek,55.7927381,37.6123756
node,12173718116,restaurant,Vino e Cucina,,italian,55.7617187,37.5123882
node,12173718117,cafe,Шурик,,,55.7445118,37.6800317
node,12175413791,cafe,Синичка,,coffee_shop,55.7833458,37.6184877
node,12178555854,fast_food,Black Grill,,,55.7218973,37.6106539
node,12179179916,cafe,Московское время,,coffee_shop,55.7461778,37.6006262
node,12182096379,cafe,,,,55.7391495,37.6296625
node,12182096386,fast_food,One and Double,,coffee_shop,55.742657,37.628607
node,12182096388,restaurant,Shota,,georgian,55.7444154,37.6274339
node,12186498221,fast_food,Правда Кофе,Правда Кофе,coffee_shop,55.7788365,37.5985679
node,12188233699,cafe,Чайхана,,,55.7409191,37.6524753
node,12188244403,pub,Pub no pub,,,55.7414054,37.6528408
node,12188244404,cafe,Мангал Холл,,kebab,55.7416696,37.6528528
node,12193379385,cafe,Секрет вкуса,,,55.7511029,37.6639317
node,12193379386,cafe,Jules Zang,,,55.7513987,37.6636716
node,12193379388,cafe,Гурманика,,,55.7505203,37.6653828
node,12194910790,cafe,#ВоблакеВкуса,,,55.747225,37.6752849
node,12196453846,restaurant,Ёбидоёби,,sushi,55.7522689,37.7117627
node,12197216776,fast_food,One and Double,,coffee_shop,55.7449602,37.5150745
node,12197216778,fast_food,,,kebab,55.7450387,37.5152072
node,12197349296,food_court,,,,55.750949,37.7104292
node,12197349297,cafe,Асал,,,55.7509472,37.7103548
node,12197349298,cafe,Шеф,,kebab;steak_house,55.7509262,37.7102757
node,12197789452,cafe,Штолле,Штолле,pie,55.7191772,37.6087593
node,12197789457,restaurant,Lalaland,,,55.7204673,37.6101333
node,12198973957,cafe,Öz kebab,,kebab,55.761013,37.6502668
node,12198982240,pub,Злачное место,,,55.8135959,37.5969958
node,12199034081,cafe,Дети лапши,,,55.7222886,37.6517887
node,12209167450,cafe,Magicup,Magicup,coffee_shop,55.7833681,37.7081873
node,12214853301,cafe,Moonlight,,,55.7504797,37.7185368
node,12219279981,fast_food,Ням-Ням,,,55.7623559,37.6820384
node,12222086131,fast_food,Ориентал Экспресс,,,55.7423797,37.5305052
node,12227641790,pub,Harat's,,,55.7822981,37.7031023
node,12236419981,cafe,Кофейня на Остоженке,,coffee_shop,55.7418432,37.5989498
node,12244452501,cafe,DNA,,coffee_shop,55.7567525,37.6750758
node,12244464201,cafe,Лицей,,,55.7602281,37.6514063
node,12246324952,cafe,Антистресс,,,55.6916854,37.622399
node,12250120628,cafe,I love cake,,,55.7790957,37.5813729
node,12250666884,fast_food,Soul in the bowl,,,55.7425158,37.5307745
node,12250761712,cafe,Поколение кофе,,coffee_shop,55.7424448,37.5309967
node,12252249932,cafe,Кофемания Bez Tarelok,,,55.7615589,37.6326537
node,12254549838,fast_food,Пиццан,,pizza,55.7745636,37.5205019
node,12254549842,fast_food,Пиццан,,pizza,55.7808525,37.5915536
node,12254549844,fast_food,Пиццан,,pizza,55.7831436,37.642588
node,12254549845,fast_food,Пиццан,,pizza,55.7941133,37.5765226
node,12254733264,cafe,Space,,,55.7426273,37.531484
node,12255827763,restaurant,Прошуттерия,,italian,55.7829705,37.5991982
node,12259515509,cafe,Практика кофе,,coffee_shop,55.7240642,37.5787032
node,12259515512,restaurant,The Times Home,,,55.7882375,37.5911325
node,12259515513,bar,Hanky 3/7,,,55.7587868,37.6402156
node,12259515516,restaurant,ГоТай,,chinese,55.7462594,37.5883712
node,12259515517,cafe,Uglewood,,pizza,55.7478883,37.6771161
node,12259515519,restaurant,Таксим,,turkish,55.7604273,37.6151855
node,12259515521,restaurant,Старик и море,,seafood,55.7745959,37.5846799
node,12259515522,cafe,Nice Price,,,55.7800346,37.633596
node,12260925301,restaurant,Yauza,,,55.7515198,37.6447648
node,12261193601,cafe,S-cafe,,,55.7356158,37.6348429
node,12261263901,restaurant,Узоры,,,55.7547369,37.5681589
node,12261400101,fast_food,Рамен по-Лань чжоуски,,ramen,55.7799115,37.6013378
node,12264053348,restaurant,Iki,,,55.7089322,37.6248948
node,12264053351,restaurant,Brera,,italian,55.7572877,37.6010808
node,12264053353,restaurant,Black Angus,,steak_house,55.7410249,37.6287156
node,12264053354,restaurant,Tajiri Go,,japanese,55.7540041,37.6085106
node,12264053355,restaurant,Uchiwa,,japanese,55.7540781,37.608591
node,12264053356,restaurant,Ayu,,japanese,55.7540743,37.6084569
node,12264053359,cafe,Привет,,coffee_shop,55.735687,37.5883558
node,12264053360,cafe,Привет,,coffee_shop,55.7314675,37.6276106
node,12264053361,restaurant,Babo’s,,georgian,55.7373458,37.6490253
node,12264053362,cafe,Кулинарная лавка братьев Караваевых,,,55.7295441,37.6363586
node,12268647522,fast_food,Правда Кофе,,coffee_shop,55.7823213,37.5797236
node,12268647525,cafe,Бодрый день,,coffee_shop,55.7815791,37.5822511
node,12269890502,restaurant,Share,,,55.7575215,37.6038532
node,12269947801,cafe,Mates bistro,,,55.7620851,37.5572632
node,12273425606,restaurant,Varvarka 3,,,55.7537414,37.626226
node,12277383019,restaurant,The Бык,,steak_house,55.7270385,37.5806319
node,12277383020,restaurant,Tre Santi,,italian,55.7550787,37.6454645
node,12277383021,fast_food,Только классика,,coffee_shop,55.7890823,37.627786
node,12277383023,cafe,Jinju,,coffee_shop,55.7633167,37.6144417
node,12277383025,cafe,Klubique,,,55.7727204,37.6102803
node,12277383027,cafe,Цензура ИН1:1,,coffee_shop,55.7697051,37.5951856
node,12277383028,bar,Исси и Биси,,,55.7589611,37.598439
node,12278348554,bar,Под ведьмачьим мечом,,,55.760491,37.614686
node,12281813009,cafe,Surf Coffee,Surf Coffee,coffee_shop,55.7321779,37.611762
node,12281819078,fast_food,Милти,Милти,deli,55.7722648,37.6604569
node,12282701930,bar,PennaCraft,,,55.7809393,37.6890512
node,12282701931,cafe,Много кофе,,coffee_shop,55.7546335,37.6443985
node,12282701932,cafe,Цех85,Цех85,coffee_shop,55.7521396,37.7058098
node,12282701935,cafe,Ti Oi,,vietnamese,55.6975762,37.634711
node,12282701936,restaurant,Claudia,,italian,55.7941069,37.5412299
node,12282701937,restaurant,The Гарден,,,55.7299748,37.6427522
node,12284775581,cafe,Honey Coffee,,coffee_shop,55.7465299,37.599138
node,12284929705,cafe,Улей,,bubble_tea,55.7756132,37.5869992
node,12292422344,cafe,Rимляне,,pizza,55.7652732,37.6205054
node,12292422345,bar,Nouge,,,55.7589781,37.6435804
node,12292422346,bar,The Line,,,55.7572209,37.6338004
node,12292422348,restaurant,Рива,,italian,55.7113197,37.5471859
node,12292422362,cafe,Фо Оань,,vietnamese,55.7571867,37.6321945
node,12292422363,cafe,Kurnik,,,55.7551528,37.6220302
node,12298901271,restaurant,True Cost,,,55.7087675,37.5979534
node,12298901273,restaurant,True Cost,,,55.740901,37.6288953
node,12302133701,fast_food,Дон Кюфта,,kebab,55.7314547,37.5919935
node,12302394236,cafe,Kulek,,italian,55.7585057,37.6395155
node,12309485966,restaurant,Bebi,,kebab,55.7643671,37.5691285
node,12309870486,cafe,Patisserie Francois Bodrero,,cake,55.7610645,37.6233794
node,12323269873,restaurant,Кофемания,,coffee_shop,55.7116343,37.5627136
node,12325590963,restaurant,La Raquette,,,55.7122203,37.564643
node,12325680674,bar,Killfish,,,55.7826338,37.5986253
node,12339804293,cafe,Блик,,,55.7080835,37.6069612
node,12346246238,cafe,J'pan,,japanese,55.7612463,37.6148674
node,12346246251,fast_food,,,kebab,55.7598534,37.6157042
node,12346424722,cafe,Soul Burger,,burger,55.7529585,37.5888949
node,12347899901,cafe,Мечтатели,,,55.7835968,37.7098761
node,12349139249,cafe,Галерея,,,55.7932636,37.5656421
node,12349139279,restaurant,Leo,,georgian,55.7891114,37.5674567
node,12364783802,cafe,Гюго,,coffee_shop,55.7454796,37.6285292
node,12364795702,cafe,Подъезд,,coffee_shop,55.7724496,37.6063361
node,12365132680,fast_food,Senior Rodrigez,,mexican,55.7160577,37.5453237
node,12378173299,restaurant,Salone,,italian,55.7712211,37.6056125
node,12378180801,restaurant,The Бык,,steak_house,55.75511,37.622396
node,12380684236,fast_food,Снеди Феди,,,55.7895865,37.6594055
node,12382421563,fast_food,Додо Пицца,Додо Пицца,pizza,55.7601183,37.6256284
node,12382447142,fast_food,Додо Пицца,Додо Пицца,pizza,55.7627652,37.6347124
node,12384491470,fast_food,Додо Пицца,Додо Пицца,pizza,55.7628316,37.5162546
node,12384494059,fast_food,Додо Пицца,Додо Пицца,pizza,55.7491012,37.5393458
node,12395454801,fast_food,One Price Coffee,One Price Coffee,coffee_shop,55.705874,37.6853434
node,12395487502,fast_food,Суши Wok,Суши Wok,asian,55.7058222,37.6853843
node,12395666301,cafe,Мокко,,,55.7731108,37.6148303
node,12419315201,fast_food,Динамо,,,55.7660883,37.6176964
node,12421601244,fast_food,Милти,,,55.7840706,37.5972513
node,12421601245,bar,Пряная вишня,,,55.7839862,37.5971994
node,12423102176,cafe,,,coffee_shop,55.7845897,37.6002721
node,12431827127,cafe,Subrosa,,coffee_shop,55.7767507,37.6075973
node,12433911267,cafe,Ngon,,vietnamese,55.7770248,37.607146
node,12433911268,cafe,bodro coffee,,coffee_shop,55.7771821,37.6070414
node,12438350170,fast_food,,,,55.7872205,37.6773951
node,12438940101,restaurant,Avrora,,,55.7671936,37.6233294
node,12442185368,cafe,Хинкальная в Сокольниках,,armenian,55.7903392,37.678242
node,12450764508,bar,Chago,,,55.7699398,37.6599754
node,12451266978,cafe,ВуФо,,vietnamese,55.7603404,37.6621755
node,12451659833,bar,Шашлычная,,kebab,55.7706885,37.5964782
node,12478558813,cafe,Dizengof//99,,jewish,55.7278834,37.6234605
node,12480812953,cafe,Booblik,,,55.8029106,37.5558065
node,12488174945,cafe,Pims,,bubble_tea,55.7406225,37.6286405
node,12488174946,cafe,Pho City,,vietnamese,55.7390642,37.6285037
node,12488251064,fast_food,,,kebab,55.7757176,37.5845169
node,12497761496,cafe,Чихо,,asian,55.7906662,37.5312788
node,12497761497,cafe,Чихо,,asian,55.7668071,37.6240915
node,12497761499,cafe,Чихо,,asian,55.7470882,37.5389528
node,12497796201,cafe,Чихо,,chinese,55.7713162,37.6201179
node,12498004216,restaurant,Сыто Пьяно,,,55.7708206,37.6319396
node,12499018125,cafe,Com 1989,,vietnamese,55.8041294,37.5823335
node,12501961554,cafe,Бейджанс,,coffee_shop,55.7812662,37.5733126
node,12504638380,cafe,Stars Coffee,Stars Coffee,coffee_shop,55.7801918,37.5915
node,12504638420,cafe,Люля&Co,,,55.7804596,37.593344
node,12504638421,cafe,Фришная,,potato,55.7804173,37.5932774
node,12504638422,cafe,1-я Креветочная,,seafood,55.7803751,37.5932108
node,12504638423,cafe,Fluffy Fluffy,,japanese,55.7804927,37.5928679
node,12504638424,cafe,Буфет № 1,,,55.7806692,37.5928827
node,12504638425,cafe,Крутые Желтки,,breakfast,55.7806338,37.5928344
node,12504638427,cafe,Bunson’s burger kitchen,,burger,55.7805659,37.5927365
node,12504638428,cafe,Индокитай,,asian,55.7804226,37.5925648
node,12504638429,cafe,Mama Roasta,,,55.7803849,37.5925062
node,12504638430,cafe,Bunson’s hot dogs,,hot_dog,55.7803472,37.5924475
node,12504638431,cafe,Kung Fu Tea,,tea,55.7803095,37.5923888
node,12504638432,cafe,Hanami,,sushi,55.779958,37.5929739
node,12504638433,cafe,Cinnabon,,cake,55.7799686,37.593053
node,12504638434,cafe,GT Coffee,,coffee_shop,55.779903,37.5926701
node,12504638435,cafe,Sabbia,,coffee_shop,55.7798641,37.5927667
node,12504638436,cafe,Bon Bon Berry,,cake,55.7798238,37.5928786
node,12504638446,cafe,Bageatteria,,cake,55.7797272,37.5928733
node,12504638449,cafe,Yolo,,,55.7801006,37.5925192
node,12504638450,cafe,Selfish,,,55.7800621,37.5924683
node,12507761916,restaurant,Delhi 6,,indian,55.7431674,37.5628473
node,12507761918,restaurant,Madame Roche,,asian,55.7277807,37.6464061
node,12507761919,bar,Белая Стрекоза,,,55.7578703,37.6363304
node,12507761920,bar,Культурно Коротко,,,55.7539165,37.6361528
node,12507761921,restaurant,Marble,,,55.7548758,37.6010272
node,12507761926,restaurant,Сон Красной Панды,,,55.7579186,37.6339661
node,12507761927,restaurant,Manul,,russian,55.7579476,37.6182456
node,12509054701,cafe,Б. 28,,coffee_shop,55.7326465,37.6368109
node,12511680658,fast_food,Эстер,,kebab,55.7770052,37.6161086
node,12522780001,fast_food,,,,55.6970195,37.5785148
node,12526666456,fast_food,Zotman Pizza,,pizza,55.7515972,37.7085848
node,12526666457,cafe,Космос Китчен,,,55.7514741,37.7090244
node,12527996526,cafe,Золотая Цапля,,,55.7744618,37.616531
node,12529340623,fast_food,,,kebab,55.7551407,37.5971179
node,12537227881,bar,Бюро,,burger,55.727499,37.5678603
node,12537227883,restaurant,Picco,,italian,55.7519777,37.525861
node,12537227885,restaurant,Beriot,,,55.7519524,37.5872947
node,12537227886,cafe,Prime,Prime,coffee_shop,55.709693,37.6245327
node,12537227887,cafe,Com 1989,,vietnamese,55.7095986,37.6245542
node,12537227889,restaurant,Dragon,,asian,55.7472391,37.5387463
node,12537227890,restaurant,Shulman Kitchen,,,55.7550728,37.6448263
node,12537227891,restaurant,Kilim,,,55.7423234,37.6091462
node,12537227894,cafe,Брусника,,,55.7510478,37.582595
node,12537235126,cafe,Com 1989,,vietnamese,55.7075517,37.5980835
node,12537235128,pub,Beer&Balls,,,55.7531936,37.6103961
node,12541078933,fast_food,One Price Coffee,One Price Coffee,coffee_shop,55.7404475,37.6278766
node,12541078939,fast_food,One Price Coffee,,coffee_shop,55.7310547,37.6340677
node,12541078941,fast_food,One Price Coffee,,coffee_shop,55.7814846,37.6291502
node,12541078943,fast_food,One Price Coffee,,coffee_shop,55.7521509,37.7164523
node,12541078948,fast_food,One Price Coffee,,coffee_shop,55.7770681,37.6567442
node,12551246405,cafe,Вместе,,coffee_shop,55.8002726,37.5970459
node,12551246410,cafe,Даблби,Даблби,coffee_shop,55.7744902,37.5814229
node,12551246416,cafe,Дринкит,Дринкит,coffee_shop,55.8063576,37.5851351
node,12551246417,cafe,Amov,,coffee_shop,55.7634858,37.6601652
node,12551246418,cafe,Rébellion Clubhouse,,,55.7282715,37.5811543
node,12554647812,restaurant,PhoBo,,vietnamese,55.7489427,37.5392878
node,12558611351,cafe,,,,55.7528551,37.7077226
node,12560938040,restaurant,Виноград,,georgian,55.75127,37.7061973
node,12573968944,fast_food,Правда Кофе,Правда Кофе,coffee_shop,55.7680655,37.6052047
node,12573968954,restaurant,Якамоз,,turkish,55.766884,37.6032507
node,12576850819,bar,Настенька,,,55.7545169,37.6347761
node,12576850820,restaurant,Джанни-Хинкали,,georgian,55.8104166,37.6381704
node,12576850821,bar,Мясницкий ряд,,,55.7681719,37.6457249
node,12576850831,cafe,Pims,,bubble_tea,55.7621805,37.6082437
node,12576850835,restaurant,Bistro Si,,italian,55.7763943,37.6021551
node,12576850846,cafe,Даблби,Даблби,coffee_shop,55.7567911,37.6032011
node,12576850852,restaurant,Хинкали хачапури,,georgian,55.7370226,37.6591037
node,12581514150,fast_food,Суши-Маркет,,sushi,55.7572032,37.6585362
node,12581514155,fast_food,Суши-Маркет,,sushi,55.7554343,37.6145428
node,12581514159,fast_food,Суши-Маркет,,sushi,55.7089231,37.5959822
node,12581514166,fast_food,Суши-Маркет,Суши-Маркет,sushi,55.7490749,37.5389686
node,12581558735,cafe,Оджахури,,georgian,55.7352052,37.612835
node,12581592861,cafe,Cofix,Cofix,coffee_shop,55.7300373,37.6424571
node,12581592865,fast_food,Cofix,,coffee_shop,55.7660344,37.6044917
node,12581846801,pub,Colin McDaniel,,irish,55.7304076,37.6336748
node,12587077901,cafe,Coffeepie,,coffee_shop,55.7646275,37.7041711
node,12595553076,restaurant,Хинкальная,,georgian,55.7463527,37.6707761
node,12600040238,restaurant,Академ Джаз,,,55.7778779,37.6331306
node,12600040242,restaurant,Casa Maria,,,55.7841557,37.6899855
node,12600040267,fast_food,Лосось сан,,sushi,55.744194,37.678956
node,12600046592,bar,Моряк и чайка,,,55.7620115,37.6230884
node,12600053771,cafe,Лепим и варим,,russian,55.7059203,37.656683
node,12600053773,cafe,Лепим и варим,,russian,55.7445065,37.5651954
node,12600053774,cafe,Лепим и варим,,russian,55.7907386,37.5315712
node,12600053775,cafe,Лепим и варим,,russian,55.7710178,37.6202134
node,12600053778,cafe,Лепим и варим,,russian,55.7120163,37.6203605
node,12600053780,cafe,Лепим и варим,,russian,55.709055,37.6522108
node,12600190803,cafe,Капибар,,,55.7528819,37.5822303
node,12601984094,cafe,Наби,,kebab,55.7428088,37.5529674
node,12601984257,cafe,Hiroo,,coffee_shop,55.7433387,37.5559124
node,12601984279,ice_cream,,,,55.744545,37.5578329
node,12612467234,fast_food,Шаурмовски,,kebab,55.7821874,37.7099276
node,12619029730,restaurant,la Riva,,italian,55.7580816,37.5101942
node,12619029731,restaurant,Qartuli,,georgian,55.7846142,37.5617623
node,12619029732,cafe,Привал у Пандочки,,,55.7093681,37.6239453
node,12620013429,fast_food,,,kebab,55.8077232,37.5801221
node,12621248189,fast_food,I-Cup,,coffee_shop,55.8075911,37.5794586
node,12628139701,pub,Spaten Haus,,,55.7730379,37.6114218
node,12632946128,fast_food,Durum Kebab,,kebab,55.7668747,37.6417167
node,12636001032,cafe,Кулинарная лавка братьев Караваевых,,,55.7104996,37.6570478
node,12637948801,cafe,Жара,,,55.7663981,37.5263763
node,12638459301,restaurant,ExtraVirgin,,italian,55.7658665,37.6099415
node,12638805824,cafe,Prime,Prime,coffee_shop,55.7590766,37.6249793
node,12656248675,cafe,Frank by Баста,,,55.6990117,37.6390906
node,12660854407,cafe,Дринкит,Дринкит,coffee_shop,55.7208386,37.6093917
node,12676843401,fast_food,Снеди Феди,,,55.7918034,37.7057952
node,12676885501,cafe,Дринкит,Дринкит,coffee_shop,55.7916085,37.7055964
node,12705696990,fast_food,Цыпа гриль,,chicken,55.807529,37.5791719
node,12714360991,bar,Упс!,,,55.7575696,37.6354788
node,12722527801,fast_food,Бургер Кинг,Бургер Кинг,burger,55.6985855,37.6388547
node,12730657106,bar,Настоишная,,,55.7488706,37.5890862
node,12740876282,cafe,Crosby Coffee,,coffee_shop,55.7984557,37.6116836
node,12755520642,restaurant,Серый,,,55.7696143,37.5809012
node,12755520643,bar,Нить,,,55.7656671,37.610718
node,12755520646,restaurant,За Крышей,,,55.7631116,37.5684974
node,12755520651,cafe,YesNoMilk,,coffee_shop,55.7407908,37.6583648
node,12755520652,restaurant,Лето Италия,,italian,55.7463499,37.629118
node,12758431005,restaurant,Кепи,,georgian,55.7125988,37.6459824
node,12758431006,restaurant,Том и Ям,,asian,55.751912,37.5994031
node,12759233304,restaurant,The Бык,,steak_house,55.7573918,37.6586274
node,12760569128,cafe,Шоколадница,Шоколадница,coffee_shop,55.801933,37.5942197
node,12760569130,cafe,Milk&Beans,,coffee_shop,55.7308407,37.5764139
node,12760569133,fast_food,Милти,,,55.7274764,37.6088727
node,12760569135,restaurant,Поле,,,55.7377603,37.5849339
node,12760569136,restaurant,Lea,,,55.7379823,37.585583
node,12765514521,fast_food,One and double,,coffee_shop,55.7070397,37.5866134
node,12769314363,cafe,Пита пита,,,55.7123707,37.6201877
node,12777945209,bar,ДНИ,,,55.7542434,37.6672053
node,12778429958,cafe,Мачете,,grill,55.782943,37.5990289
node,12783350003,fast_food,Милти,Милти,deli,55.7714217,37.6322178
node,12797931803,fast_food,Grillz,,hot_dog,55.7752519,37.6523727
node,12799741151,fast_food,Дагестанская лавка,,caucasian,55.7469961,37.5390038
node,12799741152,fast_food,Дагестанская лавка,,caucasian,55.7510207,37.5335347
node,12799741154,fast_food,Дагестанская лавка,,caucasian,55.776613,37.67484
node,12799741155,fast_food,Дагестанская лавка,,caucasian,55.7910598,37.5593295
node,12799741158,fast_food,Дагестанская лавка,,caucasian,55.7713172,37.6199766
node,12799758991,fast_food,One Price Coffee,One Price Coffee,coffee_shop,55.7502161,37.5945282
node,12799758996,fast_food,One Price Coffee,,coffee_shop,55.8091904,37.6380256
node,12803115703,cafe,Lafferia,,arab,55.7714965,37.6863228
node,12803115715,cafe,Старик Хинкалыч,,georgian,55.7913749,37.5587207
node,12803115716,fast_food,Carl's Jr.,Carl's Jr.,burger,55.7615776,37.6582883
node,12803115717,restaurant,Gills,,asian,55.7089579,37.6247272
node,12803115718,cafe,Stars Selected,,coffee_shop,55.7602586,37.6140225
node,12803115719,cafe,Rebellion,,,55.7096688,37.6546727
node,12803115720,fast_food,Бургер Кинг,Бургер Кинг,burger,55.7794511,37.6018493
node,12803115724,cafe,J'pan,,japanese,55.7735656,37.5867927
node,12803115725,restaurant,СырИнжир,,,55.7273336,37.5675975
node,12803115727,restaurant,Ami Chaise,,,55.7893995,37.567116
node,12803115729,cafe,Образ жизни,,georgian,55.7228119,37.6216413
node,12803115730,bar,Lobo Loco,,,55.765446,37.6111928
node,12803115732,cafe,Crazy Cook,,pizza,55.760949,37.6506655
node,12803115733,fast_food,Даблби Экспресс,,coffee_shop,55.7607529,37.6581167
node,12803115734,restaurant,Цыпочка,,chicken,55.7858584,37.5618133
node,12803115735,cafe,Шанхайка,,chinese,55.7987271,37.593918
node,12803622201,cafe,Шоколадница,Шоколадница,coffee_shop,55.7519494,37.7006047
node,12803870620,cafe,Булочка,,,55.7742801,37.5327855
node,12809249332,cafe,One special,,coffee_shop,55.7608484,37.6663664
node,12809256632,cafe,Правда кофе,,coffee_shop,55.7605954,37.6623744
node,12809271125,fast_food,Subway,Subway,sandwich,55.7604333,37.6622337
node,12809281311,fast_food,БлинБери,,,55.7600758,37.6619162
node,12809351179,cafe,CoffeeNat,,,55.760761,37.6641511
node,12809646808,fast_food,АртВокзал,,kebab,55.7427884,37.5636966
node,12809646809,fast_food,Don Hot Dog,,hot_dog,55.7427491,37.5635462
node,12809862872,cafe,Surf Coffee,Surf Coffee,coffee_shop,55.7121893,37.6060764
node,12809862874,fast_food,Теремок,Теремок,crepe;russian,55.7121666,37.6059128
node,12809862876,fast_food,Вкусно — и точка,Вкусно — и точка,burger,55.7124364,37.6061019
node,12809930260,restaurant,Nomo,,,55.7618085,37.6594149
node,12809930261,restaurant,Japmen,,asian,55.7621563,37.6592727
node,12809930262,restaurant,Оригинал,,,55.7627207,37.6590943
node,12810467536,restaurant,Пиzzа,,pizza,55.753179,37.6678582
node,12811377236,fast_food,Банзай,,asian,55.7414642,37.5313241
node,12811752238,cafe,Holder,,coffee_shop,55.7646947,37.5954632
node,12817764761,cafe,One and double,,coffee_shop,55.7408946,37.5334893
node,12823617161,cafe,Кето & Коте,,georgian,55.7807602,37.6070835
node,12825171537,ice_cream,Айсберри,Айсберри,,55.6934444,37.6057064
node,12836346337,cafe,Дринкит,Дринкит,coffee_shop,55.7755135,37.5824495
node,12836655327,cafe,Пульс,,coffee_shop,55.7739966,37.5771642
node,12837693151,fast_food,Милти,,prepared_meals,55.773647,37.5769657
node,12842328282,cafe,Штолле,Штолле,pie,55.7065038,37.5915176
node,12848366295,restaurant,Пицца и Каноли,,italian,55.7590551,37.588724
node,12851828863,fast_food,Искенди,,kebab,55.7808147,37.5993281
node,12851828865,cafe,Beautiful flavors,,coffee_shop,55.780945,37.5992268
node,12851828866,restaurant,Pasta Queen,,italian,55.7810629,37.5991239
node,12853253121,fast_food,,,coffee_shop,55.7754318,37.6080237
node,12855369089,fast_food,Vaffel,,,55.7776048,37.523911
node,12855424912,cafe,Vaffel,,waffle,55.7799301,37.6288658
node,12858862859,cafe,vmeste,,coffee_shop,55.7169278,37.5756742
node,12861310276,cafe,,,,55.7700748,37.5649598
node,12863482998,cafe,,,coffee_shop,55.7908864,37.5652814
node,12879092901,fast_food,Dомино Пицца,,pizza,55.7291247,37.6805588
node,12883288233,cafe,Дымов,,burger,55.7713197,37.6202321
node,12883288234,bar,Right Hops,,,55.7712431,37.6204612
node,12883288235,cafe,Ritmo,,coffee_shop,55.7712454,37.6203206
node,12883288237,cafe,Glukoza,,drinks,55.7710934,37.6203259
node,12883288238,cafe,Кухня Кипра,,greek,55.7710194,37.6203285
node,12883288239,bar,Берег,,,55.7710952,37.6204623
node,12883288240,cafe,Bazaar Kebab,,,55.7710165,37.6204758
node,12884504507,fast_food,,,coffee_shop,55.7729211,37.7100791
node,12884504508,fast_food,,,kebab,55.7729245,37.7101066
node,12886582345,cafe,Gagawa,,chicken,55.7448598,37.5654716
node,12901766397,cafe,Автомойка,,pizza,55.757443,37.6397693
node,12901911912,fast_food,Босфор,,kebab,55.7727969,37.6207718
node,12905290710,restaurant,Лолита,,,55.7475652,37.6462546
node,12918082333,restaurant,Brunnen,,,55.7615866,37.6596428
node,12920901760,cafe,Pims,,bubble_tea,55.7712671,37.6206489
node,12920901761,cafe,365 детокс,,drinks,55.7712294,37.6206503
node,12920901762,fast_food,One Price Coffee,One Price Coffee,coffee_shop,55.7715131,37.6206073
node,12925515637,cafe,Croissant Atelier,,coffee_shop,55.7818054,37.5990665
node,12951710389,restaurant,Юрта,,mongolian;buryat,55.795594,37.6995058
node,12960781501,fast_food,,,kebab,55.7317114,37.6358474
node,12963946864,fast_food,Fresh,,russian,55.7733445,37.6660665
node,12964258827,fast_food,Правда Кофе,Правда Кофе,coffee_shop,55.7654724,37.6107971
node,12981698337,cafe,Palla,,italian,55.804048,37.6815887
node,12989768701,fast_food,,,kebab,55.7315839,37.6727778
node,12989768901,fast_food,Бургер Кинг,Бургер Кинг,burger,55.7318761,37.6644486
node,12990083208,cafe,Хлебница,,coffee_shop,55.7316502,37.6726784
node,12991943078,cafe,coffeePita,,greek,55.749616,37.5378472
node,12997865745,cafe,&coffee,,,55.7893716,37.7089781
node,13002684531,fast_food,Slider's,,burger,55.7768815,37.6733275
node,13002684536,cafe,Moris Brew,,coffee_shop,55.7566063,37.5983289
node,13002684538,cafe,Лаша,,georgian,55.7961044,37.560381
node,13004592604,fast_food,,,,55.7407488,37.6572543
node,13008853527,fast_food,Правда Кофе,Правда Кофе,coffee_shop,55.7865193,37.6766894
node,13016208845,cafe,Факультет кофе,,coffee_shop,55.7714097,37.6862584
node,13016208846,cafe,Рябчик,,,55.760697,37.647353
node,13016208855,restaurant,Relict,,russian,55.7463952,37.5809978
node,13016208858,fast_food,Carl's Jr.,Carl's Jr.,burger,55.7307003,37.6631767
node,13016208861,cafe,Ofis,,,55.7674642,37.5645156
node,13016208864,restaurant,Oshi,,japanese,55.7641196,37.6175737
node,13016208866,cafe,Брусника,,,55.7733552,37.5857775
node,13016208867,cafe,Baron Baran,,coffee_shop,55.7672288,37.6003231
node,13016208868,cafe,Surf Coffee,Surf Coffee,coffee_shop,55.7712913,37.6440391
node,13016208869,restaurant,Кофемания,,coffee_shop,55.770893,37.6434933
node,13016208872,cafe,Aaark,,,55.7616176,37.649602
node,13016208873,cafe,Pho City,,vietnamese,55.7354136,37.6138582
node,13018831884,cafe,Дринкит,Дринкит,coffee_shop,55.7392058,37.6296646
node,13019082720,restaurant,Борсок,,georgian,55.7043767,37.6535138
node,13031132001,cafe,J.D. Coffee,,,55.7046481,37.6159197
node,13031132002,bar,Zoom Lounge Bar,,,55.7043037,37.6163373
node,13031278934,cafe,Dizengof//99,,jewish,55.7735324,37.5855625
node,13031408421,restaurant,Ипинлао,,chinese,55.7745945,37.6044376
node,13038027511,fast_food,,,donut,55.8074777,37.5788742
node,13038679438,fast_food,Бейрут,,lebanese,55.7581661,37.6243597
node,13050910980,bar,Neighborhood,,,55.7606163,37.6322052
node,13050910981,bar,Fitz,,,55.7607808,37.6322763
node,13050910983,restaurant,Натахтари Grand,,georgian,55.7773469,37.525861
node,13050910986,fast_food,Kono,,noodle,55.7823435,37.5997022
node,13050910987,fast_food,Kono,,noodle,55.7760156,37.5853819
node,13050910992,restaurant,Штейгер,,,55.7619858,37.638621
node,13055669899,bar,Волчок,,,55.727839,37.6114719
node,13058069115,bar,Billie,,,55.7665868,37.6206194
node,13063696865,cafe,Зелёная Точка,,coffee_shop,55.7488559,37.5357059
node,13070320943,cafe,Чапа,,coffee_shop,55.7642894,37.6452313
node,13072038416,fast_food,Творопышки,,,55.7728724,37.6207723
node,13072038417,fast_food,Lavash chicken,,kebab,55.7728981,37.6208014
node,13072038420,fast_food,Правда Кофе,Правда Кофе,coffee_shop,55.7728159,37.6206918
node,13072230743,bar,Орбита,,,55.7504969,37.6434671
node,13073678927,restaurant,La Cà Quán,,vietnamese,55.6953988,37.6253175
node,13074057089,cafe,Ферма Шаверма,,kebab,55.8087488,37.5793147
node,13077968453,restaurant,The Pivo,,,55.7661939,37.6105906
node,13082071413,cafe,planov more,,coffee_shop,55.7384208,37.6668299
node,13084893965,cafe,Суло,,georgian,55.7356805,37.6578878
node,13084893970,restaurant,Ла Лара,,,55.7371138,37.6583595
node,13084893975,cafe,,,coffee_shop,55.7354376,37.6573772
node,13087156021,cafe,,,coffee_shop,55.8074932,37.5794296
node,13087263302,cafe,Дринкит,Дринкит,coffee_shop,55.7414857,37.6567781
node,13087263311,fast_food,,,,55.7424723,37.6628348
node,13088603904,bar,Север,,,55.8080599,37.583735
node,13088603908,cafe,Happit,,coffee_shop,55.8077879,37.5844578
node,13092684323,fast_food,Булка,,,55.7380007,37.6549678
node,13092684326,cafe,,,coffee_shop,55.7380421,37.6549363
node,13092684327,cafe,Вилка,,,55.7381442,37.6548608
node,13092684329,cafe,,,coffee_shop,55.7396251,37.6540006
node,13092684334,fast_food,,,,55.7398516,37.6540058
node,13092684335,cafe,Правда Кофе,,coffee_shop,55.7398349,37.6540232
node,13092684359,bar,Голландский бар,,,55.7496584,37.6470787
node,13103151921,cafe,Дринкит,Дринкит,coffee_shop,55.6951405,37.625548
node,13113170082,cafe,Клуб Ивана Смирнова,,,55.7774495,37.6018774
node,13118961100,fast_food,Hatimaki,,sushi,55.7071883,37.6744017
node,13119002401,fast_food,Hatimaki,,sushi,55.752026,37.6993141
node,13122857667,cafe,Värma,,coffee_shop,55.7043273,37.6132213
node,13124848701,restaurant,Atlantica Bistro,,seafood,55.7657553,37.6100748
node,13124851501,fast_food,Теремок,Теремок,crepe,55.7661824,37.609558
node,13132417781,fast_food,Frank by Баста,,beef,55.7486355,37.5394408
node,13132967490,cafe,Крутые желтки,,,55.7713188,37.6203707
node,13132967491,cafe,Холистик,,,55.7712463,37.6200501
node,13132967492,cafe,HochuPho,,vietnamese,55.7712239,37.6199271
node,13135284351,cafe,По бургеру,,,55.8090601,37.5788011
node,13138182446,fast_food,Правда Кофе,Правда Кофе,coffee_shop,55.770207,37.6206339
node,13140628748,cafe,,,coffee_shop,55.7449938,37.6172801
node,13140628752,food_court,,,,55.7449474,37.617109
node,13140700606,cafe,,,coffee_shop,55.760082,37.6115316
node,13140700610,ice_cream,,,,55.7517911,37.612903
node,13142755093,ice_cream,,,,55.7540175,37.6222529
node,13144231636,restaurant,Санто Джованни,,italian,55.7687249,37.613198
node,13145156008,cafe,Tapioka,,,55.8056911,37.5711648
node,13145156009,cafe,Surf Coffee,Surf Coffee,coffee_shop,55.8057145,37.5713016
node,13147146958,cafe,Buba sushi,,sushi,55.784259,37.6560554
node,13152321047,fast_food,Вкусно и Точка,,,55.7927136,37.5778616
node,13152321048,cafe,SeDelice,,coffee_shop,55.792452,37.5782411
node,13152351832,fast_food,Rostic's,Rostic's,chicken,55.7924214,37.5778167
node,13152588222,cafe,Coffee Way,,,55.7695621,37.6791159
node,13152942928,bar,Неон,,,55.769205,37.6697812
node,13153626567,cafe,Adam,,kebab,55.780708,37.5994106
node,13155858387,cafe,Птичка,,,55.7365245,37.6629833
node,13155858391,cafe,Хата Суриката,,,55.7395031,37.6517969
node,13155858394,cafe,Joja Coffee,,coffee_shop,55.7386146,37.6518577
node,13155903972,cafe,,,coffee_shop,55.7469967,37.6546101
node,13158198757,cafe,Кофе Станция,,coffee_shop,55.7391042,37.6527211
node,13158259989,ice_cream,,,,55.7392381,37.6538991
node,13159486901,cafe,Турецкое кафе,,turkish,55.773097,37.6137221
node,13160812297,cafe,Sonder Cafe,,,55.773128,37.680695
node,13160879170,cafe,Манео,,coffee_shop,55.8067874,37.588618
node,13160879175,cafe,Кухня Востока,,,55.8075663,37.5888915
node,13161541802,cafe,Dark Side,,shawarma,55.7862166,37.586017
node,13161899705,restaurant,Люсьен Оливье,,,55.7669759,37.6208362
node,13162330984,cafe,,,coffee_shop,55.7322847,37.6641956
node,13162330988,fast_food,,,,55.7330088,37.6636932
node,13162330989,cafe,24tort.ru,,,55.7330499,37.6632773
node,13162330995,cafe,La Vie Café,,coffee_shop,55.7359318,37.6605151
node,13167762974,bar,Таганка,,,55.7455084,37.6677979
node,13169397632,cafe,,,,55.7331888,37.6658911
node,13173173972,cafe,Дринкит,Дринкит,coffee_shop,55.7650957,37.6203808
node,13173173974,cafe,Монастырская кофейня,,coffee_shop,55.7668643,37.6149286
node,13176871069,cafe,Grass2Glass,,coffee_shop,55.7378618,37.6415633
node,13177922810,cafe,rockets. concept store,,coffee_shop,55.7359404,37.6423522
node,13180099001,fast_food,Султан Халяль,,coffee_shop;kebab;oriental;persian;sausage,55.7650229,37.7016478
node,13180297758,fast_food,Micha,,bubble_tea,55.772872,37.6207414
node,13183780212,cafe,Дни недели,,,55.7722573,37.6223966
node,13184691808,fast_food,,,kebab,55.7816659,37.6533289
node,13186194352,restaurant,Шеф Kebab,,,55.7373205,37.6492277
node,13186194356,restaurant,Пуримания,,georgian,55.7372896,37.6498096
node,13188564136,cafe,Espresso Bar,,coffee_shop,55.7664767,37.6234879
node,13188923157,cafe,,,coffee_shop,55.739483,37.6580221
node,13188923158,bar,,,,55.7383683,37.6599158
node,13188923161,cafe,Русский АвангъАрдъ,,,55.7364418,37.6631273
node,13192568667,fast_food,istänbul,,turkish,55.7540055,37.6365476
node,13192568668,bar,Культура,,,55.7537469,37.637094
node,13192943636,cafe,Met Tea,,bubble_tea,55.7584827,37.6245565
node,13192943643,cafe,Фестивальное 2,,,55.7550912,37.6210992
node,13192943648,cafe,Кофеин,,coffee_shop,55.7560632,37.6204749
node,13193075867,restaurant,Tajj Mahal,,,55.760789,37.6240387
node,13193075868,fast_food,Стейк & Бургер Мираторг,,burger,55.7608424,37.6233879
node,13193075869,cafe,Fettucciamo,,italian,55.7609213,37.623389
node,13195441366,fast_food,Столовая № 1,,,55.7619976,37.6240466
node,13197423794,cafe,Воккер,,noodle,55.7711219,37.6199234
node,13197423795,cafe,Satoshi,,sushi,55.7710542,37.6199267
node,13197423796,cafe,Mo,,,55.7710172,37.6200627
node,13197423797,cafe,Raw to go,,,55.7710846,37.6200618
node,13198084671,cafe,Oriental Tea,,coffee_shop,55.7361869,37.6717048
node,13198084672,cafe,Costo do Cafe,,coffee_shop,55.7360176,37.6638336
node,13198084677,cafe,,,coffee_shop,55.7341695,37.670184
node,13202155813,fast_food,Zotman Pizza,,pizza,55.7335184,37.5805351
node,13205089522,restaurant,Спутник,,,55.7442526,37.657079
node,13227581567,bar,Mendeleev,,,55.764149,37.6176281
node,13227581570,restaurant,Carniceria Vino,,steak_house,55.7541958,37.6386049
node,13227852851,cafe,Москвич,,coffee_shop,55.7571855,37.6572133
node,13227852852,cafe,Котофейня,,,55.7572394,37.6569594
node,13227852857,cafe,,,,55.7550349,37.6613583
node,13227852865,cafe,,,coffee_shop,55.7442193,37.6709975
node,13228042080,bar,Пивной гонг,,,55.7402405,37.6326866
node,13228042081,cafe,Pho Viet,,vietnamese,55.7404133,37.6325525
node,13228042082,fast_food,Диана,,,55.7403363,37.6326102
node,13228042084,cafe,Лицей,,,55.7397958,37.5962113
node,13228042085,fast_food,Вкусно — и точка,Вкусно — и точка,burger,55.7907205,37.679522
node,13228042086,bar,Царская рюмочная,,,55.7528909,37.5839952
node,13228042087,cafe,Cafebara,,,55.7487224,37.6895991
node,13228042088,restaurant,Арома,,,55.7607385,37.6156278
node,13228042089,cafe,Ванлав,,cake,55.7626347,37.5566259
node,13228042090,cafe,По бургеру,,burger,55.7626407,37.5564381
node,13228042092,bar,Довлатов,,,55.7303899,37.6334886
node,13228042093,restaurant,Remy Kitchen Bakery,,,55.7367244,37.6013705
node,13231473801,restaurant,Вино & Хинкали,,georgian,55.7580927,37.6584564
node,13235459866,cafe,Cups,,coffee_shop,55.7855553,37.5678134
node,13236277572,restaurant,Eliso bistro,,georgian,55.7566703,37.5882216
node,13236922524,fast_food,,,,55.7463846,37.6715942
node,13236922534,bar,Приличные люди,,,55.7469686,37.6785262
node,13236922538,fast_food,,,,55.7463609,37.6721455
node,13236922539,cafe,ada coffee,,coffee_shop,55.7463698,37.6714162
node,13236922540,cafe,МосПлов,,,55.7463391,37.6715195
node,13236922543,cafe,,,coffee_shop,55.7429633,37.6712149
node,13236922547,fast_food,Милти,Милти,deli,55.7463382,37.6716046
node,13239150670,cafe,Kulēk,,italian,55.770817,37.6322652
node,13240974436,fast_food,,,,55.7305216,37.6426034
node,13240974459,bar,Space by Cosmos,,italian;russian,55.7293711,37.6439132
node,13240974470,cafe,Молния,,coffee_shop,55.7300911,37.6446289
node,13240974471,cafe,Правда Кофе,,coffee_shop,55.7303525,37.6448102
node,13241099930,cafe,Среда,,coffee_shop,55.7311402,37.6390162
node,13241099931,cafe,Даблби,Даблби,coffee_shop,55.7311533,37.6390925
node,13241099933,cafe,Сила Кофе,,coffee_shop,55.7325161,37.6408092
node,13248235198,fast_food,,,,55.7411844,37.6526848
node,13248240204,cafe,Краткость,,coffee_shop,55.7422939,37.6497797
node,13248246354,cafe,Surf Coffee,Surf Coffee,coffee_shop,55.7413831,37.6572945
node,13248718505,cafe,Chicko,,korean,55.7288122,37.6240182
node,13248718506,bar,Подъезд,,,55.772754,37.6830496
node,13248718507,bar,Буховски'с,,,55.7727519,37.683159
node,13248718510,cafe,Mrs Shrimps,,seafood,55.7548083,37.6364726
node,13249632269,restaurant,Необыкновенный,,,55.770472,37.6189017
node,13251938773,fast_food,Дон Кофеон,,coffee_shop,55.7702186,37.6099442
node,13251938774,fast_food,Чуррос,,,55.7702005,37.6098517
node,13251938775,fast_food,Вафли,,,55.7701816,37.6097672
node,13251938777,fast_food,Трдельники,,,55.770512,37.6100153
node,13252176520,fast_food,Милти,Милти,deli,55.7416427,37.648401
node,13256120036,fast_food,Мореманит,,,55.7274297,37.5970254
node,13256120038,fast_food,,,donut,55.7300238,37.5996613
node,13256120041,fast_food,Lukumàdes,,,55.727454,37.596823
node,13256120042,cafe,Pims,,coffee_shop,55.7276818,37.5972025
node,13256120043,fast_food,MagGrill,,,55.7278683,37.5974658
node,13256120044,fast_food,Sweet To Me,,,55.727945,37.5973185
node,13256120045,fast_food,Forte Asteria,,pizza,55.7278866,37.597197
node,13256120046,fast_food,Hot Dog Bulldog,,hot_dog,55.7278164,37.5971291
node,13256120047,bar,Sibsa,,,55.7277169,37.5970361
node,13256120048,fast_food,Блинский,,,55.7276097,37.5969133
node,13256120050,fast_food,Барбекю,,,55.7275065,37.5967829
node,13256127266,cafe,Дринкит,Дринкит,coffee_shop,55.7466863,37.5856812
node,13256127282,restaurant,Brasserie Lambic,,belgian,55.7368433,37.5958001
node,13256127284,restaurant,Серебряный Век,,,55.7382461,37.5946375
node,13256618101,fast_food,Cofix,Cofix,coffee_shop,55.7480992,37.7052054
node,13257348646,cafe,PhoBo,,vietnamese,55.7579505,37.6586569
node,13259551102,cafe,Кофе Готов,,coffee_shop,55.7584578,37.6094665
node,13260325858,cafe,Pipes Studio,,coffee_shop;sandwich;breakfast;soup;tea;pastry;pasta;juice;salad,55.7351325,37.5512238
node,13261691943,restaurant,Nove,,italian,55.741469,37.6327007
node,13265226924,cafe,Couture,,,55.7589358,37.6560802
node,13269682398,bar,Big Easy,,,55.7424294,37.6282704
node,13269682399,cafe,,,bubble_tea,55.7427484,37.6282217
node,13269683688,cafe,Kamel Smash Burger,,burger,55.7657128,37.6200582
node,13269704801,fast_food,,,,55.7427678,37.6282199
node,13269704806,fast_food,,,,55.7431734,37.6284524
node,13271791006,cafe,Viet Pho,,vietnamese,55.7529083,37.6405308
node,13271858061,cafe,SeDelice,,coffee_shop,55.769262,37.6797608
node,13271858063,cafe,Кот с молоком,,,55.7689338,37.6808095
node,13274337145,bar,Квартира с видом,,,55.7425038,37.6313724
node,13274337146,cafe,Правда Кофе,,coffee_shop,55.7318911,37.635726
node,13274337183,bar,Маяк,,,55.7431266,37.630637
node,13274363902,fast_food,Диана,,,55.7401457,37.6327567
node,13274363903,fast_food,Самса №1,,,55.7401752,37.6327345
node,13274848501,cafe,Skuratov Coffee,,coffee_shop,55.7636525,37.6154561
node,13274854501,restaurant,Found,,japanese,55.7637912,37.6154477
node,13275383001,restaurant,Грузинка,,georgian,55.7736637,37.5988252
node,13275832818,restaurant,Горы и море,,chinese,55.7478657,37.5882459
node,13275832825,fast_food,,,,55.7481211,37.586782
node,13275852526,cafe,М2,,,55.7458657,37.600826
node,13275900232,bar,Everland,,,55.7510752,37.6071221
node,13277609719,cafe,Табера,,coffee_shop,55.8023197,37.574354
node,13277729024,bar,Longdrink,,,55.7808545,37.6917894
node,13279732543,restaurant,Remy Kitchen Bakery,,,55.6970013,37.6396966
node,13280045844,cafe,Etlon Coffee,,coffee_shop,55.7371597,37.6804484
node,13280045863,cafe,Чайхана,,,55.7371326,37.6894102
node,13280045872,fast_food,Dark Side,,,55.7366941,37.6945339
node,13280045874,cafe,Братья Караваевы,,coffee_shop,55.7349215,37.7072437
node,13280045875,cafe,,,coffee_shop,55.7370747,37.6885912
node,13281432002,cafe,,,,55.7537177,37.6358641
node,13282978401,cafe,Stars Coffee,Stars Coffee,coffee_shop,55.7686839,37.5903231
node,13283238665,restaurant,Нияма,,sushi,55.7907507,37.5321748
node,13285636917,fast_food,Правда Кофе,Правда Кофе,coffee_shop,55.7340828,37.6648446
node,13285636920,cafe,Синекопа,,,55.734717,37.6652099
node,13287992311,fast_food,Street Doner,,,55.7473329,37.6570967
node,13287992324,cafe,Вкусоgraf,,coffee_shop,55.7492686,37.6614788
node,13287992335,cafe,,,coffee_shop,55.7464244,37.6578801
node,13288972636,cafe,Новжинский Кофе,,coffee_shop,55.7457169,37.6586363
node,13289210497,cafe,Burlesque,,coffee_shop,55.7269407,37.5805299
node,13289210498,cafe,Stars Coffee,Stars Coffee,coffee_shop,55.7271404,37.5807788
node,13289210500,cafe,Антракт,,,55.7265444,37.579936
node,13289244001,bar,Mos,,,55.7264597,37.5798216
node,13289244021,restaurant,Рыбная мануфактура №1,,,55.7253316,37.5750565
node,13289244027,restaurant,Rebecca,,,55.7262609,37.5739373
node,13295382297,cafe,22см,,pizza,55.7597832,37.6478277
node,13300050558,cafe,Espressivo,,coffee_shop,55.7394764,37.6703534
node,13300050561,cafe,Хинкальная,,georgian,55.7396909,37.6667394
node,13300050565,bar,Kukushka,,,55.739674,37.6680759
node,13305990965,cafe,Иван Да Марья,,coffee_shop,55.7425492,37.5890974
node,13306435372,cafe,,,,55.7092305,37.6572414
node,13308257399,fast_food,,,,55.7601334,37.6315858
node,13311135449,cafe,Суши Бистро,,sushi,55.7658436,37.6048556
node,13316255401,cafe,Заросли,,,55.7379,37.6415517
node,13319141701,fast_food,Додо Пицца,Додо Пицца,pizza,55.7296886,37.5875961
node,13321952101,cafe,Неслучайно 0808,,coffee_shop,55.7595681,37.5526352
node,13322167886,cafe,Бар Капибар,,,55.7407237,37.6604658
node,13323975870,restaurant,Старик Хинкалыч,,georgian,55.7504191,37.5943317
node,13323993901,restaurant,Beyoglu,,turkish,55.7513741,37.5974878
node,13324553651,cafe,J'pan,,japanese,55.7342357,37.5891933
node,13324553654,cafe,Maestrello,,pizza,55.7655343,37.5922899
node,13324553655,restaurant,Leo,,,55.7271675,37.5698841
node,13324553656,cafe,Roaster coffee,,coffee_shop,55.772453,37.7006364
node,13324553657,food_court,Зиларт Еда,,,55.6981925,37.6385164
node,13324553660,cafe,Шалость удалась,,,55.7768182,37.6801752
node,13324553661,cafe,Uklad,,,55.7401906,37.61728
node,13325855724,fast_food,Сиёма,,uzbek,55.7375942,37.7044773
node,13326303465,cafe,,,serbian,55.7510751,37.6431674
node,13326303478,cafe,Бабл Вуф,,bubble_tea,55.7591498,37.6451137
node,13326303486,cafe,Honey Coffee,,coffee_shop,55.7618576,37.6427244
node,13326303489,bar,Delulu,,,55.7618526,37.6240129
node,13326303491,fast_food,One Price Coffee,One Price Coffee,coffee_shop,55.7618075,37.6240374
node,13326303496,cafe,Правда Кофе,,coffee_shop,55.7618509,37.6236875
node,13326303498,cafe,Правда Кофе,,coffee_shop,55.7660872,37.6340331
node,13326779684,cafe,Куда,,coffee_shop,55.7628233,37.6373282
node,13326779685,restaurant,Bravis,,,55.7877549,37.5729994
node,13326779686,fast_food,ГастроКолледж,,,55.762411,37.6369782
node,13326779687,cafe,Jinju,,coffee_shop,55.807249,37.6478827
node,13326865111,cafe,КофеинЛаб,,coffee_shop;pastry,55.7810975,37.6973242
node,13338090271,cafe,Правда кофе,,coffee_shop,55.7486653,37.5351184
node,13338119302,cafe,Практика кофе,,coffee_shop,55.7490721,37.5355115
node,13340094046,fast_food,ШаурмуЕли,,kebab,55.7594406,37.5527494
node,13342467872,fast_food,,,,55.72975,37.674731
node,13342467887,cafe,ФемиЛим,,,55.7291461,37.6800638
node,13342467896,cafe,,,coffee_shop,55.7335186,37.6785408
node,13342487507,restaurant,Мадлиани,,georgian,55.7369077,37.6758443
node,13342487510,cafe,,,coffee_shop,55.7324107,37.6721919
node,13343940665,fast_food,Додо Пицца,Додо Пицца,pizza,55.73937,37.5277801
node,13348258308,cafe,,,coffee_shop,55.7379431,37.6535053
node,13351130701,restaurant,Притча,,russian,55.7485526,37.5831573
node,13353709910,fast_food,One&Double,,coffee_shop,55.7297478,37.6402677
node,13359463385,cafe,Pims,,coffee_shop,55.7484864,37.5820397
node,13359463390,cafe,SeDelice,,coffee_shop,55.7598562,37.6106557
node,13359516703,cafe,,,coffee_shop,55.7535398,37.6001762
node,13359516707,cafe,Golden Coffee,,coffee_shop,55.7531072,37.5964674
node,13359516709,restaurant,The Бык,,,55.7522268,37.5950628
node,13359516711,cafe,Surf Coffee,Surf Coffee,coffee_shop,55.7517935,37.5827123
node,13361009610,ice_cream,,,,55.7248096,37.5798878
node,13367703698,cafe,Чайхана,,,55.7397384,37.6669875
node,13367786516,fast_food,Up Sushi,,sushi,55.8098024,37.6248345
node,13367818052,fast_food,Дагестанская лавка,,caucasian,55.7093764,37.5948983
node,13367830449,cafe,Surf Coffee,Surf Coffee,coffee_shop,55.7900193,37.5852022
node,13367830450,cafe,Surf Coffee,Surf Coffee,coffee_shop,55.7292119,37.6364641
node,13367830451,cafe,Surf Coffee,,coffee_shop,55.7615376,37.5471497
node,13367830452,cafe,Surf Coffee,,coffee_shop,55.7727487,37.6627609
node,13367830455,cafe,Surf Coffee,,coffee_shop,55.7598454,37.6581514
node,13367830460,cafe,Surf Coffee,,coffee_shop,55.7604208,37.5158751
node,13367830461,cafe,Surf Coffee,,coffee_shop,55.76618,37.6040105
node,13367830464,cafe,Surf Coffee,,coffee_shop,55.7085937,37.6253468
node,13367830472,cafe,Surf Coffee,,coffee_shop,55.7608992,37.6225827
node,13367830473,cafe,Surf Coffee,Surf Coffee,coffee_shop,55.7466564,37.5371853
node,13367830476,cafe,Surf Coffee,,coffee_shop,55.7775596,37.5412542
node,13367830477,cafe,Surf Coffee,,coffee_shop,55.747703,37.688297
node,13371725101,cafe,Core bistro,,,55.7731957,37.5973182
node,13371918744,cafe,ЧебурекМи,,,55.7581993,37.6365879
node,13371918745,restaurant,Arrurru,,mexican,55.7439366,37.6019941
node,13371918746,restaurant,Remy Kitchen Bakery,,,55.7580121,37.6212524
node,13371918748,cafe,Печорин,,,55.7620854,37.5571114
node,13371918752,cafe,Adam,,lebanese,55.7610615,37.6323929
node,13371918755,cafe,Нитка,,tea,55.7458502,37.599501
node,13371918760,restaurant,Князь Багратион,,georgian,55.7372544,37.5752056
node,13371918796,restaurant,Корчма,,ukrainian,55.7600617,37.5844029
node,13381664510,cafe,Жучки-паучки,,,55.730135,37.6672254
node,13381664532,cafe,Чайхана,,,55.7308337,37.6639532
node,13386261304,cafe,Вок,,,55.7486493,37.5831718
node,13386267501,fast_food,Руби донер,,kebab,55.748738,37.5831869
node,13386729734,cafe,Solo Noi,,sandwich,55.7791956,37.5807928
node,13389299487,restaurant,ДеликАдесса,,,55.7459959,37.6424322
node,13390498280,cafe,Papandopulo,,greek,55.7626273,37.5573691
node,13390498281,cafe,Pshur,,coffee_shop,55.7626321,37.5568959
node,13391097132,cafe,Ēdomo,,coffee_shop,55.7568536,37.6027727
node,13391097145,cafe,Ava,,,55.7573301,37.5994572
node,13391097150,restaurant,Арома,,,55.7581207,37.590878
node,13391097157,fast_food,Кранчи Дрим,,donut,55.7610491,37.5796649
node,13391097167,cafe,Met Tea,,bubble_tea,55.7756679,37.5823202
node,13391097183,fast_food,Милти,Милти,deli,55.7746543,37.5839495
node,13392881304,bar,,,,55.7091139,37.6528489
node,13392881310,bar,Руки вверх,,,55.7089215,37.6523484
node,13392881311,cafe,Узбечка,,,55.7089749,37.652477
node,13392881313,restaurant,Primebeaf Bar,,,55.7091632,37.653012
node,13392881316,bar,Чисто ростовский бар,,,55.7095359,37.6542744
node,13392881319,cafe,,,coffee_shop,55.7099363,37.6554337
node,13392996295,cafe,Starhit,,coffee_shop,55.7047714,37.6398147
node,13392996297,restaurant,Osterio Mario,,,55.7052555,37.640821
node,13392996298,restaurant,Швили,,georgian,55.7052826,37.6401394
node,13392996299,cafe,Brun's Coffee,,coffee_shop,55.7049187,37.6398044
node,13394469734,fast_food,,,coffee_shop,55.7715018,37.5940159
node,13410696452,fast_food,Папа Джонс,Папа Джонс,pizza,55.7647975,37.6395411
node,13411202498,cafe,Местечко,,,55.7652888,37.6396577
node,13418677719,cafe,Nova,,bubble_tea,55.7549236,37.6344145
node,13418677721,cafe,Дринкит,Дринкит,coffee_shop,55.7549004,37.634433
node,13421012778,cafe,Деликатеска,,,55.7479774,37.6924127
node,13421012779,cafe,Деликатеска,,,55.7524879,37.7003118
node,13421012782,cafe,Деликатеска,,,55.6979778,37.6341256
node,13421012783,cafe,Деликатеска,,,55.7210905,37.6882955
node,13426822364,restaurant,Нюанс,,,55.7636413,37.6158363
node,13426822367,bar,Дебют,,,55.7634664,37.6156206
node,13430022442,cafe,Буф а39,,,55.7367851,37.5944327
node,13438034910,bar,Kozlov Club Unplugged,,,55.7628491,37.6347857
node,13442683526,cafe,,,coffee_shop,55.7121793,37.6588724
node,13442683527,fast_food,,,,55.7124211,37.6562382
node,13442683529,fast_food,,,,55.7123833,37.6564155
node,13442720526,cafe,Чайхана Бек,,,55.7086196,37.6569416
node,13446388723,restaurant,Loona,,italian,55.7134941,37.5507865
node,13446388724,cafe,Quidi,,coffee_shop,55.7133612,37.5505065
node,13446388725,fast_food,Ava,,burger,55.7138709,37.5495247
node,13446388726,fast_food,Фришная,,,55.7135853,37.549061
node,13446388727,restaurant,Veranda Riverside,,,55.7159744,37.5462154
node,13448220251,restaurant,Планета Суши,Планета Суши,sushi,55.7296872,37.6373701
node,13448220254,cafe,,,bubble_tea,55.7311395,37.6349918
node,13448220268,cafe,Ордо,,,55.7326691,37.6239362
node,13448220273,cafe,Хлебница,,coffee_shop,55.7366643,37.6187496
node,13448220285,fast_food,Чуррос,,,55.7386833,37.6104891
node,13448262472,fast_food,,,,55.7333838,37.6404897
node,13448262473,cafe,,,coffee_shop,55.7333627,37.6403734
node,13452078881,cafe,Zerna,,coffee_shop,55.7486212,37.5354106
node,13456193380,cafe,Мама варит кофе,,coffee_shop,55.7287534,37.6365101
node,13456193384,cafe,Look Up,,,55.747526,37.6290402
node,13456193387,cafe,Дринкит,Дринкит,coffee_shop,55.7237444,37.5622138
node,13456206701,fast_food,Тантуни,,turkish,55.7462473,37.5626864
node,13456206702,fast_food,Хочу шаурму,,kebab,55.7462712,37.5624576
node,13456206703,fast_food,Alexander's митпойнт,,kebab,55.7462548,37.562622
node,13456206704,cafe,Неслучайно 0808,,coffee_shop,55.7626883,37.5660928
node,13456206709,restaurant,InOut,,,55.7365915,37.5833541
node,13456206711,restaurant,Хачапури и вино,,georgian,55.7614101,37.6146917
node,13456206712,restaurant,Urban Winery,,,55.7703046,37.6705554
node,13456206713,restaurant,Kaleidoscope,,,55.7567806,37.6140842
node,13456206714,cafe,Surf Coffee,Surf Coffee,coffee_shop,55.7788177,37.665254
node,13456206716,fast_food,Додо Пицца,Додо Пицца,pizza,55.7788893,37.6654243
node,13456206736,restaurant,Сытый лось,,,55.7586158,37.5554967
node,13456206737,restaurant,Park Baku,,azerbaijan,55.7379989,37.5644177
node,13456206739,cafe,Кароче кофе,,coffee_shop,55.7682646,37.6841025
node,13456206740,restaurant,Monteview,,,55.7193758,37.6563531
node,13456206745,restaurant,Muu,,steak_house,55.7513196,37.5265986
node,13456206746,cafe,Маргарита любит Пеперони,,pizza,55.7379453,37.6157901
node,13456206747,cafe,Шоколадница,Шоколадница,coffee_shop,55.6970255,37.6390153
node,13456206753,fast_food,Siyai,,coffee_shop,55.7749211,37.5826929
node,13456206755,cafe,Jinju,,bubble_tea,55.7715804,37.6826106
node,13456206756,restaurant,Curry India,,indian,55.7715899,37.6828317
node,13457900501,cafe,Булкер,,,55.7741165,37.59854
node,13461741501,cafe,Карти,,potato,55.7650228,37.607727
node,13462338274,restaurant,Paróma,,,55.7566092,37.5597608
node,13462338279,bar,Playce,,,55.7560357,37.5639748
node,13462338282,bar,География,,,55.7552739,37.5639959
node,13462338292,cafe,Zacoffee,,coffee_shop,55.7550972,37.5615001
node,13462385619,cafe,Ухват,,,55.7569447,37.5634285
node,13462385629,bar,Гарда,,,55.7566064,37.5626426
node,13462385636,fast_food,Правда Кофе,Правда Кофе,coffee_shop,55.7565892,37.5662476
node,13462385637,fast_food,Милти,Милти,deli,55.756858,37.5660637
node,13462385639,cafe,Funky Food,,,55.7566466,37.5664416
node,13462385640,cafe,Фрэш,,coffee_shop,55.7564376,37.5662087
node,13462385644,cafe,Prime,Prime,coffee_shop,55.7566595,37.563728
node,13462488720,fast_food,,,,55.7628332,37.5649486
node,13462488726,fast_food,Правда Кофе,Правда Кофе,coffee_shop,55.7609007,37.5617328
node,13464225180,pub,Goldfinch,,,55.7516773,37.5162452
node,13464225181,restaurant,Цзиньшэн,,chinese,55.7837198,37.6243195
node,13469007944,cafe,Даблби,Даблби,coffee_shop,55.8090095,37.5784148
node,13470344801,cafe,Skuratov Coffee,Skuratov Coffee,coffee_shop,55.7434662,37.6534683
node,13470859517,bar,Эстрагон,,,55.7807695,37.6104346
node,13470859518,cafe,TaAm hummus bar,,jewish,55.7999485,37.595691
node,13470859520,cafe,Даблби,Даблби,coffee_shop,55.7110731,37.5852194
node,13470859522,bar,M | The Bar,,,55.7806289,37.5922963
node,13470859523,fast_food,Dodgy,,sandwich,55.7590729,37.642602
node,13470859526,restaurant,The Mob,,italian,55.7852315,37.5678403
node,13477138101,fast_food,,,kebab,55.7958145,37.56066
node,13483869038,cafe,Правда Кофе,,coffee_shop,55.760222,37.6139325
node,13483869045,bar,Сплетни by Anna Asti,,,55.7615317,37.6175896
node,13483869054,cafe,Волконский,,coffee_shop,55.7605693,37.6148784
node,13483869056,restaurant,I'll Pizzaollo,,pizza,55.76044,37.614534
node,13483869057,restaurant,PhoBo,,vietnamese,55.7600584,37.6141353
node,13503773501,cafe,Now,,,55.730943,37.6441463
node,13506510355,restaurant,Feifan Hot Pot,,chinese,55.7134706,37.5513807
node,13509381002,cafe,Даблби,Даблби,coffee_shop,55.7323803,37.6450922
node,13509385601,fast_food,Милти,Милти,deli,55.732414,37.6449705
node,13509772318,cafe,Привет,,coffee_shop,55.748258,37.5833805
node,13512584688,cafe,Дербеневка,,coffee_shop,55.7234856,37.6556856
node,13512637303,restaurant,Curry House,,,55.724607,37.650304
node,13512637307,cafe,Чайхана,,,55.7271444,37.6516985
node,13512637308,cafe,Ирыстон,,,55.7271354,37.6517611
node,13514423160,cafe,,,coffee_shop,55.7278257,37.6116012
node,13514423167,cafe,Кофеттория,,coffee_shop,55.7247146,37.6087286
node,13514423168,fast_food,Милти,Милти,deli,55.7200243,37.6056995
node,13514423189,cafe,Kono,,noodle,55.7281518,37.6115118
node,13514423192,cafe,Даблби,Даблби,coffee_shop,55.7199067,37.6063492
node,13514423197,fast_food,Милти,Милти,deli,55.7101547,37.5993019
node,13514451604,cafe,,,,55.7164739,37.6004138
node,13514451606,fast_food,Хочу есть,,,55.719928,37.606238
node,13514451609,cafe,Трапезная,,,55.7141795,37.6008528
node,13523512380,cafe,Варочная,,coffee_shop,55.7495368,37.5376253
node,13534217502,cafe,SeDelice,,coffee_shop,55.7723307,37.6782776
node,13534217504,cafe,Met Tea,,bubble_tea,55.772341,37.6782241
node,13534217512,cafe,Vivo Coffee,,coffee_shop,55.771388,37.6690684
node,13534217516,cafe,Zёrn,,coffee_shop,55.7711859,37.6735704
node,13534217518,restaurant,Токат,,,55.7730351,37.675742
node,13535869148,cafe,Rusty,,pizza,55.7571141,37.6275086
node,13564418142,restaurant,Steak&Burger,,,55.7521649,37.590669
node,13564418145,fast_food,,,,55.7520671,37.591701
node,13564418148,fast_food,Вкусно — и точка,Вкусно — и точка,burger,55.7521583,37.5915063
node,13564418149,fast_food,Sultan,,,55.7521537,37.5920259
node,13564418150,bar,Волковская пивоварня,,,55.7521569,37.5922334
node,13564418154,cafe,Stars Coffee,Stars Coffee,coffee_shop,55.7521724,37.593204
node,13564418155,restaurant,Бонвиван,,,55.7521699,37.5931131
node,13564418156,restaurant,Chakrul,,georgian,55.7521705,37.5929854
node,13564418158,cafe,Met Tea,,bubble_tea,55.752208,37.5936744
node,13564418163,restaurant,Китайские новости,,,55.7521659,37.5905066
node,13564418167,fast_food,Istanbul,,,55.7522891,37.5960477
node,13564418172,bar,Эмма,,,55.7482027,37.62713
node,13564418186,cafe,Pho Bo,,,55.7364754,37.6405526
node,13564418194,restaurant,Svoy,,,55.7495786,37.6057646
node,13564464006,cafe,Good Tea,,,55.7526594,37.597311
node,13564537932,cafe,Coffee Like,,coffee_shop,55.7477563,37.5830488
node,13564537939,bar,Twenty One Club,,,55.7519586,37.5876355
node,13564537940,bar,Olimpbet Lounge,,,55.7521391,37.5865923
node,13564537945,restaurant,Yuma,,,55.752038,37.5839215
node,13564537951,fast_food,Правда Кофе,Правда Кофе,coffee_shop,55.7481996,37.5837118
node,13564621549,cafe,Долина,,,55.7438427,37.569024
node,13576128880,fast_food,Art Lunch,Art Lunch,,55.7250906,37.6432317
node,13576128881,fast_food,Art Lunch,Art Lunch,,55.7828572,37.7156613
node,13576128882,fast_food,Art Lunch,Art Lunch,armenian;european,55.7903769,37.5843913
node,13576128883,fast_food,Art Lunch,Art Lunch,armenian;european,55.7578926,37.5725939
node,13577250301,fast_food,Додо Пицца,Додо Пицца,pizza,55.7064191,37.622027
node,13585000223,bar,Stoneside,,,55.7493426,37.6657322
node,13585354717,cafe,Голден Гросс Кафе,,coffee_shop,55.7542883,37.6599032
node,13587400870,fast_food,ШавЁрма,,,55.7560884,37.5481103
node,13587400880,cafe,Нужен кофе,,coffee_shop,55.7667766,37.5584036
node,13587400882,cafe,Кантата,,coffee_shop,55.7679163,37.55853
node,13587400884,cafe,Lamadжo,,,55.7680666,37.5583833
node,13587400900,cafe,Lac,,,55.7618676,37.5551916
node,13587404002,restaurant,Di Nulla,,italian,55.7622387,37.5551532
node,13587404008,cafe,,,coffee_shop,55.7636436,37.5560809
node,13587404014,cafe,,,coffee_shop,55.7673809,37.5552632
node,13589304402,restaurant,Lambic Collection,,,55.7620296,37.5577149
node,13589304403,cafe,Дринкит,Дринкит,coffee_shop,55.7620401,37.5574493
node,13602051233,restaurant,Vasilchuki Chaihona № 1,,uzbek,55.7732427,37.6624726
node,13603624332,cafe,Hq! coffee,,coffee_shop,55.7728173,37.5399502
node,13607536283,fast_food,One And Double,,,55.7740298,37.6557222
node,13607536284,cafe,The Фишка,,seafood,55.7644184,37.6576897
node,13607536285,cafe,Coffee Juice,,coffee_shop,55.7644612,37.6578124
node,13607536286,cafe,Helpy Coffee,,coffee_shop,55.764944,37.6592825
node,13607536288,fast_food,Пончики,,,55.7660437,37.6606397
node,13607536293,cafe,Выручайная,,,55.767416,37.6572578
node,13607536299,fast_food,Монастырская выпечка,,,55.7697694,37.6563812
node,13607547501,cafe,Cosmo T-Rex,,coffee_shop,55.7713926,37.6549961
node,13607572504,restaurant,Сыто Пьяно,,,55.7627329,37.6575117
node,13609528523,cafe,Vadman's,,coffee_shop,55.7267335,37.6264326
node,13609528525,restaurant,Конаклы,,turkish,55.7110004,37.6050339
node,13609528531,cafe,Правда Кофе,,coffee_shop,55.7288758,37.6257225
node,13609528538,cafe,Андерсон,,,55.7113098,37.6079613
node,13609528541,restaurant,Ra'men Land,,japanese,55.725943,37.6258639
node,13609528548,fast_food,Правда Кофе,Правда Кофе,coffee_shop,55.7238392,37.6269304
node,13609528554,fast_food,,,,55.7227585,37.6274278
node,13609528559,bar,,,,55.7218225,37.6271511
node,13617504801,cafe,Croissant atelier,,,55.7661239,37.6093679
node,13617851987,cafe,Coffee Collage,,coffee_shop,55.7436225,37.6778924
node,13619737161,bar,Пролив на Таганке,,,55.7432968,37.6524243
node,13625271360,fast_food,Вкусно — и точка,Вкусно — и точка,burger,55.7313965,37.5984201
node,13630284051,restaurant,Горыныч,,,55.7623925,37.5567317
node,13630284052,cafe,Abc Coffee Roasters,,coffee_shop,55.7626498,37.5577495
node,13633722822,restaurant,Amber,,japanese,55.7674348,37.6231782
node,13638548798,fast_food,Rostic's,Rostic's,chicken,55.7286602,37.5968924
node,13640547398,fast_food,Кофе маркет,,coffee_shop,55.7216222,37.6097035
node,13645677918,fast_food,,,,55.7414683,37.6717139
node,13645677920,cafe,Арабист,,,55.7404969,37.6718119
node,13645677922,fast_food,Правда Кофе,Правда Кофе,coffee_shop,55.7532683,37.6692104
node,13649878747,pub,Post,,,55.7795386,37.6987033
node,13649878756,fast_food,SubJoy,Subway,sandwich,55.7816799,37.7052805
node,13649878759,fast_food,Додо Пицца,Додо Пицца,pizza,55.7793441,37.6989211
node,13650059035,cafe,Cofix,Cofix,coffee_shop,55.7586241,37.6585108
node,13657092001,cafe,Ritmo,,coffee_shop,55.7586013,37.5939406
node,13657113601,cafe,София,,,55.7481639,37.6215668
node,13657120001,cafe,Engineer coffee,,coffee_shop,55.7112728,37.6129521
node,13657809625,restaurant,Sakura Place,,japanese,55.7478173,37.6213744
node,13658795028,cafe,St.Riders,,coffee_shop,55.7414152,37.6571323
node,13658795039,restaurant,Аивани,,georgian,55.7274673,37.5676444
node,13658795040,cafe,Finch,,coffee_shop,55.7573473,37.6082262
node,13658795041,restaurant,Ava Bistro,,,55.7274779,37.5679931
node,13658795043,cafe,SeDelice,,coffee_shop,55.7502263,37.5934955
node,13658795044,restaurant,Anna Bistro,,,55.7895043,37.5671281
node,13658795045,bar,Summer Punch,,,55.7623321,37.613022
node,13658795046,restaurant,Папа Хинкали,,georgian,55.7827847,37.5981908
node,13658795047,cafe,Secret,,coffee_shop,55.6963438,37.6356143
node,13669218468,fast_food,Шаурляндия,,,55.7194797,37.6085538
node,13669218469,fast_food,МосПончик,,donut,55.7195797,37.6079678
node,13669218473,food_court,,,,55.7289714,37.5969546
node,13669218480,cafe,Vera,,coffee_shop,55.7268648,37.5825695
node,13669218489,cafe,SeDelice,,coffee_shop,55.7260476,37.5814535
node,13669218494,fast_food,Милти,Милти,deli,55.7192869,37.6087984
node,13669220901,restaurant,Loro,,,55.7272409,37.5760429
node,13669220904,cafe,Штолле,Штолле,pie,55.7352797,37.5879974
node,13669220906,cafe,Правда Кофе,,coffee_shop,55.7347314,37.5888598
node,13670087043,pub,Dungeon pub,,,55.770651,37.6863868
node,13673864257,cafe,Локация,,,55.7509399,37.7067263
node,13673897027,cafe,Самарканд,,uzbek,55.7476845,37.6802489
node,13673897028,fast_food,Rostic's,Rostic's,chicken,55.7477056,37.6800746
node,13673897029,cafe,Восток,,,55.7476618,37.6805037
node,13685051285,fast_food,,,bubble_tea,55.7659575,37.6026383
node,13688590974,restaurant,Ганстер,,,55.784286,37.7083073
node,13688590978,cafe,Чай+,,,55.7711343,37.6808784
node,13688590979,cafe,Сыто пьяно,,,55.7715223,37.6813981
node,13688590981,cafe,Mani,,bubble_tea,55.7713832,37.681681
node,13688590982,bar,Beer & Fries,,,55.7715524,37.6820863
node,13688590986,cafe,Дринкит,Дринкит,coffee_shop,55.7713732,37.683243
node,13688590990,cafe,Слёзы Беатрис,,,55.7842185,37.7082541
node,13688590997,cafe,Bro coffee,,coffee_shop,55.7756401,37.6912206
node,13688618305,cafe,Здрасте,,coffee_shop,55.7799329,37.6981701
node,13688618310,cafe,Tihn-Tea,,,55.7799334,37.6983757
node,13688618311,cafe,ráno bistro,,,55.7799366,37.6989038
node,13688618312,cafe,Дринкит,Дринкит,coffee_shop,55.7799363,37.6987813
node,13688618318,fast_food,Милти,Милти,deli,55.7799517,37.6997492
node,13688618322,fast_food,,,,55.7847466,37.7078152
node,13688618324,fast_food,,,,55.7824365,37.7078298
node,13697889444,cafe,Dodgy,,sandwich,55.776565,37.6014433
node,13708742563,bar,Богема,,asian,55.7702888,37.6335695
node,13710748707,cafe,Гио,,georgian,55.7906964,37.5421607
node,13712634701,fast_food,Теремок,Теремок,crepe;russian,55.732925,37.6003043
node,13716987262,cafe,Чайхана,,,55.7762981,37.7141032
node,13718224051,bar,Евгенич,,,55.7697783,37.6207067
node,13720196502,cafe,Ушинка,,,55.7403001,37.6215193
node,13720645701,bar,Beerжевик,,,55.7408452,37.6290573
node,13731926096,cafe,Даблби,Даблби,coffee_shop,55.7491502,37.5350845
node,13733239324,cafe,Мир какаду,,,55.7405749,37.6231138
node,13734900159,restaurant,Ra'men,,ramen;japanese,55.7688211,37.6792621
node,13740144927,cafe,Empire Zone,,,55.7672098,37.5932364
node,13740144947,cafe,ИнтерКухня,,,55.7708045,37.5867998
node,13740144952,cafe,Котомка,,coffee_shop,55.7727618,37.5903906
node,13740144958,cafe,Китионы,,coffee_shop,55.7731693,37.5911553
node,13740144974,cafe,Дринкит,Дринкит,coffee_shop,55.7760257,37.5956932
node,13740144976,fast_food,Хот Догги,,,55.7752931,37.597935
node,13740144980,bar,"4""33",,,55.7707716,37.59632
node,13740144997,cafe,Чайхана,,,55.7729421,37.601432
node,13740166805,cafe,Дринкит,Дринкит,coffee_shop,55.7703414,37.5964406
node,13743186692,fast_food,Милти,Милти,deli,55.7837071,37.7190122
node,13743220901,cafe,SeDelice,,,55.7829943,37.70607
node,13743220903,fast_food,Шаварм'е,,,55.7828631,37.7061132
node,13744805798,fast_food,Милти,Милти,deli,55.7093579,37.5878083
node,13744805799,fast_food,One Price Coffee,One Price Coffee,coffee_shop,55.7093863,37.5878036
node,13744876902,cafe,Salambo,,,55.7101816,37.5909532
node,13746813303,bar,Семёнов,,,55.7622483,37.61271
node,13748615678,fast_food,Милти,Милти,,55.7719263,37.6644124
node,13752758006,fast_food,Милти,Милти,deli,55.7535139,37.7129061
node,13759133356,cafe,SeDelice,,,55.7713849,37.6896993
node,13759167860,cafe,Осень,,,55.7469942,37.6470447
node,13761139619,fast_food,,,,55.7636461,37.5719252
node,13761139621,fast_food,,,coffee_shop,55.7625976,37.5710663
node,13761139633,restaurant,Вареничная №1,,,55.7597883,37.5807947
node,13763602750,restaurant,Кокофреш,,,55.809938,37.6433229
node,13774800774,cafe,Лепим и Варим,,russian,55.7490386,37.5395564
node,13776276771,fast_food,,,,55.7426483,37.674228
node,13782020217,restaurant,Rosso Riva,,,55.7311134,37.6475174
node,13785159509,restaurant,Я в Грузии,,georgian,55.7588888,37.5797661
node,13785159514,restaurant,Рыба моя,,seafood,55.7578497,37.5834685
node,13785159523,restaurant,Plata Lounge,,,55.7586333,37.5800999
node,13787033001,cafe,,,,55.7768367,37.6075217
node,13787357705,bar,Voronin Берег,,,55.7400386,37.6090026
node,13787357715,cafe,Cofix,Cofix,coffee_shop,55.741386,37.6095494
node,13787357718,bar,Anycargo,,,55.7404686,37.6088995
node,13787357727,bar,Матрёшка,,,55.7399732,37.6103799
node,13787357731,fast_food,Кебани,,,55.7422577,37.6091321
node,13787357739,cafe,Urban,,,55.7409801,37.6087168
node,13787357742,bar,Бар24,,,55.7406379,37.6088027
node,13787357744,cafe,,,coffee_shop,55.747274,37.6355827
node,13789170929,cafe,Kurlovich,,coffee_shop,55.7567225,37.6753297
node,13789890531,restaurant,Фомания,,vietnamese,55.8079973,37.5736791
node,13790279345,bar,Дуть,,,55.7574134,37.6341042
node,13793253781,cafe,Meltisss,,cake,55.763705,37.6020806
node,13793253783,cafe,Smash Point,,burger,55.7636771,37.6020357
node,13805355651,cafe,Pims,,,55.804598,37.5847291
node,13807769642,fast_food,Планча,,,55.728986,37.5971568
node,13809336001,fast_food,,,kebab,55.7556192,37.5477222
node,13809350117,fast_food,Мир кулинарии,,,55.7395923,37.6643084
node,13809542372,bar,Кабаре Шум,,,55.7505193,37.6431001
node,13814423908,fast_food,Element Coffee,,coffee_shop,55.7550146,37.5911963
node,13818356561,fast_food,Милти,Милти,deli,55.7830099,37.718053
node,13821814916,cafe,,,coffee_shop,55.7418625,37.6630071
node,13830372707,cafe,Ясно и Ладно,,,55.7587687,37.6465272
node,13830863954,restaurant,Белый шафран,,,55.7452712,37.5580408
node,13830863959,restaurant,Вареничная №1,,,55.7800402,37.6010299
node,13830863960,bar,Petite Decadence,,,55.7567379,37.6054086
node,13830863961,restaurant,Раки и гады,,seafood,55.7211381,37.5730477
node,13830863962,restaurant,Atlantica Bistro,,seafood,55.7633794,37.6358061
node,13830863964,restaurant,AVA Bistro,,,55.7797876,37.5908965
node,13830863965,bar,Второй этаж,,,55.7605144,37.6472645
node,13830863966,restaurant,Doner Efendi,,turkish,55.7742453,37.5455792
node,13830863972,fast_food,КоТОфейня,,coffee_shop,55.7604073,37.554637
node,13830863973,restaurant,Pro.Хинкали,,georgian,55.7446772,37.6299065
node,13835149711,restaurant,K-BBQ,,barbecue,55.7634166,37.5943769
node,13835149716,restaurant,Vаниль,,,55.7441095,37.6022799
node,13835483993,restaurant,The Бык,The Бык,steak_house,55.7660688,37.6052211
node,13839740371,cafe,Дринкит,Дринкит,coffee_shop,55.7717461,37.6325553
node,13839740372,bar,Friends Hall Харизма,,,55.7710861,37.6326041
node,13839740374,fast_food,ВиллиКранч,,donut,55.7704484,37.6321508
node,13839740378,cafe,ТоТо Чай,,bubble_tea,55.7680114,37.6315394
node,13839740382,pub,Old Jack English Pub,,,55.7679503,37.6291297
node,13843293830,cafe,,,,55.7809566,37.6920466
node,13846423503,cafe,Магнолия,,african;american;arab;asian;beef_bowl;breakfast;burger,55.7630208,37.6069359
node,13846844601,fast_food,Мама Роаста,,,55.7726887,37.6635216
node,13846856501,restaurant,Moro,,,55.7600779,37.614249
node,13848529029,cafe,Burger Heroes,,burger,55.75426,37.6672449
node,13850643902,cafe,Гараж 13,,coffee_shop,55.7418595,37.6173406
node,13853658401,fast_food,Кухня Кипра,,greek,55.7908519,37.5595233
node,13854177014,cafe,Заварка,,,55.764223,37.6057935
node,13856960071,restaurant,Pho Ngon,,vietnamese,55.7063788,37.5937809
node,13856960072,fast_food,Рамен по ланьчжоуски,,chinese,55.7071348,37.5925301
node,13856960073,fast_food,Теремок,Теремок,crepe,55.7060672,37.593426
node,13856960074,fast_food,Франклин'с бургер,,burger,55.7064479,37.5938
node,13856960075,fast_food,Островок суши,Сушишоп,sushi,55.7064955,37.5938568
node,13858184285,cafe,Syncopa,,coffee_shop,55.7291246,37.6752086
node,13859728570,cafe,Fab.33,,sandwich,55.7704377,37.625617
node,13861112174,cafe,Дни недели,,coffee_shop,55.7699419,37.6607614
node,13866199001,cafe,Циферблат,,coffee_shop,55.7729734,37.5915492
node,13876696528,bar,Полотно,,,55.7687558,37.6789333
node,13876696529,pub,Purkin's Pub,,,55.7626377,37.6527147
node,13876696531,bar,Край,,,55.7463492,37.6675929
node,13876696532,restaurant,Серый дом,,russian,55.697999,37.639659
node,13876696534,cafe,Lao Cake,,,55.7788308,37.5968258
node,13876696535,restaurant,Leps,,,55.7732918,37.575278
node,13876696536,restaurant,Moderniste,,,55.7856684,37.5611729
node,13876696537,restaurant,Чеми Сули,,georgian,55.699042,37.6347935
node,13876696538,cafe,Счастье,,,55.7556316,37.6202479
node,13876696539,cafe,La Cà Quán,,vietnamese,55.7088574,37.6247889
node,13876696541,restaurant,Москва,,,55.8004518,37.5814417
node,13876696552,restaurant,Тамада Культур-мультур,,georgian,55.7288486,37.5646417
node,13876696555,cafe,HQ! Coffee,,coffee_shop,55.7551928,37.5435045
node,13890766982,cafe,Scrocca,,pizza,55.7732564,37.6839195
node,13890766985,cafe,Станция,,coffee_shop,55.7736252,37.684401
node,13893544168,cafe,Дринкит,Дринкит,coffee_shop,55.7361909,37.5329436
node,13895390201,cafe,Ком 1989,,vietnamese,55.7215758,37.6353843
node,13895562001,cafe,Кай-Кан,,japanese,55.7662994,37.6299663
node,13897550501,cafe,Смена,,,55.7816161,37.5803355
node,13898399997,restaurant,Папина паста,,,55.794629,37.671584
node,13908978201,cafe,Здрасте,,,55.7201295,37.690892
node,13909363540,cafe,Das Brot,,,55.7570922,37.6752788
node,13915098802,cafe,Cork,,coffee_shop,55.7782504,37.5213636
node,13928463760,cafe,Кухня,,,55.7656044,37.6798721
node,13931099069,cafe,sbw,,,55.7328026,37.5998609
node,13931099070,cafe,Cotto,,,55.7324885,37.5995461
node,13931099071,cafe,Made in Bali,,,55.73218,37.5995078
node,13931099073,cafe,Select Перекрёсток,,coffee_shop,55.7320222,37.5990336
node,13931099074,cafe,Substance,,,55.7317781,37.5990684
node,13931099075,cafe,Surf Coffee,Surf Coffee,coffee_shop,55.7316603,37.5987544
node,13931099076,fast_food,Pizzamento,,pizza,55.7316893,37.5989914
node,13931099077,fast_food,Mimi Pizza,,pizza,55.7309349,37.598322
node,13931099078,cafe,Cameo,,,55.7309869,37.5983877
node,13931099080,restaurant,Remy Kitchen Bakery,,coffee_shop,55.7303888,37.5978222
node,13931099081,cafe,Чайхона №1,,,55.7298926,37.5976355
node,13931099082,cafe,Pho Bo,,,55.7298234,37.5977601
node,13931099083,cafe,Чудо-юдо,,,55.7297919,37.5975308
node,13935449800,fast_food,,,,55.741565,37.6563472
node,13938274459,cafe,Select Перекрёсток,,coffee_shop,55.7725654,37.6607254
node,13942976887,restaurant,The Бык,The Бык,steak_house,55.7522011,37.5958546
node,13942976891,cafe,Далев,,coffee_shop,55.784733,37.6331948
node,13942976893,cafe,Thai Kitchen,,thai,55.7754656,37.5820973
node,13942982115,restaurant,Виновные,,,55.7538321,37.6385924
node,13942982116,cafe,Старлайт,,coffee_shop,55.7789122,37.5820244
node,13942982117,bar,88,,,55.7631361,37.6094786
node,13942982119,fast_food,Naura,,kebab,55.7650933,37.6035055
node,13942982120,restaurant,Белагайо,,italian,55.699085,37.6306662
node,13942982121,restaurant,Beyond,,,55.7442857,37.6303834
node,13942982123,restaurant,Барбареско,,italian,55.7607627,37.6320752
node,13942982125,restaurant,М2,,,55.7793349,37.580488
node,13942982126,cafe,Лäгом,,coffee_shop,55.787559,37.6004997
node,13942982127,bar,У Поттера,,,55.7649105,37.6084566
node,13942982128,restaurant,Тэму,,seafood,55.7532485,37.5997408
node,13942982129,cafe,OMG!Coffee,,coffee_shop,55.764292,37.5905877
node,13942982130,fast_food,Культ кофе,,coffee_shop,55.779646,37.6655806
node,13949662172,cafe,Назаре,,coffee_shop,55.7548177,37.6572874
node,13952223371,cafe,Котелок,,soup,55.7314478,37.6347654
node,13952223372,cafe,Куки Луки,,,55.8065873,37.5823818
node,13952223373,restaurant,Odzu,,japanese,55.7613716,37.5578651
node,13952223374,fast_food,Правда Кофе,Правда Кофе,coffee_shop,55.796369,37.5620574
node,13952223378,bar,Бульсай,,,55.7459695,37.553139
node,13952223380,cafe,Кофейня у папы,,coffee_shop,55.7958578,37.5616269
node,13952223381,restaurant,Nothing fancy,Nothing Fancy,,55.7270331,37.5695085
node,13952223384,cafe,2morrow,,coffee_shop,55.7763543,37.6773347
node,13952223385,cafe,Колдуны,,belarusian,55.7309102,37.6100233
node,13952223386,cafe,Element Coffee,,coffee_shop,55.7843389,37.6330461
node,13952223387,bar,Под Усами,,,55.7274971,37.5673749
node,13952223388,restaurant,Artelli,,,55.7000244,37.6354319
node,13952223389,restaurant,Italiani,,italian,55.698124,37.6322411
node,13952223390,restaurant,From,,steak_house,55.7520546,37.5827586
node,13952223391,restaurant,Пьеро,,,55.6985161,37.6399553
node,13952223392,bar,Небылицы,,,55.7303475,37.626379
node,13952223393,bar,Евгенич,,,55.7403508,37.6282369
node,13952223394,cafe,Tea room,,tea,55.7468003,37.6225041
node,13952223395,cafe,Приём,,coffee_shop,55.7639866,37.6390358
node,13952223396,bar,Коллеги,,,55.7393962,37.6544309
node,13952223397,fast_food,Правда Кофе,Правда Кофе,coffee_shop,55.7822119,37.5986685
node,13952239101,fast_food,Пхукет,,thai,55.7218651,37.6360153
node,13955366271,restaurant,Osteria Spaghetti,,italian,55.7409469,37.6276843
node,13957044330,cafe,XVII,,,55.732542,37.5892845
node,13959576101,cafe,Про плов и мясо,,,55.7707242,37.6000548
node,13962270504,restaurant,Конг,,asian,55.7943365,37.5419515
node,13962270509,restaurant,Rib's 48,,,55.7963991,37.5428018
node,13962270510,restaurant,Jamaa,,,55.7493194,37.5339907
node,13962270514,cafe,Чайная на Крутицах,,tea,55.728443,37.6584908
node,13962433353,restaurant,Brasserie Кузнецкий Мост,,,55.7613376,37.6177253
node,13962433354,restaurant,Kaifuso,,asian,55.7612826,37.6177065
node,13962433355,cafe,Floo mini,,coffee_shop,55.7911533,37.5422506
node,13962433356,cafe,Meat Crew,,barbecue,55.7896588,37.7087742
node,13964515836,cafe,,,coffee_shop,55.7585474,37.6170995
node,13970122430,cafe,Усердие,,coffee_shop,55.7906563,37.6100776
node,13970336084,pub,Карамба,,,55.7900322,37.6131127
node,13970336120,fast_food,Шаурма 10/10,,kebab,55.790034,37.6130627
node,13970464147,restaurant,Тануки,,sushi,55.7922405,37.6038498
node,13970464155,cafe,Вкус Вьетнама,,asian,55.7925131,37.6048267
node,13970464156,cafe,Чага бар,,coffee_shop,55.7924608,37.6045647
node,13970464159,cafe,Family Coffee,,coffee_shop,55.7923047,37.6004989
node,13970621644,bar,Бар и бильярд,,,55.7811995,37.6000886
node,13970630369,fast_food,,,coffee_shop,55.7289554,37.6227946
node,13970652038,restaurant,Кимчи,,korean,55.7789954,37.6017341
node,13970794901,bar,Золотая Вобла,,,55.7715294,37.6813986
node,13972086222,fast_food,Ferz,,coffee_shop,55.8031797,37.5635165
node,13972089204,cafe,Дринкит,Дринкит,coffee_shop,55.754935,37.5997683
node,13972402561,fast_food,,,,55.7370994,37.6893488
node,13975047686,cafe,Базилик,,,55.792331,37.6087841
node,13992081519,cafe,Рамен_ая,,ramen,55.7710209,37.6202653
node,13994850866,fast_food,,,coffee_shop,55.7705462,37.6100304
node,13994850867,fast_food,,,coffee_shop,55.7671835,37.6066353
node,13994850868,cafe,Лаки Сувлаки,,greek,55.7702453,37.6100659
node,14002917601,fast_food,Шаварм'е,,,55.7209754,37.6887212
node,14006772897,cafe,GustoLive,,,55.7206731,37.6729329
node,14006772899,restaurant,Olive,,,55.7199604,37.6756227
node,14006773703,food_court,,,,55.7190077,37.6764475
node,14006773705,fast_food,Якисоба,,sushi,55.7188858,37.6765279
node,14006773706,fast_food,,,,55.7178011,37.6774041
node,14006773708,fast_food,,,,55.7169618,37.6780931
node,14006773711,cafe,Новый день,,coffee_shop,55.7158343,37.6787737
node,14006773712,cafe,,,,55.7152082,37.6761714
node,14006773715,fast_food,,,,55.7159555,37.6767113
node,14006773717,cafe,Райхан,,,55.7162796,37.6764794
node,14006773718,fast_food,,,,55.7163048,37.6764601
node,14006773727,fast_food,Coffee Rush,,coffee_shop,55.7166338,37.6761902
node,14006773740,cafe,Плов Центр,,,55.7186512,37.6629189
node,14006773742,fast_food,Дрозд,,coffee_shop,55.7176068,37.6643684
node,14006773748,cafe,,,coffee_shop,55.7270049,37.6636039
node,14006773751,cafe,Cafrica,,,55.7195393,37.6739407
node,14006773758,bar,Heavy Haze,,,55.7198485,37.6704451
node,14008358137,fast_food,Bolo,,,55.7675142,37.6110875
node,14009900190,fast_food,Тёмаджо,,,55.7826178,37.5985227
node,14009900191,food_court,НеДетский,,,55.7601297,37.6248378
node,14009900193,cafe,Брусника,,,55.7528122,37.7000228
node,14009900194,fast_food,Додо Пицца,Додо Пицца,pizza,55.7494992,37.6896325
node,14009900195,cafe,Дринкит,Дринкит,coffee_shop,55.749506,37.6895182
node,14009900196,cafe,Limbo,,,55.7794198,37.7015925
node,14009900197,cafe,Mr.Jet,,chinese,55.7619672,37.6359165
node,14009945263,restaurant,Ramen Room,,asian,55.7601945,37.5847956
node,14018145076,cafe,Издательство пиццы,,pizza,55.7395593,37.6596272
node,14021881368,cafe,ВкусВилл,ВкусВилл,,55.7898338,37.6809281
node,14023077458,bar,Мансарда,,,55.7546668,37.6375097
node,14023077459,bar,Реджина,,,55.7549971,37.6372663
node,14023077462,bar,Собрание 19,,,55.7528761,37.6408522
node,14023824488,fast_food,Шаурма и кофе,,,55.769308,37.6208
node,14024276236,cafe,Дринкит,Дринкит,coffee_shop,55.7321926,37.6403166
node,14028226972,fast_food,Трдельник,,,55.7935659,37.6754297
node,14028227823,cafe,Будильник,,coffee_shop,55.7437273,37.5460382
node,14028622023,food_court,Тверской. Дом вкуса,,,55.7633923,37.6029074
node,14051789001,fast_food,Вахтанг,,georgian,55.7774956,37.5245666
node,14064014503,cafe,FFA House,,,55.7758373,37.6079746
node,14064575672,bar,AST.wine,,,55.7571076,37.602419
node,14064575676,restaurant,Niki,,,55.7570313,37.6031379
node,14065915617,fast_food,Pauline cake,,cake,55.7600994,37.600527
node,14065915618,fast_food,,,,55.7614448,37.6017299
node,14065915641,restaurant,Хлеб да Винчик,,,55.7632044,37.6029088
node,14065951450,fast_food,Планча,,,55.7568976,37.596961
node,14068157221,fast_food,One Price Coffee,One Price Coffee,coffee_shop,55.7617957,37.5679757
node,14082213734,cafe,LNVKофе,,,55.747018,37.6083032
node,14086095062,restaurant,Артист,,,55.7643536,37.645815
node,14087402968,restaurant,Экта,,,55.7606457,37.6462841
node,14096865512,cafe,Ля Кампания,,italian,55.7373012,37.6090805
node,14099035643,cafe,Daniell'o Pizza,,pizza,55.7365113,37.7104259
node,14099035648,restaurant,,,,55.7357344,37.7131444
node,14112572675,bar,Birja,,,55.775158,37.5847518
node,14112572676,cafe,Вкусно и ягоды,,,55.7755133,37.5842674
node,14112572681,fast_food,Милти,Милти,deli,55.7785998,37.5892347
node,14112572683,restaurant,Hibiki,,japanese,55.7790861,37.5891048
node,14112572685,fast_food,Камель,,,55.7794502,37.5911794
node,14112572686,cafe,Окки,,sushi,55.7802314,37.5924631
node,14131226499,fast_food,Сочный вертел,,kebab,55.7948965,37.7002113
node,14138131231,fast_food,Ура! Шаурма,,kebab,55.7974417,37.6760541
node,14138131232,fast_food,Дон Кофеон,,coffee_shop,55.7950701,37.6764612
node,14138131233,fast_food,,,coffee_shop,55.7950359,37.6762087
node,14139825901,fast_food,Милти,,,55.7550772,37.646934
node,14148682023,fast_food,Порто Миконос гриль,,kebab,55.760419,37.624989
node,14169468902,fast_food,Милти,,,55.7775585,37.5216808
node,14181255688,fast_food,Rostic's,Rostic's,chicken,55.7935611,37.6153871
node,14182410250,cafe,Camera Obscura,,coffee_shop,55.7352264,37.6424365
node,14184939683,cafe,ОКофе,,coffee_shop,55.7948346,37.6996115
node,14200143001,cafe,Bodro coffee,,coffee_shop,55.7289716,37.6114576
node,14203327101,cafe,Сичильямос Каффеттерия,,italian,55.7805029,37.6017789
node,14211754001,cafe,DSGN mira,,coffee_shop,55.8007019,37.636812
node,14214386480,cafe,Smart Day,,coffee_shop,55.7491524,37.6898833
node,14214386481,bar,Af,,,55.7547358,37.6452611
node,14214386482,restaurant,Core Mio,,pizza,55.7439439,37.6277199
node,14214386483,bar,СДВиГ,,,55.7730957,37.6328965
node,14214413236,cafe,Подписные в музее,,,55.7803739,37.5703874
node,14214413239,fast_food,Правда Кофе,Правда Кофе,coffee_shop,55.7528503,37.6475946
node,14214413240,cafe,Старый Шпинат & Зандукели,,georgian,55.7594452,37.608756
node,14214413241,bar,Mr. Help & Friends,,,55.772851,37.62931
node,14214413242,cafe,Here'N'Now,,coffee_shop,55.7897758,37.5531803
node,14214413243,restaurant,Машенька,,russian,55.7526345,37.6316749
node,14214420235,cafe,Bodro Coffee,,coffee_shop,55.7363137,37.5316294
node,14214570892,cafe,Daily Green mini,,,55.776871,37.6467106
node,14214570894,cafe,Много лосося,,sushi,55.7232711,37.5677678
node,14214742201,cafe,Finch,,coffee_shop,55.7706014,37.626016
node,14219310042,cafe,Дринкит,Дринкит,coffee_shop,55.7296264,37.6112581
node,14220739510,cafe,Select,,coffee_shop,55.7461808,37.5657882
node,14226155625,bar,Рикос,,,55.7620636,37.6260439
relation,1788151,restaurant,,,,55.7742597,37.5481707
relation,6211168,fast_food,Sbarro,Sbarro,pizza,55.7554995,37.6146608
relation,6211171,restaurant,BQ,,,55.7558435,37.6155854
relation,6211176,fast_food,Вкусно — и точка,Вкусно — и точка,burger,55.7556665,37.6151163
relation,6226251,fast_food,Му-Му,Му-Му,regional,55.7553896,37.6146873
relation,6227998,fast_food,Rostic's,Rostic's,chicken,55.7548848,37.6132925
relation,6228002,fast_food,Dunkin',Dunkin',donut;coffee_shop,55.7563476,37.6160385
relation,6228004,cafe,Манежка.Ru,,,55.7563803,37.6159345
relation,6228005,fast_food,CHICO Californian Grill,,mexican,55.7555178,37.6139337
relation,6228013,cafe,Кофе Хауз,Кофе Хауз,coffee_shop,55.7557712,37.614755
relation,6228017,cafe,Чайхана Лаззат,,asian,55.7553382,37.6140735
relation,6228022,cafe,Дворный Пивик,,,55.7553717,37.6137341
relation,6228031,cafe,Шоколадница,Шоколадница,coffee_shop,55.7561843,37.6157536
relation,6228032,fast_food,Бургер Кинг,Бургер Кинг,burger,55.7554574,37.613788
relation,6228037,restaurant,Остерия Марио,,italian,55.7561414,37.6160318
relation,6228038,cafe,Tutti Frutti,,,55.7563043,37.6163349
relation,6228042,fast_food,Subway,Subway,sandwich,55.7552731,37.6137414
relation,6228048,fast_food,Теремок,Теремок,crepe;russian,55.7550625,37.6135283
relation,6228051,fast_food,Sbarro,Sbarro,pizza,55.7549656,37.613392
relation,6228053,restaurant,Los Pollos Bandidos,,,55.7551722,37.6136492
relation,6228243,restaurant,Yamkee,,asian,55.7548158,37.6135872
relation,6228244,fast_food,Крошка Картошка,Крошка Картошка,potato,55.7547645,37.6132934
relation,6741554,cafe,1554,,coffee_shop,55.770869,37.61053
relation,7025807,food_court,Даниловский рынок,,,55.7121619,37.6206138
relation,7589505,fast_food,Rostic's,Rostic's,chicken,55.7725425,37.677097
relation,8260381,restaurant,Olymp Junior,,,55.7121538,37.5551402
relation,8462567,cafe,Монастырский дворик,,,55.7747868,37.5895407
relation,9051985,restaurant,Шатёр,,,55.760741,37.6446586
relation,9297088,food_court,Депо. Москва,,,55.7801898,37.5929982
relation,9355954,restaurant,Садовническая,,,55.7467415,37.6307417
relation,9949261,restaurant,IL Патио,,italian,55.7454311,37.6047719
relation,11084397,restaurant,Бакинский домик,,,55.7859745,37.6758332
relation,11357260,restaurant,Karas,,georgian; armenian,55.7683699,37.5834995
relation,13885465,restaurant,Соколиная охота,,,55.7934205,37.6784807
relation,14277912,cafe,Кислород,,,55.7676673,37.6793926
relation,15508591,cafe,Пан Запекан,,,55.7984458,37.6086394
relation,15509263,fast_food,Cofix,,coffee_shop,55.7936002,37.6153785
relation,15509266,fast_food,Кебаб,,turkish,55.793596,37.6151156
relation,15961597,fast_food,Фарш,,burger,55.7962653,37.6169152
relation,15968599,fast_food,Cofix,,coffee_shop,55.7961685,37.616689
relation,18003836,restaurant,Академия,,italian;grill,55.8158319,37.619225
relation,18005674,cafe,Райхан,,,55.8136818,37.6049728
relation,18005679,cafe,,,coffee_shop,55.8139825,37.6043907
relation,18005732,fast_food,Бургер Кинг,Бургер Кинг,burger,55.8131841,37.6038354
relation,18005743,fast_food,Додо Пицца,Додо Пицца,pizza,55.8132015,37.603476
relation,18345064,cafe,,,,55.8094568,37.6424715
relation,18347414,cafe,Stars Coffee,Stars Coffee,coffee_shop,55.8036359,37.6179933
relation,18347471,fast_food,Krunchy Dream,,donut,55.8037248,37.6183743
relation,18354703,fast_food,Теремок,Теремок,crepe;russian,55.8031318,37.6183482
relation,18354727,fast_food,Барбекю,,,55.803005,37.6185645
relation,18354733,fast_food,Rostic's,Rostic's,chicken,55.8027615,37.6184049
relation,18354735,fast_food,One Price Coffee,One Price Coffee,coffee_shop,55.8027147,37.6182396
relation,18354743,fast_food,Бургер Кинг,Бургер Кинг,burger,55.8027909,37.6180426
relation,18357534,fast_food,Крошка Картошка,Крошка Картошка,potato,55.8028078,37.6184423
relation,18590012,restaurant,Ривьера,,,55.7006938,37.5779109
relation,19062820,fast_food,Теремок,Теремок,crepe;russian,55.7418999,37.6557817
relation,19062821,cafe,,,,55.7418689,37.6559456
relation,19062835,fast_food,Вкусно — и точка,Вкусно — и точка,burger,55.7417372,37.6560568
relation,19062852,fast_food,Крошка Картошка,Крошка Картошка,potato,55.7416764,37.656079
relation,19062926,cafe,Stars Coffee,Stars Coffee,coffee_shop,55.7417627,37.6555779
relation,19107988,cafe,,,,55.7229423,37.546148
relation,19138840,cafe,,,,55.7899221,37.5703056
relation,19138841,cafe,,,,55.7900177,37.5700231
relation,19138863,fast_food,,,coffee_shop,55.7900301,37.5700274
relation,19177032,bar,,,,55.7900756,37.5637047
relation,19177898,bar,,,,55.7899249,37.5640415
relation,19177899,bar,,,,55.7900165,37.5639805
relation,19261758,food_court,Центральный рынок,,,55.7667488,37.6241332
relation,19614583,cafe,,,,55.8015907,37.6140379
relation,19896335,cafe,Кофе Хауз,Кофе Хауз,coffee_shop,55.773874,37.6559017
relation,19896336,fast_food,,,,55.7739134,37.6558799
relation,19896360,cafe,,,,55.774055,37.6546423
relation,19899275,fast_food,Каравай,,,55.7744312,37.6559891
relation,19899286,cafe,Щи,,,55.774295,37.6552752
relation,19899294,fast_food,,,,55.7736283,37.6559111
relation,19899721,fast_food,,,,55.7745068,37.6564313
relation,19899722,fast_food,,,,55.7745245,37.6564142
relation,19909788,cafe,,,,55.7730038,37.6555235
relation,19910750,fast_food,Фреш Шаурма,,,55.7741668,37.6555726
relation,20296579,cafe,,,,55.801591,37.6121972
relation,20297977,cafe,,,,55.801591,37.6121972
relation,20307273,cafe,,,coffee_shop,55.7533641,37.6485292
relation,21028313,cafe,Графский дворик,,,55.8031162,37.6430752
way,30195232,fast_food,Вкусно — и точка,Вкусно — и точка,burger,55.7270975,37.6798187
way,32276128,fast_food,Столовая №10,,russian,55.7564698,37.7115985
way,33456223,cafe,Шарманка,,,55.7566504,37.7167847
way,37645236,pub,John Bull,,,55.7622764,37.5648469
way,37647645,fast_food,Вкусно — и точка,Вкусно — и точка,burger,55.7623372,37.563328
way,45466642,cafe,Му-Му,Му-Му,regional;pizza,55.7275187,37.5812345
way,46414192,restaurant,Сунели,,georgian,55.7923148,37.6013278
way,46833207,restaurant,Ла Маре,,fish,55.7660544,37.5718062
way,48172554,restaurant,Vasilchuki Chaihona №1,,uzbek,55.7306653,37.6220149
way,48591711,fast_food,Вкусно — и точка,,burger,55.8043761,37.582088
way,48626105,fast_food,Три казана,,uzbek,55.8057853,37.5814625
way,48648116,restaurant,Шафран,,,55.7861219,37.6582377
way,48668484,cafe,,,,55.7811864,37.5448658
way,48905252,cafe,,,,55.7849009,37.6791962
way,51142123,restaurant,Яуза,,,55.7943138,37.7033586
way,51545691,restaurant,Bistrot,,italian,55.733063,37.5651424
way,52520578,restaurant,,,,55.746695,37.5468469
way,52890562,restaurant,Пушкинъ,,russian,55.7637006,37.6050029
way,52909877,restaurant,Павильон. Пруд. Патрики,,,55.7634197,37.592774
way,53038597,restaurant,Корчма,,ukrainian,55.7584475,37.694546
way,60903139,cafe,Local Time,,,55.7734158,37.6697393
way,60903152,pub,Археология,,,55.7732318,37.6692728
way,63156059,restaurant,Starlite Diner,,american,55.7293436,37.616259
way,80664562,bar,BBQ Kitchen,,,55.7870252,37.7093306
way,82821059,restaurant,Корчма,,ukrainian,55.7506392,37.6101649
way,87349455,restaurant,Фиалка,,,55.7938754,37.6701477
way,96600218,cafe,Жаровня,,,55.7293971,37.5991604
way,111587797,restaurant,Обломов,,russian,55.7322406,37.6282763
way,151077519,bar,Место Зангези,,,55.7457595,37.6462857
way,161574661,cafe,Олимп,,,55.8031461,37.561482
way,162060371,restaurant,Modus,,italian,55.739014,37.5747851
way,215294641,cafe,Fish&chips,,barbecue,55.7646029,37.6893102
way,220180896,cafe,Тоша,,kebab,55.802626,37.5620483
way,224035047,food_court,ГастроFerma,,,55.7766054,37.6747436
way,231422975,restaurant,NicePriceCafe,,,55.7381549,37.6789854
way,231471598,restaurant,Времена года,,,55.7234253,37.5957841
way,239869192,bar,Cochonnet,,,55.7259147,37.5990968
way,239869194,restaurant,Pho Bo,,,55.7256294,37.5961652
way,239869198,restaurant,8 Oz,,,55.7241225,37.5958567
way,254340754,fast_food,GlowSubs,GlowSubs,sandwich,55.7111723,37.5619089
way,260324520,cafe,Fruits & Veges,,falafel;smoothie;salad;coffee_shop;diet;healthy,55.7527088,37.6684508
way,260991429,restaurant,Лебединое озеро,,thai,55.7239036,37.5955382
way,261869501,cafe,Кофе Пончик,,,55.7379643,37.6086235
way,282423927,restaurant,Семифреддо,,italian,55.7351618,37.586653
way,292381277,cafe,Чайхана Исфара,,,55.7985823,37.5951117
way,299282689,restaurant,Боярский,,,55.7087886,37.6382934
way,301793302,fast_food,Вкусно — и точка,,burger,55.7887455,37.6813626
way,302399028,restaurant,Бакинская жемчужина,,,55.8151078,37.6284075
way,326009176,fast_food,Монастырская трапеза,,russian,55.7550875,37.6401102
way,337042402,fast_food,Дон Кофеон,,,55.7683008,37.6587069
way,340437214,cafe,аё,,,55.737483,37.6487335
way,349546875,ice_cream,,,,55.7759199,37.6857572
way,349546877,ice_cream,,,,55.7638782,37.6552436
way,362719652,cafe,Спорт кафе,,,55.794129,37.6638386
way,362729950,cafe,Julius Meinl,,coffee_shop,55.792749,37.678027
way,362733605,cafe,Crafted Grill Bar,,grill;burger,55.7955903,37.678398
way,362738757,fast_food,,,,55.7956763,37.6779641
way,370743405,ice_cream,Айсберри,Айсберри,,55.7439451,37.6013538
way,383276347,fast_food,Zoo Парк Экспресс,,,55.7647276,37.5746537
way,400437357,ice_cream,,,,55.7475884,37.5845367
way,406191379,fast_food,,,,55.7642015,37.6905279
way,406191380,fast_food,,,,55.7641988,37.6904477
way,408580343,ice_cream,,,,55.7605341,37.5808207
way,412960526,fast_food,Стардогs,Стардогs,sausage,55.7364683,37.6100034
way,442409915,food_court,,,,55.7047892,37.6389154
way,459842436,ice_cream,,,,55.7614474,37.5743292
way,513659941,cafe,"Гастрономический центр ""Зарядье""",,seafood;russian;local,55.7503974,37.6285831
way,540676601,cafe,Базилик,,georgian,55.8121799,37.6387848
way,584904879,cafe,,,,55.7119097,37.555574
way,622830093,ice_cream,,,,55.7254059,37.5324935
way,640129145,fast_food,,,coffee_shop,55.7384881,37.6671152
way,668790439,cafe,Кооператив «Чёрный»,,coffee_shop,55.7600204,37.6518317
way,697888902,cafe,Восточные вечера,,,55.7338028,37.7034982
way,705392796,cafe,Resto Gurme,,,55.7622549,37.5850738
way,753213975,ice_cream,Русский Холодъ,,,55.7063089,37.576542
way,756547559,cafe,Столовая СМ-Энерго,,,55.7694847,37.6908593
way,760985116,fast_food,Блиннарий,,crepe,55.794753,37.6673199
way,775588697,cafe,Монастырская трапезная,,,55.7843799,37.6655884
way,823729492,restaurant,Casa Picassa Врубель,,,55.7997687,37.6762445
way,843237726,fast_food,,,,55.7396667,37.5236021
way,883809439,cafe,Daily,,,55.7042729,37.624285
way,883809757,cafe,Rockberry,,,55.7042028,37.6245519
way,883809758,cafe,Груша,,,55.7041693,37.6244605
way,909288676,ice_cream,,,,55.7276456,37.5303868
way,1014633748,fast_food,,,,55.7119546,37.5600087
way,1057745182,restaurant,,,,55.7303931,37.6383487
way,1080924254,food_court,Рестопаркинг,,,55.727683,37.5971223
way,1105582268,restaurant,Малиновка,,,55.7949139,37.678989
way,1105728453,ice_cream,,,,55.7917991,37.679062
way,1108255728,ice_cream,,,,55.7853244,37.6860109
way,1126796603,ice_cream,,,,55.7953115,37.6131132
way,1246285593,food_court,,,,55.7459268,37.5134753
way,1265540843,cafe,Ski Кофе И Бургеры,,,55.7073424,37.5485939
way,1296217554,cafe,,,,55.7879869,37.6083388
way,1299194190,food_court,,,,55.7516959,37.5344645
way,1305329075,fast_food,Grillz,,hot_dog,55.7814096,37.613786
way,1378476675,ice_cream,,,,55.7918618,37.6779486
way,1456624525,restaurant,Вкусный терем,,,55.7956151,37.6680288
way,1456835612,cafe,Кофетема,,,55.7977779,37.6720655
way,1514034416,fast_food,Трдельник,,,55.7935649,37.67543
way,1540126867,ice_cream,,,,55.7955579,37.6716726
